TopLevelModule: BOS_AESDMA

  -----------------------------------------------------------------------------
  Report Summary
  -----------------------------------------------------------------------------
  Product Info
    Name    : VC Static Master Shell
    Version : V-2023.12-1 -- Jan 22, 2024

  Report Info
    Created : Sep 15, 2026  17:42:50
    Options
      -limit 0
      -include_compressed


  -----------------------------------------------------------------------------
  Management Summary
  -----------------------------------------------------------------------------
  Stage       Family       Fatals    Errors  Warnings     Infos  Compressed
  -----       ---------  --------  --------  --------  --------  ----------
  CORRUPTION  RESET             0         2         0         0         151
  SETUP       CLKPROP           0         6         0        25           0
  SETUP       RESET             0         3         0         2           0
  -----       ---------  --------  --------  --------  --------  ----------
  Total                         0        11         0        27         151


  -----------------------------------------------------------------------------
  Tree Summary
  -----------------------------------------------------------------------------
  Severity  Stage       Tag                            Count  Compressed
  --------  -----       -----------------------------  -----  ----------
  error     CORRUPTION  RDC_CLOCK_CORRUPT_OBSERVED         2         151
  error     SETUP       SETUP_LIBCELLPIN_UNMODELLED        6           0
  error     SETUP       SETUP_RESET_CONSTANT_ACTIVE        3           0
  info      SETUP       SETUP_CLOCK_PROPAGATED             2           0
  info      SETUP       SETUP_DATA_CONSTANT               23           0
  info      SETUP       SETUP_RESET_PROPAGATED             2           0
  --------  -----       -----------------------------  -----  ----------
  Total                                                   38         151



  -----------------------------------------------------------------------------
  RDC_CLOCK_CORRUPT_OBSERVED  (2 errors/0 waived/151 compressed)
  -----------------------------------------------------------------------------
  Tag                       : RDC_CLOCK_CORRUPT_OBSERVED
  Description               : Asynchronous reset assertion at [SrcObject] due to reset [RdcSourceResets] happening in clock network is observed at [DestObject] (reset [RdcDestResets], clock [DestClockInfoList])
  Violation                 : RDC:114
  ReasonInfoList
    ReasonInfo
      ReasonCode            : NO_BLOCKING_METHOD
      ReasonCodeMsg         : [ERROR] No valid blocking scheme found
  SrcObject                 : u_AESDMA_TOP/u_aesdma_top/u_AESDMA_RDCORE/u_AESDMA_REORDER_BUF/rd_table[18].id[4:0]
  RdcSourceResets
    ResetName               : RESETN_ACLK
  DestObject                : u_sram_rob_cg/u_dont_touch_preicg/ECK
  RdcDestResets
    DestResetInfo
      ResetName             : 'no-reset'
  DestClockInfoList
    DestClockInfo
      ClockName             : CLK_PRCM_ACLK
      ClockObject           : ACLK
      ClockDomainId         : 1
  SrcObjectType             : flop
  DestObjectType            : clock-gating-cell
  AllSrcResets
    SrcResetInfo
      ResetName             : RESETN_ACLK
      ResetObject           : RESETN_ACLK
  DestSyncResetInfoList
    DestResetInfo
      ResetName             : 'no-reset'
  SrcClockInfoList
    SrcClockInfo
      ClockName             : CLK_PRCM_ACLK
      ClockObject           : ACLK
      ClockDomainId         : 1
  ContainerInstance         : BOS_AESDMA
  Module                    : BOS_AESDMA
  Compression
    Type                    : RDC_RST_DEST_RST_CLK
    Count                   : 150

    -----------------------------------------------------------------------------
    Tag                     : RDC_CLOCK_CORRUPT_OBSERVED
    Description             : Asynchronous reset assertion at [SrcObject] due to reset [RdcSourceResets] happening in clock network is observed at [DestObject] (reset [RdcDestResets], clock [DestClockInfoList])
    Violation               : RDC:37
    ReasonInfoList
      ReasonInfo
        ReasonCode          : NO_BLOCKING_METHOD
        ReasonCodeMsg       : [ERROR] No valid blocking scheme found
    SrcObject               : u_AESDMA_TOP/u_aesdma_top/u_AESDMA_SFR/r_dma_con2_bd_en/Q
    RdcSourceResets
      ResetName             : RESETN_ACLK
    DestObject              : u_gated_sfr_pclk/u_dont_touch_preicg/ECK
    RdcDestResets
      DestResetInfo
        ResetName           : 'no-reset'
    DestClockInfoList
      DestClockInfo
        ClockName           : CLK_PRCM_ACLK
        ClockObject         : ACLK
        ClockDomainId       : 1
    SrcObjectType           : flop
    DestObjectType          : clock-gating-cell
    AllSrcResets
      SrcResetInfo
        ResetName           : RESETN_ACLK
        ResetObject         : RESETN_ACLK
    DestSyncResetInfoList
      DestResetInfo
        ResetName           : 'no-reset'
    SrcClockInfoList
      SrcClockInfo
        ClockName           : CLK_PRCM_ACLK
        ClockObject         : ACLK
        ClockDomainId       : 1
    ContainerInstance       : BOS_AESDMA
    Module                  : BOS_AESDMA
    Compression
      Type                  : RDC_RST_DEST_RST_CLK
      Master                : RDC:114

    -----------------------------------------------------------------------------
    Tag                     : RDC_CLOCK_CORRUPT_OBSERVED
    Description             : Asynchronous reset assertion at [SrcObject] due to reset [RdcSourceResets] happening in clock network is observed at [DestObject] (reset [RdcDestResets], clock [DestClockInfoList])
    Violation               : RDC:38
    ReasonInfoList
      ReasonInfo
        ReasonCode          : NO_BLOCKING_METHOD
        ReasonCodeMsg       : [ERROR] No valid blocking scheme found
    SrcObject               : u_AESDMA_TOP/u_aesdma_top/u_AESDMA_SFR/r_dma_con0_dma_start/Q
    RdcSourceResets
      ResetName             : RESETN_ACLK
    DestObject              : u_gated_sfr_pclk/u_dont_touch_preicg/ECK
    RdcDestResets
      DestResetInfo
        ResetName           : 'no-reset'
    DestClockInfoList
      DestClockInfo
        ClockName           : CLK_PRCM_ACLK
        ClockObject         : ACLK
        ClockDomainId       : 1
    SrcObjectType           : flop
    DestObjectType          : clock-gating-cell
    AllSrcResets
      SrcResetInfo
        ResetName           : RESETN_ACLK
        ResetObject         : RESETN_ACLK
    DestSyncResetInfoList
      DestResetInfo
        ResetName           : 'no-reset'
    SrcClockInfoList
      SrcClockInfo
        ClockName           : CLK_PRCM_ACLK
        ClockObject         : ACLK
        ClockDomainId       : 1
    ContainerInstance       : BOS_AESDMA
    Module                  : BOS_AESDMA
    Compression
      Type                  : RDC_RST_DEST_RST_CLK
      Master                : RDC:114

    -----------------------------------------------------------------------------
    Tag                     : RDC_CLOCK_CORRUPT_OBSERVED
    Description             : Asynchronous reset assertion at [SrcObject] due to reset [RdcSourceResets] happening in clock network is observed at [DestObject] (reset [RdcDestResets], clock [DestClockInfoList])
    Violation               : RDC:39
    ReasonInfoList
      ReasonInfo
        ReasonCode          : NO_BLOCKING_METHOD
        ReasonCodeMsg       : [ERROR] No valid blocking scheme found
    SrcObject               : u_AESDMA_TOP/u_aesdma_top/u_AESDMA_SFR/r_dma_con2_doorbell_en/Q
    RdcSourceResets
      ResetName             : RESETN_ACLK
    DestObject              : u_gated_sfr_pclk/u_dont_touch_preicg/ECK
    RdcDestResets
      DestResetInfo
        ResetName           : 'no-reset'
    DestClockInfoList
      DestClockInfo
        ClockName           : CLK_PRCM_ACLK
        ClockObject         : ACLK
        ClockDomainId       : 1
    SrcObjectType           : flop
    DestObjectType          : clock-gating-cell
    AllSrcResets
      SrcResetInfo
        ResetName           : RESETN_ACLK
        ResetObject         : RESETN_ACLK
    DestSyncResetInfoList
      DestResetInfo
        ResetName           : 'no-reset'
    SrcClockInfoList
      SrcClockInfo
        ClockName           : CLK_PRCM_ACLK
        ClockObject         : ACLK
        ClockDomainId       : 1
    ContainerInstance       : BOS_AESDMA
    Module                  : BOS_AESDMA
    Compression
      Type                  : RDC_RST_DEST_RST_CLK
      Master                : RDC:114

    -----------------------------------------------------------------------------
    Tag                     : RDC_CLOCK_CORRUPT_OBSERVED
    Description             : Asynchronous reset assertion at [SrcObject] due to reset [RdcSourceResets] happening in clock network is observed at [DestObject] (reset [RdcDestResets], clock [DestClockInfoList])
    Violation               : RDC:40
    ReasonInfoList
      ReasonInfo
        ReasonCode          : NO_BLOCKING_METHOD
        ReasonCodeMsg       : [ERROR] No valid blocking scheme found
    SrcObject               : u_AESDMA_TOP/u_aesdma_top/u_AESDMA_SFR/r_dma_con0_sw_reset/Q
    RdcSourceResets
      ResetName             : RESETN_ACLK
    DestObject              : u_gated_sfr_pclk/u_dont_touch_preicg/ECK
    RdcDestResets
      DestResetInfo
        ResetName           : 'no-reset'
    DestClockInfoList
      DestClockInfo
        ClockName           : CLK_PRCM_ACLK
        ClockObject         : ACLK
        ClockDomainId       : 1
    SrcObjectType           : flop
    DestObjectType          : clock-gating-cell
    AllSrcResets
      SrcResetInfo
        ResetName           : RESETN_ACLK
        ResetObject         : RESETN_ACLK
    DestSyncResetInfoList
      DestResetInfo
        ResetName           : 'no-reset'
    SrcClockInfoList
      SrcClockInfo
        ClockName           : CLK_PRCM_ACLK
        ClockObject         : ACLK
        ClockDomainId       : 1
    ContainerInstance       : BOS_AESDMA
    Module                  : BOS_AESDMA
    Compression
      Type                  : RDC_RST_DEST_RST_CLK
      Master                : RDC:114

    -----------------------------------------------------------------------------
    Tag                     : RDC_CLOCK_CORRUPT_OBSERVED
    Description             : Asynchronous reset assertion at [SrcObject] due to reset [RdcSourceResets] happening in clock network is observed at [DestObject] (reset [RdcDestResets], clock [DestClockInfoList])
    Violation               : RDC:41
    ReasonInfoList
      ReasonInfo
        ReasonCode          : NO_BLOCKING_METHOD
        ReasonCodeMsg       : [ERROR] No valid blocking scheme found
    SrcObject               : u_AESDMA_TOP/u_aesdma_top/u_AESDMA_SFR/r_dma_con0_auto_clk_gating_disable/Q
    RdcSourceResets
      ResetName             : RESETN_ACLK
    DestObject              : u_gated_sfr_pclk/u_dont_touch_preicg/ECK
    RdcDestResets
      DestResetInfo
        ResetName           : 'no-reset'
    DestClockInfoList
      DestClockInfo
        ClockName           : CLK_PRCM_ACLK
        ClockObject         : ACLK
        ClockDomainId       : 1
    SrcObjectType           : flop
    DestObjectType          : clock-gating-cell
    AllSrcResets
      SrcResetInfo
        ResetName           : RESETN_ACLK
        ResetObject         : RESETN_ACLK
    DestSyncResetInfoList
      DestResetInfo
        ResetName           : 'no-reset'
    SrcClockInfoList
      SrcClockInfo
        ClockName           : CLK_PRCM_ACLK
        ClockObject         : ACLK
        ClockDomainId       : 1
    ContainerInstance       : BOS_AESDMA
    Module                  : BOS_AESDMA
    Compression
      Type                  : RDC_RST_DEST_RST_CLK
      Master                : RDC:114

    -----------------------------------------------------------------------------
    Tag                     : RDC_CLOCK_CORRUPT_OBSERVED
    Description             : Asynchronous reset assertion at [SrcObject] due to reset [RdcSourceResets] happening in clock network is observed at [DestObject] (reset [RdcDestResets], clock [DestClockInfoList])
    Violation               : RDC:42
    ReasonInfoList
      ReasonInfo
        ReasonCode          : NO_BLOCKING_METHOD
        ReasonCodeMsg       : [ERROR] No valid blocking scheme found
    SrcObject               : r_core_aclk_dly_cnt/Q[3:0]
    RdcSourceResets
      ResetName             : RESETN_ACLK
    DestObject              : u_gated_sfr_pclk/u_dont_touch_preicg/ECK
    RdcDestResets
      DestResetInfo
        ResetName           : 'no-reset'
    DestClockInfoList
      DestClockInfo
        ClockName           : CLK_PRCM_ACLK
        ClockObject         : ACLK
        ClockDomainId       : 1
    SrcObjectType           : flop
    DestObjectType          : clock-gating-cell
    AllSrcResets
      SrcResetInfo
        ResetName           : RESETN_ACLK
        ResetObject         : RESETN_ACLK
    DestSyncResetInfoList
      DestResetInfo
        ResetName           : 'no-reset'
    SrcClockInfoList
      SrcClockInfo
        ClockName           : CLK_PRCM_ACLK
        ClockObject         : ACLK
        ClockDomainId       : 1
    ContainerInstance       : BOS_AESDMA
    Module                  : BOS_AESDMA
    Compression
      Type                  : RDC_RST_DEST_RST_CLK
      Master                : RDC:114

    -----------------------------------------------------------------------------
    Tag                     : RDC_CLOCK_CORRUPT_OBSERVED
    Description             : Asynchronous reset assertion at [SrcObject] due to reset [RdcSourceResets] happening in clock network is observed at [DestObject] (reset [RdcDestResets], clock [DestClockInfoList])
    Violation               : RDC:43
    ReasonInfoList
      ReasonInfo
        ReasonCode          : NO_BLOCKING_METHOD
        ReasonCodeMsg       : [ERROR] No valid blocking scheme found
    SrcObject               : u_sync_qactive_aclk/sync_inst[0].genblk1.genblk1.u_dont_touch_sync_dff2/Q
    RdcSourceResets
      ResetName             : RESETN_ACLK
    DestObject              : u_gated_sfr_pclk/u_dont_touch_preicg/ECK
    RdcDestResets
      DestResetInfo
        ResetName           : 'no-reset'
    DestClockInfoList
      DestClockInfo
        ClockName           : CLK_PRCM_ACLK
        ClockObject         : ACLK
        ClockDomainId       : 1
    SrcObjectType           : library-cell
    DestObjectType          : clock-gating-cell
    AllSrcResets
      SrcResetInfo
        ResetName           : RESETN_ACLK
        ResetObject         : RESETN_ACLK
    DestSyncResetInfoList
      DestResetInfo
        ResetName           : 'no-reset'
    SrcClockInfoList
      SrcClockInfo
        ClockName           : CLK_PRCM_ACLK
        ClockObject         : ACLK
        ClockDomainId       : 1
    ContainerInstance       : BOS_AESDMA
    Module                  : BOS_AESDMA
    Compression
      Type                  : RDC_RST_DEST_RST_CLK
      Master                : RDC:114

    -----------------------------------------------------------------------------
    Tag                     : RDC_CLOCK_CORRUPT_OBSERVED
    Description             : Asynchronous reset assertion at [SrcObject] due to reset [RdcSourceResets] happening in clock network is observed at [DestObject] (reset [RdcDestResets], clock [DestClockInfoList])
    Violation               : RDC:44
    ReasonInfoList
      ReasonInfo
        ReasonCode          : NO_BLOCKING_METHOD
        ReasonCodeMsg       : [ERROR] No valid blocking scheme found
    SrcObject               : u_enerr_dcls/sync_inst[0].genblk1.genblk1.u_dont_touch_sync_dff2/Q
    RdcSourceResets
      ResetName             : RESETN_ACLK
    DestObject              : u_gated_sfr_pclk/u_dont_touch_preicg/ECK
    RdcDestResets
      DestResetInfo
        ResetName           : 'no-reset'
    DestClockInfoList
      DestClockInfo
        ClockName           : CLK_PRCM_ACLK
        ClockObject         : ACLK
        ClockDomainId       : 1
    SrcObjectType           : library-cell
    DestObjectType          : clock-gating-cell
    AllSrcResets
      SrcResetInfo
        ResetName           : RESETN_ACLK
        ResetObject         : RESETN_ACLK
    DestSyncResetInfoList
      DestResetInfo
        ResetName           : 'no-reset'
    SrcClockInfoList
      SrcClockInfo
        ClockName           : CLK_PRCM_ACLK
        ClockObject         : ACLK
        ClockDomainId       : 1
    ContainerInstance       : BOS_AESDMA
    Module                  : BOS_AESDMA
    Compression
      Type                  : RDC_RST_DEST_RST_CLK
      Master                : RDC:114

    -----------------------------------------------------------------------------
    Tag                     : RDC_CLOCK_CORRUPT_OBSERVED
    Description             : Asynchronous reset assertion at [SrcObject] due to reset [RdcSourceResets] happening in clock network is observed at [DestObject] (reset [RdcDestResets], clock [DestClockInfoList])
    Violation               : RDC:45
    ReasonInfoList
      ReasonInfo
        ReasonCode          : NO_BLOCKING_METHOD
        ReasonCodeMsg       : [ERROR] No valid blocking scheme found
    SrcObject               : u_AESDMA_TOP/u_aesdma_top/u_AESDMA_SFR/r_dma_con2_doorbell_en/Q
    RdcSourceResets
      ResetName             : RESETN_ACLK
    DestObject              : u_gated_core_aclk/u_dont_touch_preicg/ECK
    RdcDestResets
      DestResetInfo
        ResetName           : 'no-reset'
    DestClockInfoList
      DestClockInfo
        ClockName           : CLK_PRCM_ACLK
        ClockObject         : ACLK
        ClockDomainId       : 1
    SrcObjectType           : flop
    DestObjectType          : clock-gating-cell
    AllSrcResets
      SrcResetInfo
        ResetName           : RESETN_ACLK
        ResetObject         : RESETN_ACLK
    DestSyncResetInfoList
      DestResetInfo
        ResetName           : 'no-reset'
    SrcClockInfoList
      SrcClockInfo
        ClockName           : CLK_PRCM_ACLK
        ClockObject         : ACLK
        ClockDomainId       : 1
    ContainerInstance       : BOS_AESDMA
    Module                  : BOS_AESDMA
    Compression
      Type                  : RDC_RST_DEST_RST_CLK
      Master                : RDC:114

    -----------------------------------------------------------------------------
    Tag                     : RDC_CLOCK_CORRUPT_OBSERVED
    Description             : Asynchronous reset assertion at [SrcObject] due to reset [RdcSourceResets] happening in clock network is observed at [DestObject] (reset [RdcDestResets], clock [DestClockInfoList])
    Violation               : RDC:46
    ReasonInfoList
      ReasonInfo
        ReasonCode          : NO_BLOCKING_METHOD
        ReasonCodeMsg       : [ERROR] No valid blocking scheme found
    SrcObject               : u_AESDMA_TOP/u_aesdma_top/u_AESDMA_SFR/r_dma_con2_bd_en/Q
    RdcSourceResets
      ResetName             : RESETN_ACLK
    DestObject              : u_gated_core_aclk/u_dont_touch_preicg/ECK
    RdcDestResets
      DestResetInfo
        ResetName           : 'no-reset'
    DestClockInfoList
      DestClockInfo
        ClockName           : CLK_PRCM_ACLK
        ClockObject         : ACLK
        ClockDomainId       : 1
    SrcObjectType           : flop
    DestObjectType          : clock-gating-cell
    AllSrcResets
      SrcResetInfo
        ResetName           : RESETN_ACLK
        ResetObject         : RESETN_ACLK
    DestSyncResetInfoList
      DestResetInfo
        ResetName           : 'no-reset'
    SrcClockInfoList
      SrcClockInfo
        ClockName           : CLK_PRCM_ACLK
        ClockObject         : ACLK
        ClockDomainId       : 1
    ContainerInstance       : BOS_AESDMA
    Module                  : BOS_AESDMA
    Compression
      Type                  : RDC_RST_DEST_RST_CLK
      Master                : RDC:114

    -----------------------------------------------------------------------------
    Tag                     : RDC_CLOCK_CORRUPT_OBSERVED
    Description             : Asynchronous reset assertion at [SrcObject] due to reset [RdcSourceResets] happening in clock network is observed at [DestObject] (reset [RdcDestResets], clock [DestClockInfoList])
    Violation               : RDC:47
    ReasonInfoList
      ReasonInfo
        ReasonCode          : NO_BLOCKING_METHOD
        ReasonCodeMsg       : [ERROR] No valid blocking scheme found
    SrcObject               : u_AESDMA_TOP/u_aesdma_top/u_AESDMA_SFR/r_dma_con0_dma_start/Q
    RdcSourceResets
      ResetName             : RESETN_ACLK
    DestObject              : u_gated_core_aclk/u_dont_touch_preicg/ECK
    RdcDestResets
      DestResetInfo
        ResetName           : 'no-reset'
    DestClockInfoList
      DestClockInfo
        ClockName           : CLK_PRCM_ACLK
        ClockObject         : ACLK
        ClockDomainId       : 1
    SrcObjectType           : flop
    DestObjectType          : clock-gating-cell
    AllSrcResets
      SrcResetInfo
        ResetName           : RESETN_ACLK
        ResetObject         : RESETN_ACLK
    DestSyncResetInfoList
      DestResetInfo
        ResetName           : 'no-reset'
    SrcClockInfoList
      SrcClockInfo
        ClockName           : CLK_PRCM_ACLK
        ClockObject         : ACLK
        ClockDomainId       : 1
    ContainerInstance       : BOS_AESDMA
    Module                  : BOS_AESDMA
    Compression
      Type                  : RDC_RST_DEST_RST_CLK
      Master                : RDC:114

    -----------------------------------------------------------------------------
    Tag                     : RDC_CLOCK_CORRUPT_OBSERVED
    Description             : Asynchronous reset assertion at [SrcObject] due to reset [RdcSourceResets] happening in clock network is observed at [DestObject] (reset [RdcDestResets], clock [DestClockInfoList])
    Violation               : RDC:48
    ReasonInfoList
      ReasonInfo
        ReasonCode          : NO_BLOCKING_METHOD
        ReasonCodeMsg       : [ERROR] No valid blocking scheme found
    SrcObject               : u_AESDMA_TOP/u_aesdma_top/u_AESDMA_SFR/r_dma_con0_sw_reset/Q
    RdcSourceResets
      ResetName             : RESETN_ACLK
    DestObject              : u_gated_core_aclk/u_dont_touch_preicg/ECK
    RdcDestResets
      DestResetInfo
        ResetName           : 'no-reset'
    DestClockInfoList
      DestClockInfo
        ClockName           : CLK_PRCM_ACLK
        ClockObject         : ACLK
        ClockDomainId       : 1
    SrcObjectType           : flop
    DestObjectType          : clock-gating-cell
    AllSrcResets
      SrcResetInfo
        ResetName           : RESETN_ACLK
        ResetObject         : RESETN_ACLK
    DestSyncResetInfoList
      DestResetInfo
        ResetName           : 'no-reset'
    SrcClockInfoList
      SrcClockInfo
        ClockName           : CLK_PRCM_ACLK
        ClockObject         : ACLK
        ClockDomainId       : 1
    ContainerInstance       : BOS_AESDMA
    Module                  : BOS_AESDMA
    Compression
      Type                  : RDC_RST_DEST_RST_CLK
      Master                : RDC:114

    -----------------------------------------------------------------------------
    Tag                     : RDC_CLOCK_CORRUPT_OBSERVED
    Description             : Asynchronous reset assertion at [SrcObject] due to reset [RdcSourceResets] happening in clock network is observed at [DestObject] (reset [RdcDestResets], clock [DestClockInfoList])
    Violation               : RDC:49
    ReasonInfoList
      ReasonInfo
        ReasonCode          : NO_BLOCKING_METHOD
        ReasonCodeMsg       : [ERROR] No valid blocking scheme found
    SrcObject               : u_AESDMA_TOP/u_aesdma_top/u_AESDMA_SFR/r_dma_con0_auto_clk_gating_disable/Q
    RdcSourceResets
      ResetName             : RESETN_ACLK
    DestObject              : u_gated_core_aclk/u_dont_touch_preicg/ECK
    RdcDestResets
      DestResetInfo
        ResetName           : 'no-reset'
    DestClockInfoList
      DestClockInfo
        ClockName           : CLK_PRCM_ACLK
        ClockObject         : ACLK
        ClockDomainId       : 1
    SrcObjectType           : flop
    DestObjectType          : clock-gating-cell
    AllSrcResets
      SrcResetInfo
        ResetName           : RESETN_ACLK
        ResetObject         : RESETN_ACLK
    DestSyncResetInfoList
      DestResetInfo
        ResetName           : 'no-reset'
    SrcClockInfoList
      SrcClockInfo
        ClockName           : CLK_PRCM_ACLK
        ClockObject         : ACLK
        ClockDomainId       : 1
    ContainerInstance       : BOS_AESDMA
    Module                  : BOS_AESDMA
    Compression
      Type                  : RDC_RST_DEST_RST_CLK
      Master                : RDC:114

    -----------------------------------------------------------------------------
    Tag                     : RDC_CLOCK_CORRUPT_OBSERVED
    Description             : Asynchronous reset assertion at [SrcObject] due to reset [RdcSourceResets] happening in clock network is observed at [DestObject] (reset [RdcDestResets], clock [DestClockInfoList])
    Violation               : RDC:50
    ReasonInfoList
      ReasonInfo
        ReasonCode          : NO_BLOCKING_METHOD
        ReasonCodeMsg       : [ERROR] No valid blocking scheme found
    SrcObject               : r_core_aclk_dly_cnt/Q[3:0]
    RdcSourceResets
      ResetName             : RESETN_ACLK
    DestObject              : u_gated_core_aclk/u_dont_touch_preicg/ECK
    RdcDestResets
      DestResetInfo
        ResetName           : 'no-reset'
    DestClockInfoList
      DestClockInfo
        ClockName           : CLK_PRCM_ACLK
        ClockObject         : ACLK
        ClockDomainId       : 1
    SrcObjectType           : flop
    DestObjectType          : clock-gating-cell
    AllSrcResets
      SrcResetInfo
        ResetName           : RESETN_ACLK
        ResetObject         : RESETN_ACLK
    DestSyncResetInfoList
      DestResetInfo
        ResetName           : 'no-reset'
    SrcClockInfoList
      SrcClockInfo
        ClockName           : CLK_PRCM_ACLK
        ClockObject         : ACLK
        ClockDomainId       : 1
    ContainerInstance       : BOS_AESDMA
    Module                  : BOS_AESDMA
    Compression
      Type                  : RDC_RST_DEST_RST_CLK
      Master                : RDC:114

    -----------------------------------------------------------------------------
    Tag                     : RDC_CLOCK_CORRUPT_OBSERVED
    Description             : Asynchronous reset assertion at [SrcObject] due to reset [RdcSourceResets] happening in clock network is observed at [DestObject] (reset [RdcDestResets], clock [DestClockInfoList])
    Violation               : RDC:51
    ReasonInfoList
      ReasonInfo
        ReasonCode          : NO_BLOCKING_METHOD
        ReasonCodeMsg       : [ERROR] No valid blocking scheme found
    SrcObject               : u_AESDMA_TOP/u_aesdma_top/u_AESDMA_SFR/r_dma_con2_bd_en/Q
    RdcSourceResets
      ResetName             : RESETN_ACLK
    DestObject              : u_gated_datagen_aclk/u_dont_touch_preicg/ECK
    RdcDestResets
      DestResetInfo
        ResetName           : 'no-reset'
    DestClockInfoList
      DestClockInfo
        ClockName           : CLK_PRCM_ACLK
        ClockObject         : ACLK
        ClockDomainId       : 1
    SrcObjectType           : flop
    DestObjectType          : clock-gating-cell
    AllSrcResets
      SrcResetInfo
        ResetName           : RESETN_ACLK
        ResetObject         : RESETN_ACLK
    DestSyncResetInfoList
      DestResetInfo
        ResetName           : 'no-reset'
    SrcClockInfoList
      SrcClockInfo
        ClockName           : CLK_PRCM_ACLK
        ClockObject         : ACLK
        ClockDomainId       : 1
    ContainerInstance       : BOS_AESDMA
    Module                  : BOS_AESDMA
    Compression
      Type                  : RDC_RST_DEST_RST_CLK
      Master                : RDC:114

    -----------------------------------------------------------------------------
    Tag                     : RDC_CLOCK_CORRUPT_OBSERVED
    Description             : Asynchronous reset assertion at [SrcObject] due to reset [RdcSourceResets] happening in clock network is observed at [DestObject] (reset [RdcDestResets], clock [DestClockInfoList])
    Violation               : RDC:52
    ReasonInfoList
      ReasonInfo
        ReasonCode          : NO_BLOCKING_METHOD
        ReasonCodeMsg       : [ERROR] No valid blocking scheme found
    SrcObject               : u_AESDMA_TOP/u_aesdma_top/u_AESDMA_SFR/r_dma_con0_dma_start/Q
    RdcSourceResets
      ResetName             : RESETN_ACLK
    DestObject              : u_gated_datagen_aclk/u_dont_touch_preicg/ECK
    RdcDestResets
      DestResetInfo
        ResetName           : 'no-reset'
    DestClockInfoList
      DestClockInfo
        ClockName           : CLK_PRCM_ACLK
        ClockObject         : ACLK
        ClockDomainId       : 1
    SrcObjectType           : flop
    DestObjectType          : clock-gating-cell
    AllSrcResets
      SrcResetInfo
        ResetName           : RESETN_ACLK
        ResetObject         : RESETN_ACLK
    DestSyncResetInfoList
      DestResetInfo
        ResetName           : 'no-reset'
    SrcClockInfoList
      SrcClockInfo
        ClockName           : CLK_PRCM_ACLK
        ClockObject         : ACLK
        ClockDomainId       : 1
    ContainerInstance       : BOS_AESDMA
    Module                  : BOS_AESDMA
    Compression
      Type                  : RDC_RST_DEST_RST_CLK
      Master                : RDC:114

    -----------------------------------------------------------------------------
    Tag                     : RDC_CLOCK_CORRUPT_OBSERVED
    Description             : Asynchronous reset assertion at [SrcObject] due to reset [RdcSourceResets] happening in clock network is observed at [DestObject] (reset [RdcDestResets], clock [DestClockInfoList])
    Violation               : RDC:53
    ReasonInfoList
      ReasonInfo
        ReasonCode          : NO_BLOCKING_METHOD
        ReasonCodeMsg       : [ERROR] No valid blocking scheme found
    SrcObject               : u_AESDMA_TOP/u_aesdma_top/u_AESDMA_SFR/r_dma_con0_sw_reset/Q
    RdcSourceResets
      ResetName             : RESETN_ACLK
    DestObject              : u_gated_datagen_aclk/u_dont_touch_preicg/ECK
    RdcDestResets
      DestResetInfo
        ResetName           : 'no-reset'
    DestClockInfoList
      DestClockInfo
        ClockName           : CLK_PRCM_ACLK
        ClockObject         : ACLK
        ClockDomainId       : 1
    SrcObjectType           : flop
    DestObjectType          : clock-gating-cell
    AllSrcResets
      SrcResetInfo
        ResetName           : RESETN_ACLK
        ResetObject         : RESETN_ACLK
    DestSyncResetInfoList
      DestResetInfo
        ResetName           : 'no-reset'
    SrcClockInfoList
      SrcClockInfo
        ClockName           : CLK_PRCM_ACLK
        ClockObject         : ACLK
        ClockDomainId       : 1
    ContainerInstance       : BOS_AESDMA
    Module                  : BOS_AESDMA
    Compression
      Type                  : RDC_RST_DEST_RST_CLK
      Master                : RDC:114

    -----------------------------------------------------------------------------
    Tag                     : RDC_CLOCK_CORRUPT_OBSERVED
    Description             : Asynchronous reset assertion at [SrcObject] due to reset [RdcSourceResets] happening in clock network is observed at [DestObject] (reset [RdcDestResets], clock [DestClockInfoList])
    Violation               : RDC:54
    ReasonInfoList
      ReasonInfo
        ReasonCode          : NO_BLOCKING_METHOD
        ReasonCodeMsg       : [ERROR] No valid blocking scheme found
    SrcObject               : u_AESDMA_TOP/u_aesdma_top/u_AESDMA_SFR/r_dma_con2_dma_mode_sel/Q[1:0]
    RdcSourceResets
      ResetName             : RESETN_ACLK
    DestObject              : u_gated_datagen_aclk/u_dont_touch_preicg/ECK
    RdcDestResets
      DestResetInfo
        ResetName           : 'no-reset'
    DestClockInfoList
      DestClockInfo
        ClockName           : CLK_PRCM_ACLK
        ClockObject         : ACLK
        ClockDomainId       : 1
    SrcObjectType           : flop
    DestObjectType          : clock-gating-cell
    AllSrcResets
      SrcResetInfo
        ResetName           : RESETN_ACLK
        ResetObject         : RESETN_ACLK
    DestSyncResetInfoList
      DestResetInfo
        ResetName           : 'no-reset'
    SrcClockInfoList
      SrcClockInfo
        ClockName           : CLK_PRCM_ACLK
        ClockObject         : ACLK
        ClockDomainId       : 1
    ContainerInstance       : BOS_AESDMA
    Module                  : BOS_AESDMA
    Compression
      Type                  : RDC_RST_DEST_RST_CLK
      Master                : RDC:114

    -----------------------------------------------------------------------------
    Tag                     : RDC_CLOCK_CORRUPT_OBSERVED
    Description             : Asynchronous reset assertion at [SrcObject] due to reset [RdcSourceResets] happening in clock network is observed at [DestObject] (reset [RdcDestResets], clock [DestClockInfoList])
    Violation               : RDC:55
    ReasonInfoList
      ReasonInfo
        ReasonCode          : NO_BLOCKING_METHOD
        ReasonCodeMsg       : [ERROR] No valid blocking scheme found
    SrcObject               : u_AESDMA_TOP/u_aesdma_top/u_AESDMA_SFR/r_dma_con0_auto_clk_gating_disable/Q
    RdcSourceResets
      ResetName             : RESETN_ACLK
    DestObject              : u_gated_datagen_aclk/u_dont_touch_preicg/ECK
    RdcDestResets
      DestResetInfo
        ResetName           : 'no-reset'
    DestClockInfoList
      DestClockInfo
        ClockName           : CLK_PRCM_ACLK
        ClockObject         : ACLK
        ClockDomainId       : 1
    SrcObjectType           : flop
    DestObjectType          : clock-gating-cell
    AllSrcResets
      SrcResetInfo
        ResetName           : RESETN_ACLK
        ResetObject         : RESETN_ACLK
    DestSyncResetInfoList
      DestResetInfo
        ResetName           : 'no-reset'
    SrcClockInfoList
      SrcClockInfo
        ClockName           : CLK_PRCM_ACLK
        ClockObject         : ACLK
        ClockDomainId       : 1
    ContainerInstance       : BOS_AESDMA
    Module                  : BOS_AESDMA
    Compression
      Type                  : RDC_RST_DEST_RST_CLK
      Master                : RDC:114

    -----------------------------------------------------------------------------
    Tag                     : RDC_CLOCK_CORRUPT_OBSERVED
    Description             : Asynchronous reset assertion at [SrcObject] due to reset [RdcSourceResets] happening in clock network is observed at [DestObject] (reset [RdcDestResets], clock [DestClockInfoList])
    Violation               : RDC:56
    ReasonInfoList
      ReasonInfo
        ReasonCode          : NO_BLOCKING_METHOD
        ReasonCodeMsg       : [ERROR] No valid blocking scheme found
    SrcObject               : r_datagen_aclk_dly_cnt/Q[3:0]
    RdcSourceResets
      ResetName             : RESETN_ACLK
    DestObject              : u_gated_datagen_aclk/u_dont_touch_preicg/ECK
    RdcDestResets
      DestResetInfo
        ResetName           : 'no-reset'
    DestClockInfoList
      DestClockInfo
        ClockName           : CLK_PRCM_ACLK
        ClockObject         : ACLK
        ClockDomainId       : 1
    SrcObjectType           : flop
    DestObjectType          : clock-gating-cell
    AllSrcResets
      SrcResetInfo
        ResetName           : RESETN_ACLK
        ResetObject         : RESETN_ACLK
    DestSyncResetInfoList
      DestResetInfo
        ResetName           : 'no-reset'
    SrcClockInfoList
      SrcClockInfo
        ClockName           : CLK_PRCM_ACLK
        ClockObject         : ACLK
        ClockDomainId       : 1
    ContainerInstance       : BOS_AESDMA
    Module                  : BOS_AESDMA
    Compression
      Type                  : RDC_RST_DEST_RST_CLK
      Master                : RDC:114

    -----------------------------------------------------------------------------
    Tag                     : RDC_CLOCK_CORRUPT_OBSERVED
    Description             : Asynchronous reset assertion at [SrcObject] due to reset [RdcSourceResets] happening in clock network is observed at [DestObject] (reset [RdcDestResets], clock [DestClockInfoList])
    Violation               : RDC:57
    ReasonInfoList
      ReasonInfo
        ReasonCode          : NO_BLOCKING_METHOD
        ReasonCodeMsg       : [ERROR] No valid blocking scheme found
    SrcObject               : u_AESDMA_TOP/u_aesdma_top/u_AESDMA_SFR/r_dma_con2_doorbell_en/Q
    RdcSourceResets
      ResetName             : RESETN_ACLK
    DestObject              : u_gated_bd_aclk/u_dont_touch_preicg/ECK
    RdcDestResets
      DestResetInfo
        ResetName           : 'no-reset'
    DestClockInfoList
      DestClockInfo
        ClockName           : CLK_PRCM_ACLK
        ClockObject         : ACLK
        ClockDomainId       : 1
    SrcObjectType           : flop
    DestObjectType          : clock-gating-cell
    AllSrcResets
      SrcResetInfo
        ResetName           : RESETN_ACLK
        ResetObject         : RESETN_ACLK
    DestSyncResetInfoList
      DestResetInfo
        ResetName           : 'no-reset'
    SrcClockInfoList
      SrcClockInfo
        ClockName           : CLK_PRCM_ACLK
        ClockObject         : ACLK
        ClockDomainId       : 1
    ContainerInstance       : BOS_AESDMA
    Module                  : BOS_AESDMA
    Compression
      Type                  : RDC_RST_DEST_RST_CLK
      Master                : RDC:114

    -----------------------------------------------------------------------------
    Tag                     : RDC_CLOCK_CORRUPT_OBSERVED
    Description             : Asynchronous reset assertion at [SrcObject] due to reset [RdcSourceResets] happening in clock network is observed at [DestObject] (reset [RdcDestResets], clock [DestClockInfoList])
    Violation               : RDC:58
    ReasonInfoList
      ReasonInfo
        ReasonCode          : NO_BLOCKING_METHOD
        ReasonCodeMsg       : [ERROR] No valid blocking scheme found
    SrcObject               : u_AESDMA_TOP/u_aesdma_top/u_AESDMA_SFR/r_dma_con2_bd_en/Q
    RdcSourceResets
      ResetName             : RESETN_ACLK
    DestObject              : u_gated_bd_aclk/u_dont_touch_preicg/ECK
    RdcDestResets
      DestResetInfo
        ResetName           : 'no-reset'
    DestClockInfoList
      DestClockInfo
        ClockName           : CLK_PRCM_ACLK
        ClockObject         : ACLK
        ClockDomainId       : 1
    SrcObjectType           : flop
    DestObjectType          : clock-gating-cell
    AllSrcResets
      SrcResetInfo
        ResetName           : RESETN_ACLK
        ResetObject         : RESETN_ACLK
    DestSyncResetInfoList
      DestResetInfo
        ResetName           : 'no-reset'
    SrcClockInfoList
      SrcClockInfo
        ClockName           : CLK_PRCM_ACLK
        ClockObject         : ACLK
        ClockDomainId       : 1
    ContainerInstance       : BOS_AESDMA
    Module                  : BOS_AESDMA
    Compression
      Type                  : RDC_RST_DEST_RST_CLK
      Master                : RDC:114

    -----------------------------------------------------------------------------
    Tag                     : RDC_CLOCK_CORRUPT_OBSERVED
    Description             : Asynchronous reset assertion at [SrcObject] due to reset [RdcSourceResets] happening in clock network is observed at [DestObject] (reset [RdcDestResets], clock [DestClockInfoList])
    Violation               : RDC:59
    ReasonInfoList
      ReasonInfo
        ReasonCode          : NO_BLOCKING_METHOD
        ReasonCodeMsg       : [ERROR] No valid blocking scheme found
    SrcObject               : u_AESDMA_TOP/u_aesdma_top/u_AESDMA_SFR/r_dma_con0_dma_start/Q
    RdcSourceResets
      ResetName             : RESETN_ACLK
    DestObject              : u_gated_bd_aclk/u_dont_touch_preicg/ECK
    RdcDestResets
      DestResetInfo
        ResetName           : 'no-reset'
    DestClockInfoList
      DestClockInfo
        ClockName           : CLK_PRCM_ACLK
        ClockObject         : ACLK
        ClockDomainId       : 1
    SrcObjectType           : flop
    DestObjectType          : clock-gating-cell
    AllSrcResets
      SrcResetInfo
        ResetName           : RESETN_ACLK
        ResetObject         : RESETN_ACLK
    DestSyncResetInfoList
      DestResetInfo
        ResetName           : 'no-reset'
    SrcClockInfoList
      SrcClockInfo
        ClockName           : CLK_PRCM_ACLK
        ClockObject         : ACLK
        ClockDomainId       : 1
    ContainerInstance       : BOS_AESDMA
    Module                  : BOS_AESDMA
    Compression
      Type                  : RDC_RST_DEST_RST_CLK
      Master                : RDC:114

    -----------------------------------------------------------------------------
    Tag                     : RDC_CLOCK_CORRUPT_OBSERVED
    Description             : Asynchronous reset assertion at [SrcObject] due to reset [RdcSourceResets] happening in clock network is observed at [DestObject] (reset [RdcDestResets], clock [DestClockInfoList])
    Violation               : RDC:60
    ReasonInfoList
      ReasonInfo
        ReasonCode          : NO_BLOCKING_METHOD
        ReasonCodeMsg       : [ERROR] No valid blocking scheme found
    SrcObject               : u_AESDMA_TOP/u_aesdma_top/u_AESDMA_SFR/r_dma_con0_sw_reset/Q
    RdcSourceResets
      ResetName             : RESETN_ACLK
    DestObject              : u_gated_bd_aclk/u_dont_touch_preicg/ECK
    RdcDestResets
      DestResetInfo
        ResetName           : 'no-reset'
    DestClockInfoList
      DestClockInfo
        ClockName           : CLK_PRCM_ACLK
        ClockObject         : ACLK
        ClockDomainId       : 1
    SrcObjectType           : flop
    DestObjectType          : clock-gating-cell
    AllSrcResets
      SrcResetInfo
        ResetName           : RESETN_ACLK
        ResetObject         : RESETN_ACLK
    DestSyncResetInfoList
      DestResetInfo
        ResetName           : 'no-reset'
    SrcClockInfoList
      SrcClockInfo
        ClockName           : CLK_PRCM_ACLK
        ClockObject         : ACLK
        ClockDomainId       : 1
    ContainerInstance       : BOS_AESDMA
    Module                  : BOS_AESDMA
    Compression
      Type                  : RDC_RST_DEST_RST_CLK
      Master                : RDC:114

    -----------------------------------------------------------------------------
    Tag                     : RDC_CLOCK_CORRUPT_OBSERVED
    Description             : Asynchronous reset assertion at [SrcObject] due to reset [RdcSourceResets] happening in clock network is observed at [DestObject] (reset [RdcDestResets], clock [DestClockInfoList])
    Violation               : RDC:61
    ReasonInfoList
      ReasonInfo
        ReasonCode          : NO_BLOCKING_METHOD
        ReasonCodeMsg       : [ERROR] No valid blocking scheme found
    SrcObject               : u_AESDMA_TOP/u_aesdma_top/u_AESDMA_SFR/r_dma_con0_auto_clk_gating_disable/Q
    RdcSourceResets
      ResetName             : RESETN_ACLK
    DestObject              : u_gated_bd_aclk/u_dont_touch_preicg/ECK
    RdcDestResets
      DestResetInfo
        ResetName           : 'no-reset'
    DestClockInfoList
      DestClockInfo
        ClockName           : CLK_PRCM_ACLK
        ClockObject         : ACLK
        ClockDomainId       : 1
    SrcObjectType           : flop
    DestObjectType          : clock-gating-cell
    AllSrcResets
      SrcResetInfo
        ResetName           : RESETN_ACLK
        ResetObject         : RESETN_ACLK
    DestSyncResetInfoList
      DestResetInfo
        ResetName           : 'no-reset'
    SrcClockInfoList
      SrcClockInfo
        ClockName           : CLK_PRCM_ACLK
        ClockObject         : ACLK
        ClockDomainId       : 1
    ContainerInstance       : BOS_AESDMA
    Module                  : BOS_AESDMA
    Compression
      Type                  : RDC_RST_DEST_RST_CLK
      Master                : RDC:114

    -----------------------------------------------------------------------------
    Tag                     : RDC_CLOCK_CORRUPT_OBSERVED
    Description             : Asynchronous reset assertion at [SrcObject] due to reset [RdcSourceResets] happening in clock network is observed at [DestObject] (reset [RdcDestResets], clock [DestClockInfoList])
    Violation               : RDC:62
    ReasonInfoList
      ReasonInfo
        ReasonCode          : NO_BLOCKING_METHOD
        ReasonCodeMsg       : [ERROR] No valid blocking scheme found
    SrcObject               : r_bd_aclk_dly_cnt/Q[3:0]
    RdcSourceResets
      ResetName             : RESETN_ACLK
    DestObject              : u_gated_bd_aclk/u_dont_touch_preicg/ECK
    RdcDestResets
      DestResetInfo
        ResetName           : 'no-reset'
    DestClockInfoList
      DestClockInfo
        ClockName           : CLK_PRCM_ACLK
        ClockObject         : ACLK
        ClockDomainId       : 1
    SrcObjectType           : flop
    DestObjectType          : clock-gating-cell
    AllSrcResets
      SrcResetInfo
        ResetName           : RESETN_ACLK
        ResetObject         : RESETN_ACLK
    DestSyncResetInfoList
      DestResetInfo
        ResetName           : 'no-reset'
    SrcClockInfoList
      SrcClockInfo
        ClockName           : CLK_PRCM_ACLK
        ClockObject         : ACLK
        ClockDomainId       : 1
    ContainerInstance       : BOS_AESDMA
    Module                  : BOS_AESDMA
    Compression
      Type                  : RDC_RST_DEST_RST_CLK
      Master                : RDC:114

    -----------------------------------------------------------------------------
    Tag                     : RDC_CLOCK_CORRUPT_OBSERVED
    Description             : Asynchronous reset assertion at [SrcObject] due to reset [RdcSourceResets] happening in clock network is observed at [DestObject] (reset [RdcDestResets], clock [DestClockInfoList])
    Violation               : RDC:63
    ReasonInfoList
      ReasonInfo
        ReasonCode          : NO_BLOCKING_METHOD
        ReasonCodeMsg       : [ERROR] No valid blocking scheme found
    SrcObject               : u_AESDMA_TOP/u_aesdma_top/u_AESDMA_SFR/r_dma_con2_bd_en/Q
    RdcSourceResets
      ResetName             : RESETN_ACLK
    DestObject              : u_gated_aescore_aclk/u_dont_touch_preicg/ECK
    RdcDestResets
      DestResetInfo
        ResetName           : 'no-reset'
    DestClockInfoList
      DestClockInfo
        ClockName           : CLK_PRCM_ACLK
        ClockObject         : ACLK
        ClockDomainId       : 1
    SrcObjectType           : flop
    DestObjectType          : clock-gating-cell
    AllSrcResets
      SrcResetInfo
        ResetName           : RESETN_ACLK
        ResetObject         : RESETN_ACLK
    DestSyncResetInfoList
      DestResetInfo
        ResetName           : 'no-reset'
    SrcClockInfoList
      SrcClockInfo
        ClockName           : CLK_PRCM_ACLK
        ClockObject         : ACLK
        ClockDomainId       : 1
    ContainerInstance       : BOS_AESDMA
    Module                  : BOS_AESDMA
    Compression
      Type                  : RDC_RST_DEST_RST_CLK
      Master                : RDC:114

    -----------------------------------------------------------------------------
    Tag                     : RDC_CLOCK_CORRUPT_OBSERVED
    Description             : Asynchronous reset assertion at [SrcObject] due to reset [RdcSourceResets] happening in clock network is observed at [DestObject] (reset [RdcDestResets], clock [DestClockInfoList])
    Violation               : RDC:64
    ReasonInfoList
      ReasonInfo
        ReasonCode          : NO_BLOCKING_METHOD
        ReasonCodeMsg       : [ERROR] No valid blocking scheme found
    SrcObject               : u_AESDMA_TOP/u_aesdma_top/u_AESDMA_SFR/r_dma_con0_dma_start/Q
    RdcSourceResets
      ResetName             : RESETN_ACLK
    DestObject              : u_gated_aescore_aclk/u_dont_touch_preicg/ECK
    RdcDestResets
      DestResetInfo
        ResetName           : 'no-reset'
    DestClockInfoList
      DestClockInfo
        ClockName           : CLK_PRCM_ACLK
        ClockObject         : ACLK
        ClockDomainId       : 1
    SrcObjectType           : flop
    DestObjectType          : clock-gating-cell
    AllSrcResets
      SrcResetInfo
        ResetName           : RESETN_ACLK
        ResetObject         : RESETN_ACLK
    DestSyncResetInfoList
      DestResetInfo
        ResetName           : 'no-reset'
    SrcClockInfoList
      SrcClockInfo
        ClockName           : CLK_PRCM_ACLK
        ClockObject         : ACLK
        ClockDomainId       : 1
    ContainerInstance       : BOS_AESDMA
    Module                  : BOS_AESDMA
    Compression
      Type                  : RDC_RST_DEST_RST_CLK
      Master                : RDC:114

    -----------------------------------------------------------------------------
    Tag                     : RDC_CLOCK_CORRUPT_OBSERVED
    Description             : Asynchronous reset assertion at [SrcObject] due to reset [RdcSourceResets] happening in clock network is observed at [DestObject] (reset [RdcDestResets], clock [DestClockInfoList])
    Violation               : RDC:65
    ReasonInfoList
      ReasonInfo
        ReasonCode          : NO_BLOCKING_METHOD
        ReasonCodeMsg       : [ERROR] No valid blocking scheme found
    SrcObject               : u_AESDMA_TOP/u_aesdma_top/u_AESDMA_SFR/r_dma_con0_sw_reset/Q
    RdcSourceResets
      ResetName             : RESETN_ACLK
    DestObject              : u_gated_aescore_aclk/u_dont_touch_preicg/ECK
    RdcDestResets
      DestResetInfo
        ResetName           : 'no-reset'
    DestClockInfoList
      DestClockInfo
        ClockName           : CLK_PRCM_ACLK
        ClockObject         : ACLK
        ClockDomainId       : 1
    SrcObjectType           : flop
    DestObjectType          : clock-gating-cell
    AllSrcResets
      SrcResetInfo
        ResetName           : RESETN_ACLK
        ResetObject         : RESETN_ACLK
    DestSyncResetInfoList
      DestResetInfo
        ResetName           : 'no-reset'
    SrcClockInfoList
      SrcClockInfo
        ClockName           : CLK_PRCM_ACLK
        ClockObject         : ACLK
        ClockDomainId       : 1
    ContainerInstance       : BOS_AESDMA
    Module                  : BOS_AESDMA
    Compression
      Type                  : RDC_RST_DEST_RST_CLK
      Master                : RDC:114

    -----------------------------------------------------------------------------
    Tag                     : RDC_CLOCK_CORRUPT_OBSERVED
    Description             : Asynchronous reset assertion at [SrcObject] due to reset [RdcSourceResets] happening in clock network is observed at [DestObject] (reset [RdcDestResets], clock [DestClockInfoList])
    Violation               : RDC:66
    ReasonInfoList
      ReasonInfo
        ReasonCode          : NO_BLOCKING_METHOD
        ReasonCodeMsg       : [ERROR] No valid blocking scheme found
    SrcObject               : u_AESDMA_TOP/u_aesdma_top/u_AESDMA_SFR/r_dma_con2_dma_mode_sel/Q[1:0]
    RdcSourceResets
      ResetName             : RESETN_ACLK
    DestObject              : u_gated_aescore_aclk/u_dont_touch_preicg/ECK
    RdcDestResets
      DestResetInfo
        ResetName           : 'no-reset'
    DestClockInfoList
      DestClockInfo
        ClockName           : CLK_PRCM_ACLK
        ClockObject         : ACLK
        ClockDomainId       : 1
    SrcObjectType           : flop
    DestObjectType          : clock-gating-cell
    AllSrcResets
      SrcResetInfo
        ResetName           : RESETN_ACLK
        ResetObject         : RESETN_ACLK
    DestSyncResetInfoList
      DestResetInfo
        ResetName           : 'no-reset'
    SrcClockInfoList
      SrcClockInfo
        ClockName           : CLK_PRCM_ACLK
        ClockObject         : ACLK
        ClockDomainId       : 1
    ContainerInstance       : BOS_AESDMA
    Module                  : BOS_AESDMA
    Compression
      Type                  : RDC_RST_DEST_RST_CLK
      Master                : RDC:114

    -----------------------------------------------------------------------------
    Tag                     : RDC_CLOCK_CORRUPT_OBSERVED
    Description             : Asynchronous reset assertion at [SrcObject] due to reset [RdcSourceResets] happening in clock network is observed at [DestObject] (reset [RdcDestResets], clock [DestClockInfoList])
    Violation               : RDC:67
    ReasonInfoList
      ReasonInfo
        ReasonCode          : NO_BLOCKING_METHOD
        ReasonCodeMsg       : [ERROR] No valid blocking scheme found
    SrcObject               : u_AESDMA_TOP/u_aesdma_top/u_AESDMA_SFR/r_dma_con0_auto_clk_gating_disable/Q
    RdcSourceResets
      ResetName             : RESETN_ACLK
    DestObject              : u_gated_aescore_aclk/u_dont_touch_preicg/ECK
    RdcDestResets
      DestResetInfo
        ResetName           : 'no-reset'
    DestClockInfoList
      DestClockInfo
        ClockName           : CLK_PRCM_ACLK
        ClockObject         : ACLK
        ClockDomainId       : 1
    SrcObjectType           : flop
    DestObjectType          : clock-gating-cell
    AllSrcResets
      SrcResetInfo
        ResetName           : RESETN_ACLK
        ResetObject         : RESETN_ACLK
    DestSyncResetInfoList
      DestResetInfo
        ResetName           : 'no-reset'
    SrcClockInfoList
      SrcClockInfo
        ClockName           : CLK_PRCM_ACLK
        ClockObject         : ACLK
        ClockDomainId       : 1
    ContainerInstance       : BOS_AESDMA
    Module                  : BOS_AESDMA
    Compression
      Type                  : RDC_RST_DEST_RST_CLK
      Master                : RDC:114

    -----------------------------------------------------------------------------
    Tag                     : RDC_CLOCK_CORRUPT_OBSERVED
    Description             : Asynchronous reset assertion at [SrcObject] due to reset [RdcSourceResets] happening in clock network is observed at [DestObject] (reset [RdcDestResets], clock [DestClockInfoList])
    Violation               : RDC:68
    ReasonInfoList
      ReasonInfo
        ReasonCode          : NO_BLOCKING_METHOD
        ReasonCodeMsg       : [ERROR] No valid blocking scheme found
    SrcObject               : r_aescore_aclk_dly_cnt/Q[3:0]
    RdcSourceResets
      ResetName             : RESETN_ACLK
    DestObject              : u_gated_aescore_aclk/u_dont_touch_preicg/ECK
    RdcDestResets
      DestResetInfo
        ResetName           : 'no-reset'
    DestClockInfoList
      DestClockInfo
        ClockName           : CLK_PRCM_ACLK
        ClockObject         : ACLK
        ClockDomainId       : 1
    SrcObjectType           : flop
    DestObjectType          : clock-gating-cell
    AllSrcResets
      SrcResetInfo
        ResetName           : RESETN_ACLK
        ResetObject         : RESETN_ACLK
    DestSyncResetInfoList
      DestResetInfo
        ResetName           : 'no-reset'
    SrcClockInfoList
      SrcClockInfo
        ClockName           : CLK_PRCM_ACLK
        ClockObject         : ACLK
        ClockDomainId       : 1
    ContainerInstance       : BOS_AESDMA
    Module                  : BOS_AESDMA
    Compression
      Type                  : RDC_RST_DEST_RST_CLK
      Master                : RDC:114

    -----------------------------------------------------------------------------
    Tag                     : RDC_CLOCK_CORRUPT_OBSERVED
    Description             : Asynchronous reset assertion at [SrcObject] due to reset [RdcSourceResets] happening in clock network is observed at [DestObject] (reset [RdcDestResets], clock [DestClockInfoList])
    Violation               : RDC:69
    ReasonInfoList
      ReasonInfo
        ReasonCode          : NO_BLOCKING_METHOD
        ReasonCodeMsg       : [ERROR] No valid blocking scheme found
    SrcObject               : u_AESDMA_TOP/u_aesdma_top/u_AESDMA_DATAGEN/u_AESDMA_PRBS_GEN_in_DATAGEN/u_REGFIFO_for_prbs/w_ex_cnt/Q
    RdcSourceResets
      ResetName             : RESETN_ACLK
    DestObject              : u_sram_wrfifo_cg/u_dont_touch_preicg/ECK
    RdcDestResets
      DestResetInfo
        ResetName           : 'no-reset'
    DestClockInfoList
      DestClockInfo
        ClockName           : CLK_PRCM_ACLK
        ClockObject         : ACLK
        ClockDomainId       : 1
    SrcObjectType           : flop
    DestObjectType          : clock-gating-cell
    AllSrcResets
      SrcResetInfo
        ResetName           : RESETN_ACLK
        ResetObject         : RESETN_ACLK
    DestSyncResetInfoList
      DestResetInfo
        ResetName           : 'no-reset'
    SrcClockInfoList
      SrcClockInfo
        ClockName           : CLK_PRCM_ACLK
        ClockObject         : ACLK
        ClockDomainId       : 1
    ContainerInstance       : BOS_AESDMA
    Module                  : BOS_AESDMA
    Compression
      Type                  : RDC_RST_DEST_RST_CLK
      Master                : RDC:114

    -----------------------------------------------------------------------------
    Tag                     : RDC_CLOCK_CORRUPT_OBSERVED
    Description             : Asynchronous reset assertion at [SrcObject] due to reset [RdcSourceResets] happening in clock network is observed at [DestObject] (reset [RdcDestResets], clock [DestClockInfoList])
    Violation               : RDC:70
    ReasonInfoList
      ReasonInfo
        ReasonCode          : NO_BLOCKING_METHOD
        ReasonCodeMsg       : [ERROR] No valid blocking scheme found
    SrcObject               : u_AESDMA_TOP/u_aesdma_top/u_AESDMA_DATAGEN/u_AESDMA_PRBS_GEN_in_DATAGEN/u_REGFIFO_for_prbs/w_cnt/Q[1:0]
    RdcSourceResets
      ResetName             : RESETN_ACLK
    DestObject              : u_sram_wrfifo_cg/u_dont_touch_preicg/ECK
    RdcDestResets
      DestResetInfo
        ResetName           : 'no-reset'
    DestClockInfoList
      DestClockInfo
        ClockName           : CLK_PRCM_ACLK
        ClockObject         : ACLK
        ClockDomainId       : 1
    SrcObjectType           : flop
    DestObjectType          : clock-gating-cell
    AllSrcResets
      SrcResetInfo
        ResetName           : RESETN_ACLK
        ResetObject         : RESETN_ACLK
    DestSyncResetInfoList
      DestResetInfo
        ResetName           : 'no-reset'
    SrcClockInfoList
      SrcClockInfo
        ClockName           : CLK_PRCM_ACLK
        ClockObject         : ACLK
        ClockDomainId       : 1
    ContainerInstance       : BOS_AESDMA
    Module                  : BOS_AESDMA
    Compression
      Type                  : RDC_RST_DEST_RST_CLK
      Master                : RDC:114

    -----------------------------------------------------------------------------
    Tag                     : RDC_CLOCK_CORRUPT_OBSERVED
    Description             : Asynchronous reset assertion at [SrcObject] due to reset [RdcSourceResets] happening in clock network is observed at [DestObject] (reset [RdcDestResets], clock [DestClockInfoList])
    Violation               : RDC:71
    ReasonInfoList
      ReasonInfo
        ReasonCode          : NO_BLOCKING_METHOD
        ReasonCodeMsg       : [ERROR] No valid blocking scheme found
    SrcObject               : u_AESDMA_TOP/u_aesdma_top/u_AESDMA_DATAGEN/u_AESDMA_PRBS_GEN_in_DATAGEN/u_REGFIFO_for_prbs/r_cnt/Q[1:0]
    RdcSourceResets
      ResetName             : RESETN_ACLK
    DestObject              : u_sram_wrfifo_cg/u_dont_touch_preicg/ECK
    RdcDestResets
      DestResetInfo
        ResetName           : 'no-reset'
    DestClockInfoList
      DestClockInfo
        ClockName           : CLK_PRCM_ACLK
        ClockObject         : ACLK
        ClockDomainId       : 1
    SrcObjectType           : flop
    DestObjectType          : clock-gating-cell
    AllSrcResets
      SrcResetInfo
        ResetName           : RESETN_ACLK
        ResetObject         : RESETN_ACLK
    DestSyncResetInfoList
      DestResetInfo
        ResetName           : 'no-reset'
    SrcClockInfoList
      SrcClockInfo
        ClockName           : CLK_PRCM_ACLK
        ClockObject         : ACLK
        ClockDomainId       : 1
    ContainerInstance       : BOS_AESDMA
    Module                  : BOS_AESDMA
    Compression
      Type                  : RDC_RST_DEST_RST_CLK
      Master                : RDC:114

    -----------------------------------------------------------------------------
    Tag                     : RDC_CLOCK_CORRUPT_OBSERVED
    Description             : Asynchronous reset assertion at [SrcObject] due to reset [RdcSourceResets] happening in clock network is observed at [DestObject] (reset [RdcDestResets], clock [DestClockInfoList])
    Violation               : RDC:72
    ReasonInfoList
      ReasonInfo
        ReasonCode          : NO_BLOCKING_METHOD
        ReasonCodeMsg       : [ERROR] No valid blocking scheme found
    SrcObject               : u_AESDMA_TOP/u_aesdma_top/u_AESDMA_DATAGEN/u_AESDMA_PRBS_GEN_in_DATAGEN/u_REGFIFO_for_prbs/r_ex_cnt/Q
    RdcSourceResets
      ResetName             : RESETN_ACLK
    DestObject              : u_sram_wrfifo_cg/u_dont_touch_preicg/ECK
    RdcDestResets
      DestResetInfo
        ResetName           : 'no-reset'
    DestClockInfoList
      DestClockInfo
        ClockName           : CLK_PRCM_ACLK
        ClockObject         : ACLK
        ClockDomainId       : 1
    SrcObjectType           : flop
    DestObjectType          : clock-gating-cell
    AllSrcResets
      SrcResetInfo
        ResetName           : RESETN_ACLK
        ResetObject         : RESETN_ACLK
    DestSyncResetInfoList
      DestResetInfo
        ResetName           : 'no-reset'
    SrcClockInfoList
      SrcClockInfo
        ClockName           : CLK_PRCM_ACLK
        ClockObject         : ACLK
        ClockDomainId       : 1
    ContainerInstance       : BOS_AESDMA
    Module                  : BOS_AESDMA
    Compression
      Type                  : RDC_RST_DEST_RST_CLK
      Master                : RDC:114

    -----------------------------------------------------------------------------
    Tag                     : RDC_CLOCK_CORRUPT_OBSERVED
    Description             : Asynchronous reset assertion at [SrcObject] due to reset [RdcSourceResets] happening in clock network is observed at [DestObject] (reset [RdcDestResets], clock [DestClockInfoList])
    Violation               : RDC:73
    ReasonInfoList
      ReasonInfo
        ReasonCode          : NO_BLOCKING_METHOD
        ReasonCodeMsg       : [ERROR] No valid blocking scheme found
    SrcObject               : u_AESDMA_TOP/u_aesdma_top/u_AESDMA_WRCORE/u_AESDMA_DMA_WR_FIFO/u_REGFIFO/w_cnt/Q[1:0]
    RdcSourceResets
      ResetName             : RESETN_ACLK
    DestObject              : u_sram_wrfifo_cg/u_dont_touch_preicg/ECK
    RdcDestResets
      DestResetInfo
        ResetName           : 'no-reset'
    DestClockInfoList
      DestClockInfo
        ClockName           : CLK_PRCM_ACLK
        ClockObject         : ACLK
        ClockDomainId       : 1
    SrcObjectType           : flop
    DestObjectType          : clock-gating-cell
    AllSrcResets
      SrcResetInfo
        ResetName           : RESETN_ACLK
        ResetObject         : RESETN_ACLK
    DestSyncResetInfoList
      DestResetInfo
        ResetName           : 'no-reset'
    SrcClockInfoList
      SrcClockInfo
        ClockName           : CLK_PRCM_ACLK
        ClockObject         : ACLK
        ClockDomainId       : 1
    ContainerInstance       : BOS_AESDMA
    Module                  : BOS_AESDMA
    Compression
      Type                  : RDC_RST_DEST_RST_CLK
      Master                : RDC:114

    -----------------------------------------------------------------------------
    Tag                     : RDC_CLOCK_CORRUPT_OBSERVED
    Description             : Asynchronous reset assertion at [SrcObject] due to reset [RdcSourceResets] happening in clock network is observed at [DestObject] (reset [RdcDestResets], clock [DestClockInfoList])
    Violation               : RDC:74
    ReasonInfoList
      ReasonInfo
        ReasonCode          : NO_BLOCKING_METHOD
        ReasonCodeMsg       : [ERROR] No valid blocking scheme found
    SrcObject               : u_AESDMA_TOP/u_aesdma_top/u_AESDMA_WRCORE/u_AESDMA_DMA_WR_FIFO/u_REGFIFO/r_ex_cnt/Q
    RdcSourceResets
      ResetName             : RESETN_ACLK
    DestObject              : u_sram_wrfifo_cg/u_dont_touch_preicg/ECK
    RdcDestResets
      DestResetInfo
        ResetName           : 'no-reset'
    DestClockInfoList
      DestClockInfo
        ClockName           : CLK_PRCM_ACLK
        ClockObject         : ACLK
        ClockDomainId       : 1
    SrcObjectType           : flop
    DestObjectType          : clock-gating-cell
    AllSrcResets
      SrcResetInfo
        ResetName           : RESETN_ACLK
        ResetObject         : RESETN_ACLK
    DestSyncResetInfoList
      DestResetInfo
        ResetName           : 'no-reset'
    SrcClockInfoList
      SrcClockInfo
        ClockName           : CLK_PRCM_ACLK
        ClockObject         : ACLK
        ClockDomainId       : 1
    ContainerInstance       : BOS_AESDMA
    Module                  : BOS_AESDMA
    Compression
      Type                  : RDC_RST_DEST_RST_CLK
      Master                : RDC:114

    -----------------------------------------------------------------------------
    Tag                     : RDC_CLOCK_CORRUPT_OBSERVED
    Description             : Asynchronous reset assertion at [SrcObject] due to reset [RdcSourceResets] happening in clock network is observed at [DestObject] (reset [RdcDestResets], clock [DestClockInfoList])
    Violation               : RDC:75
    ReasonInfoList
      ReasonInfo
        ReasonCode          : NO_BLOCKING_METHOD
        ReasonCodeMsg       : [ERROR] No valid blocking scheme found
    SrcObject               : u_AESDMA_TOP/u_aesdma_top/u_AESDMA_WRCORE/u_AESDMA_DMA_WR_FIFO/w_ex_cnt/Q
    RdcSourceResets
      ResetName             : RESETN_ACLK
    DestObject              : u_sram_wrfifo_cg/u_dont_touch_preicg/ECK
    RdcDestResets
      DestResetInfo
        ResetName           : 'no-reset'
    DestClockInfoList
      DestClockInfo
        ClockName           : CLK_PRCM_ACLK
        ClockObject         : ACLK
        ClockDomainId       : 1
    SrcObjectType           : flop
    DestObjectType          : clock-gating-cell
    AllSrcResets
      SrcResetInfo
        ResetName           : RESETN_ACLK
        ResetObject         : RESETN_ACLK
    DestSyncResetInfoList
      DestResetInfo
        ResetName           : 'no-reset'
    SrcClockInfoList
      SrcClockInfo
        ClockName           : CLK_PRCM_ACLK
        ClockObject         : ACLK
        ClockDomainId       : 1
    ContainerInstance       : BOS_AESDMA
    Module                  : BOS_AESDMA
    Compression
      Type                  : RDC_RST_DEST_RST_CLK
      Master                : RDC:114

    -----------------------------------------------------------------------------
    Tag                     : RDC_CLOCK_CORRUPT_OBSERVED
    Description             : Asynchronous reset assertion at [SrcObject] due to reset [RdcSourceResets] happening in clock network is observed at [DestObject] (reset [RdcDestResets], clock [DestClockInfoList])
    Violation               : RDC:76
    ReasonInfoList
      ReasonInfo
        ReasonCode          : NO_BLOCKING_METHOD
        ReasonCodeMsg       : [ERROR] No valid blocking scheme found
    SrcObject               : u_AESDMA_TOP/u_aesdma_top/u_AESDMA_WRCORE/u_AESDMA_DMA_WR_FIFO/w_cnt/Q[4:0]
    RdcSourceResets
      ResetName             : RESETN_ACLK
    DestObject              : u_sram_wrfifo_cg/u_dont_touch_preicg/ECK
    RdcDestResets
      DestResetInfo
        ResetName           : 'no-reset'
    DestClockInfoList
      DestClockInfo
        ClockName           : CLK_PRCM_ACLK
        ClockObject         : ACLK
        ClockDomainId       : 1
    SrcObjectType           : flop
    DestObjectType          : clock-gating-cell
    AllSrcResets
      SrcResetInfo
        ResetName           : RESETN_ACLK
        ResetObject         : RESETN_ACLK
    DestSyncResetInfoList
      DestResetInfo
        ResetName           : 'no-reset'
    SrcClockInfoList
      SrcClockInfo
        ClockName           : CLK_PRCM_ACLK
        ClockObject         : ACLK
        ClockDomainId       : 1
    ContainerInstance       : BOS_AESDMA
    Module                  : BOS_AESDMA
    Compression
      Type                  : RDC_RST_DEST_RST_CLK
      Master                : RDC:114

    -----------------------------------------------------------------------------
    Tag                     : RDC_CLOCK_CORRUPT_OBSERVED
    Description             : Asynchronous reset assertion at [SrcObject] due to reset [RdcSourceResets] happening in clock network is observed at [DestObject] (reset [RdcDestResets], clock [DestClockInfoList])
    Violation               : RDC:77
    ReasonInfoList
      ReasonInfo
        ReasonCode          : NO_BLOCKING_METHOD
        ReasonCodeMsg       : [ERROR] No valid blocking scheme found
    SrcObject               : u_AESDMA_TOP/u_aesdma_top/u_AESDMA_WRCORE/u_AESDMA_DMA_WR_FIFO/r_sram_dout_d1_valid/Q
    RdcSourceResets
      ResetName             : RESETN_ACLK
    DestObject              : u_sram_wrfifo_cg/u_dont_touch_preicg/ECK
    RdcDestResets
      DestResetInfo
        ResetName           : 'no-reset'
    DestClockInfoList
      DestClockInfo
        ClockName           : CLK_PRCM_ACLK
        ClockObject         : ACLK
        ClockDomainId       : 1
    SrcObjectType           : flop
    DestObjectType          : clock-gating-cell
    AllSrcResets
      SrcResetInfo
        ResetName           : RESETN_ACLK
        ResetObject         : RESETN_ACLK
    DestSyncResetInfoList
      DestResetInfo
        ResetName           : 'no-reset'
    SrcClockInfoList
      SrcClockInfo
        ClockName           : CLK_PRCM_ACLK
        ClockObject         : ACLK
        ClockDomainId       : 1
    ContainerInstance       : BOS_AESDMA
    Module                  : BOS_AESDMA
    Compression
      Type                  : RDC_RST_DEST_RST_CLK
      Master                : RDC:114

    -----------------------------------------------------------------------------
    Tag                     : RDC_CLOCK_CORRUPT_OBSERVED
    Description             : Asynchronous reset assertion at [SrcObject] due to reset [RdcSourceResets] happening in clock network is observed at [DestObject] (reset [RdcDestResets], clock [DestClockInfoList])
    Violation               : RDC:78
    ReasonInfoList
      ReasonInfo
        ReasonCode          : NO_BLOCKING_METHOD
        ReasonCodeMsg       : [ERROR] No valid blocking scheme found
    SrcObject               : u_AESDMA_TOP/u_aesdma_top/u_AESDMA_WRCORE/u_AESDMA_DMA_WR_FIFO/r_cnt/Q[4:0]
    RdcSourceResets
      ResetName             : RESETN_ACLK
    DestObject              : u_sram_wrfifo_cg/u_dont_touch_preicg/ECK
    RdcDestResets
      DestResetInfo
        ResetName           : 'no-reset'
    DestClockInfoList
      DestClockInfo
        ClockName           : CLK_PRCM_ACLK
        ClockObject         : ACLK
        ClockDomainId       : 1
    SrcObjectType           : flop
    DestObjectType          : clock-gating-cell
    AllSrcResets
      SrcResetInfo
        ResetName           : RESETN_ACLK
        ResetObject         : RESETN_ACLK
    DestSyncResetInfoList
      DestResetInfo
        ResetName           : 'no-reset'
    SrcClockInfoList
      SrcClockInfo
        ClockName           : CLK_PRCM_ACLK
        ClockObject         : ACLK
        ClockDomainId       : 1
    ContainerInstance       : BOS_AESDMA
    Module                  : BOS_AESDMA
    Compression
      Type                  : RDC_RST_DEST_RST_CLK
      Master                : RDC:114

    -----------------------------------------------------------------------------
    Tag                     : RDC_CLOCK_CORRUPT_OBSERVED
    Description             : Asynchronous reset assertion at [SrcObject] due to reset [RdcSourceResets] happening in clock network is observed at [DestObject] (reset [RdcDestResets], clock [DestClockInfoList])
    Violation               : RDC:79
    ReasonInfoList
      ReasonInfo
        ReasonCode          : NO_BLOCKING_METHOD
        ReasonCodeMsg       : [ERROR] No valid blocking scheme found
    SrcObject               : u_AESDMA_TOP/u_aesdma_top/u_AESDMA_WRCORE/u_AESDMA_DMA_WR_FIFO/r_ex_cnt/Q
    RdcSourceResets
      ResetName             : RESETN_ACLK
    DestObject              : u_sram_wrfifo_cg/u_dont_touch_preicg/ECK
    RdcDestResets
      DestResetInfo
        ResetName           : 'no-reset'
    DestClockInfoList
      DestClockInfo
        ClockName           : CLK_PRCM_ACLK
        ClockObject         : ACLK
        ClockDomainId       : 1
    SrcObjectType           : flop
    DestObjectType          : clock-gating-cell
    AllSrcResets
      SrcResetInfo
        ResetName           : RESETN_ACLK
        ResetObject         : RESETN_ACLK
    DestSyncResetInfoList
      DestResetInfo
        ResetName           : 'no-reset'
    SrcClockInfoList
      SrcClockInfo
        ClockName           : CLK_PRCM_ACLK
        ClockObject         : ACLK
        ClockDomainId       : 1
    ContainerInstance       : BOS_AESDMA
    Module                  : BOS_AESDMA
    Compression
      Type                  : RDC_RST_DEST_RST_CLK
      Master                : RDC:114

    -----------------------------------------------------------------------------
    Tag                     : RDC_CLOCK_CORRUPT_OBSERVED
    Description             : Asynchronous reset assertion at [SrcObject] due to reset [RdcSourceResets] happening in clock network is observed at [DestObject] (reset [RdcDestResets], clock [DestClockInfoList])
    Violation               : RDC:80
    ReasonInfoList
      ReasonInfo
        ReasonCode          : NO_BLOCKING_METHOD
        ReasonCodeMsg       : [ERROR] No valid blocking scheme found
    SrcObject               : u_AESDMA_TOP/u_aesdma_top/u_AES_CORE/r_mvalid/Q
    RdcSourceResets
      ResetName             : RESETN_ACLK
    DestObject              : u_sram_wrfifo_cg/u_dont_touch_preicg/ECK
    RdcDestResets
      DestResetInfo
        ResetName           : 'no-reset'
    DestClockInfoList
      DestClockInfo
        ClockName           : CLK_PRCM_ACLK
        ClockObject         : ACLK
        ClockDomainId       : 1
    SrcObjectType           : flop
    DestObjectType          : clock-gating-cell
    AllSrcResets
      SrcResetInfo
        ResetName           : RESETN_ACLK
        ResetObject         : RESETN_ACLK
    DestSyncResetInfoList
      DestResetInfo
        ResetName           : 'no-reset'
    SrcClockInfoList
      SrcClockInfo
        ClockName           : CLK_PRCM_ACLK
        ClockObject         : ACLK
        ClockDomainId       : 1
    ContainerInstance       : BOS_AESDMA
    Module                  : BOS_AESDMA
    Compression
      Type                  : RDC_RST_DEST_RST_CLK
      Master                : RDC:114

    -----------------------------------------------------------------------------
    Tag                     : RDC_CLOCK_CORRUPT_OBSERVED
    Description             : Asynchronous reset assertion at [SrcObject] due to reset [RdcSourceResets] happening in clock network is observed at [DestObject] (reset [RdcDestResets], clock [DestClockInfoList])
    Violation               : RDC:81
    ReasonInfoList
      ReasonInfo
        ReasonCode          : NO_BLOCKING_METHOD
        ReasonCodeMsg       : [ERROR] No valid blocking scheme found
    SrcObject               : u_AESDMA_TOP/u_aesdma_top/u_AESDMA_DATAGEN/r_cur_st_datagen/Q[1:0]
    RdcSourceResets
      ResetName             : RESETN_ACLK
    DestObject              : u_sram_wrfifo_cg/u_dont_touch_preicg/ECK
    RdcDestResets
      DestResetInfo
        ResetName           : 'no-reset'
    DestClockInfoList
      DestClockInfo
        ClockName           : CLK_PRCM_ACLK
        ClockObject         : ACLK
        ClockDomainId       : 1
    SrcObjectType           : flop
    DestObjectType          : clock-gating-cell
    AllSrcResets
      SrcResetInfo
        ResetName           : RESETN_ACLK
        ResetObject         : RESETN_ACLK
    DestSyncResetInfoList
      DestResetInfo
        ResetName           : 'no-reset'
    SrcClockInfoList
      SrcClockInfo
        ClockName           : CLK_PRCM_ACLK
        ClockObject         : ACLK
        ClockDomainId       : 1
    ContainerInstance       : BOS_AESDMA
    Module                  : BOS_AESDMA
    Compression
      Type                  : RDC_RST_DEST_RST_CLK
      Master                : RDC:114

    -----------------------------------------------------------------------------
    Tag                     : RDC_CLOCK_CORRUPT_OBSERVED
    Description             : Asynchronous reset assertion at [SrcObject] due to reset [RdcSourceResets] happening in clock network is observed at [DestObject] (reset [RdcDestResets], clock [DestClockInfoList])
    Violation               : RDC:82
    ReasonInfoList
      ReasonInfo
        ReasonCode          : NO_BLOCKING_METHOD
        ReasonCodeMsg       : [ERROR] No valid blocking scheme found
    SrcObject               : u_AESDMA_TOP/u_aesdma_top/u_AESDMA_RDCORE/u_AESDMA_FWD_RS/ivalid_dst/Q
    RdcSourceResets
      ResetName             : RESETN_ACLK
    DestObject              : u_sram_wrfifo_cg/u_dont_touch_preicg/ECK
    RdcDestResets
      DestResetInfo
        ResetName           : 'no-reset'
    DestClockInfoList
      DestClockInfo
        ClockName           : CLK_PRCM_ACLK
        ClockObject         : ACLK
        ClockDomainId       : 1
    SrcObjectType           : flop
    DestObjectType          : clock-gating-cell
    AllSrcResets
      SrcResetInfo
        ResetName           : RESETN_ACLK
        ResetObject         : RESETN_ACLK
    DestSyncResetInfoList
      DestResetInfo
        ResetName           : 'no-reset'
    SrcClockInfoList
      SrcClockInfo
        ClockName           : CLK_PRCM_ACLK
        ClockObject         : ACLK
        ClockDomainId       : 1
    ContainerInstance       : BOS_AESDMA
    Module                  : BOS_AESDMA
    Compression
      Type                  : RDC_RST_DEST_RST_CLK
      Master                : RDC:114

    -----------------------------------------------------------------------------
    Tag                     : RDC_CLOCK_CORRUPT_OBSERVED
    Description             : Asynchronous reset assertion at [SrcObject] due to reset [RdcSourceResets] happening in clock network is observed at [DestObject] (reset [RdcDestResets], clock [DestClockInfoList])
    Violation               : RDC:83
    ReasonInfoList
      ReasonInfo
        ReasonCode          : NO_BLOCKING_METHOD
        ReasonCodeMsg       : [ERROR] No valid blocking scheme found
    SrcObject               : u_AESDMA_TOP/u_aesdma_top/u_AESDMA_WRCORE/u_AESDMA_DMA_WR_FIFO/u_REGFIFO/r_cnt/Q[1:0]
    RdcSourceResets
      ResetName             : RESETN_ACLK
    DestObject              : u_sram_wrfifo_cg/u_dont_touch_preicg/ECK
    RdcDestResets
      DestResetInfo
        ResetName           : 'no-reset'
    DestClockInfoList
      DestClockInfo
        ClockName           : CLK_PRCM_ACLK
        ClockObject         : ACLK
        ClockDomainId       : 1
    SrcObjectType           : flop
    DestObjectType          : clock-gating-cell
    AllSrcResets
      SrcResetInfo
        ResetName           : RESETN_ACLK
        ResetObject         : RESETN_ACLK
    DestSyncResetInfoList
      DestResetInfo
        ResetName           : 'no-reset'
    SrcClockInfoList
      SrcClockInfo
        ClockName           : CLK_PRCM_ACLK
        ClockObject         : ACLK
        ClockDomainId       : 1
    ContainerInstance       : BOS_AESDMA
    Module                  : BOS_AESDMA
    Compression
      Type                  : RDC_RST_DEST_RST_CLK
      Master                : RDC:114

    -----------------------------------------------------------------------------
    Tag                     : RDC_CLOCK_CORRUPT_OBSERVED
    Description             : Asynchronous reset assertion at [SrcObject] due to reset [RdcSourceResets] happening in clock network is observed at [DestObject] (reset [RdcDestResets], clock [DestClockInfoList])
    Violation               : RDC:84
    ReasonInfoList
      ReasonInfo
        ReasonCode          : NO_BLOCKING_METHOD
        ReasonCodeMsg       : [ERROR] No valid blocking scheme found
    SrcObject               : u_AESDMA_TOP/u_aesdma_top/u_AESDMA_SFR/r_dma_con0_auto_clk_gating_disable/Q
    RdcSourceResets
      ResetName             : RESETN_ACLK
    DestObject              : u_sram_wrfifo_cg/u_dont_touch_preicg/ECK
    RdcDestResets
      DestResetInfo
        ResetName           : 'no-reset'
    DestClockInfoList
      DestClockInfo
        ClockName           : CLK_PRCM_ACLK
        ClockObject         : ACLK
        ClockDomainId       : 1
    SrcObjectType           : flop
    DestObjectType          : clock-gating-cell
    AllSrcResets
      SrcResetInfo
        ResetName           : RESETN_ACLK
        ResetObject         : RESETN_ACLK
    DestSyncResetInfoList
      DestResetInfo
        ResetName           : 'no-reset'
    SrcClockInfoList
      SrcClockInfo
        ClockName           : CLK_PRCM_ACLK
        ClockObject         : ACLK
        ClockDomainId       : 1
    ContainerInstance       : BOS_AESDMA
    Module                  : BOS_AESDMA
    Compression
      Type                  : RDC_RST_DEST_RST_CLK
      Master                : RDC:114

    -----------------------------------------------------------------------------
    Tag                     : RDC_CLOCK_CORRUPT_OBSERVED
    Description             : Asynchronous reset assertion at [SrcObject] due to reset [RdcSourceResets] happening in clock network is observed at [DestObject] (reset [RdcDestResets], clock [DestClockInfoList])
    Violation               : RDC:85
    ReasonInfoList
      ReasonInfo
        ReasonCode          : NO_BLOCKING_METHOD
        ReasonCodeMsg       : [ERROR] No valid blocking scheme found
    SrcObject               : u_AESDMA_TOP/u_aesdma_top/u_AESDMA_WRCORE/u_AESDMA_DMA_WR_FIFO/r_cen_a_d1/Q
    RdcSourceResets
      ResetName             : RESETN_ACLK
    DestObject              : u_sram_wrfifo_cg/u_dont_touch_preicg/ECK
    RdcDestResets
      DestResetInfo
        ResetName           : 'no-reset'
    DestClockInfoList
      DestClockInfo
        ClockName           : CLK_PRCM_ACLK
        ClockObject         : ACLK
        ClockDomainId       : 1
    SrcObjectType           : flop
    DestObjectType          : clock-gating-cell
    AllSrcResets
      SrcResetInfo
        ResetName           : RESETN_ACLK
        ResetObject         : RESETN_ACLK
    DestSyncResetInfoList
      DestResetInfo
        ResetName           : 'no-reset'
    SrcClockInfoList
      SrcClockInfo
        ClockName           : CLK_PRCM_ACLK
        ClockObject         : ACLK
        ClockDomainId       : 1
    ContainerInstance       : BOS_AESDMA
    Module                  : BOS_AESDMA
    Compression
      Type                  : RDC_RST_DEST_RST_CLK
      Master                : RDC:114

    -----------------------------------------------------------------------------
    Tag                     : RDC_CLOCK_CORRUPT_OBSERVED
    Description             : Asynchronous reset assertion at [SrcObject] due to reset [RdcSourceResets] happening in clock network is observed at [DestObject] (reset [RdcDestResets], clock [DestClockInfoList])
    Violation               : RDC:86
    ReasonInfoList
      ReasonInfo
        ReasonCode          : NO_BLOCKING_METHOD
        ReasonCodeMsg       : [ERROR] No valid blocking scheme found
    SrcObject               : r_sram_wrfifo_clk_en_1d/Q
    RdcSourceResets
      ResetName             : RESETN_ACLK
    DestObject              : u_sram_wrfifo_cg/u_dont_touch_preicg/ECK
    RdcDestResets
      DestResetInfo
        ResetName           : 'no-reset'
    DestClockInfoList
      DestClockInfo
        ClockName           : CLK_PRCM_ACLK
        ClockObject         : ACLK
        ClockDomainId       : 1
    SrcObjectType           : flop
    DestObjectType          : clock-gating-cell
    AllSrcResets
      SrcResetInfo
        ResetName           : RESETN_ACLK
        ResetObject         : RESETN_ACLK
    DestSyncResetInfoList
      DestResetInfo
        ResetName           : 'no-reset'
    SrcClockInfoList
      SrcClockInfo
        ClockName           : CLK_PRCM_ACLK
        ClockObject         : ACLK
        ClockDomainId       : 1
    ContainerInstance       : BOS_AESDMA
    Module                  : BOS_AESDMA
    Compression
      Type                  : RDC_RST_DEST_RST_CLK
      Master                : RDC:114

    -----------------------------------------------------------------------------
    Tag                     : RDC_CLOCK_CORRUPT_OBSERVED
    Description             : Asynchronous reset assertion at [SrcObject] due to reset [RdcSourceResets] happening in clock network is observed at [DestObject] (reset [RdcDestResets], clock [DestClockInfoList])
    Violation               : RDC:87
    ReasonInfoList
      ReasonInfo
        ReasonCode          : NO_BLOCKING_METHOD
        ReasonCodeMsg       : [ERROR] No valid blocking scheme found
    SrcObject               : u_AESDMA_TOP/u_aesdma_top/u_AESDMA_SFR/r_dma_con2_bd_en/Q
    RdcSourceResets
      ResetName             : RESETN_ACLK
    DestObject              : u_sram_wrfifo_cg/u_dont_touch_preicg/ECK
    RdcDestResets
      DestResetInfo
        ResetName           : 'no-reset'
    DestClockInfoList
      DestClockInfo
        ClockName           : CLK_PRCM_ACLK
        ClockObject         : ACLK
        ClockDomainId       : 1
    SrcObjectType           : flop
    DestObjectType          : clock-gating-cell
    AllSrcResets
      SrcResetInfo
        ResetName           : RESETN_ACLK
        ResetObject         : RESETN_ACLK
    DestSyncResetInfoList
      DestResetInfo
        ResetName           : 'no-reset'
    SrcClockInfoList
      SrcClockInfo
        ClockName           : CLK_PRCM_ACLK
        ClockObject         : ACLK
        ClockDomainId       : 1
    ContainerInstance       : BOS_AESDMA
    Module                  : BOS_AESDMA
    Compression
      Type                  : RDC_RST_DEST_RST_CLK
      Master                : RDC:114

    -----------------------------------------------------------------------------
    Tag                     : RDC_CLOCK_CORRUPT_OBSERVED
    Description             : Asynchronous reset assertion at [SrcObject] due to reset [RdcSourceResets] happening in clock network is observed at [DestObject] (reset [RdcDestResets], clock [DestClockInfoList])
    Violation               : RDC:88
    ReasonInfoList
      ReasonInfo
        ReasonCode          : NO_BLOCKING_METHOD
        ReasonCodeMsg       : [ERROR] No valid blocking scheme found
    SrcObject               : u_AESDMA_TOP/u_aesdma_top/u_AESDMA_SFR/r_dma_con2_dma_mode_sel/Q[1:0]
    RdcSourceResets
      ResetName             : RESETN_ACLK
    DestObject              : u_sram_wrfifo_cg/u_dont_touch_preicg/ECK
    RdcDestResets
      DestResetInfo
        ResetName           : 'no-reset'
    DestClockInfoList
      DestClockInfo
        ClockName           : CLK_PRCM_ACLK
        ClockObject         : ACLK
        ClockDomainId       : 1
    SrcObjectType           : flop
    DestObjectType          : clock-gating-cell
    AllSrcResets
      SrcResetInfo
        ResetName           : RESETN_ACLK
        ResetObject         : RESETN_ACLK
    DestSyncResetInfoList
      DestResetInfo
        ResetName           : 'no-reset'
    SrcClockInfoList
      SrcClockInfo
        ClockName           : CLK_PRCM_ACLK
        ClockObject         : ACLK
        ClockDomainId       : 1
    ContainerInstance       : BOS_AESDMA
    Module                  : BOS_AESDMA
    Compression
      Type                  : RDC_RST_DEST_RST_CLK
      Master                : RDC:114

    -----------------------------------------------------------------------------
    Tag                     : RDC_CLOCK_CORRUPT_OBSERVED
    Description             : Asynchronous reset assertion at [SrcObject] due to reset [RdcSourceResets] happening in clock network is observed at [DestObject] (reset [RdcDestResets], clock [DestClockInfoList])
    Violation               : RDC:89
    ReasonInfoList
      ReasonInfo
        ReasonCode          : NO_BLOCKING_METHOD
        ReasonCodeMsg       : [ERROR] No valid blocking scheme found
    SrcObject               : u_fierr_ecc_dec_dcls_sram_wrfifo/sync_inst[0].genblk1.genblk1.u_dont_touch_sync_dff2/Q
    RdcSourceResets
      ResetName             : RESETN_ACLK
    DestObject              : u_sram_wrfifo_cg/u_dont_touch_preicg/ECK
    RdcDestResets
      DestResetInfo
        ResetName           : 'no-reset'
    DestClockInfoList
      DestClockInfo
        ClockName           : CLK_PRCM_ACLK
        ClockObject         : ACLK
        ClockDomainId       : 1
    SrcObjectType           : library-cell
    DestObjectType          : clock-gating-cell
    AllSrcResets
      SrcResetInfo
        ResetName           : RESETN_ACLK
        ResetObject         : RESETN_ACLK
    DestSyncResetInfoList
      DestResetInfo
        ResetName           : 'no-reset'
    SrcClockInfoList
      SrcClockInfo
        ClockName           : CLK_PRCM_ACLK
        ClockObject         : ACLK
        ClockDomainId       : 1
    ContainerInstance       : BOS_AESDMA
    Module                  : BOS_AESDMA
    Compression
      Type                  : RDC_RST_DEST_RST_CLK
      Master                : RDC:114

    -----------------------------------------------------------------------------
    Tag                     : RDC_CLOCK_CORRUPT_OBSERVED
    Description             : Asynchronous reset assertion at [SrcObject] due to reset [RdcSourceResets] happening in clock network is observed at [DestObject] (reset [RdcDestResets], clock [DestClockInfoList])
    Violation               : RDC:90
    ReasonInfoList
      ReasonInfo
        ReasonCode          : NO_BLOCKING_METHOD
        ReasonCodeMsg       : [ERROR] No valid blocking scheme found
    SrcObject               : u_fierr_ecc_e2_sram_wrfifo/sync_inst[0].genblk1.genblk1.u_dont_touch_sync_dff2/Q
    RdcSourceResets
      ResetName             : RESETN_ACLK
    DestObject              : u_sram_wrfifo_cg/u_dont_touch_preicg/ECK
    RdcDestResets
      DestResetInfo
        ResetName           : 'no-reset'
    DestClockInfoList
      DestClockInfo
        ClockName           : CLK_PRCM_ACLK
        ClockObject         : ACLK
        ClockDomainId       : 1
    SrcObjectType           : library-cell
    DestObjectType          : clock-gating-cell
    AllSrcResets
      SrcResetInfo
        ResetName           : RESETN_ACLK
        ResetObject         : RESETN_ACLK
    DestSyncResetInfoList
      DestResetInfo
        ResetName           : 'no-reset'
    SrcClockInfoList
      SrcClockInfo
        ClockName           : CLK_PRCM_ACLK
        ClockObject         : ACLK
        ClockDomainId       : 1
    ContainerInstance       : BOS_AESDMA
    Module                  : BOS_AESDMA
    Compression
      Type                  : RDC_RST_DEST_RST_CLK
      Master                : RDC:114

    -----------------------------------------------------------------------------
    Tag                     : RDC_CLOCK_CORRUPT_OBSERVED
    Description             : Asynchronous reset assertion at [SrcObject] due to reset [RdcSourceResets] happening in clock network is observed at [DestObject] (reset [RdcDestResets], clock [DestClockInfoList])
    Violation               : RDC:91
    ReasonInfoList
      ReasonInfo
        ReasonCode          : NO_BLOCKING_METHOD
        ReasonCodeMsg       : [ERROR] No valid blocking scheme found
    SrcObject               : u_enerr_ecc_dec_dcls_sram_wrfifo/sync_inst[0].genblk1.genblk1.u_dont_touch_sync_dff2/Q
    RdcSourceResets
      ResetName             : RESETN_ACLK
    DestObject              : u_sram_wrfifo_cg/u_dont_touch_preicg/ECK
    RdcDestResets
      DestResetInfo
        ResetName           : 'no-reset'
    DestClockInfoList
      DestClockInfo
        ClockName           : CLK_PRCM_ACLK
        ClockObject         : ACLK
        ClockDomainId       : 1
    SrcObjectType           : library-cell
    DestObjectType          : clock-gating-cell
    AllSrcResets
      SrcResetInfo
        ResetName           : RESETN_ACLK
        ResetObject         : RESETN_ACLK
    DestSyncResetInfoList
      DestResetInfo
        ResetName           : 'no-reset'
    SrcClockInfoList
      SrcClockInfo
        ClockName           : CLK_PRCM_ACLK
        ClockObject         : ACLK
        ClockDomainId       : 1
    ContainerInstance       : BOS_AESDMA
    Module                  : BOS_AESDMA
    Compression
      Type                  : RDC_RST_DEST_RST_CLK
      Master                : RDC:114

    -----------------------------------------------------------------------------
    Tag                     : RDC_CLOCK_CORRUPT_OBSERVED
    Description             : Asynchronous reset assertion at [SrcObject] due to reset [RdcSourceResets] happening in clock network is observed at [DestObject] (reset [RdcDestResets], clock [DestClockInfoList])
    Violation               : RDC:92
    ReasonInfoList
      ReasonInfo
        ReasonCode          : NO_BLOCKING_METHOD
        ReasonCodeMsg       : [ERROR] No valid blocking scheme found
    SrcObject               : u_fierr_ecc_e1_sram_wrfifo/sync_inst[0].genblk1.genblk1.u_dont_touch_sync_dff2/Q
    RdcSourceResets
      ResetName             : RESETN_ACLK
    DestObject              : u_sram_wrfifo_cg/u_dont_touch_preicg/ECK
    RdcDestResets
      DestResetInfo
        ResetName           : 'no-reset'
    DestClockInfoList
      DestClockInfo
        ClockName           : CLK_PRCM_ACLK
        ClockObject         : ACLK
        ClockDomainId       : 1
    SrcObjectType           : library-cell
    DestObjectType          : clock-gating-cell
    AllSrcResets
      SrcResetInfo
        ResetName           : RESETN_ACLK
        ResetObject         : RESETN_ACLK
    DestSyncResetInfoList
      DestResetInfo
        ResetName           : 'no-reset'
    SrcClockInfoList
      SrcClockInfo
        ClockName           : CLK_PRCM_ACLK
        ClockObject         : ACLK
        ClockDomainId       : 1
    ContainerInstance       : BOS_AESDMA
    Module                  : BOS_AESDMA
    Compression
      Type                  : RDC_RST_DEST_RST_CLK
      Master                : RDC:114

    -----------------------------------------------------------------------------
    Tag                     : RDC_CLOCK_CORRUPT_OBSERVED
    Description             : Asynchronous reset assertion at [SrcObject] due to reset [RdcSourceResets] happening in clock network is observed at [DestObject] (reset [RdcDestResets], clock [DestClockInfoList])
    Violation               : RDC:93
    ReasonInfoList
      ReasonInfo
        ReasonCode          : NO_BLOCKING_METHOD
        ReasonCodeMsg       : [ERROR] No valid blocking scheme found
    SrcObject               : u_AESDMA_TOP/u_aesdma_top/u_AESDMA_SFR/r_dma_con2_dma_op_sel/Q[3:0]
    RdcSourceResets
      ResetName             : RESETN_ACLK
    DestObject              : u_sram_wrfifo_cg/u_dont_touch_preicg/ECK
    RdcDestResets
      DestResetInfo
        ResetName           : 'no-reset'
    DestClockInfoList
      DestClockInfo
        ClockName           : CLK_PRCM_ACLK
        ClockObject         : ACLK
        ClockDomainId       : 1
    SrcObjectType           : flop
    DestObjectType          : clock-gating-cell
    AllSrcResets
      SrcResetInfo
        ResetName           : RESETN_ACLK
        ResetObject         : RESETN_ACLK
    DestSyncResetInfoList
      DestResetInfo
        ResetName           : 'no-reset'
    SrcClockInfoList
      SrcClockInfo
        ClockName           : CLK_PRCM_ACLK
        ClockObject         : ACLK
        ClockDomainId       : 1
    ContainerInstance       : BOS_AESDMA
    Module                  : BOS_AESDMA
    Compression
      Type                  : RDC_RST_DEST_RST_CLK
      Master                : RDC:114

    -----------------------------------------------------------------------------
    Tag                     : RDC_CLOCK_CORRUPT_OBSERVED
    Description             : Asynchronous reset assertion at [SrcObject] due to reset [RdcSourceResets] happening in clock network is observed at [DestObject] (reset [RdcDestResets], clock [DestClockInfoList])
    Violation               : RDC:94
    ReasonInfoList
      ReasonInfo
        ReasonCode          : NO_BLOCKING_METHOD
        ReasonCodeMsg       : [ERROR] No valid blocking scheme found
    SrcObject               : u_AESDMA_TOP/u_aesdma_top/u_AESDMA_WRCORE/u_AESDMA_DMA_WR_FIFO/u_REGFIFO/w_ex_cnt/Q
    RdcSourceResets
      ResetName             : RESETN_ACLK
    DestObject              : u_sram_wrfifo_cg/u_dont_touch_preicg/ECK
    RdcDestResets
      DestResetInfo
        ResetName           : 'no-reset'
    DestClockInfoList
      DestClockInfo
        ClockName           : CLK_PRCM_ACLK
        ClockObject         : ACLK
        ClockDomainId       : 1
    SrcObjectType           : flop
    DestObjectType          : clock-gating-cell
    AllSrcResets
      SrcResetInfo
        ResetName           : RESETN_ACLK
        ResetObject         : RESETN_ACLK
    DestSyncResetInfoList
      DestResetInfo
        ResetName           : 'no-reset'
    SrcClockInfoList
      SrcClockInfo
        ClockName           : CLK_PRCM_ACLK
        ClockObject         : ACLK
        ClockDomainId       : 1
    ContainerInstance       : BOS_AESDMA
    Module                  : BOS_AESDMA
    Compression
      Type                  : RDC_RST_DEST_RST_CLK
      Master                : RDC:114

    -----------------------------------------------------------------------------
    Tag                     : RDC_CLOCK_CORRUPT_OBSERVED
    Description             : Asynchronous reset assertion at [SrcObject] due to reset [RdcSourceResets] happening in clock network is observed at [DestObject] (reset [RdcDestResets], clock [DestClockInfoList])
    Violation               : RDC:95
    ReasonInfoList
      ReasonInfo
        ReasonCode          : NO_BLOCKING_METHOD
        ReasonCodeMsg       : [ERROR] No valid blocking scheme found
    SrcObject               : u_enerr_ecc_e2_sram_wrfifo/sync_inst[0].genblk1.genblk1.u_dont_touch_sync_dff2/Q
    RdcSourceResets
      ResetName             : RESETN_ACLK
    DestObject              : u_sram_wrfifo_cg/u_dont_touch_preicg/ECK
    RdcDestResets
      DestResetInfo
        ResetName           : 'no-reset'
    DestClockInfoList
      DestClockInfo
        ClockName           : CLK_PRCM_ACLK
        ClockObject         : ACLK
        ClockDomainId       : 1
    SrcObjectType           : library-cell
    DestObjectType          : clock-gating-cell
    AllSrcResets
      SrcResetInfo
        ResetName           : RESETN_ACLK
        ResetObject         : RESETN_ACLK
    DestSyncResetInfoList
      DestResetInfo
        ResetName           : 'no-reset'
    SrcClockInfoList
      SrcClockInfo
        ClockName           : CLK_PRCM_ACLK
        ClockObject         : ACLK
        ClockDomainId       : 1
    ContainerInstance       : BOS_AESDMA
    Module                  : BOS_AESDMA
    Compression
      Type                  : RDC_RST_DEST_RST_CLK
      Master                : RDC:114

    -----------------------------------------------------------------------------
    Tag                     : RDC_CLOCK_CORRUPT_OBSERVED
    Description             : Asynchronous reset assertion at [SrcObject] due to reset [RdcSourceResets] happening in clock network is observed at [DestObject] (reset [RdcDestResets], clock [DestClockInfoList])
    Violation               : RDC:96
    ReasonInfoList
      ReasonInfo
        ReasonCode          : NO_BLOCKING_METHOD
        ReasonCodeMsg       : [ERROR] No valid blocking scheme found
    SrcObject               : u_enerr_ecc_e1_sram_wrfifo/sync_inst[0].genblk1.genblk1.u_dont_touch_sync_dff2/Q
    RdcSourceResets
      ResetName             : RESETN_ACLK
    DestObject              : u_sram_wrfifo_cg/u_dont_touch_preicg/ECK
    RdcDestResets
      DestResetInfo
        ResetName           : 'no-reset'
    DestClockInfoList
      DestClockInfo
        ClockName           : CLK_PRCM_ACLK
        ClockObject         : ACLK
        ClockDomainId       : 1
    SrcObjectType           : library-cell
    DestObjectType          : clock-gating-cell
    AllSrcResets
      SrcResetInfo
        ResetName           : RESETN_ACLK
        ResetObject         : RESETN_ACLK
    DestSyncResetInfoList
      DestResetInfo
        ResetName           : 'no-reset'
    SrcClockInfoList
      SrcClockInfo
        ClockName           : CLK_PRCM_ACLK
        ClockObject         : ACLK
        ClockDomainId       : 1
    ContainerInstance       : BOS_AESDMA
    Module                  : BOS_AESDMA
    Compression
      Type                  : RDC_RST_DEST_RST_CLK
      Master                : RDC:114

    -----------------------------------------------------------------------------
    Tag                     : RDC_CLOCK_CORRUPT_OBSERVED
    Description             : Asynchronous reset assertion at [SrcObject] due to reset [RdcSourceResets] happening in clock network is observed at [DestObject] (reset [RdcDestResets], clock [DestClockInfoList])
    Violation               : RDC:97
    ReasonInfoList
      ReasonInfo
        ReasonCode          : NO_BLOCKING_METHOD
        ReasonCodeMsg       : [ERROR] No valid blocking scheme found
    SrcObject               : u_AESDMA_TOP/u_aesdma_top/u_AESDMA_AXI_FIFO/u_RCH_SYNC_FIFO/w_ex_cnt/Q
    RdcSourceResets
      ResetName             : RESETN_ACLK
    DestObject              : u_sram_rob_cg/u_dont_touch_preicg/ECK
    RdcDestResets
      DestResetInfo
        ResetName           : 'no-reset'
    DestClockInfoList
      DestClockInfo
        ClockName           : CLK_PRCM_ACLK
        ClockObject         : ACLK
        ClockDomainId       : 1
    SrcObjectType           : flop
    DestObjectType          : clock-gating-cell
    AllSrcResets
      SrcResetInfo
        ResetName           : RESETN_ACLK
        ResetObject         : RESETN_ACLK
    DestSyncResetInfoList
      DestResetInfo
        ResetName           : 'no-reset'
    SrcClockInfoList
      SrcClockInfo
        ClockName           : CLK_PRCM_ACLK
        ClockObject         : ACLK
        ClockDomainId       : 1
    ContainerInstance       : BOS_AESDMA
    Module                  : BOS_AESDMA
    Compression
      Type                  : RDC_RST_DEST_RST_CLK
      Master                : RDC:114

    -----------------------------------------------------------------------------
    Tag                     : RDC_CLOCK_CORRUPT_OBSERVED
    Description             : Asynchronous reset assertion at [SrcObject] due to reset [RdcSourceResets] happening in clock network is observed at [DestObject] (reset [RdcDestResets], clock [DestClockInfoList])
    Violation               : RDC:98
    ReasonInfoList
      ReasonInfo
        ReasonCode          : NO_BLOCKING_METHOD
        ReasonCodeMsg       : [ERROR] No valid blocking scheme found
    SrcObject               : u_AESDMA_TOP/u_aesdma_top/u_AESDMA_AXI_FIFO/u_RCH_SYNC_FIFO/w_cnt/Q[0]
    RdcSourceResets
      ResetName             : RESETN_ACLK
    DestObject              : u_sram_rob_cg/u_dont_touch_preicg/ECK
    RdcDestResets
      DestResetInfo
        ResetName           : 'no-reset'
    DestClockInfoList
      DestClockInfo
        ClockName           : CLK_PRCM_ACLK
        ClockObject         : ACLK
        ClockDomainId       : 1
    SrcObjectType           : flop
    DestObjectType          : clock-gating-cell
    AllSrcResets
      SrcResetInfo
        ResetName           : RESETN_ACLK
        ResetObject         : RESETN_ACLK
    DestSyncResetInfoList
      DestResetInfo
        ResetName           : 'no-reset'
    SrcClockInfoList
      SrcClockInfo
        ClockName           : CLK_PRCM_ACLK
        ClockObject         : ACLK
        ClockDomainId       : 1
    ContainerInstance       : BOS_AESDMA
    Module                  : BOS_AESDMA
    Compression
      Type                  : RDC_RST_DEST_RST_CLK
      Master                : RDC:114

    -----------------------------------------------------------------------------
    Tag                     : RDC_CLOCK_CORRUPT_OBSERVED
    Description             : Asynchronous reset assertion at [SrcObject] due to reset [RdcSourceResets] happening in clock network is observed at [DestObject] (reset [RdcDestResets], clock [DestClockInfoList])
    Violation               : RDC:99
    ReasonInfoList
      ReasonInfo
        ReasonCode          : NO_BLOCKING_METHOD
        ReasonCodeMsg       : [ERROR] No valid blocking scheme found
    SrcObject               : u_AESDMA_TOP/u_aesdma_top/u_AESDMA_AXI_FIFO/u_RCH_SYNC_FIFO/r_ex_cnt/Q
    RdcSourceResets
      ResetName             : RESETN_ACLK
    DestObject              : u_sram_rob_cg/u_dont_touch_preicg/ECK
    RdcDestResets
      DestResetInfo
        ResetName           : 'no-reset'
    DestClockInfoList
      DestClockInfo
        ClockName           : CLK_PRCM_ACLK
        ClockObject         : ACLK
        ClockDomainId       : 1
    SrcObjectType           : flop
    DestObjectType          : clock-gating-cell
    AllSrcResets
      SrcResetInfo
        ResetName           : RESETN_ACLK
        ResetObject         : RESETN_ACLK
    DestSyncResetInfoList
      DestResetInfo
        ResetName           : 'no-reset'
    SrcClockInfoList
      SrcClockInfo
        ClockName           : CLK_PRCM_ACLK
        ClockObject         : ACLK
        ClockDomainId       : 1
    ContainerInstance       : BOS_AESDMA
    Module                  : BOS_AESDMA
    Compression
      Type                  : RDC_RST_DEST_RST_CLK
      Master                : RDC:114

    -----------------------------------------------------------------------------
    Tag                     : RDC_CLOCK_CORRUPT_OBSERVED
    Description             : Asynchronous reset assertion at [SrcObject] due to reset [RdcSourceResets] happening in clock network is observed at [DestObject] (reset [RdcDestResets], clock [DestClockInfoList])
    Violation               : RDC:100
    ReasonInfoList
      ReasonInfo
        ReasonCode          : NO_BLOCKING_METHOD
        ReasonCodeMsg       : [ERROR] No valid blocking scheme found
    SrcObject               : u_AESDMA_TOP/u_aesdma_top/u_AESDMA_RDCORE/u_AESDMA_REORDER_BUF/rd_table[31].table_entry_valid
    RdcSourceResets
      ResetName             : RESETN_ACLK
    DestObject              : u_sram_rob_cg/u_dont_touch_preicg/ECK
    RdcDestResets
      DestResetInfo
        ResetName           : 'no-reset'
    DestClockInfoList
      DestClockInfo
        ClockName           : CLK_PRCM_ACLK
        ClockObject         : ACLK
        ClockDomainId       : 1
    SrcObjectType           : flop
    DestObjectType          : clock-gating-cell
    AllSrcResets
      SrcResetInfo
        ResetName           : RESETN_ACLK
        ResetObject         : RESETN_ACLK
    DestSyncResetInfoList
      DestResetInfo
        ResetName           : 'no-reset'
    SrcClockInfoList
      SrcClockInfo
        ClockName           : CLK_PRCM_ACLK
        ClockObject         : ACLK
        ClockDomainId       : 1
    ContainerInstance       : BOS_AESDMA
    Module                  : BOS_AESDMA
    Compression
      Type                  : RDC_RST_DEST_RST_CLK
      Master                : RDC:114

    -----------------------------------------------------------------------------
    Tag                     : RDC_CLOCK_CORRUPT_OBSERVED
    Description             : Asynchronous reset assertion at [SrcObject] due to reset [RdcSourceResets] happening in clock network is observed at [DestObject] (reset [RdcDestResets], clock [DestClockInfoList])
    Violation               : RDC:101
    ReasonInfoList
      ReasonInfo
        ReasonCode          : NO_BLOCKING_METHOD
        ReasonCodeMsg       : [ERROR] No valid blocking scheme found
    SrcObject               : u_AESDMA_TOP/u_aesdma_top/u_AESDMA_AXI_FIFO/u_RCH_SYNC_FIFO/r_cnt/Q[0]
    RdcSourceResets
      ResetName             : RESETN_ACLK
    DestObject              : u_sram_rob_cg/u_dont_touch_preicg/ECK
    RdcDestResets
      DestResetInfo
        ResetName           : 'no-reset'
    DestClockInfoList
      DestClockInfo
        ClockName           : CLK_PRCM_ACLK
        ClockObject         : ACLK
        ClockDomainId       : 1
    SrcObjectType           : flop
    DestObjectType          : clock-gating-cell
    AllSrcResets
      SrcResetInfo
        ResetName           : RESETN_ACLK
        ResetObject         : RESETN_ACLK
    DestSyncResetInfoList
      DestResetInfo
        ResetName           : 'no-reset'
    SrcClockInfoList
      SrcClockInfo
        ClockName           : CLK_PRCM_ACLK
        ClockObject         : ACLK
        ClockDomainId       : 1
    ContainerInstance       : BOS_AESDMA
    Module                  : BOS_AESDMA
    Compression
      Type                  : RDC_RST_DEST_RST_CLK
      Master                : RDC:114

    -----------------------------------------------------------------------------
    Tag                     : RDC_CLOCK_CORRUPT_OBSERVED
    Description             : Asynchronous reset assertion at [SrcObject] due to reset [RdcSourceResets] happening in clock network is observed at [DestObject] (reset [RdcDestResets], clock [DestClockInfoList])
    Violation               : RDC:102
    ReasonInfoList
      ReasonInfo
        ReasonCode          : NO_BLOCKING_METHOD
        ReasonCodeMsg       : [ERROR] No valid blocking scheme found
    SrcObject               : u_AESDMA_TOP/u_aesdma_top/u_AESDMA_RDCORE/u_AESDMA_REORDER_BUF/rd_table[30].table_entry_valid
    RdcSourceResets
      ResetName             : RESETN_ACLK
    DestObject              : u_sram_rob_cg/u_dont_touch_preicg/ECK
    RdcDestResets
      DestResetInfo
        ResetName           : 'no-reset'
    DestClockInfoList
      DestClockInfo
        ClockName           : CLK_PRCM_ACLK
        ClockObject         : ACLK
        ClockDomainId       : 1
    SrcObjectType           : flop
    DestObjectType          : clock-gating-cell
    AllSrcResets
      SrcResetInfo
        ResetName           : RESETN_ACLK
        ResetObject         : RESETN_ACLK
    DestSyncResetInfoList
      DestResetInfo
        ResetName           : 'no-reset'
    SrcClockInfoList
      SrcClockInfo
        ClockName           : CLK_PRCM_ACLK
        ClockObject         : ACLK
        ClockDomainId       : 1
    ContainerInstance       : BOS_AESDMA
    Module                  : BOS_AESDMA
    Compression
      Type                  : RDC_RST_DEST_RST_CLK
      Master                : RDC:114

    -----------------------------------------------------------------------------
    Tag                     : RDC_CLOCK_CORRUPT_OBSERVED
    Description             : Asynchronous reset assertion at [SrcObject] due to reset [RdcSourceResets] happening in clock network is observed at [DestObject] (reset [RdcDestResets], clock [DestClockInfoList])
    Violation               : RDC:103
    ReasonInfoList
      ReasonInfo
        ReasonCode          : NO_BLOCKING_METHOD
        ReasonCodeMsg       : [ERROR] No valid blocking scheme found
    SrcObject               : u_AESDMA_TOP/u_aesdma_top/u_AESDMA_RDCORE/u_AESDMA_REORDER_BUF/rd_table[29].id[4:0]
    RdcSourceResets
      ResetName             : RESETN_ACLK
    DestObject              : u_sram_rob_cg/u_dont_touch_preicg/ECK
    RdcDestResets
      DestResetInfo
        ResetName           : 'no-reset'
    DestClockInfoList
      DestClockInfo
        ClockName           : CLK_PRCM_ACLK
        ClockObject         : ACLK
        ClockDomainId       : 1
    SrcObjectType           : flop
    DestObjectType          : clock-gating-cell
    AllSrcResets
      SrcResetInfo
        ResetName           : RESETN_ACLK
        ResetObject         : RESETN_ACLK
    DestSyncResetInfoList
      DestResetInfo
        ResetName           : 'no-reset'
    SrcClockInfoList
      SrcClockInfo
        ClockName           : CLK_PRCM_ACLK
        ClockObject         : ACLK
        ClockDomainId       : 1
    ContainerInstance       : BOS_AESDMA
    Module                  : BOS_AESDMA
    Compression
      Type                  : RDC_RST_DEST_RST_CLK
      Master                : RDC:114

    -----------------------------------------------------------------------------
    Tag                     : RDC_CLOCK_CORRUPT_OBSERVED
    Description             : Asynchronous reset assertion at [SrcObject] due to reset [RdcSourceResets] happening in clock network is observed at [DestObject] (reset [RdcDestResets], clock [DestClockInfoList])
    Violation               : RDC:104
    ReasonInfoList
      ReasonInfo
        ReasonCode          : NO_BLOCKING_METHOD
        ReasonCodeMsg       : [ERROR] No valid blocking scheme found
    SrcObject               : u_AESDMA_TOP/u_aesdma_top/u_AESDMA_RDCORE/u_AESDMA_REORDER_BUF/rd_table[28].id[4:0]
    RdcSourceResets
      ResetName             : RESETN_ACLK
    DestObject              : u_sram_rob_cg/u_dont_touch_preicg/ECK
    RdcDestResets
      DestResetInfo
        ResetName           : 'no-reset'
    DestClockInfoList
      DestClockInfo
        ClockName           : CLK_PRCM_ACLK
        ClockObject         : ACLK
        ClockDomainId       : 1
    SrcObjectType           : flop
    DestObjectType          : clock-gating-cell
    AllSrcResets
      SrcResetInfo
        ResetName           : RESETN_ACLK
        ResetObject         : RESETN_ACLK
    DestSyncResetInfoList
      DestResetInfo
        ResetName           : 'no-reset'
    SrcClockInfoList
      SrcClockInfo
        ClockName           : CLK_PRCM_ACLK
        ClockObject         : ACLK
        ClockDomainId       : 1
    ContainerInstance       : BOS_AESDMA
    Module                  : BOS_AESDMA
    Compression
      Type                  : RDC_RST_DEST_RST_CLK
      Master                : RDC:114

    -----------------------------------------------------------------------------
    Tag                     : RDC_CLOCK_CORRUPT_OBSERVED
    Description             : Asynchronous reset assertion at [SrcObject] due to reset [RdcSourceResets] happening in clock network is observed at [DestObject] (reset [RdcDestResets], clock [DestClockInfoList])
    Violation               : RDC:105
    ReasonInfoList
      ReasonInfo
        ReasonCode          : NO_BLOCKING_METHOD
        ReasonCodeMsg       : [ERROR] No valid blocking scheme found
    SrcObject               : u_AESDMA_TOP/u_aesdma_top/u_AESDMA_RDCORE/u_AESDMA_REORDER_BUF/rd_table[27].id[4:0]
    RdcSourceResets
      ResetName             : RESETN_ACLK
    DestObject              : u_sram_rob_cg/u_dont_touch_preicg/ECK
    RdcDestResets
      DestResetInfo
        ResetName           : 'no-reset'
    DestClockInfoList
      DestClockInfo
        ClockName           : CLK_PRCM_ACLK
        ClockObject         : ACLK
        ClockDomainId       : 1
    SrcObjectType           : flop
    DestObjectType          : clock-gating-cell
    AllSrcResets
      SrcResetInfo
        ResetName           : RESETN_ACLK
        ResetObject         : RESETN_ACLK
    DestSyncResetInfoList
      DestResetInfo
        ResetName           : 'no-reset'
    SrcClockInfoList
      SrcClockInfo
        ClockName           : CLK_PRCM_ACLK
        ClockObject         : ACLK
        ClockDomainId       : 1
    ContainerInstance       : BOS_AESDMA
    Module                  : BOS_AESDMA
    Compression
      Type                  : RDC_RST_DEST_RST_CLK
      Master                : RDC:114

    -----------------------------------------------------------------------------
    Tag                     : RDC_CLOCK_CORRUPT_OBSERVED
    Description             : Asynchronous reset assertion at [SrcObject] due to reset [RdcSourceResets] happening in clock network is observed at [DestObject] (reset [RdcDestResets], clock [DestClockInfoList])
    Violation               : RDC:106
    ReasonInfoList
      ReasonInfo
        ReasonCode          : NO_BLOCKING_METHOD
        ReasonCodeMsg       : [ERROR] No valid blocking scheme found
    SrcObject               : u_AESDMA_TOP/u_aesdma_top/u_AESDMA_RDCORE/u_AESDMA_REORDER_BUF/rd_table[27].table_entry_valid
    RdcSourceResets
      ResetName             : RESETN_ACLK
    DestObject              : u_sram_rob_cg/u_dont_touch_preicg/ECK
    RdcDestResets
      DestResetInfo
        ResetName           : 'no-reset'
    DestClockInfoList
      DestClockInfo
        ClockName           : CLK_PRCM_ACLK
        ClockObject         : ACLK
        ClockDomainId       : 1
    SrcObjectType           : flop
    DestObjectType          : clock-gating-cell
    AllSrcResets
      SrcResetInfo
        ResetName           : RESETN_ACLK
        ResetObject         : RESETN_ACLK
    DestSyncResetInfoList
      DestResetInfo
        ResetName           : 'no-reset'
    SrcClockInfoList
      SrcClockInfo
        ClockName           : CLK_PRCM_ACLK
        ClockObject         : ACLK
        ClockDomainId       : 1
    ContainerInstance       : BOS_AESDMA
    Module                  : BOS_AESDMA
    Compression
      Type                  : RDC_RST_DEST_RST_CLK
      Master                : RDC:114

    -----------------------------------------------------------------------------
    Tag                     : RDC_CLOCK_CORRUPT_OBSERVED
    Description             : Asynchronous reset assertion at [SrcObject] due to reset [RdcSourceResets] happening in clock network is observed at [DestObject] (reset [RdcDestResets], clock [DestClockInfoList])
    Violation               : RDC:107
    ReasonInfoList
      ReasonInfo
        ReasonCode          : NO_BLOCKING_METHOD
        ReasonCodeMsg       : [ERROR] No valid blocking scheme found
    SrcObject               : u_AESDMA_TOP/u_aesdma_top/u_AESDMA_RDCORE/u_AESDMA_REORDER_BUF/rd_table[26].id[4:0]
    RdcSourceResets
      ResetName             : RESETN_ACLK
    DestObject              : u_sram_rob_cg/u_dont_touch_preicg/ECK
    RdcDestResets
      DestResetInfo
        ResetName           : 'no-reset'
    DestClockInfoList
      DestClockInfo
        ClockName           : CLK_PRCM_ACLK
        ClockObject         : ACLK
        ClockDomainId       : 1
    SrcObjectType           : flop
    DestObjectType          : clock-gating-cell
    AllSrcResets
      SrcResetInfo
        ResetName           : RESETN_ACLK
        ResetObject         : RESETN_ACLK
    DestSyncResetInfoList
      DestResetInfo
        ResetName           : 'no-reset'
    SrcClockInfoList
      SrcClockInfo
        ClockName           : CLK_PRCM_ACLK
        ClockObject         : ACLK
        ClockDomainId       : 1
    ContainerInstance       : BOS_AESDMA
    Module                  : BOS_AESDMA
    Compression
      Type                  : RDC_RST_DEST_RST_CLK
      Master                : RDC:114

    -----------------------------------------------------------------------------
    Tag                     : RDC_CLOCK_CORRUPT_OBSERVED
    Description             : Asynchronous reset assertion at [SrcObject] due to reset [RdcSourceResets] happening in clock network is observed at [DestObject] (reset [RdcDestResets], clock [DestClockInfoList])
    Violation               : RDC:108
    ReasonInfoList
      ReasonInfo
        ReasonCode          : NO_BLOCKING_METHOD
        ReasonCodeMsg       : [ERROR] No valid blocking scheme found
    SrcObject               : u_AESDMA_TOP/u_aesdma_top/u_AESDMA_RDCORE/u_AESDMA_REORDER_BUF/rd_table[26].table_entry_valid
    RdcSourceResets
      ResetName             : RESETN_ACLK
    DestObject              : u_sram_rob_cg/u_dont_touch_preicg/ECK
    RdcDestResets
      DestResetInfo
        ResetName           : 'no-reset'
    DestClockInfoList
      DestClockInfo
        ClockName           : CLK_PRCM_ACLK
        ClockObject         : ACLK
        ClockDomainId       : 1
    SrcObjectType           : flop
    DestObjectType          : clock-gating-cell
    AllSrcResets
      SrcResetInfo
        ResetName           : RESETN_ACLK
        ResetObject         : RESETN_ACLK
    DestSyncResetInfoList
      DestResetInfo
        ResetName           : 'no-reset'
    SrcClockInfoList
      SrcClockInfo
        ClockName           : CLK_PRCM_ACLK
        ClockObject         : ACLK
        ClockDomainId       : 1
    ContainerInstance       : BOS_AESDMA
    Module                  : BOS_AESDMA
    Compression
      Type                  : RDC_RST_DEST_RST_CLK
      Master                : RDC:114

    -----------------------------------------------------------------------------
    Tag                     : RDC_CLOCK_CORRUPT_OBSERVED
    Description             : Asynchronous reset assertion at [SrcObject] due to reset [RdcSourceResets] happening in clock network is observed at [DestObject] (reset [RdcDestResets], clock [DestClockInfoList])
    Violation               : RDC:109
    ReasonInfoList
      ReasonInfo
        ReasonCode          : NO_BLOCKING_METHOD
        ReasonCodeMsg       : [ERROR] No valid blocking scheme found
    SrcObject               : u_AESDMA_TOP/u_aesdma_top/u_AESDMA_RDCORE/u_AESDMA_REORDER_BUF/rd_table[23].table_entry_valid
    RdcSourceResets
      ResetName             : RESETN_ACLK
    DestObject              : u_sram_rob_cg/u_dont_touch_preicg/ECK
    RdcDestResets
      DestResetInfo
        ResetName           : 'no-reset'
    DestClockInfoList
      DestClockInfo
        ClockName           : CLK_PRCM_ACLK
        ClockObject         : ACLK
        ClockDomainId       : 1
    SrcObjectType           : flop
    DestObjectType          : clock-gating-cell
    AllSrcResets
      SrcResetInfo
        ResetName           : RESETN_ACLK
        ResetObject         : RESETN_ACLK
    DestSyncResetInfoList
      DestResetInfo
        ResetName           : 'no-reset'
    SrcClockInfoList
      SrcClockInfo
        ClockName           : CLK_PRCM_ACLK
        ClockObject         : ACLK
        ClockDomainId       : 1
    ContainerInstance       : BOS_AESDMA
    Module                  : BOS_AESDMA
    Compression
      Type                  : RDC_RST_DEST_RST_CLK
      Master                : RDC:114

    -----------------------------------------------------------------------------
    Tag                     : RDC_CLOCK_CORRUPT_OBSERVED
    Description             : Asynchronous reset assertion at [SrcObject] due to reset [RdcSourceResets] happening in clock network is observed at [DestObject] (reset [RdcDestResets], clock [DestClockInfoList])
    Violation               : RDC:110
    ReasonInfoList
      ReasonInfo
        ReasonCode          : NO_BLOCKING_METHOD
        ReasonCodeMsg       : [ERROR] No valid blocking scheme found
    SrcObject               : u_AESDMA_TOP/u_aesdma_top/u_AESDMA_RDCORE/u_AESDMA_REORDER_BUF/rd_table[22].id[4:0]
    RdcSourceResets
      ResetName             : RESETN_ACLK
    DestObject              : u_sram_rob_cg/u_dont_touch_preicg/ECK
    RdcDestResets
      DestResetInfo
        ResetName           : 'no-reset'
    DestClockInfoList
      DestClockInfo
        ClockName           : CLK_PRCM_ACLK
        ClockObject         : ACLK
        ClockDomainId       : 1
    SrcObjectType           : flop
    DestObjectType          : clock-gating-cell
    AllSrcResets
      SrcResetInfo
        ResetName           : RESETN_ACLK
        ResetObject         : RESETN_ACLK
    DestSyncResetInfoList
      DestResetInfo
        ResetName           : 'no-reset'
    SrcClockInfoList
      SrcClockInfo
        ClockName           : CLK_PRCM_ACLK
        ClockObject         : ACLK
        ClockDomainId       : 1
    ContainerInstance       : BOS_AESDMA
    Module                  : BOS_AESDMA
    Compression
      Type                  : RDC_RST_DEST_RST_CLK
      Master                : RDC:114

    -----------------------------------------------------------------------------
    Tag                     : RDC_CLOCK_CORRUPT_OBSERVED
    Description             : Asynchronous reset assertion at [SrcObject] due to reset [RdcSourceResets] happening in clock network is observed at [DestObject] (reset [RdcDestResets], clock [DestClockInfoList])
    Violation               : RDC:111
    ReasonInfoList
      ReasonInfo
        ReasonCode          : NO_BLOCKING_METHOD
        ReasonCodeMsg       : [ERROR] No valid blocking scheme found
    SrcObject               : u_AESDMA_TOP/u_aesdma_top/u_AESDMA_RDCORE/u_AESDMA_REORDER_BUF/rd_table[22].table_entry_valid
    RdcSourceResets
      ResetName             : RESETN_ACLK
    DestObject              : u_sram_rob_cg/u_dont_touch_preicg/ECK
    RdcDestResets
      DestResetInfo
        ResetName           : 'no-reset'
    DestClockInfoList
      DestClockInfo
        ClockName           : CLK_PRCM_ACLK
        ClockObject         : ACLK
        ClockDomainId       : 1
    SrcObjectType           : flop
    DestObjectType          : clock-gating-cell
    AllSrcResets
      SrcResetInfo
        ResetName           : RESETN_ACLK
        ResetObject         : RESETN_ACLK
    DestSyncResetInfoList
      DestResetInfo
        ResetName           : 'no-reset'
    SrcClockInfoList
      SrcClockInfo
        ClockName           : CLK_PRCM_ACLK
        ClockObject         : ACLK
        ClockDomainId       : 1
    ContainerInstance       : BOS_AESDMA
    Module                  : BOS_AESDMA
    Compression
      Type                  : RDC_RST_DEST_RST_CLK
      Master                : RDC:114

    -----------------------------------------------------------------------------
    Tag                     : RDC_CLOCK_CORRUPT_OBSERVED
    Description             : Asynchronous reset assertion at [SrcObject] due to reset [RdcSourceResets] happening in clock network is observed at [DestObject] (reset [RdcDestResets], clock [DestClockInfoList])
    Violation               : RDC:112
    ReasonInfoList
      ReasonInfo
        ReasonCode          : NO_BLOCKING_METHOD
        ReasonCodeMsg       : [ERROR] No valid blocking scheme found
    SrcObject               : u_AESDMA_TOP/u_aesdma_top/u_AESDMA_RDCORE/u_AESDMA_REORDER_BUF/rd_table[21].table_entry_valid
    RdcSourceResets
      ResetName             : RESETN_ACLK
    DestObject              : u_sram_rob_cg/u_dont_touch_preicg/ECK
    RdcDestResets
      DestResetInfo
        ResetName           : 'no-reset'
    DestClockInfoList
      DestClockInfo
        ClockName           : CLK_PRCM_ACLK
        ClockObject         : ACLK
        ClockDomainId       : 1
    SrcObjectType           : flop
    DestObjectType          : clock-gating-cell
    AllSrcResets
      SrcResetInfo
        ResetName           : RESETN_ACLK
        ResetObject         : RESETN_ACLK
    DestSyncResetInfoList
      DestResetInfo
        ResetName           : 'no-reset'
    SrcClockInfoList
      SrcClockInfo
        ClockName           : CLK_PRCM_ACLK
        ClockObject         : ACLK
        ClockDomainId       : 1
    ContainerInstance       : BOS_AESDMA
    Module                  : BOS_AESDMA
    Compression
      Type                  : RDC_RST_DEST_RST_CLK
      Master                : RDC:114

    -----------------------------------------------------------------------------
    Tag                     : RDC_CLOCK_CORRUPT_OBSERVED
    Description             : Asynchronous reset assertion at [SrcObject] due to reset [RdcSourceResets] happening in clock network is observed at [DestObject] (reset [RdcDestResets], clock [DestClockInfoList])
    Violation               : RDC:113
    ReasonInfoList
      ReasonInfo
        ReasonCode          : NO_BLOCKING_METHOD
        ReasonCodeMsg       : [ERROR] No valid blocking scheme found
    SrcObject               : u_AESDMA_TOP/u_aesdma_top/u_AESDMA_RDCORE/u_AESDMA_REORDER_BUF/rd_table[19].table_entry_valid
    RdcSourceResets
      ResetName             : RESETN_ACLK
    DestObject              : u_sram_rob_cg/u_dont_touch_preicg/ECK
    RdcDestResets
      DestResetInfo
        ResetName           : 'no-reset'
    DestClockInfoList
      DestClockInfo
        ClockName           : CLK_PRCM_ACLK
        ClockObject         : ACLK
        ClockDomainId       : 1
    SrcObjectType           : flop
    DestObjectType          : clock-gating-cell
    AllSrcResets
      SrcResetInfo
        ResetName           : RESETN_ACLK
        ResetObject         : RESETN_ACLK
    DestSyncResetInfoList
      DestResetInfo
        ResetName           : 'no-reset'
    SrcClockInfoList
      SrcClockInfo
        ClockName           : CLK_PRCM_ACLK
        ClockObject         : ACLK
        ClockDomainId       : 1
    ContainerInstance       : BOS_AESDMA
    Module                  : BOS_AESDMA
    Compression
      Type                  : RDC_RST_DEST_RST_CLK
      Master                : RDC:114

    -----------------------------------------------------------------------------
    Tag                     : RDC_CLOCK_CORRUPT_OBSERVED
    Description             : Asynchronous reset assertion at [SrcObject] due to reset [RdcSourceResets] happening in clock network is observed at [DestObject] (reset [RdcDestResets], clock [DestClockInfoList])
    Violation               : RDC:115
    ReasonInfoList
      ReasonInfo
        ReasonCode          : NO_BLOCKING_METHOD
        ReasonCodeMsg       : [ERROR] No valid blocking scheme found
    SrcObject               : u_AESDMA_TOP/u_aesdma_top/u_AESDMA_RDCORE/u_AESDMA_REORDER_BUF/rd_table[18].table_entry_valid
    RdcSourceResets
      ResetName             : RESETN_ACLK
    DestObject              : u_sram_rob_cg/u_dont_touch_preicg/ECK
    RdcDestResets
      DestResetInfo
        ResetName           : 'no-reset'
    DestClockInfoList
      DestClockInfo
        ClockName           : CLK_PRCM_ACLK
        ClockObject         : ACLK
        ClockDomainId       : 1
    SrcObjectType           : flop
    DestObjectType          : clock-gating-cell
    AllSrcResets
      SrcResetInfo
        ResetName           : RESETN_ACLK
        ResetObject         : RESETN_ACLK
    DestSyncResetInfoList
      DestResetInfo
        ResetName           : 'no-reset'
    SrcClockInfoList
      SrcClockInfo
        ClockName           : CLK_PRCM_ACLK
        ClockObject         : ACLK
        ClockDomainId       : 1
    ContainerInstance       : BOS_AESDMA
    Module                  : BOS_AESDMA
    Compression
      Type                  : RDC_RST_DEST_RST_CLK
      Master                : RDC:114

    -----------------------------------------------------------------------------
    Tag                     : RDC_CLOCK_CORRUPT_OBSERVED
    Description             : Asynchronous reset assertion at [SrcObject] due to reset [RdcSourceResets] happening in clock network is observed at [DestObject] (reset [RdcDestResets], clock [DestClockInfoList])
    Violation               : RDC:116
    ReasonInfoList
      ReasonInfo
        ReasonCode          : NO_BLOCKING_METHOD
        ReasonCodeMsg       : [ERROR] No valid blocking scheme found
    SrcObject               : u_AESDMA_TOP/u_aesdma_top/u_AESDMA_RDCORE/u_AESDMA_REORDER_BUF/rd_table[23].id[4:0]
    RdcSourceResets
      ResetName             : RESETN_ACLK
    DestObject              : u_sram_rob_cg/u_dont_touch_preicg/ECK
    RdcDestResets
      DestResetInfo
        ResetName           : 'no-reset'
    DestClockInfoList
      DestClockInfo
        ClockName           : CLK_PRCM_ACLK
        ClockObject         : ACLK
        ClockDomainId       : 1
    SrcObjectType           : flop
    DestObjectType          : clock-gating-cell
    AllSrcResets
      SrcResetInfo
        ResetName           : RESETN_ACLK
        ResetObject         : RESETN_ACLK
    DestSyncResetInfoList
      DestResetInfo
        ResetName           : 'no-reset'
    SrcClockInfoList
      SrcClockInfo
        ClockName           : CLK_PRCM_ACLK
        ClockObject         : ACLK
        ClockDomainId       : 1
    ContainerInstance       : BOS_AESDMA
    Module                  : BOS_AESDMA
    Compression
      Type                  : RDC_RST_DEST_RST_CLK
      Master                : RDC:114

    -----------------------------------------------------------------------------
    Tag                     : RDC_CLOCK_CORRUPT_OBSERVED
    Description             : Asynchronous reset assertion at [SrcObject] due to reset [RdcSourceResets] happening in clock network is observed at [DestObject] (reset [RdcDestResets], clock [DestClockInfoList])
    Violation               : RDC:117
    ReasonInfoList
      ReasonInfo
        ReasonCode          : NO_BLOCKING_METHOD
        ReasonCodeMsg       : [ERROR] No valid blocking scheme found
    SrcObject               : u_AESDMA_TOP/u_aesdma_top/u_AESDMA_RDCORE/u_AESDMA_REORDER_BUF/u_REGFIFO/r_ex_cnt/Q
    RdcSourceResets
      ResetName             : RESETN_ACLK
    DestObject              : u_sram_rob_cg/u_dont_touch_preicg/ECK
    RdcDestResets
      DestResetInfo
        ResetName           : 'no-reset'
    DestClockInfoList
      DestClockInfo
        ClockName           : CLK_PRCM_ACLK
        ClockObject         : ACLK
        ClockDomainId       : 1
    SrcObjectType           : flop
    DestObjectType          : clock-gating-cell
    AllSrcResets
      SrcResetInfo
        ResetName           : RESETN_ACLK
        ResetObject         : RESETN_ACLK
    DestSyncResetInfoList
      DestResetInfo
        ResetName           : 'no-reset'
    SrcClockInfoList
      SrcClockInfo
        ClockName           : CLK_PRCM_ACLK
        ClockObject         : ACLK
        ClockDomainId       : 1
    ContainerInstance       : BOS_AESDMA
    Module                  : BOS_AESDMA
    Compression
      Type                  : RDC_RST_DEST_RST_CLK
      Master                : RDC:114

    -----------------------------------------------------------------------------
    Tag                     : RDC_CLOCK_CORRUPT_OBSERVED
    Description             : Asynchronous reset assertion at [SrcObject] due to reset [RdcSourceResets] happening in clock network is observed at [DestObject] (reset [RdcDestResets], clock [DestClockInfoList])
    Violation               : RDC:118
    ReasonInfoList
      ReasonInfo
        ReasonCode          : NO_BLOCKING_METHOD
        ReasonCodeMsg       : [ERROR] No valid blocking scheme found
    SrcObject               : u_AESDMA_TOP/u_aesdma_top/u_AESDMA_RDCORE/u_AESDMA_REORDER_BUF/rd_table[17].table_entry_valid
    RdcSourceResets
      ResetName             : RESETN_ACLK
    DestObject              : u_sram_rob_cg/u_dont_touch_preicg/ECK
    RdcDestResets
      DestResetInfo
        ResetName           : 'no-reset'
    DestClockInfoList
      DestClockInfo
        ClockName           : CLK_PRCM_ACLK
        ClockObject         : ACLK
        ClockDomainId       : 1
    SrcObjectType           : flop
    DestObjectType          : clock-gating-cell
    AllSrcResets
      SrcResetInfo
        ResetName           : RESETN_ACLK
        ResetObject         : RESETN_ACLK
    DestSyncResetInfoList
      DestResetInfo
        ResetName           : 'no-reset'
    SrcClockInfoList
      SrcClockInfo
        ClockName           : CLK_PRCM_ACLK
        ClockObject         : ACLK
        ClockDomainId       : 1
    ContainerInstance       : BOS_AESDMA
    Module                  : BOS_AESDMA
    Compression
      Type                  : RDC_RST_DEST_RST_CLK
      Master                : RDC:114

    -----------------------------------------------------------------------------
    Tag                     : RDC_CLOCK_CORRUPT_OBSERVED
    Description             : Asynchronous reset assertion at [SrcObject] due to reset [RdcSourceResets] happening in clock network is observed at [DestObject] (reset [RdcDestResets], clock [DestClockInfoList])
    Violation               : RDC:119
    ReasonInfoList
      ReasonInfo
        ReasonCode          : NO_BLOCKING_METHOD
        ReasonCodeMsg       : [ERROR] No valid blocking scheme found
    SrcObject               : u_AESDMA_TOP/u_aesdma_top/u_AESDMA_RDCORE/u_AESDMA_REORDER_BUF/rd_table[25].table_entry_valid
    RdcSourceResets
      ResetName             : RESETN_ACLK
    DestObject              : u_sram_rob_cg/u_dont_touch_preicg/ECK
    RdcDestResets
      DestResetInfo
        ResetName           : 'no-reset'
    DestClockInfoList
      DestClockInfo
        ClockName           : CLK_PRCM_ACLK
        ClockObject         : ACLK
        ClockDomainId       : 1
    SrcObjectType           : flop
    DestObjectType          : clock-gating-cell
    AllSrcResets
      SrcResetInfo
        ResetName           : RESETN_ACLK
        ResetObject         : RESETN_ACLK
    DestSyncResetInfoList
      DestResetInfo
        ResetName           : 'no-reset'
    SrcClockInfoList
      SrcClockInfo
        ClockName           : CLK_PRCM_ACLK
        ClockObject         : ACLK
        ClockDomainId       : 1
    ContainerInstance       : BOS_AESDMA
    Module                  : BOS_AESDMA
    Compression
      Type                  : RDC_RST_DEST_RST_CLK
      Master                : RDC:114

    -----------------------------------------------------------------------------
    Tag                     : RDC_CLOCK_CORRUPT_OBSERVED
    Description             : Asynchronous reset assertion at [SrcObject] due to reset [RdcSourceResets] happening in clock network is observed at [DestObject] (reset [RdcDestResets], clock [DestClockInfoList])
    Violation               : RDC:120
    ReasonInfoList
      ReasonInfo
        ReasonCode          : NO_BLOCKING_METHOD
        ReasonCodeMsg       : [ERROR] No valid blocking scheme found
    SrcObject               : u_AESDMA_TOP/u_aesdma_top/u_AESDMA_RDCORE/u_AESDMA_REORDER_BUF/rd_table[16].id[4:0]
    RdcSourceResets
      ResetName             : RESETN_ACLK
    DestObject              : u_sram_rob_cg/u_dont_touch_preicg/ECK
    RdcDestResets
      DestResetInfo
        ResetName           : 'no-reset'
    DestClockInfoList
      DestClockInfo
        ClockName           : CLK_PRCM_ACLK
        ClockObject         : ACLK
        ClockDomainId       : 1
    SrcObjectType           : flop
    DestObjectType          : clock-gating-cell
    AllSrcResets
      SrcResetInfo
        ResetName           : RESETN_ACLK
        ResetObject         : RESETN_ACLK
    DestSyncResetInfoList
      DestResetInfo
        ResetName           : 'no-reset'
    SrcClockInfoList
      SrcClockInfo
        ClockName           : CLK_PRCM_ACLK
        ClockObject         : ACLK
        ClockDomainId       : 1
    ContainerInstance       : BOS_AESDMA
    Module                  : BOS_AESDMA
    Compression
      Type                  : RDC_RST_DEST_RST_CLK
      Master                : RDC:114

    -----------------------------------------------------------------------------
    Tag                     : RDC_CLOCK_CORRUPT_OBSERVED
    Description             : Asynchronous reset assertion at [SrcObject] due to reset [RdcSourceResets] happening in clock network is observed at [DestObject] (reset [RdcDestResets], clock [DestClockInfoList])
    Violation               : RDC:121
    ReasonInfoList
      ReasonInfo
        ReasonCode          : NO_BLOCKING_METHOD
        ReasonCodeMsg       : [ERROR] No valid blocking scheme found
    SrcObject               : u_AESDMA_TOP/u_aesdma_top/u_AESDMA_RDCORE/u_AESDMA_REORDER_BUF/r_cen_a_d1/Q
    RdcSourceResets
      ResetName             : RESETN_ACLK
    DestObject              : u_sram_rob_cg/u_dont_touch_preicg/ECK
    RdcDestResets
      DestResetInfo
        ResetName           : 'no-reset'
    DestClockInfoList
      DestClockInfo
        ClockName           : CLK_PRCM_ACLK
        ClockObject         : ACLK
        ClockDomainId       : 1
    SrcObjectType           : flop
    DestObjectType          : clock-gating-cell
    AllSrcResets
      SrcResetInfo
        ResetName           : RESETN_ACLK
        ResetObject         : RESETN_ACLK
    DestSyncResetInfoList
      DestResetInfo
        ResetName           : 'no-reset'
    SrcClockInfoList
      SrcClockInfo
        ClockName           : CLK_PRCM_ACLK
        ClockObject         : ACLK
        ClockDomainId       : 1
    ContainerInstance       : BOS_AESDMA
    Module                  : BOS_AESDMA
    Compression
      Type                  : RDC_RST_DEST_RST_CLK
      Master                : RDC:114

    -----------------------------------------------------------------------------
    Tag                     : RDC_CLOCK_CORRUPT_OBSERVED
    Description             : Asynchronous reset assertion at [SrcObject] due to reset [RdcSourceResets] happening in clock network is observed at [DestObject] (reset [RdcDestResets], clock [DestClockInfoList])
    Violation               : RDC:122
    ReasonInfoList
      ReasonInfo
        ReasonCode          : NO_BLOCKING_METHOD
        ReasonCodeMsg       : [ERROR] No valid blocking scheme found
    SrcObject               : u_AESDMA_TOP/u_aesdma_top/u_AESDMA_RDCORE/u_AESDMA_REORDER_BUF/rd_table[16].table_entry_valid
    RdcSourceResets
      ResetName             : RESETN_ACLK
    DestObject              : u_sram_rob_cg/u_dont_touch_preicg/ECK
    RdcDestResets
      DestResetInfo
        ResetName           : 'no-reset'
    DestClockInfoList
      DestClockInfo
        ClockName           : CLK_PRCM_ACLK
        ClockObject         : ACLK
        ClockDomainId       : 1
    SrcObjectType           : flop
    DestObjectType          : clock-gating-cell
    AllSrcResets
      SrcResetInfo
        ResetName           : RESETN_ACLK
        ResetObject         : RESETN_ACLK
    DestSyncResetInfoList
      DestResetInfo
        ResetName           : 'no-reset'
    SrcClockInfoList
      SrcClockInfo
        ClockName           : CLK_PRCM_ACLK
        ClockObject         : ACLK
        ClockDomainId       : 1
    ContainerInstance       : BOS_AESDMA
    Module                  : BOS_AESDMA
    Compression
      Type                  : RDC_RST_DEST_RST_CLK
      Master                : RDC:114

    -----------------------------------------------------------------------------
    Tag                     : RDC_CLOCK_CORRUPT_OBSERVED
    Description             : Asynchronous reset assertion at [SrcObject] due to reset [RdcSourceResets] happening in clock network is observed at [DestObject] (reset [RdcDestResets], clock [DestClockInfoList])
    Violation               : RDC:123
    ReasonInfoList
      ReasonInfo
        ReasonCode          : NO_BLOCKING_METHOD
        ReasonCodeMsg       : [ERROR] No valid blocking scheme found
    SrcObject               : u_AESDMA_TOP/u_aesdma_top/u_AESDMA_RDCORE/u_AESDMA_REORDER_BUF/rd_table[15].table_entry_valid
    RdcSourceResets
      ResetName             : RESETN_ACLK
    DestObject              : u_sram_rob_cg/u_dont_touch_preicg/ECK
    RdcDestResets
      DestResetInfo
        ResetName           : 'no-reset'
    DestClockInfoList
      DestClockInfo
        ClockName           : CLK_PRCM_ACLK
        ClockObject         : ACLK
        ClockDomainId       : 1
    SrcObjectType           : flop
    DestObjectType          : clock-gating-cell
    AllSrcResets
      SrcResetInfo
        ResetName           : RESETN_ACLK
        ResetObject         : RESETN_ACLK
    DestSyncResetInfoList
      DestResetInfo
        ResetName           : 'no-reset'
    SrcClockInfoList
      SrcClockInfo
        ClockName           : CLK_PRCM_ACLK
        ClockObject         : ACLK
        ClockDomainId       : 1
    ContainerInstance       : BOS_AESDMA
    Module                  : BOS_AESDMA
    Compression
      Type                  : RDC_RST_DEST_RST_CLK
      Master                : RDC:114

    -----------------------------------------------------------------------------
    Tag                     : RDC_CLOCK_CORRUPT_OBSERVED
    Description             : Asynchronous reset assertion at [SrcObject] due to reset [RdcSourceResets] happening in clock network is observed at [DestObject] (reset [RdcDestResets], clock [DestClockInfoList])
    Violation               : RDC:124
    ReasonInfoList
      ReasonInfo
        ReasonCode          : NO_BLOCKING_METHOD
        ReasonCodeMsg       : [ERROR] No valid blocking scheme found
    SrcObject               : u_AESDMA_TOP/u_aesdma_top/u_AESDMA_RDCORE/u_AESDMA_REORDER_BUF/rd_table[14].id[4:0]
    RdcSourceResets
      ResetName             : RESETN_ACLK
    DestObject              : u_sram_rob_cg/u_dont_touch_preicg/ECK
    RdcDestResets
      DestResetInfo
        ResetName           : 'no-reset'
    DestClockInfoList
      DestClockInfo
        ClockName           : CLK_PRCM_ACLK
        ClockObject         : ACLK
        ClockDomainId       : 1
    SrcObjectType           : flop
    DestObjectType          : clock-gating-cell
    AllSrcResets
      SrcResetInfo
        ResetName           : RESETN_ACLK
        ResetObject         : RESETN_ACLK
    DestSyncResetInfoList
      DestResetInfo
        ResetName           : 'no-reset'
    SrcClockInfoList
      SrcClockInfo
        ClockName           : CLK_PRCM_ACLK
        ClockObject         : ACLK
        ClockDomainId       : 1
    ContainerInstance       : BOS_AESDMA
    Module                  : BOS_AESDMA
    Compression
      Type                  : RDC_RST_DEST_RST_CLK
      Master                : RDC:114

    -----------------------------------------------------------------------------
    Tag                     : RDC_CLOCK_CORRUPT_OBSERVED
    Description             : Asynchronous reset assertion at [SrcObject] due to reset [RdcSourceResets] happening in clock network is observed at [DestObject] (reset [RdcDestResets], clock [DestClockInfoList])
    Violation               : RDC:125
    ReasonInfoList
      ReasonInfo
        ReasonCode          : NO_BLOCKING_METHOD
        ReasonCodeMsg       : [ERROR] No valid blocking scheme found
    SrcObject               : u_AESDMA_TOP/u_aesdma_top/u_AESDMA_RDCORE/u_AESDMA_REORDER_BUF/rd_table[14].table_entry_valid
    RdcSourceResets
      ResetName             : RESETN_ACLK
    DestObject              : u_sram_rob_cg/u_dont_touch_preicg/ECK
    RdcDestResets
      DestResetInfo
        ResetName           : 'no-reset'
    DestClockInfoList
      DestClockInfo
        ClockName           : CLK_PRCM_ACLK
        ClockObject         : ACLK
        ClockDomainId       : 1
    SrcObjectType           : flop
    DestObjectType          : clock-gating-cell
    AllSrcResets
      SrcResetInfo
        ResetName           : RESETN_ACLK
        ResetObject         : RESETN_ACLK
    DestSyncResetInfoList
      DestResetInfo
        ResetName           : 'no-reset'
    SrcClockInfoList
      SrcClockInfo
        ClockName           : CLK_PRCM_ACLK
        ClockObject         : ACLK
        ClockDomainId       : 1
    ContainerInstance       : BOS_AESDMA
    Module                  : BOS_AESDMA
    Compression
      Type                  : RDC_RST_DEST_RST_CLK
      Master                : RDC:114

    -----------------------------------------------------------------------------
    Tag                     : RDC_CLOCK_CORRUPT_OBSERVED
    Description             : Asynchronous reset assertion at [SrcObject] due to reset [RdcSourceResets] happening in clock network is observed at [DestObject] (reset [RdcDestResets], clock [DestClockInfoList])
    Violation               : RDC:126
    ReasonInfoList
      ReasonInfo
        ReasonCode          : NO_BLOCKING_METHOD
        ReasonCodeMsg       : [ERROR] No valid blocking scheme found
    SrcObject               : u_AESDMA_TOP/u_aesdma_top/u_AESDMA_RDCORE/u_AESDMA_REORDER_BUF/rd_table[13].table_entry_valid
    RdcSourceResets
      ResetName             : RESETN_ACLK
    DestObject              : u_sram_rob_cg/u_dont_touch_preicg/ECK
    RdcDestResets
      DestResetInfo
        ResetName           : 'no-reset'
    DestClockInfoList
      DestClockInfo
        ClockName           : CLK_PRCM_ACLK
        ClockObject         : ACLK
        ClockDomainId       : 1
    SrcObjectType           : flop
    DestObjectType          : clock-gating-cell
    AllSrcResets
      SrcResetInfo
        ResetName           : RESETN_ACLK
        ResetObject         : RESETN_ACLK
    DestSyncResetInfoList
      DestResetInfo
        ResetName           : 'no-reset'
    SrcClockInfoList
      SrcClockInfo
        ClockName           : CLK_PRCM_ACLK
        ClockObject         : ACLK
        ClockDomainId       : 1
    ContainerInstance       : BOS_AESDMA
    Module                  : BOS_AESDMA
    Compression
      Type                  : RDC_RST_DEST_RST_CLK
      Master                : RDC:114

    -----------------------------------------------------------------------------
    Tag                     : RDC_CLOCK_CORRUPT_OBSERVED
    Description             : Asynchronous reset assertion at [SrcObject] due to reset [RdcSourceResets] happening in clock network is observed at [DestObject] (reset [RdcDestResets], clock [DestClockInfoList])
    Violation               : RDC:127
    ReasonInfoList
      ReasonInfo
        ReasonCode          : NO_BLOCKING_METHOD
        ReasonCodeMsg       : [ERROR] No valid blocking scheme found
    SrcObject               : u_AESDMA_TOP/u_aesdma_top/u_AESDMA_RDCORE/u_AESDMA_REORDER_BUF/r_sram_dout_d1_valid/Q
    RdcSourceResets
      ResetName             : RESETN_ACLK
    DestObject              : u_sram_rob_cg/u_dont_touch_preicg/ECK
    RdcDestResets
      DestResetInfo
        ResetName           : 'no-reset'
    DestClockInfoList
      DestClockInfo
        ClockName           : CLK_PRCM_ACLK
        ClockObject         : ACLK
        ClockDomainId       : 1
    SrcObjectType           : flop
    DestObjectType          : clock-gating-cell
    AllSrcResets
      SrcResetInfo
        ResetName           : RESETN_ACLK
        ResetObject         : RESETN_ACLK
    DestSyncResetInfoList
      DestResetInfo
        ResetName           : 'no-reset'
    SrcClockInfoList
      SrcClockInfo
        ClockName           : CLK_PRCM_ACLK
        ClockObject         : ACLK
        ClockDomainId       : 1
    ContainerInstance       : BOS_AESDMA
    Module                  : BOS_AESDMA
    Compression
      Type                  : RDC_RST_DEST_RST_CLK
      Master                : RDC:114

    -----------------------------------------------------------------------------
    Tag                     : RDC_CLOCK_CORRUPT_OBSERVED
    Description             : Asynchronous reset assertion at [SrcObject] due to reset [RdcSourceResets] happening in clock network is observed at [DestObject] (reset [RdcDestResets], clock [DestClockInfoList])
    Violation               : RDC:128
    ReasonInfoList
      ReasonInfo
        ReasonCode          : NO_BLOCKING_METHOD
        ReasonCodeMsg       : [ERROR] No valid blocking scheme found
    SrcObject               : u_AESDMA_TOP/u_aesdma_top/u_AESDMA_RDCORE/u_AESDMA_REORDER_BUF/rd_table[12].table_entry_valid
    RdcSourceResets
      ResetName             : RESETN_ACLK
    DestObject              : u_sram_rob_cg/u_dont_touch_preicg/ECK
    RdcDestResets
      DestResetInfo
        ResetName           : 'no-reset'
    DestClockInfoList
      DestClockInfo
        ClockName           : CLK_PRCM_ACLK
        ClockObject         : ACLK
        ClockDomainId       : 1
    SrcObjectType           : flop
    DestObjectType          : clock-gating-cell
    AllSrcResets
      SrcResetInfo
        ResetName           : RESETN_ACLK
        ResetObject         : RESETN_ACLK
    DestSyncResetInfoList
      DestResetInfo
        ResetName           : 'no-reset'
    SrcClockInfoList
      SrcClockInfo
        ClockName           : CLK_PRCM_ACLK
        ClockObject         : ACLK
        ClockDomainId       : 1
    ContainerInstance       : BOS_AESDMA
    Module                  : BOS_AESDMA
    Compression
      Type                  : RDC_RST_DEST_RST_CLK
      Master                : RDC:114

    -----------------------------------------------------------------------------
    Tag                     : RDC_CLOCK_CORRUPT_OBSERVED
    Description             : Asynchronous reset assertion at [SrcObject] due to reset [RdcSourceResets] happening in clock network is observed at [DestObject] (reset [RdcDestResets], clock [DestClockInfoList])
    Violation               : RDC:129
    ReasonInfoList
      ReasonInfo
        ReasonCode          : NO_BLOCKING_METHOD
        ReasonCodeMsg       : [ERROR] No valid blocking scheme found
    SrcObject               : u_AESDMA_TOP/u_aesdma_top/u_AESDMA_RDCORE/u_AESDMA_REORDER_BUF/rd_table[11].id[4:0]
    RdcSourceResets
      ResetName             : RESETN_ACLK
    DestObject              : u_sram_rob_cg/u_dont_touch_preicg/ECK
    RdcDestResets
      DestResetInfo
        ResetName           : 'no-reset'
    DestClockInfoList
      DestClockInfo
        ClockName           : CLK_PRCM_ACLK
        ClockObject         : ACLK
        ClockDomainId       : 1
    SrcObjectType           : flop
    DestObjectType          : clock-gating-cell
    AllSrcResets
      SrcResetInfo
        ResetName           : RESETN_ACLK
        ResetObject         : RESETN_ACLK
    DestSyncResetInfoList
      DestResetInfo
        ResetName           : 'no-reset'
    SrcClockInfoList
      SrcClockInfo
        ClockName           : CLK_PRCM_ACLK
        ClockObject         : ACLK
        ClockDomainId       : 1
    ContainerInstance       : BOS_AESDMA
    Module                  : BOS_AESDMA
    Compression
      Type                  : RDC_RST_DEST_RST_CLK
      Master                : RDC:114

    -----------------------------------------------------------------------------
    Tag                     : RDC_CLOCK_CORRUPT_OBSERVED
    Description             : Asynchronous reset assertion at [SrcObject] due to reset [RdcSourceResets] happening in clock network is observed at [DestObject] (reset [RdcDestResets], clock [DestClockInfoList])
    Violation               : RDC:130
    ReasonInfoList
      ReasonInfo
        ReasonCode          : NO_BLOCKING_METHOD
        ReasonCodeMsg       : [ERROR] No valid blocking scheme found
    SrcObject               : u_AESDMA_TOP/u_aesdma_top/u_AESDMA_RDCORE/u_AESDMA_REORDER_BUF/rd_table[17].id[4:0]
    RdcSourceResets
      ResetName             : RESETN_ACLK
    DestObject              : u_sram_rob_cg/u_dont_touch_preicg/ECK
    RdcDestResets
      DestResetInfo
        ResetName           : 'no-reset'
    DestClockInfoList
      DestClockInfo
        ClockName           : CLK_PRCM_ACLK
        ClockObject         : ACLK
        ClockDomainId       : 1
    SrcObjectType           : flop
    DestObjectType          : clock-gating-cell
    AllSrcResets
      SrcResetInfo
        ResetName           : RESETN_ACLK
        ResetObject         : RESETN_ACLK
    DestSyncResetInfoList
      DestResetInfo
        ResetName           : 'no-reset'
    SrcClockInfoList
      SrcClockInfo
        ClockName           : CLK_PRCM_ACLK
        ClockObject         : ACLK
        ClockDomainId       : 1
    ContainerInstance       : BOS_AESDMA
    Module                  : BOS_AESDMA
    Compression
      Type                  : RDC_RST_DEST_RST_CLK
      Master                : RDC:114

    -----------------------------------------------------------------------------
    Tag                     : RDC_CLOCK_CORRUPT_OBSERVED
    Description             : Asynchronous reset assertion at [SrcObject] due to reset [RdcSourceResets] happening in clock network is observed at [DestObject] (reset [RdcDestResets], clock [DestClockInfoList])
    Violation               : RDC:131
    ReasonInfoList
      ReasonInfo
        ReasonCode          : NO_BLOCKING_METHOD
        ReasonCodeMsg       : [ERROR] No valid blocking scheme found
    SrcObject               : u_AESDMA_TOP/u_aesdma_top/u_AESDMA_RDCORE/u_AESDMA_REORDER_BUF/rd_table[11].table_entry_valid
    RdcSourceResets
      ResetName             : RESETN_ACLK
    DestObject              : u_sram_rob_cg/u_dont_touch_preicg/ECK
    RdcDestResets
      DestResetInfo
        ResetName           : 'no-reset'
    DestClockInfoList
      DestClockInfo
        ClockName           : CLK_PRCM_ACLK
        ClockObject         : ACLK
        ClockDomainId       : 1
    SrcObjectType           : flop
    DestObjectType          : clock-gating-cell
    AllSrcResets
      SrcResetInfo
        ResetName           : RESETN_ACLK
        ResetObject         : RESETN_ACLK
    DestSyncResetInfoList
      DestResetInfo
        ResetName           : 'no-reset'
    SrcClockInfoList
      SrcClockInfo
        ClockName           : CLK_PRCM_ACLK
        ClockObject         : ACLK
        ClockDomainId       : 1
    ContainerInstance       : BOS_AESDMA
    Module                  : BOS_AESDMA
    Compression
      Type                  : RDC_RST_DEST_RST_CLK
      Master                : RDC:114

    -----------------------------------------------------------------------------
    Tag                     : RDC_CLOCK_CORRUPT_OBSERVED
    Description             : Asynchronous reset assertion at [SrcObject] due to reset [RdcSourceResets] happening in clock network is observed at [DestObject] (reset [RdcDestResets], clock [DestClockInfoList])
    Violation               : RDC:132
    ReasonInfoList
      ReasonInfo
        ReasonCode          : NO_BLOCKING_METHOD
        ReasonCodeMsg       : [ERROR] No valid blocking scheme found
    SrcObject               : u_AESDMA_TOP/u_aesdma_top/u_AESDMA_RDCORE/u_AESDMA_REORDER_BUF/rd_table[10].table_entry_valid
    RdcSourceResets
      ResetName             : RESETN_ACLK
    DestObject              : u_sram_rob_cg/u_dont_touch_preicg/ECK
    RdcDestResets
      DestResetInfo
        ResetName           : 'no-reset'
    DestClockInfoList
      DestClockInfo
        ClockName           : CLK_PRCM_ACLK
        ClockObject         : ACLK
        ClockDomainId       : 1
    SrcObjectType           : flop
    DestObjectType          : clock-gating-cell
    AllSrcResets
      SrcResetInfo
        ResetName           : RESETN_ACLK
        ResetObject         : RESETN_ACLK
    DestSyncResetInfoList
      DestResetInfo
        ResetName           : 'no-reset'
    SrcClockInfoList
      SrcClockInfo
        ClockName           : CLK_PRCM_ACLK
        ClockObject         : ACLK
        ClockDomainId       : 1
    ContainerInstance       : BOS_AESDMA
    Module                  : BOS_AESDMA
    Compression
      Type                  : RDC_RST_DEST_RST_CLK
      Master                : RDC:114

    -----------------------------------------------------------------------------
    Tag                     : RDC_CLOCK_CORRUPT_OBSERVED
    Description             : Asynchronous reset assertion at [SrcObject] due to reset [RdcSourceResets] happening in clock network is observed at [DestObject] (reset [RdcDestResets], clock [DestClockInfoList])
    Violation               : RDC:133
    ReasonInfoList
      ReasonInfo
        ReasonCode          : NO_BLOCKING_METHOD
        ReasonCodeMsg       : [ERROR] No valid blocking scheme found
    SrcObject               : u_AESDMA_TOP/u_aesdma_top/u_AESDMA_RDCORE/u_AESDMA_REORDER_BUF/rd_table[8].id[4:0]
    RdcSourceResets
      ResetName             : RESETN_ACLK
    DestObject              : u_sram_rob_cg/u_dont_touch_preicg/ECK
    RdcDestResets
      DestResetInfo
        ResetName           : 'no-reset'
    DestClockInfoList
      DestClockInfo
        ClockName           : CLK_PRCM_ACLK
        ClockObject         : ACLK
        ClockDomainId       : 1
    SrcObjectType           : flop
    DestObjectType          : clock-gating-cell
    AllSrcResets
      SrcResetInfo
        ResetName           : RESETN_ACLK
        ResetObject         : RESETN_ACLK
    DestSyncResetInfoList
      DestResetInfo
        ResetName           : 'no-reset'
    SrcClockInfoList
      SrcClockInfo
        ClockName           : CLK_PRCM_ACLK
        ClockObject         : ACLK
        ClockDomainId       : 1
    ContainerInstance       : BOS_AESDMA
    Module                  : BOS_AESDMA
    Compression
      Type                  : RDC_RST_DEST_RST_CLK
      Master                : RDC:114

    -----------------------------------------------------------------------------
    Tag                     : RDC_CLOCK_CORRUPT_OBSERVED
    Description             : Asynchronous reset assertion at [SrcObject] due to reset [RdcSourceResets] happening in clock network is observed at [DestObject] (reset [RdcDestResets], clock [DestClockInfoList])
    Violation               : RDC:134
    ReasonInfoList
      ReasonInfo
        ReasonCode          : NO_BLOCKING_METHOD
        ReasonCodeMsg       : [ERROR] No valid blocking scheme found
    SrcObject               : u_AESDMA_TOP/u_aesdma_top/u_AESDMA_RDCORE/u_AESDMA_REORDER_BUF/rd_table[21].id[4:0]
    RdcSourceResets
      ResetName             : RESETN_ACLK
    DestObject              : u_sram_rob_cg/u_dont_touch_preicg/ECK
    RdcDestResets
      DestResetInfo
        ResetName           : 'no-reset'
    DestClockInfoList
      DestClockInfo
        ClockName           : CLK_PRCM_ACLK
        ClockObject         : ACLK
        ClockDomainId       : 1
    SrcObjectType           : flop
    DestObjectType          : clock-gating-cell
    AllSrcResets
      SrcResetInfo
        ResetName           : RESETN_ACLK
        ResetObject         : RESETN_ACLK
    DestSyncResetInfoList
      DestResetInfo
        ResetName           : 'no-reset'
    SrcClockInfoList
      SrcClockInfo
        ClockName           : CLK_PRCM_ACLK
        ClockObject         : ACLK
        ClockDomainId       : 1
    ContainerInstance       : BOS_AESDMA
    Module                  : BOS_AESDMA
    Compression
      Type                  : RDC_RST_DEST_RST_CLK
      Master                : RDC:114

    -----------------------------------------------------------------------------
    Tag                     : RDC_CLOCK_CORRUPT_OBSERVED
    Description             : Asynchronous reset assertion at [SrcObject] due to reset [RdcSourceResets] happening in clock network is observed at [DestObject] (reset [RdcDestResets], clock [DestClockInfoList])
    Violation               : RDC:135
    ReasonInfoList
      ReasonInfo
        ReasonCode          : NO_BLOCKING_METHOD
        ReasonCodeMsg       : [ERROR] No valid blocking scheme found
    SrcObject               : u_AESDMA_TOP/u_aesdma_top/u_AESDMA_RDCORE/u_AESDMA_REORDER_BUF/rd_table[13].id[4:0]
    RdcSourceResets
      ResetName             : RESETN_ACLK
    DestObject              : u_sram_rob_cg/u_dont_touch_preicg/ECK
    RdcDestResets
      DestResetInfo
        ResetName           : 'no-reset'
    DestClockInfoList
      DestClockInfo
        ClockName           : CLK_PRCM_ACLK
        ClockObject         : ACLK
        ClockDomainId       : 1
    SrcObjectType           : flop
    DestObjectType          : clock-gating-cell
    AllSrcResets
      SrcResetInfo
        ResetName           : RESETN_ACLK
        ResetObject         : RESETN_ACLK
    DestSyncResetInfoList
      DestResetInfo
        ResetName           : 'no-reset'
    SrcClockInfoList
      SrcClockInfo
        ClockName           : CLK_PRCM_ACLK
        ClockObject         : ACLK
        ClockDomainId       : 1
    ContainerInstance       : BOS_AESDMA
    Module                  : BOS_AESDMA
    Compression
      Type                  : RDC_RST_DEST_RST_CLK
      Master                : RDC:114

    -----------------------------------------------------------------------------
    Tag                     : RDC_CLOCK_CORRUPT_OBSERVED
    Description             : Asynchronous reset assertion at [SrcObject] due to reset [RdcSourceResets] happening in clock network is observed at [DestObject] (reset [RdcDestResets], clock [DestClockInfoList])
    Violation               : RDC:136
    ReasonInfoList
      ReasonInfo
        ReasonCode          : NO_BLOCKING_METHOD
        ReasonCodeMsg       : [ERROR] No valid blocking scheme found
    SrcObject               : u_AESDMA_TOP/u_aesdma_top/u_AESDMA_RDCORE/u_AESDMA_REORDER_BUF/rd_table[8].table_entry_valid
    RdcSourceResets
      ResetName             : RESETN_ACLK
    DestObject              : u_sram_rob_cg/u_dont_touch_preicg/ECK
    RdcDestResets
      DestResetInfo
        ResetName           : 'no-reset'
    DestClockInfoList
      DestClockInfo
        ClockName           : CLK_PRCM_ACLK
        ClockObject         : ACLK
        ClockDomainId       : 1
    SrcObjectType           : flop
    DestObjectType          : clock-gating-cell
    AllSrcResets
      SrcResetInfo
        ResetName           : RESETN_ACLK
        ResetObject         : RESETN_ACLK
    DestSyncResetInfoList
      DestResetInfo
        ResetName           : 'no-reset'
    SrcClockInfoList
      SrcClockInfo
        ClockName           : CLK_PRCM_ACLK
        ClockObject         : ACLK
        ClockDomainId       : 1
    ContainerInstance       : BOS_AESDMA
    Module                  : BOS_AESDMA
    Compression
      Type                  : RDC_RST_DEST_RST_CLK
      Master                : RDC:114

    -----------------------------------------------------------------------------
    Tag                     : RDC_CLOCK_CORRUPT_OBSERVED
    Description             : Asynchronous reset assertion at [SrcObject] due to reset [RdcSourceResets] happening in clock network is observed at [DestObject] (reset [RdcDestResets], clock [DestClockInfoList])
    Violation               : RDC:137
    ReasonInfoList
      ReasonInfo
        ReasonCode          : NO_BLOCKING_METHOD
        ReasonCodeMsg       : [ERROR] No valid blocking scheme found
    SrcObject               : u_AESDMA_TOP/u_aesdma_top/u_AESDMA_RDCORE/u_AESDMA_REORDER_BUF/rd_table[9].table_entry_valid
    RdcSourceResets
      ResetName             : RESETN_ACLK
    DestObject              : u_sram_rob_cg/u_dont_touch_preicg/ECK
    RdcDestResets
      DestResetInfo
        ResetName           : 'no-reset'
    DestClockInfoList
      DestClockInfo
        ClockName           : CLK_PRCM_ACLK
        ClockObject         : ACLK
        ClockDomainId       : 1
    SrcObjectType           : flop
    DestObjectType          : clock-gating-cell
    AllSrcResets
      SrcResetInfo
        ResetName           : RESETN_ACLK
        ResetObject         : RESETN_ACLK
    DestSyncResetInfoList
      DestResetInfo
        ResetName           : 'no-reset'
    SrcClockInfoList
      SrcClockInfo
        ClockName           : CLK_PRCM_ACLK
        ClockObject         : ACLK
        ClockDomainId       : 1
    ContainerInstance       : BOS_AESDMA
    Module                  : BOS_AESDMA
    Compression
      Type                  : RDC_RST_DEST_RST_CLK
      Master                : RDC:114

    -----------------------------------------------------------------------------
    Tag                     : RDC_CLOCK_CORRUPT_OBSERVED
    Description             : Asynchronous reset assertion at [SrcObject] due to reset [RdcSourceResets] happening in clock network is observed at [DestObject] (reset [RdcDestResets], clock [DestClockInfoList])
    Violation               : RDC:138
    ReasonInfoList
      ReasonInfo
        ReasonCode          : NO_BLOCKING_METHOD
        ReasonCodeMsg       : [ERROR] No valid blocking scheme found
    SrcObject               : u_AESDMA_TOP/u_aesdma_top/u_AESDMA_RDCORE/u_AESDMA_REORDER_BUF/rd_table[15].id[4:0]
    RdcSourceResets
      ResetName             : RESETN_ACLK
    DestObject              : u_sram_rob_cg/u_dont_touch_preicg/ECK
    RdcDestResets
      DestResetInfo
        ResetName           : 'no-reset'
    DestClockInfoList
      DestClockInfo
        ClockName           : CLK_PRCM_ACLK
        ClockObject         : ACLK
        ClockDomainId       : 1
    SrcObjectType           : flop
    DestObjectType          : clock-gating-cell
    AllSrcResets
      SrcResetInfo
        ResetName           : RESETN_ACLK
        ResetObject         : RESETN_ACLK
    DestSyncResetInfoList
      DestResetInfo
        ResetName           : 'no-reset'
    SrcClockInfoList
      SrcClockInfo
        ClockName           : CLK_PRCM_ACLK
        ClockObject         : ACLK
        ClockDomainId       : 1
    ContainerInstance       : BOS_AESDMA
    Module                  : BOS_AESDMA
    Compression
      Type                  : RDC_RST_DEST_RST_CLK
      Master                : RDC:114

    -----------------------------------------------------------------------------
    Tag                     : RDC_CLOCK_CORRUPT_OBSERVED
    Description             : Asynchronous reset assertion at [SrcObject] due to reset [RdcSourceResets] happening in clock network is observed at [DestObject] (reset [RdcDestResets], clock [DestClockInfoList])
    Violation               : RDC:139
    ReasonInfoList
      ReasonInfo
        ReasonCode          : NO_BLOCKING_METHOD
        ReasonCodeMsg       : [ERROR] No valid blocking scheme found
    SrcObject               : u_AESDMA_TOP/u_aesdma_top/u_AESDMA_RDCORE/u_AESDMA_REORDER_BUF/rd_table[6].id[4:0]
    RdcSourceResets
      ResetName             : RESETN_ACLK
    DestObject              : u_sram_rob_cg/u_dont_touch_preicg/ECK
    RdcDestResets
      DestResetInfo
        ResetName           : 'no-reset'
    DestClockInfoList
      DestClockInfo
        ClockName           : CLK_PRCM_ACLK
        ClockObject         : ACLK
        ClockDomainId       : 1
    SrcObjectType           : flop
    DestObjectType          : clock-gating-cell
    AllSrcResets
      SrcResetInfo
        ResetName           : RESETN_ACLK
        ResetObject         : RESETN_ACLK
    DestSyncResetInfoList
      DestResetInfo
        ResetName           : 'no-reset'
    SrcClockInfoList
      SrcClockInfo
        ClockName           : CLK_PRCM_ACLK
        ClockObject         : ACLK
        ClockDomainId       : 1
    ContainerInstance       : BOS_AESDMA
    Module                  : BOS_AESDMA
    Compression
      Type                  : RDC_RST_DEST_RST_CLK
      Master                : RDC:114

    -----------------------------------------------------------------------------
    Tag                     : RDC_CLOCK_CORRUPT_OBSERVED
    Description             : Asynchronous reset assertion at [SrcObject] due to reset [RdcSourceResets] happening in clock network is observed at [DestObject] (reset [RdcDestResets], clock [DestClockInfoList])
    Violation               : RDC:140
    ReasonInfoList
      ReasonInfo
        ReasonCode          : NO_BLOCKING_METHOD
        ReasonCodeMsg       : [ERROR] No valid blocking scheme found
    SrcObject               : u_AESDMA_TOP/u_aesdma_top/u_AESDMA_RDCORE/u_AESDMA_REORDER_BUF/rd_table[24].id[4:0]
    RdcSourceResets
      ResetName             : RESETN_ACLK
    DestObject              : u_sram_rob_cg/u_dont_touch_preicg/ECK
    RdcDestResets
      DestResetInfo
        ResetName           : 'no-reset'
    DestClockInfoList
      DestClockInfo
        ClockName           : CLK_PRCM_ACLK
        ClockObject         : ACLK
        ClockDomainId       : 1
    SrcObjectType           : flop
    DestObjectType          : clock-gating-cell
    AllSrcResets
      SrcResetInfo
        ResetName           : RESETN_ACLK
        ResetObject         : RESETN_ACLK
    DestSyncResetInfoList
      DestResetInfo
        ResetName           : 'no-reset'
    SrcClockInfoList
      SrcClockInfo
        ClockName           : CLK_PRCM_ACLK
        ClockObject         : ACLK
        ClockDomainId       : 1
    ContainerInstance       : BOS_AESDMA
    Module                  : BOS_AESDMA
    Compression
      Type                  : RDC_RST_DEST_RST_CLK
      Master                : RDC:114

    -----------------------------------------------------------------------------
    Tag                     : RDC_CLOCK_CORRUPT_OBSERVED
    Description             : Asynchronous reset assertion at [SrcObject] due to reset [RdcSourceResets] happening in clock network is observed at [DestObject] (reset [RdcDestResets], clock [DestClockInfoList])
    Violation               : RDC:141
    ReasonInfoList
      ReasonInfo
        ReasonCode          : NO_BLOCKING_METHOD
        ReasonCodeMsg       : [ERROR] No valid blocking scheme found
    SrcObject               : u_AESDMA_TOP/u_aesdma_top/u_AESDMA_RDCORE/u_AESDMA_REORDER_BUF/rd_table[6].table_entry_valid
    RdcSourceResets
      ResetName             : RESETN_ACLK
    DestObject              : u_sram_rob_cg/u_dont_touch_preicg/ECK
    RdcDestResets
      DestResetInfo
        ResetName           : 'no-reset'
    DestClockInfoList
      DestClockInfo
        ClockName           : CLK_PRCM_ACLK
        ClockObject         : ACLK
        ClockDomainId       : 1
    SrcObjectType           : flop
    DestObjectType          : clock-gating-cell
    AllSrcResets
      SrcResetInfo
        ResetName           : RESETN_ACLK
        ResetObject         : RESETN_ACLK
    DestSyncResetInfoList
      DestResetInfo
        ResetName           : 'no-reset'
    SrcClockInfoList
      SrcClockInfo
        ClockName           : CLK_PRCM_ACLK
        ClockObject         : ACLK
        ClockDomainId       : 1
    ContainerInstance       : BOS_AESDMA
    Module                  : BOS_AESDMA
    Compression
      Type                  : RDC_RST_DEST_RST_CLK
      Master                : RDC:114

    -----------------------------------------------------------------------------
    Tag                     : RDC_CLOCK_CORRUPT_OBSERVED
    Description             : Asynchronous reset assertion at [SrcObject] due to reset [RdcSourceResets] happening in clock network is observed at [DestObject] (reset [RdcDestResets], clock [DestClockInfoList])
    Violation               : RDC:142
    ReasonInfoList
      ReasonInfo
        ReasonCode          : NO_BLOCKING_METHOD
        ReasonCodeMsg       : [ERROR] No valid blocking scheme found
    SrcObject               : u_AESDMA_TOP/u_aesdma_top/u_AESDMA_RDCORE/u_AESDMA_REORDER_BUF/rd_table[4].table_entry_valid
    RdcSourceResets
      ResetName             : RESETN_ACLK
    DestObject              : u_sram_rob_cg/u_dont_touch_preicg/ECK
    RdcDestResets
      DestResetInfo
        ResetName           : 'no-reset'
    DestClockInfoList
      DestClockInfo
        ClockName           : CLK_PRCM_ACLK
        ClockObject         : ACLK
        ClockDomainId       : 1
    SrcObjectType           : flop
    DestObjectType          : clock-gating-cell
    AllSrcResets
      SrcResetInfo
        ResetName           : RESETN_ACLK
        ResetObject         : RESETN_ACLK
    DestSyncResetInfoList
      DestResetInfo
        ResetName           : 'no-reset'
    SrcClockInfoList
      SrcClockInfo
        ClockName           : CLK_PRCM_ACLK
        ClockObject         : ACLK
        ClockDomainId       : 1
    ContainerInstance       : BOS_AESDMA
    Module                  : BOS_AESDMA
    Compression
      Type                  : RDC_RST_DEST_RST_CLK
      Master                : RDC:114

    -----------------------------------------------------------------------------
    Tag                     : RDC_CLOCK_CORRUPT_OBSERVED
    Description             : Asynchronous reset assertion at [SrcObject] due to reset [RdcSourceResets] happening in clock network is observed at [DestObject] (reset [RdcDestResets], clock [DestClockInfoList])
    Violation               : RDC:143
    ReasonInfoList
      ReasonInfo
        ReasonCode          : NO_BLOCKING_METHOD
        ReasonCodeMsg       : [ERROR] No valid blocking scheme found
    SrcObject               : u_AESDMA_TOP/u_aesdma_top/u_AESDMA_AXI_FIFO/u_RCH_SYNC_FIFO/mem/Q[1:0][136:131]
    RdcSourceResets
      ResetName             : RESETN_ACLK
    DestObject              : u_sram_rob_cg/u_dont_touch_preicg/ECK
    RdcDestResets
      DestResetInfo
        ResetName           : 'no-reset'
    DestClockInfoList
      DestClockInfo
        ClockName           : CLK_PRCM_ACLK
        ClockObject         : ACLK
        ClockDomainId       : 1
    SrcObjectType           : flop
    DestObjectType          : clock-gating-cell
    AllSrcResets
      SrcResetInfo
        ResetName           : RESETN_ACLK
        ResetObject         : RESETN_ACLK
    DestSyncResetInfoList
      DestResetInfo
        ResetName           : 'no-reset'
    SrcClockInfoList
      SrcClockInfo
        ClockName           : CLK_PRCM_ACLK
        ClockObject         : ACLK
        ClockDomainId       : 1
    ContainerInstance       : BOS_AESDMA
    Module                  : BOS_AESDMA
    Compression
      Type                  : RDC_RST_DEST_RST_CLK
      Master                : RDC:114

    -----------------------------------------------------------------------------
    Tag                     : RDC_CLOCK_CORRUPT_OBSERVED
    Description             : Asynchronous reset assertion at [SrcObject] due to reset [RdcSourceResets] happening in clock network is observed at [DestObject] (reset [RdcDestResets], clock [DestClockInfoList])
    Violation               : RDC:144
    ReasonInfoList
      ReasonInfo
        ReasonCode          : NO_BLOCKING_METHOD
        ReasonCodeMsg       : [ERROR] No valid blocking scheme found
    SrcObject               : u_AESDMA_TOP/u_aesdma_top/u_AESDMA_RDCORE/u_AESDMA_REORDER_BUF/rd_table[7].table_entry_valid
    RdcSourceResets
      ResetName             : RESETN_ACLK
    DestObject              : u_sram_rob_cg/u_dont_touch_preicg/ECK
    RdcDestResets
      DestResetInfo
        ResetName           : 'no-reset'
    DestClockInfoList
      DestClockInfo
        ClockName           : CLK_PRCM_ACLK
        ClockObject         : ACLK
        ClockDomainId       : 1
    SrcObjectType           : flop
    DestObjectType          : clock-gating-cell
    AllSrcResets
      SrcResetInfo
        ResetName           : RESETN_ACLK
        ResetObject         : RESETN_ACLK
    DestSyncResetInfoList
      DestResetInfo
        ResetName           : 'no-reset'
    SrcClockInfoList
      SrcClockInfo
        ClockName           : CLK_PRCM_ACLK
        ClockObject         : ACLK
        ClockDomainId       : 1
    ContainerInstance       : BOS_AESDMA
    Module                  : BOS_AESDMA
    Compression
      Type                  : RDC_RST_DEST_RST_CLK
      Master                : RDC:114

    -----------------------------------------------------------------------------
    Tag                     : RDC_CLOCK_CORRUPT_OBSERVED
    Description             : Asynchronous reset assertion at [SrcObject] due to reset [RdcSourceResets] happening in clock network is observed at [DestObject] (reset [RdcDestResets], clock [DestClockInfoList])
    Violation               : RDC:145
    ReasonInfoList
      ReasonInfo
        ReasonCode          : NO_BLOCKING_METHOD
        ReasonCodeMsg       : [ERROR] No valid blocking scheme found
    SrcObject               : u_AESDMA_TOP/u_aesdma_top/u_AESDMA_RDCORE/u_AESDMA_REORDER_BUF/rd_table[3].id[4:0]
    RdcSourceResets
      ResetName             : RESETN_ACLK
    DestObject              : u_sram_rob_cg/u_dont_touch_preicg/ECK
    RdcDestResets
      DestResetInfo
        ResetName           : 'no-reset'
    DestClockInfoList
      DestClockInfo
        ClockName           : CLK_PRCM_ACLK
        ClockObject         : ACLK
        ClockDomainId       : 1
    SrcObjectType           : flop
    DestObjectType          : clock-gating-cell
    AllSrcResets
      SrcResetInfo
        ResetName           : RESETN_ACLK
        ResetObject         : RESETN_ACLK
    DestSyncResetInfoList
      DestResetInfo
        ResetName           : 'no-reset'
    SrcClockInfoList
      SrcClockInfo
        ClockName           : CLK_PRCM_ACLK
        ClockObject         : ACLK
        ClockDomainId       : 1
    ContainerInstance       : BOS_AESDMA
    Module                  : BOS_AESDMA
    Compression
      Type                  : RDC_RST_DEST_RST_CLK
      Master                : RDC:114

    -----------------------------------------------------------------------------
    Tag                     : RDC_CLOCK_CORRUPT_OBSERVED
    Description             : Asynchronous reset assertion at [SrcObject] due to reset [RdcSourceResets] happening in clock network is observed at [DestObject] (reset [RdcDestResets], clock [DestClockInfoList])
    Violation               : RDC:146
    ReasonInfoList
      ReasonInfo
        ReasonCode          : NO_BLOCKING_METHOD
        ReasonCodeMsg       : [ERROR] No valid blocking scheme found
    SrcObject               : u_AESDMA_TOP/u_aesdma_top/u_AESDMA_RDCORE/u_AESDMA_REORDER_BUF/rd_table[24].table_entry_valid
    RdcSourceResets
      ResetName             : RESETN_ACLK
    DestObject              : u_sram_rob_cg/u_dont_touch_preicg/ECK
    RdcDestResets
      DestResetInfo
        ResetName           : 'no-reset'
    DestClockInfoList
      DestClockInfo
        ClockName           : CLK_PRCM_ACLK
        ClockObject         : ACLK
        ClockDomainId       : 1
    SrcObjectType           : flop
    DestObjectType          : clock-gating-cell
    AllSrcResets
      SrcResetInfo
        ResetName           : RESETN_ACLK
        ResetObject         : RESETN_ACLK
    DestSyncResetInfoList
      DestResetInfo
        ResetName           : 'no-reset'
    SrcClockInfoList
      SrcClockInfo
        ClockName           : CLK_PRCM_ACLK
        ClockObject         : ACLK
        ClockDomainId       : 1
    ContainerInstance       : BOS_AESDMA
    Module                  : BOS_AESDMA
    Compression
      Type                  : RDC_RST_DEST_RST_CLK
      Master                : RDC:114

    -----------------------------------------------------------------------------
    Tag                     : RDC_CLOCK_CORRUPT_OBSERVED
    Description             : Asynchronous reset assertion at [SrcObject] due to reset [RdcSourceResets] happening in clock network is observed at [DestObject] (reset [RdcDestResets], clock [DestClockInfoList])
    Violation               : RDC:147
    ReasonInfoList
      ReasonInfo
        ReasonCode          : NO_BLOCKING_METHOD
        ReasonCodeMsg       : [ERROR] No valid blocking scheme found
    SrcObject               : u_AESDMA_TOP/u_aesdma_top/u_AESDMA_RDCORE/u_AESDMA_REORDER_BUF/rd_table[5].table_entry_valid
    RdcSourceResets
      ResetName             : RESETN_ACLK
    DestObject              : u_sram_rob_cg/u_dont_touch_preicg/ECK
    RdcDestResets
      DestResetInfo
        ResetName           : 'no-reset'
    DestClockInfoList
      DestClockInfo
        ClockName           : CLK_PRCM_ACLK
        ClockObject         : ACLK
        ClockDomainId       : 1
    SrcObjectType           : flop
    DestObjectType          : clock-gating-cell
    AllSrcResets
      SrcResetInfo
        ResetName           : RESETN_ACLK
        ResetObject         : RESETN_ACLK
    DestSyncResetInfoList
      DestResetInfo
        ResetName           : 'no-reset'
    SrcClockInfoList
      SrcClockInfo
        ClockName           : CLK_PRCM_ACLK
        ClockObject         : ACLK
        ClockDomainId       : 1
    ContainerInstance       : BOS_AESDMA
    Module                  : BOS_AESDMA
    Compression
      Type                  : RDC_RST_DEST_RST_CLK
      Master                : RDC:114

    -----------------------------------------------------------------------------
    Tag                     : RDC_CLOCK_CORRUPT_OBSERVED
    Description             : Asynchronous reset assertion at [SrcObject] due to reset [RdcSourceResets] happening in clock network is observed at [DestObject] (reset [RdcDestResets], clock [DestClockInfoList])
    Violation               : RDC:148
    ReasonInfoList
      ReasonInfo
        ReasonCode          : NO_BLOCKING_METHOD
        ReasonCodeMsg       : [ERROR] No valid blocking scheme found
    SrcObject               : u_AESDMA_TOP/u_aesdma_top/u_AESDMA_RDCORE/u_AESDMA_REORDER_BUF/rd_table[3].table_entry_valid
    RdcSourceResets
      ResetName             : RESETN_ACLK
    DestObject              : u_sram_rob_cg/u_dont_touch_preicg/ECK
    RdcDestResets
      DestResetInfo
        ResetName           : 'no-reset'
    DestClockInfoList
      DestClockInfo
        ClockName           : CLK_PRCM_ACLK
        ClockObject         : ACLK
        ClockDomainId       : 1
    SrcObjectType           : flop
    DestObjectType          : clock-gating-cell
    AllSrcResets
      SrcResetInfo
        ResetName           : RESETN_ACLK
        ResetObject         : RESETN_ACLK
    DestSyncResetInfoList
      DestResetInfo
        ResetName           : 'no-reset'
    SrcClockInfoList
      SrcClockInfo
        ClockName           : CLK_PRCM_ACLK
        ClockObject         : ACLK
        ClockDomainId       : 1
    ContainerInstance       : BOS_AESDMA
    Module                  : BOS_AESDMA
    Compression
      Type                  : RDC_RST_DEST_RST_CLK
      Master                : RDC:114

    -----------------------------------------------------------------------------
    Tag                     : RDC_CLOCK_CORRUPT_OBSERVED
    Description             : Asynchronous reset assertion at [SrcObject] due to reset [RdcSourceResets] happening in clock network is observed at [DestObject] (reset [RdcDestResets], clock [DestClockInfoList])
    Violation               : RDC:149
    ReasonInfoList
      ReasonInfo
        ReasonCode          : NO_BLOCKING_METHOD
        ReasonCodeMsg       : [ERROR] No valid blocking scheme found
    SrcObject               : u_AESDMA_TOP/u_aesdma_top/u_AESDMA_RDCORE/u_AESDMA_REORDER_BUF/rd_table[19].id[4:0]
    RdcSourceResets
      ResetName             : RESETN_ACLK
    DestObject              : u_sram_rob_cg/u_dont_touch_preicg/ECK
    RdcDestResets
      DestResetInfo
        ResetName           : 'no-reset'
    DestClockInfoList
      DestClockInfo
        ClockName           : CLK_PRCM_ACLK
        ClockObject         : ACLK
        ClockDomainId       : 1
    SrcObjectType           : flop
    DestObjectType          : clock-gating-cell
    AllSrcResets
      SrcResetInfo
        ResetName           : RESETN_ACLK
        ResetObject         : RESETN_ACLK
    DestSyncResetInfoList
      DestResetInfo
        ResetName           : 'no-reset'
    SrcClockInfoList
      SrcClockInfo
        ClockName           : CLK_PRCM_ACLK
        ClockObject         : ACLK
        ClockDomainId       : 1
    ContainerInstance       : BOS_AESDMA
    Module                  : BOS_AESDMA
    Compression
      Type                  : RDC_RST_DEST_RST_CLK
      Master                : RDC:114

    -----------------------------------------------------------------------------
    Tag                     : RDC_CLOCK_CORRUPT_OBSERVED
    Description             : Asynchronous reset assertion at [SrcObject] due to reset [RdcSourceResets] happening in clock network is observed at [DestObject] (reset [RdcDestResets], clock [DestClockInfoList])
    Violation               : RDC:150
    ReasonInfoList
      ReasonInfo
        ReasonCode          : NO_BLOCKING_METHOD
        ReasonCodeMsg       : [ERROR] No valid blocking scheme found
    SrcObject               : u_AESDMA_TOP/u_aesdma_top/u_AESDMA_RDCORE/u_AESDMA_REORDER_BUF/rd_table[2].id[4:0]
    RdcSourceResets
      ResetName             : RESETN_ACLK
    DestObject              : u_sram_rob_cg/u_dont_touch_preicg/ECK
    RdcDestResets
      DestResetInfo
        ResetName           : 'no-reset'
    DestClockInfoList
      DestClockInfo
        ClockName           : CLK_PRCM_ACLK
        ClockObject         : ACLK
        ClockDomainId       : 1
    SrcObjectType           : flop
    DestObjectType          : clock-gating-cell
    AllSrcResets
      SrcResetInfo
        ResetName           : RESETN_ACLK
        ResetObject         : RESETN_ACLK
    DestSyncResetInfoList
      DestResetInfo
        ResetName           : 'no-reset'
    SrcClockInfoList
      SrcClockInfo
        ClockName           : CLK_PRCM_ACLK
        ClockObject         : ACLK
        ClockDomainId       : 1
    ContainerInstance       : BOS_AESDMA
    Module                  : BOS_AESDMA
    Compression
      Type                  : RDC_RST_DEST_RST_CLK
      Master                : RDC:114

    -----------------------------------------------------------------------------
    Tag                     : RDC_CLOCK_CORRUPT_OBSERVED
    Description             : Asynchronous reset assertion at [SrcObject] due to reset [RdcSourceResets] happening in clock network is observed at [DestObject] (reset [RdcDestResets], clock [DestClockInfoList])
    Violation               : RDC:151
    ReasonInfoList
      ReasonInfo
        ReasonCode          : NO_BLOCKING_METHOD
        ReasonCodeMsg       : [ERROR] No valid blocking scheme found
    SrcObject               : u_AESDMA_TOP/u_aesdma_top/u_AESDMA_RDCORE/u_AESDMA_REORDER_BUF/rd_table[1].table_entry_valid
    RdcSourceResets
      ResetName             : RESETN_ACLK
    DestObject              : u_sram_rob_cg/u_dont_touch_preicg/ECK
    RdcDestResets
      DestResetInfo
        ResetName           : 'no-reset'
    DestClockInfoList
      DestClockInfo
        ClockName           : CLK_PRCM_ACLK
        ClockObject         : ACLK
        ClockDomainId       : 1
    SrcObjectType           : flop
    DestObjectType          : clock-gating-cell
    AllSrcResets
      SrcResetInfo
        ResetName           : RESETN_ACLK
        ResetObject         : RESETN_ACLK
    DestSyncResetInfoList
      DestResetInfo
        ResetName           : 'no-reset'
    SrcClockInfoList
      SrcClockInfo
        ClockName           : CLK_PRCM_ACLK
        ClockObject         : ACLK
        ClockDomainId       : 1
    ContainerInstance       : BOS_AESDMA
    Module                  : BOS_AESDMA
    Compression
      Type                  : RDC_RST_DEST_RST_CLK
      Master                : RDC:114

    -----------------------------------------------------------------------------
    Tag                     : RDC_CLOCK_CORRUPT_OBSERVED
    Description             : Asynchronous reset assertion at [SrcObject] due to reset [RdcSourceResets] happening in clock network is observed at [DestObject] (reset [RdcDestResets], clock [DestClockInfoList])
    Violation               : RDC:152
    ReasonInfoList
      ReasonInfo
        ReasonCode          : NO_BLOCKING_METHOD
        ReasonCodeMsg       : [ERROR] No valid blocking scheme found
    SrcObject               : u_AESDMA_TOP/u_aesdma_top/u_AESDMA_RDCORE/u_AESDMA_REORDER_BUF/rd_table[12].id[4:0]
    RdcSourceResets
      ResetName             : RESETN_ACLK
    DestObject              : u_sram_rob_cg/u_dont_touch_preicg/ECK
    RdcDestResets
      DestResetInfo
        ResetName           : 'no-reset'
    DestClockInfoList
      DestClockInfo
        ClockName           : CLK_PRCM_ACLK
        ClockObject         : ACLK
        ClockDomainId       : 1
    SrcObjectType           : flop
    DestObjectType          : clock-gating-cell
    AllSrcResets
      SrcResetInfo
        ResetName           : RESETN_ACLK
        ResetObject         : RESETN_ACLK
    DestSyncResetInfoList
      DestResetInfo
        ResetName           : 'no-reset'
    SrcClockInfoList
      SrcClockInfo
        ClockName           : CLK_PRCM_ACLK
        ClockObject         : ACLK
        ClockDomainId       : 1
    ContainerInstance       : BOS_AESDMA
    Module                  : BOS_AESDMA
    Compression
      Type                  : RDC_RST_DEST_RST_CLK
      Master                : RDC:114

    -----------------------------------------------------------------------------
    Tag                     : RDC_CLOCK_CORRUPT_OBSERVED
    Description             : Asynchronous reset assertion at [SrcObject] due to reset [RdcSourceResets] happening in clock network is observed at [DestObject] (reset [RdcDestResets], clock [DestClockInfoList])
    Violation               : RDC:153
    ReasonInfoList
      ReasonInfo
        ReasonCode          : NO_BLOCKING_METHOD
        ReasonCodeMsg       : [ERROR] No valid blocking scheme found
    SrcObject               : u_AESDMA_TOP/u_aesdma_top/u_AESDMA_RDCORE/u_AESDMA_REORDER_BUF/rd_table[1].id[4:0]
    RdcSourceResets
      ResetName             : RESETN_ACLK
    DestObject              : u_sram_rob_cg/u_dont_touch_preicg/ECK
    RdcDestResets
      DestResetInfo
        ResetName           : 'no-reset'
    DestClockInfoList
      DestClockInfo
        ClockName           : CLK_PRCM_ACLK
        ClockObject         : ACLK
        ClockDomainId       : 1
    SrcObjectType           : flop
    DestObjectType          : clock-gating-cell
    AllSrcResets
      SrcResetInfo
        ResetName           : RESETN_ACLK
        ResetObject         : RESETN_ACLK
    DestSyncResetInfoList
      DestResetInfo
        ResetName           : 'no-reset'
    SrcClockInfoList
      SrcClockInfo
        ClockName           : CLK_PRCM_ACLK
        ClockObject         : ACLK
        ClockDomainId       : 1
    ContainerInstance       : BOS_AESDMA
    Module                  : BOS_AESDMA
    Compression
      Type                  : RDC_RST_DEST_RST_CLK
      Master                : RDC:114

    -----------------------------------------------------------------------------
    Tag                     : RDC_CLOCK_CORRUPT_OBSERVED
    Description             : Asynchronous reset assertion at [SrcObject] due to reset [RdcSourceResets] happening in clock network is observed at [DestObject] (reset [RdcDestResets], clock [DestClockInfoList])
    Violation               : RDC:154
    ReasonInfoList
      ReasonInfo
        ReasonCode          : NO_BLOCKING_METHOD
        ReasonCodeMsg       : [ERROR] No valid blocking scheme found
    SrcObject               : u_AESDMA_TOP/u_aesdma_top/u_AESDMA_RDCORE/u_AESDMA_REORDER_BUF/rd_table[25].id[4:0]
    RdcSourceResets
      ResetName             : RESETN_ACLK
    DestObject              : u_sram_rob_cg/u_dont_touch_preicg/ECK
    RdcDestResets
      DestResetInfo
        ResetName           : 'no-reset'
    DestClockInfoList
      DestClockInfo
        ClockName           : CLK_PRCM_ACLK
        ClockObject         : ACLK
        ClockDomainId       : 1
    SrcObjectType           : flop
    DestObjectType          : clock-gating-cell
    AllSrcResets
      SrcResetInfo
        ResetName           : RESETN_ACLK
        ResetObject         : RESETN_ACLK
    DestSyncResetInfoList
      DestResetInfo
        ResetName           : 'no-reset'
    SrcClockInfoList
      SrcClockInfo
        ClockName           : CLK_PRCM_ACLK
        ClockObject         : ACLK
        ClockDomainId       : 1
    ContainerInstance       : BOS_AESDMA
    Module                  : BOS_AESDMA
    Compression
      Type                  : RDC_RST_DEST_RST_CLK
      Master                : RDC:114

    -----------------------------------------------------------------------------
    Tag                     : RDC_CLOCK_CORRUPT_OBSERVED
    Description             : Asynchronous reset assertion at [SrcObject] due to reset [RdcSourceResets] happening in clock network is observed at [DestObject] (reset [RdcDestResets], clock [DestClockInfoList])
    Violation               : RDC:155
    ReasonInfoList
      ReasonInfo
        ReasonCode          : NO_BLOCKING_METHOD
        ReasonCodeMsg       : [ERROR] No valid blocking scheme found
    SrcObject               : u_AESDMA_TOP/u_aesdma_top/u_AESDMA_RDCORE/u_AESDMA_REORDER_BUF/rd_table[31].id[4:0]
    RdcSourceResets
      ResetName             : RESETN_ACLK
    DestObject              : u_sram_rob_cg/u_dont_touch_preicg/ECK
    RdcDestResets
      DestResetInfo
        ResetName           : 'no-reset'
    DestClockInfoList
      DestClockInfo
        ClockName           : CLK_PRCM_ACLK
        ClockObject         : ACLK
        ClockDomainId       : 1
    SrcObjectType           : flop
    DestObjectType          : clock-gating-cell
    AllSrcResets
      SrcResetInfo
        ResetName           : RESETN_ACLK
        ResetObject         : RESETN_ACLK
    DestSyncResetInfoList
      DestResetInfo
        ResetName           : 'no-reset'
    SrcClockInfoList
      SrcClockInfo
        ClockName           : CLK_PRCM_ACLK
        ClockObject         : ACLK
        ClockDomainId       : 1
    ContainerInstance       : BOS_AESDMA
    Module                  : BOS_AESDMA
    Compression
      Type                  : RDC_RST_DEST_RST_CLK
      Master                : RDC:114

    -----------------------------------------------------------------------------
    Tag                     : RDC_CLOCK_CORRUPT_OBSERVED
    Description             : Asynchronous reset assertion at [SrcObject] due to reset [RdcSourceResets] happening in clock network is observed at [DestObject] (reset [RdcDestResets], clock [DestClockInfoList])
    Violation               : RDC:156
    ReasonInfoList
      ReasonInfo
        ReasonCode          : NO_BLOCKING_METHOD
        ReasonCodeMsg       : [ERROR] No valid blocking scheme found
    SrcObject               : u_AESDMA_TOP/u_aesdma_top/u_AESDMA_RDCORE/u_AESDMA_REORDER_BUF/rd_table[0].id[4:0]
    RdcSourceResets
      ResetName             : RESETN_ACLK
    DestObject              : u_sram_rob_cg/u_dont_touch_preicg/ECK
    RdcDestResets
      DestResetInfo
        ResetName           : 'no-reset'
    DestClockInfoList
      DestClockInfo
        ClockName           : CLK_PRCM_ACLK
        ClockObject         : ACLK
        ClockDomainId       : 1
    SrcObjectType           : flop
    DestObjectType          : clock-gating-cell
    AllSrcResets
      SrcResetInfo
        ResetName           : RESETN_ACLK
        ResetObject         : RESETN_ACLK
    DestSyncResetInfoList
      DestResetInfo
        ResetName           : 'no-reset'
    SrcClockInfoList
      SrcClockInfo
        ClockName           : CLK_PRCM_ACLK
        ClockObject         : ACLK
        ClockDomainId       : 1
    ContainerInstance       : BOS_AESDMA
    Module                  : BOS_AESDMA
    Compression
      Type                  : RDC_RST_DEST_RST_CLK
      Master                : RDC:114

    -----------------------------------------------------------------------------
    Tag                     : RDC_CLOCK_CORRUPT_OBSERVED
    Description             : Asynchronous reset assertion at [SrcObject] due to reset [RdcSourceResets] happening in clock network is observed at [DestObject] (reset [RdcDestResets], clock [DestClockInfoList])
    Violation               : RDC:157
    ReasonInfoList
      ReasonInfo
        ReasonCode          : NO_BLOCKING_METHOD
        ReasonCodeMsg       : [ERROR] No valid blocking scheme found
    SrcObject               : u_AESDMA_TOP/u_aesdma_top/u_AESDMA_RDCORE/u_AESDMA_REORDER_BUF/r_stop_rptr/Q[8:0]
    RdcSourceResets
      ResetName             : RESETN_ACLK
    DestObject              : u_sram_rob_cg/u_dont_touch_preicg/ECK
    RdcDestResets
      DestResetInfo
        ResetName           : 'no-reset'
    DestClockInfoList
      DestClockInfo
        ClockName           : CLK_PRCM_ACLK
        ClockObject         : ACLK
        ClockDomainId       : 1
    SrcObjectType           : flop
    DestObjectType          : clock-gating-cell
    AllSrcResets
      SrcResetInfo
        ResetName           : RESETN_ACLK
        ResetObject         : RESETN_ACLK
    DestSyncResetInfoList
      DestResetInfo
        ResetName           : 'no-reset'
    SrcClockInfoList
      SrcClockInfo
        ClockName           : CLK_PRCM_ACLK
        ClockObject         : ACLK
        ClockDomainId       : 1
    ContainerInstance       : BOS_AESDMA
    Module                  : BOS_AESDMA
    Compression
      Type                  : RDC_RST_DEST_RST_CLK
      Master                : RDC:114

    -----------------------------------------------------------------------------
    Tag                     : RDC_CLOCK_CORRUPT_OBSERVED
    Description             : Asynchronous reset assertion at [SrcObject] due to reset [RdcSourceResets] happening in clock network is observed at [DestObject] (reset [RdcDestResets], clock [DestClockInfoList])
    Violation               : RDC:158
    ReasonInfoList
      ReasonInfo
        ReasonCode          : NO_BLOCKING_METHOD
        ReasonCodeMsg       : [ERROR] No valid blocking scheme found
    SrcObject               : u_AESDMA_TOP/u_aesdma_top/u_AESDMA_RDCORE/u_AESDMA_REORDER_BUF/rd_table[29].table_entry_valid
    RdcSourceResets
      ResetName             : RESETN_ACLK
    DestObject              : u_sram_rob_cg/u_dont_touch_preicg/ECK
    RdcDestResets
      DestResetInfo
        ResetName           : 'no-reset'
    DestClockInfoList
      DestClockInfo
        ClockName           : CLK_PRCM_ACLK
        ClockObject         : ACLK
        ClockDomainId       : 1
    SrcObjectType           : flop
    DestObjectType          : clock-gating-cell
    AllSrcResets
      SrcResetInfo
        ResetName           : RESETN_ACLK
        ResetObject         : RESETN_ACLK
    DestSyncResetInfoList
      DestResetInfo
        ResetName           : 'no-reset'
    SrcClockInfoList
      SrcClockInfo
        ClockName           : CLK_PRCM_ACLK
        ClockObject         : ACLK
        ClockDomainId       : 1
    ContainerInstance       : BOS_AESDMA
    Module                  : BOS_AESDMA
    Compression
      Type                  : RDC_RST_DEST_RST_CLK
      Master                : RDC:114

    -----------------------------------------------------------------------------
    Tag                     : RDC_CLOCK_CORRUPT_OBSERVED
    Description             : Asynchronous reset assertion at [SrcObject] due to reset [RdcSourceResets] happening in clock network is observed at [DestObject] (reset [RdcDestResets], clock [DestClockInfoList])
    Violation               : RDC:159
    ReasonInfoList
      ReasonInfo
        ReasonCode          : NO_BLOCKING_METHOD
        ReasonCodeMsg       : [ERROR] No valid blocking scheme found
    SrcObject               : u_AESDMA_TOP/u_aesdma_top/u_AESDMA_RDCORE/u_AESDMA_REORDER_BUF/rd_table[9].id[4:0]
    RdcSourceResets
      ResetName             : RESETN_ACLK
    DestObject              : u_sram_rob_cg/u_dont_touch_preicg/ECK
    RdcDestResets
      DestResetInfo
        ResetName           : 'no-reset'
    DestClockInfoList
      DestClockInfo
        ClockName           : CLK_PRCM_ACLK
        ClockObject         : ACLK
        ClockDomainId       : 1
    SrcObjectType           : flop
    DestObjectType          : clock-gating-cell
    AllSrcResets
      SrcResetInfo
        ResetName           : RESETN_ACLK
        ResetObject         : RESETN_ACLK
    DestSyncResetInfoList
      DestResetInfo
        ResetName           : 'no-reset'
    SrcClockInfoList
      SrcClockInfo
        ClockName           : CLK_PRCM_ACLK
        ClockObject         : ACLK
        ClockDomainId       : 1
    ContainerInstance       : BOS_AESDMA
    Module                  : BOS_AESDMA
    Compression
      Type                  : RDC_RST_DEST_RST_CLK
      Master                : RDC:114

    -----------------------------------------------------------------------------
    Tag                     : RDC_CLOCK_CORRUPT_OBSERVED
    Description             : Asynchronous reset assertion at [SrcObject] due to reset [RdcSourceResets] happening in clock network is observed at [DestObject] (reset [RdcDestResets], clock [DestClockInfoList])
    Violation               : RDC:160
    ReasonInfoList
      ReasonInfo
        ReasonCode          : NO_BLOCKING_METHOD
        ReasonCodeMsg       : [ERROR] No valid blocking scheme found
    SrcObject               : u_AESDMA_TOP/u_aesdma_top/u_AESDMA_RDCORE/u_AESDMA_REORDER_BUF/u_REGFIFO/w_ex_cnt/Q
    RdcSourceResets
      ResetName             : RESETN_ACLK
    DestObject              : u_sram_rob_cg/u_dont_touch_preicg/ECK
    RdcDestResets
      DestResetInfo
        ResetName           : 'no-reset'
    DestClockInfoList
      DestClockInfo
        ClockName           : CLK_PRCM_ACLK
        ClockObject         : ACLK
        ClockDomainId       : 1
    SrcObjectType           : flop
    DestObjectType          : clock-gating-cell
    AllSrcResets
      SrcResetInfo
        ResetName           : RESETN_ACLK
        ResetObject         : RESETN_ACLK
    DestSyncResetInfoList
      DestResetInfo
        ResetName           : 'no-reset'
    SrcClockInfoList
      SrcClockInfo
        ClockName           : CLK_PRCM_ACLK
        ClockObject         : ACLK
        ClockDomainId       : 1
    ContainerInstance       : BOS_AESDMA
    Module                  : BOS_AESDMA
    Compression
      Type                  : RDC_RST_DEST_RST_CLK
      Master                : RDC:114

    -----------------------------------------------------------------------------
    Tag                     : RDC_CLOCK_CORRUPT_OBSERVED
    Description             : Asynchronous reset assertion at [SrcObject] due to reset [RdcSourceResets] happening in clock network is observed at [DestObject] (reset [RdcDestResets], clock [DestClockInfoList])
    Violation               : RDC:161
    ReasonInfoList
      ReasonInfo
        ReasonCode          : NO_BLOCKING_METHOD
        ReasonCodeMsg       : [ERROR] No valid blocking scheme found
    SrcObject               : u_AESDMA_TOP/u_aesdma_top/u_AESDMA_RDCORE/r_rdDataState/Q[3:0]
    RdcSourceResets
      ResetName             : RESETN_ACLK
    DestObject              : u_sram_rob_cg/u_dont_touch_preicg/ECK
    RdcDestResets
      DestResetInfo
        ResetName           : 'no-reset'
    DestClockInfoList
      DestClockInfo
        ClockName           : CLK_PRCM_ACLK
        ClockObject         : ACLK
        ClockDomainId       : 1
    SrcObjectType           : flop
    DestObjectType          : clock-gating-cell
    AllSrcResets
      SrcResetInfo
        ResetName           : RESETN_ACLK
        ResetObject         : RESETN_ACLK
    DestSyncResetInfoList
      DestResetInfo
        ResetName           : 'no-reset'
    SrcClockInfoList
      SrcClockInfo
        ClockName           : CLK_PRCM_ACLK
        ClockObject         : ACLK
        ClockDomainId       : 1
    ContainerInstance       : BOS_AESDMA
    Module                  : BOS_AESDMA
    Compression
      Type                  : RDC_RST_DEST_RST_CLK
      Master                : RDC:114

    -----------------------------------------------------------------------------
    Tag                     : RDC_CLOCK_CORRUPT_OBSERVED
    Description             : Asynchronous reset assertion at [SrcObject] due to reset [RdcSourceResets] happening in clock network is observed at [DestObject] (reset [RdcDestResets], clock [DestClockInfoList])
    Violation               : RDC:162
    ReasonInfoList
      ReasonInfo
        ReasonCode          : NO_BLOCKING_METHOD
        ReasonCodeMsg       : [ERROR] No valid blocking scheme found
    SrcObject               : u_AESDMA_TOP/u_aesdma_top/u_AESDMA_SFR/r_dma_con0_auto_clk_gating_disable/Q
    RdcSourceResets
      ResetName             : RESETN_ACLK
    DestObject              : u_sram_rob_cg/u_dont_touch_preicg/ECK
    RdcDestResets
      DestResetInfo
        ResetName           : 'no-reset'
    DestClockInfoList
      DestClockInfo
        ClockName           : CLK_PRCM_ACLK
        ClockObject         : ACLK
        ClockDomainId       : 1
    SrcObjectType           : flop
    DestObjectType          : clock-gating-cell
    AllSrcResets
      SrcResetInfo
        ResetName           : RESETN_ACLK
        ResetObject         : RESETN_ACLK
    DestSyncResetInfoList
      DestResetInfo
        ResetName           : 'no-reset'
    SrcClockInfoList
      SrcClockInfo
        ClockName           : CLK_PRCM_ACLK
        ClockObject         : ACLK
        ClockDomainId       : 1
    ContainerInstance       : BOS_AESDMA
    Module                  : BOS_AESDMA
    Compression
      Type                  : RDC_RST_DEST_RST_CLK
      Master                : RDC:114

    -----------------------------------------------------------------------------
    Tag                     : RDC_CLOCK_CORRUPT_OBSERVED
    Description             : Asynchronous reset assertion at [SrcObject] due to reset [RdcSourceResets] happening in clock network is observed at [DestObject] (reset [RdcDestResets], clock [DestClockInfoList])
    Violation               : RDC:163
    ReasonInfoList
      ReasonInfo
        ReasonCode          : NO_BLOCKING_METHOD
        ReasonCodeMsg       : [ERROR] No valid blocking scheme found
    SrcObject               : u_AESDMA_TOP/u_aesdma_top/u_AESDMA_RDCORE/u_AESDMA_REORDER_BUF/rd_table[30].id[4:0]
    RdcSourceResets
      ResetName             : RESETN_ACLK
    DestObject              : u_sram_rob_cg/u_dont_touch_preicg/ECK
    RdcDestResets
      DestResetInfo
        ResetName           : 'no-reset'
    DestClockInfoList
      DestClockInfo
        ClockName           : CLK_PRCM_ACLK
        ClockObject         : ACLK
        ClockDomainId       : 1
    SrcObjectType           : flop
    DestObjectType          : clock-gating-cell
    AllSrcResets
      SrcResetInfo
        ResetName           : RESETN_ACLK
        ResetObject         : RESETN_ACLK
    DestSyncResetInfoList
      DestResetInfo
        ResetName           : 'no-reset'
    SrcClockInfoList
      SrcClockInfo
        ClockName           : CLK_PRCM_ACLK
        ClockObject         : ACLK
        ClockDomainId       : 1
    ContainerInstance       : BOS_AESDMA
    Module                  : BOS_AESDMA
    Compression
      Type                  : RDC_RST_DEST_RST_CLK
      Master                : RDC:114

    -----------------------------------------------------------------------------
    Tag                     : RDC_CLOCK_CORRUPT_OBSERVED
    Description             : Asynchronous reset assertion at [SrcObject] due to reset [RdcSourceResets] happening in clock network is observed at [DestObject] (reset [RdcDestResets], clock [DestClockInfoList])
    Violation               : RDC:164
    ReasonInfoList
      ReasonInfo
        ReasonCode          : NO_BLOCKING_METHOD
        ReasonCodeMsg       : [ERROR] No valid blocking scheme found
    SrcObject               : u_AESDMA_TOP/u_aesdma_top/u_AESDMA_RDCORE/u_AESDMA_REORDER_BUF/rd_table[28].table_entry_valid
    RdcSourceResets
      ResetName             : RESETN_ACLK
    DestObject              : u_sram_rob_cg/u_dont_touch_preicg/ECK
    RdcDestResets
      DestResetInfo
        ResetName           : 'no-reset'
    DestClockInfoList
      DestClockInfo
        ClockName           : CLK_PRCM_ACLK
        ClockObject         : ACLK
        ClockDomainId       : 1
    SrcObjectType           : flop
    DestObjectType          : clock-gating-cell
    AllSrcResets
      SrcResetInfo
        ResetName           : RESETN_ACLK
        ResetObject         : RESETN_ACLK
    DestSyncResetInfoList
      DestResetInfo
        ResetName           : 'no-reset'
    SrcClockInfoList
      SrcClockInfo
        ClockName           : CLK_PRCM_ACLK
        ClockObject         : ACLK
        ClockDomainId       : 1
    ContainerInstance       : BOS_AESDMA
    Module                  : BOS_AESDMA
    Compression
      Type                  : RDC_RST_DEST_RST_CLK
      Master                : RDC:114

    -----------------------------------------------------------------------------
    Tag                     : RDC_CLOCK_CORRUPT_OBSERVED
    Description             : Asynchronous reset assertion at [SrcObject] due to reset [RdcSourceResets] happening in clock network is observed at [DestObject] (reset [RdcDestResets], clock [DestClockInfoList])
    Violation               : RDC:165
    ReasonInfoList
      ReasonInfo
        ReasonCode          : NO_BLOCKING_METHOD
        ReasonCodeMsg       : [ERROR] No valid blocking scheme found
    SrcObject               : r_sram_rob_clk_en_1d/Q
    RdcSourceResets
      ResetName             : RESETN_ACLK
    DestObject              : u_sram_rob_cg/u_dont_touch_preicg/ECK
    RdcDestResets
      DestResetInfo
        ResetName           : 'no-reset'
    DestClockInfoList
      DestClockInfo
        ClockName           : CLK_PRCM_ACLK
        ClockObject         : ACLK
        ClockDomainId       : 1
    SrcObjectType           : flop
    DestObjectType          : clock-gating-cell
    AllSrcResets
      SrcResetInfo
        ResetName           : RESETN_ACLK
        ResetObject         : RESETN_ACLK
    DestSyncResetInfoList
      DestResetInfo
        ResetName           : 'no-reset'
    SrcClockInfoList
      SrcClockInfo
        ClockName           : CLK_PRCM_ACLK
        ClockObject         : ACLK
        ClockDomainId       : 1
    ContainerInstance       : BOS_AESDMA
    Module                  : BOS_AESDMA
    Compression
      Type                  : RDC_RST_DEST_RST_CLK
      Master                : RDC:114

    -----------------------------------------------------------------------------
    Tag                     : RDC_CLOCK_CORRUPT_OBSERVED
    Description             : Asynchronous reset assertion at [SrcObject] due to reset [RdcSourceResets] happening in clock network is observed at [DestObject] (reset [RdcDestResets], clock [DestClockInfoList])
    Violation               : RDC:166
    ReasonInfoList
      ReasonInfo
        ReasonCode          : NO_BLOCKING_METHOD
        ReasonCodeMsg       : [ERROR] No valid blocking scheme found
    SrcObject               : u_fierr_ecc_dec_dcls_sram_rob/sync_inst[0].genblk1.genblk1.u_dont_touch_sync_dff2/Q
    RdcSourceResets
      ResetName             : RESETN_ACLK
    DestObject              : u_sram_rob_cg/u_dont_touch_preicg/ECK
    RdcDestResets
      DestResetInfo
        ResetName           : 'no-reset'
    DestClockInfoList
      DestClockInfo
        ClockName           : CLK_PRCM_ACLK
        ClockObject         : ACLK
        ClockDomainId       : 1
    SrcObjectType           : library-cell
    DestObjectType          : clock-gating-cell
    AllSrcResets
      SrcResetInfo
        ResetName           : RESETN_ACLK
        ResetObject         : RESETN_ACLK
    DestSyncResetInfoList
      DestResetInfo
        ResetName           : 'no-reset'
    SrcClockInfoList
      SrcClockInfo
        ClockName           : CLK_PRCM_ACLK
        ClockObject         : ACLK
        ClockDomainId       : 1
    ContainerInstance       : BOS_AESDMA
    Module                  : BOS_AESDMA
    Compression
      Type                  : RDC_RST_DEST_RST_CLK
      Master                : RDC:114

    -----------------------------------------------------------------------------
    Tag                     : RDC_CLOCK_CORRUPT_OBSERVED
    Description             : Asynchronous reset assertion at [SrcObject] due to reset [RdcSourceResets] happening in clock network is observed at [DestObject] (reset [RdcDestResets], clock [DestClockInfoList])
    Violation               : RDC:167
    ReasonInfoList
      ReasonInfo
        ReasonCode          : NO_BLOCKING_METHOD
        ReasonCodeMsg       : [ERROR] No valid blocking scheme found
    SrcObject               : u_AESDMA_TOP/u_aesdma_top/u_AESDMA_RDCORE/u_AESDMA_REORDER_BUF/rd_table[20].id[4:0]
    RdcSourceResets
      ResetName             : RESETN_ACLK
    DestObject              : u_sram_rob_cg/u_dont_touch_preicg/ECK
    RdcDestResets
      DestResetInfo
        ResetName           : 'no-reset'
    DestClockInfoList
      DestClockInfo
        ClockName           : CLK_PRCM_ACLK
        ClockObject         : ACLK
        ClockDomainId       : 1
    SrcObjectType           : flop
    DestObjectType          : clock-gating-cell
    AllSrcResets
      SrcResetInfo
        ResetName           : RESETN_ACLK
        ResetObject         : RESETN_ACLK
    DestSyncResetInfoList
      DestResetInfo
        ResetName           : 'no-reset'
    SrcClockInfoList
      SrcClockInfo
        ClockName           : CLK_PRCM_ACLK
        ClockObject         : ACLK
        ClockDomainId       : 1
    ContainerInstance       : BOS_AESDMA
    Module                  : BOS_AESDMA
    Compression
      Type                  : RDC_RST_DEST_RST_CLK
      Master                : RDC:114

    -----------------------------------------------------------------------------
    Tag                     : RDC_CLOCK_CORRUPT_OBSERVED
    Description             : Asynchronous reset assertion at [SrcObject] due to reset [RdcSourceResets] happening in clock network is observed at [DestObject] (reset [RdcDestResets], clock [DestClockInfoList])
    Violation               : RDC:168
    ReasonInfoList
      ReasonInfo
        ReasonCode          : NO_BLOCKING_METHOD
        ReasonCodeMsg       : [ERROR] No valid blocking scheme found
    SrcObject               : u_AESDMA_TOP/u_aesdma_top/u_AESDMA_RDCORE/u_AESDMA_REORDER_BUF/r_cnt/Q[8:0]
    RdcSourceResets
      ResetName             : RESETN_ACLK
    DestObject              : u_sram_rob_cg/u_dont_touch_preicg/ECK
    RdcDestResets
      DestResetInfo
        ResetName           : 'no-reset'
    DestClockInfoList
      DestClockInfo
        ClockName           : CLK_PRCM_ACLK
        ClockObject         : ACLK
        ClockDomainId       : 1
    SrcObjectType           : flop
    DestObjectType          : clock-gating-cell
    AllSrcResets
      SrcResetInfo
        ResetName           : RESETN_ACLK
        ResetObject         : RESETN_ACLK
    DestSyncResetInfoList
      DestResetInfo
        ResetName           : 'no-reset'
    SrcClockInfoList
      SrcClockInfo
        ClockName           : CLK_PRCM_ACLK
        ClockObject         : ACLK
        ClockDomainId       : 1
    ContainerInstance       : BOS_AESDMA
    Module                  : BOS_AESDMA
    Compression
      Type                  : RDC_RST_DEST_RST_CLK
      Master                : RDC:114

    -----------------------------------------------------------------------------
    Tag                     : RDC_CLOCK_CORRUPT_OBSERVED
    Description             : Asynchronous reset assertion at [SrcObject] due to reset [RdcSourceResets] happening in clock network is observed at [DestObject] (reset [RdcDestResets], clock [DestClockInfoList])
    Violation               : RDC:169
    ReasonInfoList
      ReasonInfo
        ReasonCode          : NO_BLOCKING_METHOD
        ReasonCodeMsg       : [ERROR] No valid blocking scheme found
    SrcObject               : u_AESDMA_TOP/u_aesdma_top/u_AESDMA_RDCORE/u_AESDMA_REORDER_BUF/rd_table[5].id[4:0]
    RdcSourceResets
      ResetName             : RESETN_ACLK
    DestObject              : u_sram_rob_cg/u_dont_touch_preicg/ECK
    RdcDestResets
      DestResetInfo
        ResetName           : 'no-reset'
    DestClockInfoList
      DestClockInfo
        ClockName           : CLK_PRCM_ACLK
        ClockObject         : ACLK
        ClockDomainId       : 1
    SrcObjectType           : flop
    DestObjectType          : clock-gating-cell
    AllSrcResets
      SrcResetInfo
        ResetName           : RESETN_ACLK
        ResetObject         : RESETN_ACLK
    DestSyncResetInfoList
      DestResetInfo
        ResetName           : 'no-reset'
    SrcClockInfoList
      SrcClockInfo
        ClockName           : CLK_PRCM_ACLK
        ClockObject         : ACLK
        ClockDomainId       : 1
    ContainerInstance       : BOS_AESDMA
    Module                  : BOS_AESDMA
    Compression
      Type                  : RDC_RST_DEST_RST_CLK
      Master                : RDC:114

    -----------------------------------------------------------------------------
    Tag                     : RDC_CLOCK_CORRUPT_OBSERVED
    Description             : Asynchronous reset assertion at [SrcObject] due to reset [RdcSourceResets] happening in clock network is observed at [DestObject] (reset [RdcDestResets], clock [DestClockInfoList])
    Violation               : RDC:170
    ReasonInfoList
      ReasonInfo
        ReasonCode          : NO_BLOCKING_METHOD
        ReasonCodeMsg       : [ERROR] No valid blocking scheme found
    SrcObject               : u_AESDMA_TOP/u_aesdma_top/u_AESDMA_RDCORE/u_AESDMA_REORDER_BUF/u_REGFIFO/r_cnt/Q[1:0]
    RdcSourceResets
      ResetName             : RESETN_ACLK
    DestObject              : u_sram_rob_cg/u_dont_touch_preicg/ECK
    RdcDestResets
      DestResetInfo
        ResetName           : 'no-reset'
    DestClockInfoList
      DestClockInfo
        ClockName           : CLK_PRCM_ACLK
        ClockObject         : ACLK
        ClockDomainId       : 1
    SrcObjectType           : flop
    DestObjectType          : clock-gating-cell
    AllSrcResets
      SrcResetInfo
        ResetName           : RESETN_ACLK
        ResetObject         : RESETN_ACLK
    DestSyncResetInfoList
      DestResetInfo
        ResetName           : 'no-reset'
    SrcClockInfoList
      SrcClockInfo
        ClockName           : CLK_PRCM_ACLK
        ClockObject         : ACLK
        ClockDomainId       : 1
    ContainerInstance       : BOS_AESDMA
    Module                  : BOS_AESDMA
    Compression
      Type                  : RDC_RST_DEST_RST_CLK
      Master                : RDC:114

    -----------------------------------------------------------------------------
    Tag                     : RDC_CLOCK_CORRUPT_OBSERVED
    Description             : Asynchronous reset assertion at [SrcObject] due to reset [RdcSourceResets] happening in clock network is observed at [DestObject] (reset [RdcDestResets], clock [DestClockInfoList])
    Violation               : RDC:171
    ReasonInfoList
      ReasonInfo
        ReasonCode          : NO_BLOCKING_METHOD
        ReasonCodeMsg       : [ERROR] No valid blocking scheme found
    SrcObject               : u_fierr_ecc_e2_sram_rob/sync_inst[0].genblk1.genblk1.u_dont_touch_sync_dff2/Q
    RdcSourceResets
      ResetName             : RESETN_ACLK
    DestObject              : u_sram_rob_cg/u_dont_touch_preicg/ECK
    RdcDestResets
      DestResetInfo
        ResetName           : 'no-reset'
    DestClockInfoList
      DestClockInfo
        ClockName           : CLK_PRCM_ACLK
        ClockObject         : ACLK
        ClockDomainId       : 1
    SrcObjectType           : library-cell
    DestObjectType          : clock-gating-cell
    AllSrcResets
      SrcResetInfo
        ResetName           : RESETN_ACLK
        ResetObject         : RESETN_ACLK
    DestSyncResetInfoList
      DestResetInfo
        ResetName           : 'no-reset'
    SrcClockInfoList
      SrcClockInfo
        ClockName           : CLK_PRCM_ACLK
        ClockObject         : ACLK
        ClockDomainId       : 1
    ContainerInstance       : BOS_AESDMA
    Module                  : BOS_AESDMA
    Compression
      Type                  : RDC_RST_DEST_RST_CLK
      Master                : RDC:114

    -----------------------------------------------------------------------------
    Tag                     : RDC_CLOCK_CORRUPT_OBSERVED
    Description             : Asynchronous reset assertion at [SrcObject] due to reset [RdcSourceResets] happening in clock network is observed at [DestObject] (reset [RdcDestResets], clock [DestClockInfoList])
    Violation               : RDC:172
    ReasonInfoList
      ReasonInfo
        ReasonCode          : NO_BLOCKING_METHOD
        ReasonCodeMsg       : [ERROR] No valid blocking scheme found
    SrcObject               : u_AESDMA_TOP/u_aesdma_top/u_AESDMA_RDCORE/u_AESDMA_REORDER_BUF/rd_table[4].id[4:0]
    RdcSourceResets
      ResetName             : RESETN_ACLK
    DestObject              : u_sram_rob_cg/u_dont_touch_preicg/ECK
    RdcDestResets
      DestResetInfo
        ResetName           : 'no-reset'
    DestClockInfoList
      DestClockInfo
        ClockName           : CLK_PRCM_ACLK
        ClockObject         : ACLK
        ClockDomainId       : 1
    SrcObjectType           : flop
    DestObjectType          : clock-gating-cell
    AllSrcResets
      SrcResetInfo
        ResetName           : RESETN_ACLK
        ResetObject         : RESETN_ACLK
    DestSyncResetInfoList
      DestResetInfo
        ResetName           : 'no-reset'
    SrcClockInfoList
      SrcClockInfo
        ClockName           : CLK_PRCM_ACLK
        ClockObject         : ACLK
        ClockDomainId       : 1
    ContainerInstance       : BOS_AESDMA
    Module                  : BOS_AESDMA
    Compression
      Type                  : RDC_RST_DEST_RST_CLK
      Master                : RDC:114

    -----------------------------------------------------------------------------
    Tag                     : RDC_CLOCK_CORRUPT_OBSERVED
    Description             : Asynchronous reset assertion at [SrcObject] due to reset [RdcSourceResets] happening in clock network is observed at [DestObject] (reset [RdcDestResets], clock [DestClockInfoList])
    Violation               : RDC:173
    ReasonInfoList
      ReasonInfo
        ReasonCode          : NO_BLOCKING_METHOD
        ReasonCodeMsg       : [ERROR] No valid blocking scheme found
    SrcObject               : u_AESDMA_TOP/u_aesdma_top/u_AESDMA_RDCORE/u_AESDMA_REORDER_BUF/rd_table[20].table_entry_valid
    RdcSourceResets
      ResetName             : RESETN_ACLK
    DestObject              : u_sram_rob_cg/u_dont_touch_preicg/ECK
    RdcDestResets
      DestResetInfo
        ResetName           : 'no-reset'
    DestClockInfoList
      DestClockInfo
        ClockName           : CLK_PRCM_ACLK
        ClockObject         : ACLK
        ClockDomainId       : 1
    SrcObjectType           : flop
    DestObjectType          : clock-gating-cell
    AllSrcResets
      SrcResetInfo
        ResetName           : RESETN_ACLK
        ResetObject         : RESETN_ACLK
    DestSyncResetInfoList
      DestResetInfo
        ResetName           : 'no-reset'
    SrcClockInfoList
      SrcClockInfo
        ClockName           : CLK_PRCM_ACLK
        ClockObject         : ACLK
        ClockDomainId       : 1
    ContainerInstance       : BOS_AESDMA
    Module                  : BOS_AESDMA
    Compression
      Type                  : RDC_RST_DEST_RST_CLK
      Master                : RDC:114

    -----------------------------------------------------------------------------
    Tag                     : RDC_CLOCK_CORRUPT_OBSERVED
    Description             : Asynchronous reset assertion at [SrcObject] due to reset [RdcSourceResets] happening in clock network is observed at [DestObject] (reset [RdcDestResets], clock [DestClockInfoList])
    Violation               : RDC:174
    ReasonInfoList
      ReasonInfo
        ReasonCode          : NO_BLOCKING_METHOD
        ReasonCodeMsg       : [ERROR] No valid blocking scheme found
    SrcObject               : u_AESDMA_TOP/u_aesdma_top/u_AESDMA_RDCORE/u_AESDMA_REORDER_BUF/u_REGFIFO/w_cnt/Q[1:0]
    RdcSourceResets
      ResetName             : RESETN_ACLK
    DestObject              : u_sram_rob_cg/u_dont_touch_preicg/ECK
    RdcDestResets
      DestResetInfo
        ResetName           : 'no-reset'
    DestClockInfoList
      DestClockInfo
        ClockName           : CLK_PRCM_ACLK
        ClockObject         : ACLK
        ClockDomainId       : 1
    SrcObjectType           : flop
    DestObjectType          : clock-gating-cell
    AllSrcResets
      SrcResetInfo
        ResetName           : RESETN_ACLK
        ResetObject         : RESETN_ACLK
    DestSyncResetInfoList
      DestResetInfo
        ResetName           : 'no-reset'
    SrcClockInfoList
      SrcClockInfo
        ClockName           : CLK_PRCM_ACLK
        ClockObject         : ACLK
        ClockDomainId       : 1
    ContainerInstance       : BOS_AESDMA
    Module                  : BOS_AESDMA
    Compression
      Type                  : RDC_RST_DEST_RST_CLK
      Master                : RDC:114

    -----------------------------------------------------------------------------
    Tag                     : RDC_CLOCK_CORRUPT_OBSERVED
    Description             : Asynchronous reset assertion at [SrcObject] due to reset [RdcSourceResets] happening in clock network is observed at [DestObject] (reset [RdcDestResets], clock [DestClockInfoList])
    Violation               : RDC:175
    ReasonInfoList
      ReasonInfo
        ReasonCode          : NO_BLOCKING_METHOD
        ReasonCodeMsg       : [ERROR] No valid blocking scheme found
    SrcObject               : u_fierr_ecc_e1_sram_rob/sync_inst[0].genblk1.genblk1.u_dont_touch_sync_dff2/Q
    RdcSourceResets
      ResetName             : RESETN_ACLK
    DestObject              : u_sram_rob_cg/u_dont_touch_preicg/ECK
    RdcDestResets
      DestResetInfo
        ResetName           : 'no-reset'
    DestClockInfoList
      DestClockInfo
        ClockName           : CLK_PRCM_ACLK
        ClockObject         : ACLK
        ClockDomainId       : 1
    SrcObjectType           : library-cell
    DestObjectType          : clock-gating-cell
    AllSrcResets
      SrcResetInfo
        ResetName           : RESETN_ACLK
        ResetObject         : RESETN_ACLK
    DestSyncResetInfoList
      DestResetInfo
        ResetName           : 'no-reset'
    SrcClockInfoList
      SrcClockInfo
        ClockName           : CLK_PRCM_ACLK
        ClockObject         : ACLK
        ClockDomainId       : 1
    ContainerInstance       : BOS_AESDMA
    Module                  : BOS_AESDMA
    Compression
      Type                  : RDC_RST_DEST_RST_CLK
      Master                : RDC:114

    -----------------------------------------------------------------------------
    Tag                     : RDC_CLOCK_CORRUPT_OBSERVED
    Description             : Asynchronous reset assertion at [SrcObject] due to reset [RdcSourceResets] happening in clock network is observed at [DestObject] (reset [RdcDestResets], clock [DestClockInfoList])
    Violation               : RDC:176
    ReasonInfoList
      ReasonInfo
        ReasonCode          : NO_BLOCKING_METHOD
        ReasonCodeMsg       : [ERROR] No valid blocking scheme found
    SrcObject               : u_AESDMA_TOP/u_aesdma_top/u_AESDMA_RDCORE/u_AESDMA_REORDER_BUF/rd_table[0].table_entry_valid
    RdcSourceResets
      ResetName             : RESETN_ACLK
    DestObject              : u_sram_rob_cg/u_dont_touch_preicg/ECK
    RdcDestResets
      DestResetInfo
        ResetName           : 'no-reset'
    DestClockInfoList
      DestClockInfo
        ClockName           : CLK_PRCM_ACLK
        ClockObject         : ACLK
        ClockDomainId       : 1
    SrcObjectType           : flop
    DestObjectType          : clock-gating-cell
    AllSrcResets
      SrcResetInfo
        ResetName           : RESETN_ACLK
        ResetObject         : RESETN_ACLK
    DestSyncResetInfoList
      DestResetInfo
        ResetName           : 'no-reset'
    SrcClockInfoList
      SrcClockInfo
        ClockName           : CLK_PRCM_ACLK
        ClockObject         : ACLK
        ClockDomainId       : 1
    ContainerInstance       : BOS_AESDMA
    Module                  : BOS_AESDMA
    Compression
      Type                  : RDC_RST_DEST_RST_CLK
      Master                : RDC:114

    -----------------------------------------------------------------------------
    Tag                     : RDC_CLOCK_CORRUPT_OBSERVED
    Description             : Asynchronous reset assertion at [SrcObject] due to reset [RdcSourceResets] happening in clock network is observed at [DestObject] (reset [RdcDestResets], clock [DestClockInfoList])
    Violation               : RDC:177
    ReasonInfoList
      ReasonInfo
        ReasonCode          : NO_BLOCKING_METHOD
        ReasonCodeMsg       : [ERROR] No valid blocking scheme found
    SrcObject               : u_AESDMA_TOP/u_aesdma_top/u_AESDMA_RDCORE/u_AESDMA_REORDER_BUF/rpt_cur_last_processed_table_id/Q[4:0]
    RdcSourceResets
      ResetName             : RESETN_ACLK
    DestObject              : u_sram_rob_cg/u_dont_touch_preicg/ECK
    RdcDestResets
      DestResetInfo
        ResetName           : 'no-reset'
    DestClockInfoList
      DestClockInfo
        ClockName           : CLK_PRCM_ACLK
        ClockObject         : ACLK
        ClockDomainId       : 1
    SrcObjectType           : flop
    DestObjectType          : clock-gating-cell
    AllSrcResets
      SrcResetInfo
        ResetName           : RESETN_ACLK
        ResetObject         : RESETN_ACLK
    DestSyncResetInfoList
      DestResetInfo
        ResetName           : 'no-reset'
    SrcClockInfoList
      SrcClockInfo
        ClockName           : CLK_PRCM_ACLK
        ClockObject         : ACLK
        ClockDomainId       : 1
    ContainerInstance       : BOS_AESDMA
    Module                  : BOS_AESDMA
    Compression
      Type                  : RDC_RST_DEST_RST_CLK
      Master                : RDC:114

    -----------------------------------------------------------------------------
    Tag                     : RDC_CLOCK_CORRUPT_OBSERVED
    Description             : Asynchronous reset assertion at [SrcObject] due to reset [RdcSourceResets] happening in clock network is observed at [DestObject] (reset [RdcDestResets], clock [DestClockInfoList])
    Violation               : RDC:178
    ReasonInfoList
      ReasonInfo
        ReasonCode          : NO_BLOCKING_METHOD
        ReasonCodeMsg       : [ERROR] No valid blocking scheme found
    SrcObject               : u_AESDMA_TOP/u_aesdma_top/u_AESDMA_RDCORE/u_AESDMA_REORDER_BUF/rd_table[2].table_entry_valid
    RdcSourceResets
      ResetName             : RESETN_ACLK
    DestObject              : u_sram_rob_cg/u_dont_touch_preicg/ECK
    RdcDestResets
      DestResetInfo
        ResetName           : 'no-reset'
    DestClockInfoList
      DestClockInfo
        ClockName           : CLK_PRCM_ACLK
        ClockObject         : ACLK
        ClockDomainId       : 1
    SrcObjectType           : flop
    DestObjectType          : clock-gating-cell
    AllSrcResets
      SrcResetInfo
        ResetName           : RESETN_ACLK
        ResetObject         : RESETN_ACLK
    DestSyncResetInfoList
      DestResetInfo
        ResetName           : 'no-reset'
    SrcClockInfoList
      SrcClockInfo
        ClockName           : CLK_PRCM_ACLK
        ClockObject         : ACLK
        ClockDomainId       : 1
    ContainerInstance       : BOS_AESDMA
    Module                  : BOS_AESDMA
    Compression
      Type                  : RDC_RST_DEST_RST_CLK
      Master                : RDC:114

    -----------------------------------------------------------------------------
    Tag                     : RDC_CLOCK_CORRUPT_OBSERVED
    Description             : Asynchronous reset assertion at [SrcObject] due to reset [RdcSourceResets] happening in clock network is observed at [DestObject] (reset [RdcDestResets], clock [DestClockInfoList])
    Violation               : RDC:179
    ReasonInfoList
      ReasonInfo
        ReasonCode          : NO_BLOCKING_METHOD
        ReasonCodeMsg       : [ERROR] No valid blocking scheme found
    SrcObject               : u_enerr_ecc_e2_sram_rob/sync_inst[0].genblk1.genblk1.u_dont_touch_sync_dff2/Q
    RdcSourceResets
      ResetName             : RESETN_ACLK
    DestObject              : u_sram_rob_cg/u_dont_touch_preicg/ECK
    RdcDestResets
      DestResetInfo
        ResetName           : 'no-reset'
    DestClockInfoList
      DestClockInfo
        ClockName           : CLK_PRCM_ACLK
        ClockObject         : ACLK
        ClockDomainId       : 1
    SrcObjectType           : library-cell
    DestObjectType          : clock-gating-cell
    AllSrcResets
      SrcResetInfo
        ResetName           : RESETN_ACLK
        ResetObject         : RESETN_ACLK
    DestSyncResetInfoList
      DestResetInfo
        ResetName           : 'no-reset'
    SrcClockInfoList
      SrcClockInfo
        ClockName           : CLK_PRCM_ACLK
        ClockObject         : ACLK
        ClockDomainId       : 1
    ContainerInstance       : BOS_AESDMA
    Module                  : BOS_AESDMA
    Compression
      Type                  : RDC_RST_DEST_RST_CLK
      Master                : RDC:114

    -----------------------------------------------------------------------------
    Tag                     : RDC_CLOCK_CORRUPT_OBSERVED
    Description             : Asynchronous reset assertion at [SrcObject] due to reset [RdcSourceResets] happening in clock network is observed at [DestObject] (reset [RdcDestResets], clock [DestClockInfoList])
    Violation               : RDC:180
    ReasonInfoList
      ReasonInfo
        ReasonCode          : NO_BLOCKING_METHOD
        ReasonCodeMsg       : [ERROR] No valid blocking scheme found
    SrcObject               : u_AESDMA_TOP/u_aesdma_top/u_AESDMA_RDCORE/u_AESDMA_REORDER_BUF/rd_table[10].id[4:0]
    RdcSourceResets
      ResetName             : RESETN_ACLK
    DestObject              : u_sram_rob_cg/u_dont_touch_preicg/ECK
    RdcDestResets
      DestResetInfo
        ResetName           : 'no-reset'
    DestClockInfoList
      DestClockInfo
        ClockName           : CLK_PRCM_ACLK
        ClockObject         : ACLK
        ClockDomainId       : 1
    SrcObjectType           : flop
    DestObjectType          : clock-gating-cell
    AllSrcResets
      SrcResetInfo
        ResetName           : RESETN_ACLK
        ResetObject         : RESETN_ACLK
    DestSyncResetInfoList
      DestResetInfo
        ResetName           : 'no-reset'
    SrcClockInfoList
      SrcClockInfo
        ClockName           : CLK_PRCM_ACLK
        ClockObject         : ACLK
        ClockDomainId       : 1
    ContainerInstance       : BOS_AESDMA
    Module                  : BOS_AESDMA
    Compression
      Type                  : RDC_RST_DEST_RST_CLK
      Master                : RDC:114

    -----------------------------------------------------------------------------
    Tag                     : RDC_CLOCK_CORRUPT_OBSERVED
    Description             : Asynchronous reset assertion at [SrcObject] due to reset [RdcSourceResets] happening in clock network is observed at [DestObject] (reset [RdcDestResets], clock [DestClockInfoList])
    Violation               : RDC:181
    ReasonInfoList
      ReasonInfo
        ReasonCode          : NO_BLOCKING_METHOD
        ReasonCodeMsg       : [ERROR] No valid blocking scheme found
    SrcObject               : u_enerr_ecc_dec_dcls_sram_rob/sync_inst[0].genblk1.genblk1.u_dont_touch_sync_dff2/Q
    RdcSourceResets
      ResetName             : RESETN_ACLK
    DestObject              : u_sram_rob_cg/u_dont_touch_preicg/ECK
    RdcDestResets
      DestResetInfo
        ResetName           : 'no-reset'
    DestClockInfoList
      DestClockInfo
        ClockName           : CLK_PRCM_ACLK
        ClockObject         : ACLK
        ClockDomainId       : 1
    SrcObjectType           : library-cell
    DestObjectType          : clock-gating-cell
    AllSrcResets
      SrcResetInfo
        ResetName           : RESETN_ACLK
        ResetObject         : RESETN_ACLK
    DestSyncResetInfoList
      DestResetInfo
        ResetName           : 'no-reset'
    SrcClockInfoList
      SrcClockInfo
        ClockName           : CLK_PRCM_ACLK
        ClockObject         : ACLK
        ClockDomainId       : 1
    ContainerInstance       : BOS_AESDMA
    Module                  : BOS_AESDMA
    Compression
      Type                  : RDC_RST_DEST_RST_CLK
      Master                : RDC:114

    -----------------------------------------------------------------------------
    Tag                     : RDC_CLOCK_CORRUPT_OBSERVED
    Description             : Asynchronous reset assertion at [SrcObject] due to reset [RdcSourceResets] happening in clock network is observed at [DestObject] (reset [RdcDestResets], clock [DestClockInfoList])
    Violation               : RDC:182
    ReasonInfoList
      ReasonInfo
        ReasonCode          : NO_BLOCKING_METHOD
        ReasonCodeMsg       : [ERROR] No valid blocking scheme found
    SrcObject               : u_enerr_ecc_e1_sram_rob/sync_inst[0].genblk1.genblk1.u_dont_touch_sync_dff2/Q
    RdcSourceResets
      ResetName             : RESETN_ACLK
    DestObject              : u_sram_rob_cg/u_dont_touch_preicg/ECK
    RdcDestResets
      DestResetInfo
        ResetName           : 'no-reset'
    DestClockInfoList
      DestClockInfo
        ClockName           : CLK_PRCM_ACLK
        ClockObject         : ACLK
        ClockDomainId       : 1
    SrcObjectType           : library-cell
    DestObjectType          : clock-gating-cell
    AllSrcResets
      SrcResetInfo
        ResetName           : RESETN_ACLK
        ResetObject         : RESETN_ACLK
    DestSyncResetInfoList
      DestResetInfo
        ResetName           : 'no-reset'
    SrcClockInfoList
      SrcClockInfo
        ClockName           : CLK_PRCM_ACLK
        ClockObject         : ACLK
        ClockDomainId       : 1
    ContainerInstance       : BOS_AESDMA
    Module                  : BOS_AESDMA
    Compression
      Type                  : RDC_RST_DEST_RST_CLK
      Master                : RDC:114

    -----------------------------------------------------------------------------
    Tag                     : RDC_CLOCK_CORRUPT_OBSERVED
    Description             : Asynchronous reset assertion at [SrcObject] due to reset [RdcSourceResets] happening in clock network is observed at [DestObject] (reset [RdcDestResets], clock [DestClockInfoList])
    Violation               : RDC:183
    ReasonInfoList
      ReasonInfo
        ReasonCode          : NO_BLOCKING_METHOD
        ReasonCodeMsg       : [ERROR] No valid blocking scheme found
    SrcObject               : u_AESDMA_TOP/u_aesdma_top/u_AESDMA_RDCORE/u_AESDMA_REORDER_BUF/rd_table[7].id[4:0]
    RdcSourceResets
      ResetName             : RESETN_ACLK
    DestObject              : u_sram_rob_cg/u_dont_touch_preicg/ECK
    RdcDestResets
      DestResetInfo
        ResetName           : 'no-reset'
    DestClockInfoList
      DestClockInfo
        ClockName           : CLK_PRCM_ACLK
        ClockObject         : ACLK
        ClockDomainId       : 1
    SrcObjectType           : flop
    DestObjectType          : clock-gating-cell
    AllSrcResets
      SrcResetInfo
        ResetName           : RESETN_ACLK
        ResetObject         : RESETN_ACLK
    DestSyncResetInfoList
      DestResetInfo
        ResetName           : 'no-reset'
    SrcClockInfoList
      SrcClockInfo
        ClockName           : CLK_PRCM_ACLK
        ClockObject         : ACLK
        ClockDomainId       : 1
    ContainerInstance       : BOS_AESDMA
    Module                  : BOS_AESDMA
    Compression
      Type                  : RDC_RST_DEST_RST_CLK
      Master                : RDC:114

    -----------------------------------------------------------------------------
    Tag                     : RDC_CLOCK_CORRUPT_OBSERVED
    Description             : Asynchronous reset assertion at [SrcObject] due to reset [RdcSourceResets] happening in clock network is observed at [DestObject] (reset [RdcDestResets], clock [DestClockInfoList])
    Violation               : RDC:186
    ReasonInfoList
      ReasonInfo
        ReasonCode          : NO_BLOCKING_METHOD
        ReasonCodeMsg       : [ERROR] No valid blocking scheme found
    SrcObject               : gN1B0ApbASB.u_apbasyncbridgemstr_aesdma/u_mstr_core/u_lpislave_clkm/u_css600_lpislave_fsm/state/Q[2:0]
    RdcSourceResets
      ResetName             : RESETN_ACLK
    DestObject              : gN1B0ApbASB.u_apbasyncbridgemstr_aesdma/u_clk_gate/u_bos_soc_cg/u_dont_touch_preicg/ECK
    RdcDestResets
      DestResetInfo
        ResetName           : 'no-reset'
    DestClockInfoList
      DestClockInfo
        ClockName           : CLK_PRCM_ACLK
        ClockObject         : ACLK
        ClockDomainId       : 1
    SrcObjectType           : flop
    DestObjectType          : clock-gating-cell
    AllSrcResets
      SrcResetInfo
        ResetName           : RESETN_ACLK
        ResetObject         : RESETN_ACLK
    DestSyncResetInfoList
      DestResetInfo
        ResetName           : 'no-reset'
    SrcClockInfoList
      SrcClockInfo
        ClockName           : CLK_PRCM_ACLK
        ClockObject         : ACLK
        ClockDomainId       : 1
    ContainerInstance       : gN1B0ApbASB.u_apbasyncbridgemstr_aesdma
    Module                  : css600_apbasyncbridgemstr
    Compression
      Type                  : RDC_RST_DEST_RST_CLK
      Master                : RDC:114

    -----------------------------------------------------------------------------
    Tag                     : RDC_CLOCK_CORRUPT_OBSERVED
    Description             : Asynchronous reset assertion at [SrcObject] due to reset [RdcSourceResets] happening in clock network is observed at [DestObject] (reset [RdcDestResets], clock [DestClockInfoList])
    Violation               : RDC:187
    ReasonInfoList
      ReasonInfo
        ReasonCode          : NO_BLOCKING_METHOD
        ReasonCodeMsg       : [ERROR] No valid blocking scheme found
    SrcObject               : gN1B0ApbASB.u_apbasyncbridgemstr_aesdma/u_mstr_core/state/Q[1:0]
    RdcSourceResets
      ResetName             : RESETN_ACLK
    DestObject              : gN1B0ApbASB.u_apbasyncbridgemstr_aesdma/u_clk_gate/u_bos_soc_cg/u_dont_touch_preicg/ECK
    RdcDestResets
      DestResetInfo
        ResetName           : 'no-reset'
    DestClockInfoList
      DestClockInfo
        ClockName           : CLK_PRCM_ACLK
        ClockObject         : ACLK
        ClockDomainId       : 1
    SrcObjectType           : flop
    DestObjectType          : clock-gating-cell
    AllSrcResets
      SrcResetInfo
        ResetName           : RESETN_ACLK
        ResetObject         : RESETN_ACLK
    DestSyncResetInfoList
      DestResetInfo
        ResetName           : 'no-reset'
    SrcClockInfoList
      SrcClockInfo
        ClockName           : CLK_PRCM_ACLK
        ClockObject         : ACLK
        ClockDomainId       : 1
    ContainerInstance       : gN1B0ApbASB.u_apbasyncbridgemstr_aesdma
    Module                  : css600_apbasyncbridgemstr
    Compression
      Type                  : RDC_RST_DEST_RST_CLK
      Master                : RDC:114

    -----------------------------------------------------------------------------
    Tag                     : RDC_CLOCK_CORRUPT_OBSERVED
    Description             : Asynchronous reset assertion at [SrcObject] due to reset [RdcSourceResets] happening in clock network is observed at [DestObject] (reset [RdcDestResets], clock [DestClockInfoList])
    Violation               : RDC:188
    ReasonInfoList
      ReasonInfo
        ReasonCode          : NO_BLOCKING_METHOD
        ReasonCodeMsg       : [ERROR] No valid blocking scheme found
    SrcObject               : gN1B0ApbASB.u_apbasyncbridgemstr_aesdma/u_clk_qreq_sync/u_BOS_SOC_SYNCHSR/sync_inst[0].genblk1.genblk1.u_dont_touch_sync_dff2/Q
    RdcSourceResets
      ResetName             : RESETN_ACLK
    DestObject              : gN1B0ApbASB.u_apbasyncbridgemstr_aesdma/u_clk_gate/u_bos_soc_cg/u_dont_touch_preicg/ECK
    RdcDestResets
      DestResetInfo
        ResetName           : 'no-reset'
    DestClockInfoList
      DestClockInfo
        ClockName           : CLK_PRCM_ACLK
        ClockObject         : ACLK
        ClockDomainId       : 1
    SrcObjectType           : library-cell
    DestObjectType          : clock-gating-cell
    AllSrcResets
      SrcResetInfo
        ResetName           : RESETN_ACLK
        ResetObject         : RESETN_ACLK
    DestSyncResetInfoList
      DestResetInfo
        ResetName           : 'no-reset'
    SrcClockInfoList
      SrcClockInfo
        ClockName           : CLK_PRCM_ACLK
        ClockObject         : ACLK
        ClockDomainId       : 1
    ContainerInstance       : gN1B0ApbASB.u_apbasyncbridgemstr_aesdma
    Module                  : css600_apbasyncbridgemstr
    Compression
      Type                  : RDC_RST_DEST_RST_CLK
      Master                : RDC:114

    -----------------------------------------------------------------------------
    Tag                     : RDC_CLOCK_CORRUPT_OBSERVED
    Description             : Asynchronous reset assertion at [SrcObject] due to reset [RdcSourceResets] happening in clock network is observed at [DestObject] (reset [RdcDestResets], clock [DestClockInfoList])
    Violation               : RDC:189
    ReasonInfoList
      ReasonInfo
        ReasonCode          : NO_BLOCKING_METHOD
        ReasonCodeMsg       : [ERROR] No valid blocking scheme found
    SrcObject               : gN1B0ApbASB.u_apbasyncbridgemstr_aesdma/u_req_sync/u_BOS_SOC_SYNCHSR/sync_inst[0].genblk1.genblk1.u_dont_touch_sync_dff2/Q
    RdcSourceResets
      ResetName             : RESETN_ACLK
    DestObject              : gN1B0ApbASB.u_apbasyncbridgemstr_aesdma/u_clk_gate/u_bos_soc_cg/u_dont_touch_preicg/ECK
    RdcDestResets
      DestResetInfo
        ResetName           : 'no-reset'
    DestClockInfoList
      DestClockInfo
        ClockName           : CLK_PRCM_ACLK
        ClockObject         : ACLK
        ClockDomainId       : 1
    SrcObjectType           : library-cell
    DestObjectType          : clock-gating-cell
    AllSrcResets
      SrcResetInfo
        ResetName           : RESETN_ACLK
        ResetObject         : RESETN_ACLK
    DestSyncResetInfoList
      DestResetInfo
        ResetName           : 'no-reset'
    SrcClockInfoList
      SrcClockInfo
        ClockName           : CLK_PRCM_ACLK
        ClockObject         : ACLK
        ClockDomainId       : 1
    ContainerInstance       : gN1B0ApbASB.u_apbasyncbridgemstr_aesdma
    Module                  : css600_apbasyncbridgemstr
    Compression
      Type                  : RDC_RST_DEST_RST_CLK
      Master                : RDC:114

  -----------------------------------------------------------------------------
  Tag                       : RDC_CLOCK_CORRUPT_OBSERVED
  Description               : Asynchronous reset assertion at [SrcObject] due to reset [RdcSourceResets] happening in clock network is observed at [DestObject] (reset [RdcDestResets], clock [DestClockInfoList])
  Violation                 : RDC:184
  ReasonInfoList
    ReasonInfo
      ReasonCode            : NO_BLOCKING_METHOD
      ReasonCodeMsg         : [ERROR] No valid blocking scheme found
  SrcObject                 : gN1B0ApbASB.u_apbasyncbridgeslv_aesdma/u_slv_core/u_lpislave_clks/u_css600_lpislave_fsm/state/Q[2:0]
  RdcSourceResets
    ResetName               : RESETN_PCLK
  DestObject                : gN1B0ApbASB.u_apbasyncbridgeslv_aesdma/u_clk_gate/u_bos_soc_cg/u_dont_touch_preicg/ECK
  RdcDestResets
    DestResetInfo
      ResetName             : 'no-reset'
  DestClockInfoList
    DestClockInfo
      ClockName             : CLK_PRCM_PCLK
      ClockObject           : PCLK
      ClockDomainId         : 2
  SrcObjectType             : flop
  DestObjectType            : clock-gating-cell
  AllSrcResets
    SrcResetInfo
      ResetName             : RESETN_PCLK
      ResetObject           : RESETN_PCLK
  DestSyncResetInfoList
    DestResetInfo
      ResetName             : 'no-reset'
  SrcClockInfoList
    SrcClockInfo
      ClockName             : CLK_PRCM_PCLK
      ClockObject           : PCLK
      ClockDomainId         : 2
  ContainerInstance         : gN1B0ApbASB.u_apbasyncbridgeslv_aesdma
  Module                    : css600_apbasyncbridgeslv
  Compression
    Type                    : RDC_RST_DEST_RST_CLK
    Count                   : 1

    -----------------------------------------------------------------------------
    Tag                     : RDC_CLOCK_CORRUPT_OBSERVED
    Description             : Asynchronous reset assertion at [SrcObject] due to reset [RdcSourceResets] happening in clock network is observed at [DestObject] (reset [RdcDestResets], clock [DestClockInfoList])
    Violation               : RDC:185
    ReasonInfoList
      ReasonInfo
        ReasonCode          : NO_BLOCKING_METHOD
        ReasonCodeMsg       : [ERROR] No valid blocking scheme found
    SrcObject               : gN1B0ApbASB.u_apbasyncbridgeslv_aesdma/u_clk_qreq_sync/u_BOS_SOC_SYNCHSR/sync_inst[0].genblk1.genblk1.u_dont_touch_sync_dff2/Q
    RdcSourceResets
      ResetName             : RESETN_PCLK
    DestObject              : gN1B0ApbASB.u_apbasyncbridgeslv_aesdma/u_clk_gate/u_bos_soc_cg/u_dont_touch_preicg/ECK
    RdcDestResets
      DestResetInfo
        ResetName           : 'no-reset'
    DestClockInfoList
      DestClockInfo
        ClockName           : CLK_PRCM_PCLK
        ClockObject         : PCLK
        ClockDomainId       : 2
    SrcObjectType           : library-cell
    DestObjectType          : clock-gating-cell
    AllSrcResets
      SrcResetInfo
        ResetName           : RESETN_PCLK
        ResetObject         : RESETN_PCLK
    DestSyncResetInfoList
      DestResetInfo
        ResetName           : 'no-reset'
    SrcClockInfoList
      SrcClockInfo
        ClockName           : CLK_PRCM_PCLK
        ClockObject         : PCLK
        ClockDomainId       : 2
    ContainerInstance       : gN1B0ApbASB.u_apbasyncbridgeslv_aesdma
    Module                  : css600_apbasyncbridgeslv
    Compression
      Type                  : RDC_RST_DEST_RST_CLK
      Master                : RDC:184


  -----------------------------------------------------------------------------
  SETUP_LIBCELLPIN_UNMODELLED  (6 errors/0 waived)
  -----------------------------------------------------------------------------
  Tag                            : SETUP_LIBCELLPIN_UNMODELLED
  Description                    : PIN [InstPinName] for instance [InstanceName] of library cell [LibModuleName] is unmodelled
  Violation                      : RDC:5
  InstPinName                    : SO_D_L
  InstanceName                   : gen_wide_SRAM_WRFIFO[0].gen_SRAM_WRFIFO[0].gSF4WrMemInst.u_SRAM_WR_FIFO/u_sram/u_mem
  LibModuleName                  : ln04lpa_a00_mc_rd2rs_hsr_lvt_32x138m2b1c1
  PinType                        : output data
  ViolReason                     : Sequential Arc with no clock pins
  ContainerInstance              : gen_wide_SRAM_WRFIFO[0].gen_SRAM_WRFIFO[0].gSF4WrMemInst.u_SRAM_WR_FIFO/u_sram
  Module                         : ln04lpa_a00_mc_rd2rs_hsr_lvt_32x138m2b1c1_wrapper

  -----------------------------------------------------------------------------
  Tag                            : SETUP_LIBCELLPIN_UNMODELLED
  Description                    : PIN [InstPinName] for instance [InstanceName] of library cell [LibModuleName] is unmodelled
  Violation                      : RDC:6
  InstPinName                    : SO_D_R
  InstanceName                   : gen_wide_SRAM_WRFIFO[0].gen_SRAM_WRFIFO[0].gSF4WrMemInst.u_SRAM_WR_FIFO/u_sram/u_mem
  LibModuleName                  : ln04lpa_a00_mc_rd2rs_hsr_lvt_32x138m2b1c1
  PinType                        : output data
  ViolReason                     : Sequential Arc with no clock pins
  ContainerInstance              : gen_wide_SRAM_WRFIFO[0].gen_SRAM_WRFIFO[0].gSF4WrMemInst.u_SRAM_WR_FIFO/u_sram
  Module                         : ln04lpa_a00_mc_rd2rs_hsr_lvt_32x138m2b1c1_wrapper

  -----------------------------------------------------------------------------
  Tag                            : SETUP_LIBCELLPIN_UNMODELLED
  Description                    : PIN [InstPinName] for instance [InstanceName] of library cell [LibModuleName] is unmodelled
  Violation                      : RDC:7
  InstPinName                    : SO_D_L
  InstanceName                   : gen_wide_SRAM_ROB[0].gen_SRAM_ROB[0].gSF4MemInst.gSF4MemBdInst.u_SRAM_ROB_FIFO_BD/u_sram/u_mem
  LibModuleName                  : ln04lpa_a00_mc_rd2rs_hsr_lvt_320x72m2b1c1
  PinType                        : output data
  ViolReason                     : Sequential Arc with no clock pins
  ContainerInstance              : gen_wide_SRAM_ROB[0].gen_SRAM_ROB[0].gSF4MemInst.gSF4MemBdInst.u_SRAM_ROB_FIFO_BD/u_sram
  Module                         : ln04lpa_a00_mc_rd2rs_hsr_lvt_320x72m2b1c1_wrapper

  -----------------------------------------------------------------------------
  Tag                            : SETUP_LIBCELLPIN_UNMODELLED
  Description                    : PIN [InstPinName] for instance [InstanceName] of library cell [LibModuleName] is unmodelled
  Violation                      : RDC:8
  InstPinName                    : SO_D_R
  InstanceName                   : gen_wide_SRAM_ROB[0].gen_SRAM_ROB[0].gSF4MemInst.gSF4MemBdInst.u_SRAM_ROB_FIFO_BD/u_sram/u_mem
  LibModuleName                  : ln04lpa_a00_mc_rd2rs_hsr_lvt_320x72m2b1c1
  PinType                        : output data
  ViolReason                     : Sequential Arc with no clock pins
  ContainerInstance              : gen_wide_SRAM_ROB[0].gen_SRAM_ROB[0].gSF4MemInst.gSF4MemBdInst.u_SRAM_ROB_FIFO_BD/u_sram
  Module                         : ln04lpa_a00_mc_rd2rs_hsr_lvt_320x72m2b1c1_wrapper

  -----------------------------------------------------------------------------
  Tag                            : SETUP_LIBCELLPIN_UNMODELLED
  Description                    : PIN [InstPinName] for instance [InstanceName] of library cell [LibModuleName] is unmodelled
  Violation                      : RDC:9
  InstPinName                    : SO_D_L
  InstanceName                   : gen_wide_SRAM_ROB[0].gen_SRAM_ROB[1].gSF4MemInst.gSF4MemBdInst.u_SRAM_ROB_FIFO_BD/u_sram/u_mem
  LibModuleName                  : ln04lpa_a00_mc_rd2rs_hsr_lvt_320x72m2b1c1
  PinType                        : output data
  ViolReason                     : Sequential Arc with no clock pins
  ContainerInstance              : gen_wide_SRAM_ROB[0].gen_SRAM_ROB[1].gSF4MemInst.gSF4MemBdInst.u_SRAM_ROB_FIFO_BD/u_sram
  Module                         : ln04lpa_a00_mc_rd2rs_hsr_lvt_320x72m2b1c1_wrapper

  -----------------------------------------------------------------------------
  Tag                            : SETUP_LIBCELLPIN_UNMODELLED
  Description                    : PIN [InstPinName] for instance [InstanceName] of library cell [LibModuleName] is unmodelled
  Violation                      : RDC:10
  InstPinName                    : SO_D_R
  InstanceName                   : gen_wide_SRAM_ROB[0].gen_SRAM_ROB[1].gSF4MemInst.gSF4MemBdInst.u_SRAM_ROB_FIFO_BD/u_sram/u_mem
  LibModuleName                  : ln04lpa_a00_mc_rd2rs_hsr_lvt_320x72m2b1c1
  PinType                        : output data
  ViolReason                     : Sequential Arc with no clock pins
  ContainerInstance              : gen_wide_SRAM_ROB[0].gen_SRAM_ROB[1].gSF4MemInst.gSF4MemBdInst.u_SRAM_ROB_FIFO_BD/u_sram
  Module                         : ln04lpa_a00_mc_rd2rs_hsr_lvt_320x72m2b1c1_wrapper


  -----------------------------------------------------------------------------
  SETUP_RESET_CONSTANT_ACTIVE  (3 errors/0 waived)
  -----------------------------------------------------------------------------
  Tag                 : SETUP_RESET_CONSTANT_ACTIVE
  Description         : Reset net [NetName] is tied to active constant value [ResetValue]
  Violation           : RDC:34
  NetName             : gen_wide_SRAM_ROB[0].gen_SRAM_ROB[0].gSF4MemInst.gSF4MemBdInst.u_SRAM_ROB_FIFO_BD/DFTRAM
  ResetValue          : 0
  SeqObject           : gen_wide_SRAM_ROB[0].gen_SRAM_ROB[0].gSF4MemInst.gSF4MemBdInst.u_SRAM_ROB_FIFO_BD/u_sram/u_mem/DFTRAM
  Module              : ln04lpa_a00_mc_rd2rs_hsr_lvt_320x72m2b1c1_wrapper_safety_sf64eadi1
  ContainerInstance   : gen_wide_SRAM_ROB[0].gen_SRAM_ROB[0].gSF4MemInst.gSF4MemBdInst.u_SRAM_ROB_FIFO_BD

  -----------------------------------------------------------------------------
  Tag                 : SETUP_RESET_CONSTANT_ACTIVE
  Description         : Reset net [NetName] is tied to active constant value [ResetValue]
  Violation           : RDC:35
  NetName             : gen_wide_SRAM_WRFIFO[0].gen_SRAM_WRFIFO[0].gSF4WrMemInst.u_SRAM_WR_FIFO/DFTRAM
  ResetValue          : 0
  SeqObject           : gen_wide_SRAM_WRFIFO[0].gen_SRAM_WRFIFO[0].gSF4WrMemInst.u_SRAM_WR_FIFO/u_sram/u_mem/DFTRAM
  Module              : ln04lpa_a00_mc_rd2rs_hsr_lvt_32x138m2b1c1_wrapper_safety_sf129eadi1
  ContainerInstance   : gen_wide_SRAM_WRFIFO[0].gen_SRAM_WRFIFO[0].gSF4WrMemInst.u_SRAM_WR_FIFO

  -----------------------------------------------------------------------------
  Tag                 : SETUP_RESET_CONSTANT_ACTIVE
  Description         : Reset net [NetName] is tied to active constant value [ResetValue]
  Violation           : RDC:36
  NetName             : gen_wide_SRAM_ROB[0].gen_SRAM_ROB[1].gSF4MemInst.gSF4MemBdInst.u_SRAM_ROB_FIFO_BD/DFTRAM
  ResetValue          : 0
  SeqObject           : gen_wide_SRAM_ROB[0].gen_SRAM_ROB[1].gSF4MemInst.gSF4MemBdInst.u_SRAM_ROB_FIFO_BD/u_sram/u_mem/DFTRAM
  Module              : ln04lpa_a00_mc_rd2rs_hsr_lvt_320x72m2b1c1_wrapper_safety_sf64eadi1
  ContainerInstance   : gen_wide_SRAM_ROB[0].gen_SRAM_ROB[1].gSF4MemInst.gSF4MemBdInst.u_SRAM_ROB_FIFO_BD


  -----------------------------------------------------------------------------
  SETUP_CLOCK_PROPAGATED  (2 infos/0 waived)
  -----------------------------------------------------------------------------
  Tag                 : SETUP_CLOCK_PROPAGATED
  Description         : Clock domain [ClkDomainId], consisting of the clock(s) [ClksPropagated], has been inferred by the tool. It reaches to [SeqPinReachable] sequential pin(s)
  Violation           : RDC:3
  ClkDomainId         : 1
  ClksPropagated
    Clock
      ClkName         : CLK_PRCM_ACLK
      ClkType         : SDC_CLOCK
      ClkRootList
        ClkRoot       : ACLK
  SeqPinReachable     : 73837
  BBoxPinReachable    : 0
  ContainerInstance   : BOS_AESDMA
  Module              : BOS_AESDMA

  -----------------------------------------------------------------------------
  Tag                 : SETUP_CLOCK_PROPAGATED
  Description         : Clock domain [ClkDomainId], consisting of the clock(s) [ClksPropagated], has been inferred by the tool. It reaches to [SeqPinReachable] sequential pin(s)
  Violation           : RDC:4
  ClkDomainId         : 2
  ClksPropagated
    Clock
      ClkName         : CLK_PRCM_PCLK
      ClkType         : SDC_CLOCK
      ClkRootList
        ClkRoot       : PCLK
  SeqPinReachable     : 404
  BBoxPinReachable    : 0
  ContainerInstance   : BOS_AESDMA
  Module              : BOS_AESDMA


  -----------------------------------------------------------------------------
  SETUP_DATA_CONSTANT  (23 infos/0 waived)
  -----------------------------------------------------------------------------
  Tag                 : SETUP_DATA_CONSTANT
  Description         : Data [InstPinName] set to a constant
  Violation           : RDC:11
  ReasonInfoList
    ReasonInfo
      ReasonCode      : CONST_DATA
      ReasonCodeMsg   : Reports sequential element with no set/reset pin that has data pin tied to a constant.
  InstPinName         : gen_wide_SRAM_WRFIFO[0].gen_SRAM_WRFIFO[0].gSF4WrMemInst.u_SRAM_WR_FIFO/u_sram/u_mem/ADME[1:0]
  PinValue            : 0
  InstanceName        : gen_wide_SRAM_WRFIFO[0].gen_SRAM_WRFIFO[0].gSF4WrMemInst.u_SRAM_WR_FIFO/u_sram/u_mem
  DriverClock         : gen_wide_SRAM_WRFIFO[0].gen_SRAM_WRFIFO[0].gSF4WrMemInst.u_SRAM_WR_FIFO/u_sram/CK
  DestObjectType      : library-cell
  ContainerInstance   : gen_wide_SRAM_WRFIFO[0].gen_SRAM_WRFIFO[0].gSF4WrMemInst.u_SRAM_WR_FIFO/u_sram
  Module              : ln04lpa_a00_mc_rd2rs_hsr_lvt_32x138m2b1c1_wrapper

  -----------------------------------------------------------------------------
  Tag                 : SETUP_DATA_CONSTANT
  Description         : Data [InstPinName] set to a constant
  Violation           : RDC:12
  ReasonInfoList
    ReasonInfo
      ReasonCode      : CONST_DATA
      ReasonCodeMsg   : Reports sequential element with no set/reset pin that has data pin tied to a constant.
  InstPinName         : gen_wide_SRAM_WRFIFO[0].gen_SRAM_WRFIFO[0].gSF4WrMemInst.u_SRAM_WR_FIFO/u_sram/u_mem/ADME[2]
  PinValue            : 1
  InstanceName        : gen_wide_SRAM_WRFIFO[0].gen_SRAM_WRFIFO[0].gSF4WrMemInst.u_SRAM_WR_FIFO/u_sram/u_mem
  DriverClock         : gen_wide_SRAM_WRFIFO[0].gen_SRAM_WRFIFO[0].gSF4WrMemInst.u_SRAM_WR_FIFO/u_sram/CK
  DestObjectType      : library-cell
  ContainerInstance   : gen_wide_SRAM_WRFIFO[0].gen_SRAM_WRFIFO[0].gSF4WrMemInst.u_SRAM_WR_FIFO/u_sram
  Module              : ln04lpa_a00_mc_rd2rs_hsr_lvt_32x138m2b1c1_wrapper

  -----------------------------------------------------------------------------
  Tag                 : SETUP_DATA_CONSTANT
  Description         : Data [InstPinName] set to a constant
  Violation           : RDC:13
  ReasonInfoList
    ReasonInfo
      ReasonCode      : CONST_DATA
      ReasonCodeMsg   : Reports sequential element with no set/reset pin that has data pin tied to a constant.
  InstPinName         : gen_wide_SRAM_ROB[0].gen_SRAM_ROB[0].gSF4MemInst.gSF4MemBdInst.u_SRAM_ROB_FIFO_BD/u_sram/u_mem/ADME[1:0]
  PinValue            : 0
  InstanceName        : gen_wide_SRAM_ROB[0].gen_SRAM_ROB[0].gSF4MemInst.gSF4MemBdInst.u_SRAM_ROB_FIFO_BD/u_sram/u_mem
  DriverClock         : gen_wide_SRAM_ROB[0].gen_SRAM_ROB[0].gSF4MemInst.gSF4MemBdInst.u_SRAM_ROB_FIFO_BD/u_sram/CK
  DestObjectType      : library-cell
  ContainerInstance   : gen_wide_SRAM_ROB[0].gen_SRAM_ROB[0].gSF4MemInst.gSF4MemBdInst.u_SRAM_ROB_FIFO_BD/u_sram
  Module              : ln04lpa_a00_mc_rd2rs_hsr_lvt_320x72m2b1c1_wrapper

  -----------------------------------------------------------------------------
  Tag                 : SETUP_DATA_CONSTANT
  Description         : Data [InstPinName] set to a constant
  Violation           : RDC:14
  ReasonInfoList
    ReasonInfo
      ReasonCode      : CONST_DATA
      ReasonCodeMsg   : Reports sequential element with no set/reset pin that has data pin tied to a constant.
  InstPinName         : gen_wide_SRAM_ROB[0].gen_SRAM_ROB[0].gSF4MemInst.gSF4MemBdInst.u_SRAM_ROB_FIFO_BD/u_sram/u_mem/ADME[2]
  PinValue            : 1
  InstanceName        : gen_wide_SRAM_ROB[0].gen_SRAM_ROB[0].gSF4MemInst.gSF4MemBdInst.u_SRAM_ROB_FIFO_BD/u_sram/u_mem
  DriverClock         : gen_wide_SRAM_ROB[0].gen_SRAM_ROB[0].gSF4MemInst.gSF4MemBdInst.u_SRAM_ROB_FIFO_BD/u_sram/CK
  DestObjectType      : library-cell
  ContainerInstance   : gen_wide_SRAM_ROB[0].gen_SRAM_ROB[0].gSF4MemInst.gSF4MemBdInst.u_SRAM_ROB_FIFO_BD/u_sram
  Module              : ln04lpa_a00_mc_rd2rs_hsr_lvt_320x72m2b1c1_wrapper

  -----------------------------------------------------------------------------
  Tag                 : SETUP_DATA_CONSTANT
  Description         : Data [InstPinName] set to a constant
  Violation           : RDC:15
  ReasonInfoList
    ReasonInfo
      ReasonCode      : CONST_DATA
      ReasonCodeMsg   : Reports sequential element with no set/reset pin that has data pin tied to a constant.
  InstPinName         : gen_wide_SRAM_ROB[0].gen_SRAM_ROB[1].gSF4MemInst.gSF4MemBdInst.u_SRAM_ROB_FIFO_BD/u_sram/u_mem/ADME[1:0]
  PinValue            : 0
  InstanceName        : gen_wide_SRAM_ROB[0].gen_SRAM_ROB[1].gSF4MemInst.gSF4MemBdInst.u_SRAM_ROB_FIFO_BD/u_sram/u_mem
  DriverClock         : gen_wide_SRAM_ROB[0].gen_SRAM_ROB[1].gSF4MemInst.gSF4MemBdInst.u_SRAM_ROB_FIFO_BD/u_sram/CK
  DestObjectType      : library-cell
  ContainerInstance   : gen_wide_SRAM_ROB[0].gen_SRAM_ROB[1].gSF4MemInst.gSF4MemBdInst.u_SRAM_ROB_FIFO_BD/u_sram
  Module              : ln04lpa_a00_mc_rd2rs_hsr_lvt_320x72m2b1c1_wrapper

  -----------------------------------------------------------------------------
  Tag                 : SETUP_DATA_CONSTANT
  Description         : Data [InstPinName] set to a constant
  Violation           : RDC:16
  ReasonInfoList
    ReasonInfo
      ReasonCode      : CONST_DATA
      ReasonCodeMsg   : Reports sequential element with no set/reset pin that has data pin tied to a constant.
  InstPinName         : gen_wide_SRAM_ROB[0].gen_SRAM_ROB[1].gSF4MemInst.gSF4MemBdInst.u_SRAM_ROB_FIFO_BD/u_sram/u_mem/ADME[2]
  PinValue            : 1
  InstanceName        : gen_wide_SRAM_ROB[0].gen_SRAM_ROB[1].gSF4MemInst.gSF4MemBdInst.u_SRAM_ROB_FIFO_BD/u_sram/u_mem
  DriverClock         : gen_wide_SRAM_ROB[0].gen_SRAM_ROB[1].gSF4MemInst.gSF4MemBdInst.u_SRAM_ROB_FIFO_BD/u_sram/CK
  DestObjectType      : library-cell
  ContainerInstance   : gen_wide_SRAM_ROB[0].gen_SRAM_ROB[1].gSF4MemInst.gSF4MemBdInst.u_SRAM_ROB_FIFO_BD/u_sram
  Module              : ln04lpa_a00_mc_rd2rs_hsr_lvt_320x72m2b1c1_wrapper

  -----------------------------------------------------------------------------
  Tag                 : SETUP_DATA_CONSTANT
  Description         : Data [InstPinName] set to a constant
  Violation           : RDC:17
  ReasonInfoList
    ReasonInfo
      ReasonCode      : CONST_DATA_RESET
      ReasonCodeMsg   : Reports sequential element with reset pin that has data pin tied to low.
  InstPinName         : u_AESDMA_TOP/u_aesdma_top/u_AESDMA_DATAGEN/O_CRC_REMAINDER/Q[31:16]
  PinValue            : 0
  InstanceName        : u_AESDMA_TOP/u_aesdma_top/u_AESDMA_DATAGEN
  DriverClock         : ACLK
  DestObjectType      : flip-flop
  ContainerInstance   : u_AESDMA_TOP/u_aesdma_top/u_AESDMA_DATAGEN
  Module              : AESDMA_DATAGEN

  -----------------------------------------------------------------------------
  Tag                 : SETUP_DATA_CONSTANT
  Description         : Data [InstPinName] set to a constant
  Violation           : RDC:18
  ReasonInfoList
    ReasonInfo
      ReasonCode      : CONST_DATA_RESET
      ReasonCodeMsg   : Reports sequential element with reset pin that has data pin tied to low.
  InstPinName         : u_AESDMA_TOP/u_aesdma_top/u_AESDMA_DATAGEN/O_CRC_POLYNOMIAL/Q[1]
  PinValue            : 0
  InstanceName        : u_AESDMA_TOP/u_aesdma_top/u_AESDMA_DATAGEN
  DriverClock         : ACLK
  DestObjectType      : flip-flop
  ContainerInstance   : u_AESDMA_TOP/u_aesdma_top/u_AESDMA_DATAGEN
  Module              : AESDMA_DATAGEN

  -----------------------------------------------------------------------------
  Tag                 : SETUP_DATA_CONSTANT
  Description         : Data [InstPinName] set to a constant
  Violation           : RDC:19
  ReasonInfoList
    ReasonInfo
      ReasonCode      : CONST_DATA_RESET
      ReasonCodeMsg   : Reports sequential element with reset pin that has data pin tied to low.
  InstPinName         : u_AESDMA_TOP/u_aesdma_top/u_AESDMA_DATAGEN/O_CRC_POLYNOMIAL/Q[14:3]
  PinValue            : 0
  InstanceName        : u_AESDMA_TOP/u_aesdma_top/u_AESDMA_DATAGEN
  DriverClock         : ACLK
  DestObjectType      : flip-flop
  ContainerInstance   : u_AESDMA_TOP/u_aesdma_top/u_AESDMA_DATAGEN
  Module              : AESDMA_DATAGEN

  -----------------------------------------------------------------------------
  Tag                 : SETUP_DATA_CONSTANT
  Description         : Data [InstPinName] set to a constant
  Violation           : RDC:20
  ReasonInfoList
    ReasonInfo
      ReasonCode      : CONST_DATA_RESET
      ReasonCodeMsg   : Reports sequential element with reset pin that has data pin tied to low.
  InstPinName         : u_AESDMA_TOP/u_aesdma_top/u_AESDMA_DATAGEN/O_CRC_POLYNOMIAL/Q[31:16]
  PinValue            : 0
  InstanceName        : u_AESDMA_TOP/u_aesdma_top/u_AESDMA_DATAGEN
  DriverClock         : ACLK
  DestObjectType      : flip-flop
  ContainerInstance   : u_AESDMA_TOP/u_aesdma_top/u_AESDMA_DATAGEN
  Module              : AESDMA_DATAGEN

  -----------------------------------------------------------------------------
  Tag                 : SETUP_DATA_CONSTANT
  Description         : Data [InstPinName] set to a constant
  Violation           : RDC:21
  ReasonInfoList
    ReasonInfo
      ReasonCode      : CONST_DATA_RESET
      ReasonCodeMsg   : Reports sequential element with reset pin that has data pin tied to low.
  InstPinName         : u_AESDMA_TOP/u_aesdma_top/u_AES_CORE/r_serial_core_ctr/Q[0]
  PinValue            : 0
  InstanceName        : u_AESDMA_TOP/u_aesdma_top/u_AES_CORE
  DriverClock         : u_AESDMA_TOP/u_aesdma_top/u_AES_CORE/I_CLK
  DestObjectType      : flip-flop
  ContainerInstance   : u_AESDMA_TOP/u_aesdma_top/u_AES_CORE
  Module              : AES_CORE_dev

  -----------------------------------------------------------------------------
  Tag                 : SETUP_DATA_CONSTANT
  Description         : Data [InstPinName] set to a constant
  Violation           : RDC:22
  ReasonInfoList
    ReasonInfo
      ReasonCode      : CONST_DATA_RESET
      ReasonCodeMsg   : Reports sequential element with reset pin that has data pin tied to low.
  InstPinName         : u_AESDMA_TOP/u_aesdma_top/u_AESDMA_AW_FWD_RS/O_MDATA/Q[11]
  PinValue            : 0
  InstanceName        : u_AESDMA_TOP/u_aesdma_top/u_AESDMA_AW_FWD_RS
  DriverClock         : ACLK
  DestObjectType      : flip-flop
  ContainerInstance   : u_AESDMA_TOP/u_aesdma_top/u_AESDMA_AW_FWD_RS
  Module              : AESDMA_FWD_RS

  -----------------------------------------------------------------------------
  Tag                 : SETUP_DATA_CONSTANT
  Description         : Data [InstPinName] set to a constant
  Violation           : RDC:23
  ReasonInfoList
    ReasonInfo
      ReasonCode      : CONST_DATA_RESET
      ReasonCodeMsg   : Reports sequential element with reset pin that has data pin tied to low.
  InstPinName         : u_AESDMA_TOP/u_aesdma_top/u_AESDMA_AW_FWD_RS/O_MDATA/Q[15:13]
  PinValue            : 0
  InstanceName        : u_AESDMA_TOP/u_aesdma_top/u_AESDMA_AW_FWD_RS
  DriverClock         : ACLK
  DestObjectType      : flip-flop
  ContainerInstance   : u_AESDMA_TOP/u_aesdma_top/u_AESDMA_AW_FWD_RS
  Module              : AESDMA_FWD_RS

  -----------------------------------------------------------------------------
  Tag                 : SETUP_DATA_CONSTANT
  Description         : Data [InstPinName] set to a constant
  Violation           : RDC:24
  ReasonInfoList
    ReasonInfo
      ReasonCode      : CONST_DATA_RESET
      ReasonCodeMsg   : Reports sequential element with reset pin that has data pin tied to low.
  InstPinName         : u_AESDMA_TOP/u_aesdma_top/u_AESDMA_AW_FWD_RS/O_MDATA/Q[24:21]
  PinValue            : 0
  InstanceName        : u_AESDMA_TOP/u_aesdma_top/u_AESDMA_AW_FWD_RS
  DriverClock         : ACLK
  DestObjectType      : flip-flop
  ContainerInstance   : u_AESDMA_TOP/u_aesdma_top/u_AESDMA_AW_FWD_RS
  Module              : AESDMA_FWD_RS

  -----------------------------------------------------------------------------
  Tag                 : SETUP_DATA_CONSTANT
  Description         : Data [InstPinName] set to a constant
  Violation           : RDC:25
  ReasonInfoList
    ReasonInfo
      ReasonCode      : CONST_DATA_RESET
      ReasonCodeMsg   : Reports sequential element with reset pin that has data pin tied to low.
  InstPinName         : u_AESDMA_TOP/u_aesdma_top/u_AESDMA_AXI_FIFO/u_AWCH_SYNC_FIFO/mem/Q[1:0][15:13]
  PinValue            : 0
  InstanceName        : u_AESDMA_TOP/u_aesdma_top/u_AESDMA_AXI_FIFO/u_AWCH_SYNC_FIFO
  DriverClock         : ACLK
  DestObjectType      : flip-flop
  ContainerInstance   : u_AESDMA_TOP/u_aesdma_top/u_AESDMA_AXI_FIFO/u_AWCH_SYNC_FIFO
  Module              : AESDMA_SYNC_FIFO_REG

  -----------------------------------------------------------------------------
  Tag                 : SETUP_DATA_CONSTANT
  Description         : Data [InstPinName] set to a constant
  Violation           : RDC:26
  ReasonInfoList
    ReasonInfo
      ReasonCode      : CONST_DATA_RESET
      ReasonCodeMsg   : Reports sequential element with reset pin that has data pin tied to low.
  InstPinName         : u_AESDMA_TOP/u_aesdma_top/u_AESDMA_AXI_FIFO/u_AWCH_SYNC_FIFO/mem/Q[1:0][24:21]
  PinValue            : 0
  InstanceName        : u_AESDMA_TOP/u_aesdma_top/u_AESDMA_AXI_FIFO/u_AWCH_SYNC_FIFO
  DriverClock         : ACLK
  DestObjectType      : flip-flop
  ContainerInstance   : u_AESDMA_TOP/u_aesdma_top/u_AESDMA_AXI_FIFO/u_AWCH_SYNC_FIFO
  Module              : AESDMA_SYNC_FIFO_REG

  -----------------------------------------------------------------------------
  Tag                 : SETUP_DATA_CONSTANT
  Description         : Data [InstPinName] set to a constant
  Violation           : RDC:27
  ReasonInfoList
    ReasonInfo
      ReasonCode      : CONST_DATA_RESET
      ReasonCodeMsg   : Reports sequential element with reset pin that has data pin tied to low.
  InstPinName         : u_AESDMA_TOP/u_aesdma_top/u_AESDMA_AXI_FIFO/u_AWCH_SYNC_FIFO/mem/Q[1:0][11]
  PinValue            : 0
  InstanceName        : u_AESDMA_TOP/u_aesdma_top/u_AESDMA_AXI_FIFO/u_AWCH_SYNC_FIFO
  DriverClock         : ACLK
  DestObjectType      : flip-flop
  ContainerInstance   : u_AESDMA_TOP/u_aesdma_top/u_AESDMA_AXI_FIFO/u_AWCH_SYNC_FIFO
  Module              : AESDMA_SYNC_FIFO_REG

  -----------------------------------------------------------------------------
  Tag                 : SETUP_DATA_CONSTANT
  Description         : Data [InstPinName] set to a constant
  Violation           : RDC:28
  ReasonInfoList
    ReasonInfo
      ReasonCode      : CONST_DATA_RESET
      ReasonCodeMsg   : Reports sequential element with reset pin that has data pin tied to low.
  InstPinName         : u_AESDMA_TOP/u_aesdma_top/u_AESDMA_AXI_FIFO/u_ARCH_SYNC_FIFO/mem/Q[1:0][15:13]
  PinValue            : 0
  InstanceName        : u_AESDMA_TOP/u_aesdma_top/u_AESDMA_AXI_FIFO/u_ARCH_SYNC_FIFO
  DriverClock         : ACLK
  DestObjectType      : flip-flop
  ContainerInstance   : u_AESDMA_TOP/u_aesdma_top/u_AESDMA_AXI_FIFO/u_ARCH_SYNC_FIFO
  Module              : AESDMA_SYNC_FIFO_REG

  -----------------------------------------------------------------------------
  Tag                 : SETUP_DATA_CONSTANT
  Description         : Data [InstPinName] set to a constant
  Violation           : RDC:29
  ReasonInfoList
    ReasonInfo
      ReasonCode      : CONST_DATA_RESET
      ReasonCodeMsg   : Reports sequential element with reset pin that has data pin tied to low.
  InstPinName         : u_AESDMA_TOP/u_aesdma_top/u_AESDMA_AXI_FIFO/u_ARCH_SYNC_FIFO/mem/Q[1:0][11]
  PinValue            : 0
  InstanceName        : u_AESDMA_TOP/u_aesdma_top/u_AESDMA_AXI_FIFO/u_ARCH_SYNC_FIFO
  DriverClock         : ACLK
  DestObjectType      : flip-flop
  ContainerInstance   : u_AESDMA_TOP/u_aesdma_top/u_AESDMA_AXI_FIFO/u_ARCH_SYNC_FIFO
  Module              : AESDMA_SYNC_FIFO_REG

  -----------------------------------------------------------------------------
  Tag                 : SETUP_DATA_CONSTANT
  Description         : Data [InstPinName] set to a constant
  Violation           : RDC:30
  ReasonInfoList
    ReasonInfo
      ReasonCode      : CONST_DATA_RESET
      ReasonCodeMsg   : Reports sequential element with reset pin that has data pin tied to low.
  InstPinName         : gN1B0ApbASB.u_apbasyncbridgeslv_aesdma/u_slv_core/apb_async_req_payload_r/Q[2:1]
  PinValue            : 0
  InstanceName        : gN1B0ApbASB.u_apbasyncbridgeslv_aesdma/u_slv_core
  DriverClock         : PCLK
  DestObjectType      : flip-flop
  ContainerInstance   : gN1B0ApbASB.u_apbasyncbridgeslv_aesdma/u_slv_core
  Module              : css600_apbasyncbridgeslv_core

  -----------------------------------------------------------------------------
  Tag                 : SETUP_DATA_CONSTANT
  Description         : Data [InstPinName] set to a constant
  Violation           : RDC:31
  ReasonInfoList
    ReasonInfo
      ReasonCode      : CONST_DATA_RESET
      ReasonCodeMsg   : Reports sequential element with reset pin that has data pin tied to low.
  InstPinName         : gN1B0ApbASB.u_apbasyncbridgeslv_aesdma/u_slv_core/u_cdc_capt_nosync_resp_payload/q_sync_o/Q[32]
  PinValue            : 0
  InstanceName        : gN1B0ApbASB.u_apbasyncbridgeslv_aesdma/u_slv_core/u_cdc_capt_nosync_resp_payload
  DriverClock         : PCLK
  DestObjectType      : flip-flop
  ContainerInstance   : gN1B0ApbASB.u_apbasyncbridgeslv_aesdma/u_slv_core/u_cdc_capt_nosync_resp_payload
  Module              : css600_cdc_capt_nosync

  -----------------------------------------------------------------------------
  Tag                 : SETUP_DATA_CONSTANT
  Description         : Data [InstPinName] set to a constant
  Violation           : RDC:32
  ReasonInfoList
    ReasonInfo
      ReasonCode      : CONST_DATA_RESET
      ReasonCodeMsg   : Reports sequential element with reset pin that has data pin tied to low.
  InstPinName         : gN1B0ApbASB.u_apbasyncbridgemstr_aesdma/u_mstr_core/apb_async_resp_payload_r/Q[32]
  PinValue            : 0
  InstanceName        : gN1B0ApbASB.u_apbasyncbridgemstr_aesdma/u_mstr_core
  DriverClock         : ACLK
  DestObjectType      : flip-flop
  ContainerInstance   : gN1B0ApbASB.u_apbasyncbridgemstr_aesdma/u_mstr_core
  Module              : css600_apbasyncbridgemstr_core

  -----------------------------------------------------------------------------
  Tag                 : SETUP_DATA_CONSTANT
  Description         : Data [InstPinName] set to a constant
  Violation           : RDC:33
  ReasonInfoList
    ReasonInfo
      ReasonCode      : CONST_DATA_RESET
      ReasonCodeMsg   : Reports sequential element with reset pin that has data pin tied to low.
  InstPinName         : gN1B0ApbASB.u_apbasyncbridgemstr_aesdma/u_mstr_core/u_cdc_capt_nosync_req_payload/q_sync_o/Q[2:1]
  PinValue            : 0
  InstanceName        : gN1B0ApbASB.u_apbasyncbridgemstr_aesdma/u_mstr_core/u_cdc_capt_nosync_req_payload
  DriverClock         : ACLK
  DestObjectType      : flip-flop
  ContainerInstance   : gN1B0ApbASB.u_apbasyncbridgemstr_aesdma/u_mstr_core/u_cdc_capt_nosync_req_payload
  Module              : css600_cdc_capt_nosync


  -----------------------------------------------------------------------------
  SETUP_RESET_PROPAGATED  (2 infos/0 waived)
  -----------------------------------------------------------------------------
  Tag               : SETUP_RESET_PROPAGATED
  Description       : Reset [Reset] reaches to set/reset pin of [SeqPinReachable] sequential(s)
  Violation         : RDC:1
  Reset
    ResetName       : RESETN_PCLK
    RstType         : Async
    RstRootList
      RstRoot       : RESETN_PCLK
  SeqPinReachable   : 116
  ContainerInstance : BOS_AESDMA
  Module            : BOS_AESDMA

  -----------------------------------------------------------------------------
  Tag               : SETUP_RESET_PROPAGATED
  Description       : Reset [Reset] reaches to set/reset pin of [SeqPinReachable] sequential(s)
  Violation         : RDC:2
  Reset
    ResetName       : RESETN_ACLK
    RstType         : Async
    RstRootList
      RstRoot       : RESETN_ACLK
  SeqPinReachable   : 36289
  ContainerInstance : BOS_AESDMA
  Module            : BOS_AESDMA

