TopLevelModule: BOS_AESDMA

  -----------------------------------------------------------------------------
  Report Summary
  -----------------------------------------------------------------------------
  Product Info
    Name    : VC Static Master Shell
    Version : V-2023.12-1 -- Jan 22, 2024

  Report Info
    Created : Sep 15, 2026  11:53:54
    Options
      -limit 0
      -include_compressed


  -----------------------------------------------------------------------------
  Management Summary
  -----------------------------------------------------------------------------
  Stage      Family        Fatals    Errors  Warnings     Infos
  -----      ----------  --------  --------  --------  --------
  INTEGRITY  CLKPROP            0         0         1         0
  SETUP      CLKPROP            0         6         0        71
  SETUP      RESET              0         3         0         2
  SYNC       CTRLPATH           0         0         0        79
  SYNC       DATAPATH           0         1         0         2
  CONV       COMBCONV           0         9         0         0
  CONV       NOCONV             0        12         0         0
  CONV       SEQCONV            0         7         0         0
  -----      ----------  --------  --------  --------  --------
  Total                         0        38         1       154


  -----------------------------------------------------------------------------
  Tree Summary
  -----------------------------------------------------------------------------
  Severity  Stage      Tag                               Count
  --------  -----      --------------------------------  -----
  error     CONV       CDC_COHERENCY_MULTI_SYNC             12
  error     CONV       CDC_COHERENCY_RECONV_COMB             9
  error     CONV       CDC_COHERENCY_RECONV_SEQ              7
  error     SETUP      SETUP_LIBCELLPIN_UNMODELLED           6
  error     SETUP      SETUP_RESET_CONSTANT_ACTIVE           3
  error     SYNC       CDC_UNSYNC_DATA                       1
  warning   INTEGRITY  INTEGRITY_ASYNCRESET_COMBO_MUX        1
  info      SETUP      SETUP_CLOCK_PROPAGATED                2
  info      SETUP      SETUP_DATA_CONSTANT                  23
  info      SETUP      SETUP_PORT_CONSTRAINED               46
  info      SETUP      SETUP_RESET_PROPAGATED                2
  info      SYNC       CDC_SYNC_CTRL                        79
  info      SYNC       CDC_SYNC_DATA                         2
  --------  -----      --------------------------------  -----
  Total                                                    193



  -----------------------------------------------------------------------------
  CDC_COHERENCY_MULTI_SYNC  (12 errors/0 waived)
  -----------------------------------------------------------------------------
  Tag                                                                                 : CDC_COHERENCY_MULTI_SYNC
  Description                                                                             : Multiple  synchronization of same source [SrcInfo]
  Violation                                                                               : CDC:182
  SrcInfo
    SrcObject                                                                             : ENERR_AESDMA_ECC_E1_SRAM_WRFIFO
    SrcClockInfoList
      SrcClockInfo
        ClockName                                                                         : CLK_PRCM_PCLK
        ClockObject                                                                       : PCLK
        ClockDomainId                                                                     : 2
  NoConvNoSrcControlPathList
    NoConvControlPathInfo
      Type                                                                                : Control
      SyncOutput                                                                          : gen_wide_SRAM_WRFIFO[0].gen_SRAM_WRFIFO[0].gSF4WrMemInst.u_SRAM_WR_FIFO/u_sync_E1_CLR_N/sync_inst[0].genblk1.genblk1.u_dont_touch_sync_dff2/Q
      DestInfoList
        DestInfo
          DestObject                                                                      : gen_wide_SRAM_WRFIFO[0].gen_SRAM_WRFIFO[0].gSF4WrMemInst.u_SRAM_WR_FIFO/u_sync_E1_CLR_N/sync_inst[0].genblk1.genblk1.u_dont_touch_sync_dff2/D
          DestClockInfoList
            DestClockInfo
              ClockName                                                                   : CLK_PRCM_ACLK
              ClockObject                                                                 : ACLK
              ClockDomainId                                                               : 1
    NoConvControlPathInfo
      Type                                                                                : Control
      SyncOutput                                                                          : u_enerr_ecc_e1_sram_wrfifo/sync_inst[0].genblk1.genblk1.u_dont_touch_sync_dff2/Q
      DestInfoList
        DestInfo
          DestObject                                                                      : u_enerr_ecc_e1_sram_wrfifo/sync_inst[0].genblk1.genblk1.u_dont_touch_sync_dff2/D
          DestClockInfoList
            DestClockInfo
              ClockName                                                                   : CLK_PRCM_ACLK
              ClockObject                                                                 : ACLK
              ClockDomainId                                                               : 1
  ContainerInstance                                                                       : BOS_AESDMA
  Module                                                                                 : BOS_AESDMA
  FullyContainedViolation                                                                 : true

  -----------------------------------------------------------------------------
  Tag                                                                                 : CDC_COHERENCY_MULTI_SYNC
  Description                                                                             : Multiple  synchronization of same source [SrcInfo]
  Violation                                                                               : CDC:183
  SrcInfo
    SrcObject                                                                             : ENERR_AESDMA_ECC_E2_SRAM_WRFIFO
    SrcClockInfoList
      SrcClockInfo
        ClockName                                                                         : CLK_PRCM_PCLK
        ClockObject                                                                       : PCLK
        ClockDomainId                                                                     : 2
  NoConvNoSrcControlPathList
    NoConvControlPathInfo
      Type                                                                                : Control
      SyncOutput                                                                          : gen_wide_SRAM_WRFIFO[0].gen_SRAM_WRFIFO[0].gSF4WrMemInst.u_SRAM_WR_FIFO/u_sync_E2_CLR_N/sync_inst[0].genblk1.genblk1.u_dont_touch_sync_dff2/Q
      DestInfoList
        DestInfo
          DestObject                                                                      : gen_wide_SRAM_WRFIFO[0].gen_SRAM_WRFIFO[0].gSF4WrMemInst.u_SRAM_WR_FIFO/u_sync_E2_CLR_N/sync_inst[0].genblk1.genblk1.u_dont_touch_sync_dff2/D
          DestClockInfoList
            DestClockInfo
              ClockName                                                                   : CLK_PRCM_ACLK
              ClockObject                                                                 : ACLK
              ClockDomainId                                                               : 1
    NoConvControlPathInfo
      Type                                                                                : Control
      SyncOutput                                                                          : u_enerr_ecc_e2_sram_wrfifo/sync_inst[0].genblk1.genblk1.u_dont_touch_sync_dff2/Q
      DestInfoList
        DestInfo
          DestObject                                                                      : u_enerr_ecc_e2_sram_wrfifo/sync_inst[0].genblk1.genblk1.u_dont_touch_sync_dff2/D
          DestClockInfoList
            DestClockInfo
              ClockName                                                                   : CLK_PRCM_ACLK
              ClockObject                                                                 : ACLK
              ClockDomainId                                                               : 1
  ContainerInstance                                                                       : BOS_AESDMA
  Module                                                                                 : BOS_AESDMA
  FullyContainedViolation                                                                 : true

  -----------------------------------------------------------------------------
  Tag                                                                                 : CDC_COHERENCY_MULTI_SYNC
  Description                                                                             : Multiple  synchronization of same source [SrcInfo]
  Violation                                                                               : CDC:184
  SrcInfo
    SrcObject                                                                             : FIERR_AESDMA_ECC_DEC_DCLS_SRAM_WRFIFO
    SrcClockInfoList
      SrcClockInfo
        ClockName                                                                         : CLK_PRCM_PCLK
        ClockObject                                                                       : PCLK
        ClockDomainId                                                                     : 2
  NoConvNoSrcControlPathList
    NoConvControlPathInfo
      Type                                                                                : Control
      SyncOutput                                                                          : gen_wide_SRAM_WRFIFO[0].gen_SRAM_WRFIFO[0].gSF4WrMemInst.u_SRAM_WR_FIFO/u_sync_DE_INJ/sync_inst[0].genblk1.genblk1.u_dont_touch_sync_dff2/Q
      DestInfoList
        DestInfo
          DestObject                                                                      : gen_wide_SRAM_WRFIFO[0].gen_SRAM_WRFIFO[0].gSF4WrMemInst.u_SRAM_WR_FIFO/u_sync_DE_INJ/sync_inst[0].genblk1.genblk1.u_dont_touch_sync_dff2/D
          DestClockInfoList
            DestClockInfo
              ClockName                                                                   : CLK_PRCM_ACLK
              ClockObject                                                                 : ACLK
              ClockDomainId                                                               : 1
    NoConvControlPathInfo
      Type                                                                                : Control
      SyncOutput                                                                          : u_fierr_ecc_dec_dcls_sram_wrfifo/sync_inst[0].genblk1.genblk1.u_dont_touch_sync_dff2/Q
      DestInfoList
        DestInfo
          DestObject                                                                      : u_fierr_ecc_dec_dcls_sram_wrfifo/sync_inst[0].genblk1.genblk1.u_dont_touch_sync_dff2/D
          DestClockInfoList
            DestClockInfo
              ClockName                                                                   : CLK_PRCM_ACLK
              ClockObject                                                                 : ACLK
              ClockDomainId                                                               : 1
  ContainerInstance                                                                       : BOS_AESDMA
  Module                                                                                 : BOS_AESDMA
  FullyContainedViolation                                                                 : true

  -----------------------------------------------------------------------------
  Tag                                                                                 : CDC_COHERENCY_MULTI_SYNC
  Description                                                                             : Multiple  synchronization of same source [SrcInfo]
  Violation                                                                               : CDC:185
  SrcInfo
    SrcObject                                                                             : FIERR_AESDMA_ECC_DEC_DCLS_SRAM_ROB
    SrcClockInfoList
      SrcClockInfo
        ClockName                                                                         : CLK_PRCM_PCLK
        ClockObject                                                                       : PCLK
        ClockDomainId                                                                     : 2
  NoConvNoSrcControlPathList
    NoConvControlPathInfo
      Type                                                                                : Control
      SyncOutput                                                                          : gen_wide_SRAM_ROB[0].gen_SRAM_ROB[1].gSF4MemInst.gSF4MemBdInst.u_SRAM_ROB_FIFO_BD/u_sync_DE_INJ/sync_inst[0].genblk1.genblk1.u_dont_touch_sync_dff2/Q
      DestInfoList
        DestInfo
          DestObject                                                                      : gen_wide_SRAM_ROB[0].gen_SRAM_ROB[1].gSF4MemInst.gSF4MemBdInst.u_SRAM_ROB_FIFO_BD/u_sync_DE_INJ/sync_inst[0].genblk1.genblk1.u_dont_touch_sync_dff2/D
          DestClockInfoList
            DestClockInfo
              ClockName                                                                   : CLK_PRCM_ACLK
              ClockObject                                                                 : ACLK
              ClockDomainId                                                               : 1
    NoConvControlPathInfo
      Type                                                                                : Control
      SyncOutput                                                                          : gen_wide_SRAM_ROB[0].gen_SRAM_ROB[0].gSF4MemInst.gSF4MemBdInst.u_SRAM_ROB_FIFO_BD/u_sync_DE_INJ/sync_inst[0].genblk1.genblk1.u_dont_touch_sync_dff2/Q
      DestInfoList
        DestInfo
          DestObject                                                                      : gen_wide_SRAM_ROB[0].gen_SRAM_ROB[0].gSF4MemInst.gSF4MemBdInst.u_SRAM_ROB_FIFO_BD/u_sync_DE_INJ/sync_inst[0].genblk1.genblk1.u_dont_touch_sync_dff2/D
          DestClockInfoList
            DestClockInfo
              ClockName                                                                   : CLK_PRCM_ACLK
              ClockObject                                                                 : ACLK
              ClockDomainId                                                               : 1
    NoConvControlPathInfo
      Type                                                                                : Control
      SyncOutput                                                                          : u_fierr_ecc_dec_dcls_sram_rob/sync_inst[0].genblk1.genblk1.u_dont_touch_sync_dff2/Q
      DestInfoList
        DestInfo
          DestObject                                                                      : u_fierr_ecc_dec_dcls_sram_rob/sync_inst[0].genblk1.genblk1.u_dont_touch_sync_dff2/D
          DestClockInfoList
            DestClockInfo
              ClockName                                                                   : CLK_PRCM_ACLK
              ClockObject                                                                 : ACLK
              ClockDomainId                                                               : 1
  ContainerInstance                                                                       : BOS_AESDMA
  Module                                                                                 : BOS_AESDMA
  FullyContainedViolation                                                                 : true

  -----------------------------------------------------------------------------
  Tag                                                                                 : CDC_COHERENCY_MULTI_SYNC
  Description                                                                             : Multiple  synchronization of same source [SrcInfo]
  Violation                                                                               : CDC:186
  SrcInfo
    SrcObject                                                                             : ENERR_AESDMA_ECC_E2_SRAM_ROB
    SrcClockInfoList
      SrcClockInfo
        ClockName                                                                         : CLK_PRCM_PCLK
        ClockObject                                                                       : PCLK
        ClockDomainId                                                                     : 2
  NoConvNoSrcControlPathList
    NoConvControlPathInfo
      Type                                                                                : Control
      SyncOutput                                                                          : gen_wide_SRAM_ROB[0].gen_SRAM_ROB[1].gSF4MemInst.gSF4MemBdInst.u_SRAM_ROB_FIFO_BD/u_sync_E2_CLR_N/sync_inst[0].genblk1.genblk1.u_dont_touch_sync_dff2/Q
      DestInfoList
        DestInfo
          DestObject                                                                      : gen_wide_SRAM_ROB[0].gen_SRAM_ROB[1].gSF4MemInst.gSF4MemBdInst.u_SRAM_ROB_FIFO_BD/u_sync_E2_CLR_N/sync_inst[0].genblk1.genblk1.u_dont_touch_sync_dff2/D
          DestClockInfoList
            DestClockInfo
              ClockName                                                                   : CLK_PRCM_ACLK
              ClockObject                                                                 : ACLK
              ClockDomainId                                                               : 1
    NoConvControlPathInfo
      Type                                                                                : Control
      SyncOutput                                                                          : gen_wide_SRAM_ROB[0].gen_SRAM_ROB[0].gSF4MemInst.gSF4MemBdInst.u_SRAM_ROB_FIFO_BD/u_sync_E2_CLR_N/sync_inst[0].genblk1.genblk1.u_dont_touch_sync_dff2/Q
      DestInfoList
        DestInfo
          DestObject                                                                      : gen_wide_SRAM_ROB[0].gen_SRAM_ROB[0].gSF4MemInst.gSF4MemBdInst.u_SRAM_ROB_FIFO_BD/u_sync_E2_CLR_N/sync_inst[0].genblk1.genblk1.u_dont_touch_sync_dff2/D
          DestClockInfoList
            DestClockInfo
              ClockName                                                                   : CLK_PRCM_ACLK
              ClockObject                                                                 : ACLK
              ClockDomainId                                                               : 1
    NoConvControlPathInfo
      Type                                                                                : Control
      SyncOutput                                                                          : u_enerr_ecc_e2_sram_rob/sync_inst[0].genblk1.genblk1.u_dont_touch_sync_dff2/Q
      DestInfoList
        DestInfo
          DestObject                                                                      : u_enerr_ecc_e2_sram_rob/sync_inst[0].genblk1.genblk1.u_dont_touch_sync_dff2/D
          DestClockInfoList
            DestClockInfo
              ClockName                                                                   : CLK_PRCM_ACLK
              ClockObject                                                                 : ACLK
              ClockDomainId                                                               : 1
  ContainerInstance                                                                       : BOS_AESDMA
  Module                                                                                 : BOS_AESDMA
  FullyContainedViolation                                                                 : true

  -----------------------------------------------------------------------------
  Tag                                                                                 : CDC_COHERENCY_MULTI_SYNC
  Description                                                                             : Multiple  synchronization of same source [SrcInfo]
  Violation                                                                               : CDC:187
  SrcInfo
    SrcObject                                                                             : ENERR_AESDMA_ECC_E1_SRAM_ROB
    SrcClockInfoList
      SrcClockInfo
        ClockName                                                                         : CLK_PRCM_PCLK
        ClockObject                                                                       : PCLK
        ClockDomainId                                                                     : 2
  NoConvNoSrcControlPathList
    NoConvControlPathInfo
      Type                                                                                : Control
      SyncOutput                                                                          : gen_wide_SRAM_ROB[0].gen_SRAM_ROB[0].gSF4MemInst.gSF4MemBdInst.u_SRAM_ROB_FIFO_BD/u_sync_E1_CLR_N/sync_inst[0].genblk1.genblk1.u_dont_touch_sync_dff2/Q
      DestInfoList
        DestInfo
          DestObject                                                                      : gen_wide_SRAM_ROB[0].gen_SRAM_ROB[0].gSF4MemInst.gSF4MemBdInst.u_SRAM_ROB_FIFO_BD/u_sync_E1_CLR_N/sync_inst[0].genblk1.genblk1.u_dont_touch_sync_dff2/D
          DestClockInfoList
            DestClockInfo
              ClockName                                                                   : CLK_PRCM_ACLK
              ClockObject                                                                 : ACLK
              ClockDomainId                                                               : 1
    NoConvControlPathInfo
      Type                                                                                : Control
      SyncOutput                                                                          : gen_wide_SRAM_ROB[0].gen_SRAM_ROB[1].gSF4MemInst.gSF4MemBdInst.u_SRAM_ROB_FIFO_BD/u_sync_E1_CLR_N/sync_inst[0].genblk1.genblk1.u_dont_touch_sync_dff2/Q
      DestInfoList
        DestInfo
          DestObject                                                                      : gen_wide_SRAM_ROB[0].gen_SRAM_ROB[1].gSF4MemInst.gSF4MemBdInst.u_SRAM_ROB_FIFO_BD/u_sync_E1_CLR_N/sync_inst[0].genblk1.genblk1.u_dont_touch_sync_dff2/D
          DestClockInfoList
            DestClockInfo
              ClockName                                                                   : CLK_PRCM_ACLK
              ClockObject                                                                 : ACLK
              ClockDomainId                                                               : 1
    NoConvControlPathInfo
      Type                                                                                : Control
      SyncOutput                                                                          : u_enerr_ecc_e1_sram_rob/sync_inst[0].genblk1.genblk1.u_dont_touch_sync_dff2/Q
      DestInfoList
        DestInfo
          DestObject                                                                      : u_enerr_ecc_e1_sram_rob/sync_inst[0].genblk1.genblk1.u_dont_touch_sync_dff2/D
          DestClockInfoList
            DestClockInfo
              ClockName                                                                   : CLK_PRCM_ACLK
              ClockObject                                                                 : ACLK
              ClockDomainId                                                               : 1
  ContainerInstance                                                                       : BOS_AESDMA
  Module                                                                                 : BOS_AESDMA
  FullyContainedViolation                                                                 : true

  -----------------------------------------------------------------------------
  Tag                                                                                 : CDC_COHERENCY_MULTI_SYNC
  Description                                                                             : Multiple  synchronization of same source [SrcInfo]
  Violation                                                                               : CDC:188
  SrcInfo
    SrcObject                                                                             : FIERR_AESDMA_ECC_E2_SRAM_ROB
    SrcClockInfoList
      SrcClockInfo
        ClockName                                                                         : CLK_PRCM_PCLK
        ClockObject                                                                       : PCLK
        ClockDomainId                                                                     : 2
  NoConvNoSrcControlPathList
    NoConvControlPathInfo
      Type                                                                                : Control
      SyncOutput                                                                          : gen_wide_SRAM_ROB[0].gen_SRAM_ROB[1].gSF4MemInst.gSF4MemBdInst.u_SRAM_ROB_FIFO_BD/u_sync_E2_INJ/sync_inst[0].genblk1.genblk1.u_dont_touch_sync_dff2/Q
      DestInfoList
        DestInfo
          DestObject                                                                      : gen_wide_SRAM_ROB[0].gen_SRAM_ROB[1].gSF4MemInst.gSF4MemBdInst.u_SRAM_ROB_FIFO_BD/u_sync_E2_INJ/sync_inst[0].genblk1.genblk1.u_dont_touch_sync_dff2/D
          DestClockInfoList
            DestClockInfo
              ClockName                                                                   : CLK_PRCM_ACLK
              ClockObject                                                                 : ACLK
              ClockDomainId                                                               : 1
    NoConvControlPathInfo
      Type                                                                                : Control
      SyncOutput                                                                          : gen_wide_SRAM_ROB[0].gen_SRAM_ROB[0].gSF4MemInst.gSF4MemBdInst.u_SRAM_ROB_FIFO_BD/u_sync_E2_INJ/sync_inst[0].genblk1.genblk1.u_dont_touch_sync_dff2/Q
      DestInfoList
        DestInfo
          DestObject                                                                      : gen_wide_SRAM_ROB[0].gen_SRAM_ROB[0].gSF4MemInst.gSF4MemBdInst.u_SRAM_ROB_FIFO_BD/u_sync_E2_INJ/sync_inst[0].genblk1.genblk1.u_dont_touch_sync_dff2/D
          DestClockInfoList
            DestClockInfo
              ClockName                                                                   : CLK_PRCM_ACLK
              ClockObject                                                                 : ACLK
              ClockDomainId                                                               : 1
    NoConvControlPathInfo
      Type                                                                                : Control
      SyncOutput                                                                          : u_fierr_ecc_e2_sram_rob/sync_inst[0].genblk1.genblk1.u_dont_touch_sync_dff2/Q
      DestInfoList
        DestInfo
          DestObject                                                                      : u_fierr_ecc_e2_sram_rob/sync_inst[0].genblk1.genblk1.u_dont_touch_sync_dff2/D
          DestClockInfoList
            DestClockInfo
              ClockName                                                                   : CLK_PRCM_ACLK
              ClockObject                                                                 : ACLK
              ClockDomainId                                                               : 1
  ContainerInstance                                                                       : BOS_AESDMA
  Module                                                                                 : BOS_AESDMA
  FullyContainedViolation                                                                 : true

  -----------------------------------------------------------------------------
  Tag                                                                                 : CDC_COHERENCY_MULTI_SYNC
  Description                                                                             : Multiple  synchronization of same source [SrcInfo]
  Violation                                                                               : CDC:189
  SrcInfo
    SrcObject                                                                             : FIERR_AESDMA_ECC_E1_SRAM_ROB
    SrcClockInfoList
      SrcClockInfo
        ClockName                                                                         : CLK_PRCM_PCLK
        ClockObject                                                                       : PCLK
        ClockDomainId                                                                     : 2
  NoConvNoSrcControlPathList
    NoConvControlPathInfo
      Type                                                                                : Control
      SyncOutput                                                                          : gen_wide_SRAM_ROB[0].gen_SRAM_ROB[1].gSF4MemInst.gSF4MemBdInst.u_SRAM_ROB_FIFO_BD/u_sync_E1_INJ/sync_inst[0].genblk1.genblk1.u_dont_touch_sync_dff2/Q
      DestInfoList
        DestInfo
          DestObject                                                                      : gen_wide_SRAM_ROB[0].gen_SRAM_ROB[1].gSF4MemInst.gSF4MemBdInst.u_SRAM_ROB_FIFO_BD/u_sync_E1_INJ/sync_inst[0].genblk1.genblk1.u_dont_touch_sync_dff2/D
          DestClockInfoList
            DestClockInfo
              ClockName                                                                   : CLK_PRCM_ACLK
              ClockObject                                                                 : ACLK
              ClockDomainId                                                               : 1
    NoConvControlPathInfo
      Type                                                                                : Control
      SyncOutput                                                                          : gen_wide_SRAM_ROB[0].gen_SRAM_ROB[0].gSF4MemInst.gSF4MemBdInst.u_SRAM_ROB_FIFO_BD/u_sync_E1_INJ/sync_inst[0].genblk1.genblk1.u_dont_touch_sync_dff2/Q
      DestInfoList
        DestInfo
          DestObject                                                                      : gen_wide_SRAM_ROB[0].gen_SRAM_ROB[0].gSF4MemInst.gSF4MemBdInst.u_SRAM_ROB_FIFO_BD/u_sync_E1_INJ/sync_inst[0].genblk1.genblk1.u_dont_touch_sync_dff2/D
          DestClockInfoList
            DestClockInfo
              ClockName                                                                   : CLK_PRCM_ACLK
              ClockObject                                                                 : ACLK
              ClockDomainId                                                               : 1
    NoConvControlPathInfo
      Type                                                                                : Control
      SyncOutput                                                                          : u_fierr_ecc_e1_sram_rob/sync_inst[0].genblk1.genblk1.u_dont_touch_sync_dff2/Q
      DestInfoList
        DestInfo
          DestObject                                                                      : u_fierr_ecc_e1_sram_rob/sync_inst[0].genblk1.genblk1.u_dont_touch_sync_dff2/D
          DestClockInfoList
            DestClockInfo
              ClockName                                                                   : CLK_PRCM_ACLK
              ClockObject                                                                 : ACLK
              ClockDomainId                                                               : 1
  ContainerInstance                                                                       : BOS_AESDMA
  Module                                                                                 : BOS_AESDMA
  FullyContainedViolation                                                                 : true

  -----------------------------------------------------------------------------
  Tag                                                                                 : CDC_COHERENCY_MULTI_SYNC
  Description                                                                             : Multiple  synchronization of same source [SrcInfo]
  Violation                                                                               : CDC:190
  SrcInfo
    SrcObject                                                                             : FIERR_AESDMA_ECC_E2_SRAM_WRFIFO
    SrcClockInfoList
      SrcClockInfo
        ClockName                                                                         : CLK_PRCM_PCLK
        ClockObject                                                                       : PCLK
        ClockDomainId                                                                     : 2
  NoConvNoSrcControlPathList
    NoConvControlPathInfo
      Type                                                                                : Control
      SyncOutput                                                                          : gen_wide_SRAM_WRFIFO[0].gen_SRAM_WRFIFO[0].gSF4WrMemInst.u_SRAM_WR_FIFO/u_sync_E2_INJ/sync_inst[0].genblk1.genblk1.u_dont_touch_sync_dff2/Q
      DestInfoList
        DestInfo
          DestObject                                                                      : gen_wide_SRAM_WRFIFO[0].gen_SRAM_WRFIFO[0].gSF4WrMemInst.u_SRAM_WR_FIFO/u_sync_E2_INJ/sync_inst[0].genblk1.genblk1.u_dont_touch_sync_dff2/D
          DestClockInfoList
            DestClockInfo
              ClockName                                                                   : CLK_PRCM_ACLK
              ClockObject                                                                 : ACLK
              ClockDomainId                                                               : 1
    NoConvControlPathInfo
      Type                                                                                : Control
      SyncOutput                                                                          : u_fierr_ecc_e2_sram_wrfifo/sync_inst[0].genblk1.genblk1.u_dont_touch_sync_dff2/Q
      DestInfoList
        DestInfo
          DestObject                                                                      : u_fierr_ecc_e2_sram_wrfifo/sync_inst[0].genblk1.genblk1.u_dont_touch_sync_dff2/D
          DestClockInfoList
            DestClockInfo
              ClockName                                                                   : CLK_PRCM_ACLK
              ClockObject                                                                 : ACLK
              ClockDomainId                                                               : 1
  ContainerInstance                                                                       : BOS_AESDMA
  Module                                                                                 : BOS_AESDMA
  FullyContainedViolation                                                                 : true

  -----------------------------------------------------------------------------
  Tag                                                                                 : CDC_COHERENCY_MULTI_SYNC
  Description                                                                             : Multiple  synchronization of same source [SrcInfo]
  Violation                                                                               : CDC:191
  SrcInfo
    SrcObject                                                                             : ENERR_AESDMA_ECC_DEC_DCLS_SRAM_WRFIFO
    SrcClockInfoList
      SrcClockInfo
        ClockName                                                                         : CLK_PRCM_PCLK
        ClockObject                                                                       : PCLK
        ClockDomainId                                                                     : 2
  NoConvNoSrcControlPathList
    NoConvControlPathInfo
      Type                                                                                : Control
      SyncOutput                                                                          : gen_wide_SRAM_WRFIFO[0].gen_SRAM_WRFIFO[0].gSF4WrMemInst.u_SRAM_WR_FIFO/u_sync_DE_CLR_N/sync_inst[0].genblk1.genblk1.u_dont_touch_sync_dff2/Q
      DestInfoList
        DestInfo
          DestObject                                                                      : gen_wide_SRAM_WRFIFO[0].gen_SRAM_WRFIFO[0].gSF4WrMemInst.u_SRAM_WR_FIFO/u_sync_DE_CLR_N/sync_inst[0].genblk1.genblk1.u_dont_touch_sync_dff2/D
          DestClockInfoList
            DestClockInfo
              ClockName                                                                   : CLK_PRCM_ACLK
              ClockObject                                                                 : ACLK
              ClockDomainId                                                               : 1
    NoConvControlPathInfo
      Type                                                                                : Control
      SyncOutput                                                                          : u_enerr_ecc_dec_dcls_sram_wrfifo/sync_inst[0].genblk1.genblk1.u_dont_touch_sync_dff2/Q
      DestInfoList
        DestInfo
          DestObject                                                                      : u_enerr_ecc_dec_dcls_sram_wrfifo/sync_inst[0].genblk1.genblk1.u_dont_touch_sync_dff2/D
          DestClockInfoList
            DestClockInfo
              ClockName                                                                   : CLK_PRCM_ACLK
              ClockObject                                                                 : ACLK
              ClockDomainId                                                               : 1
  ContainerInstance                                                                       : BOS_AESDMA
  Module                                                                                 : BOS_AESDMA
  FullyContainedViolation                                                                 : true

  -----------------------------------------------------------------------------
  Tag                                                                                 : CDC_COHERENCY_MULTI_SYNC
  Description                                                                             : Multiple  synchronization of same source [SrcInfo]
  Violation                                                                               : CDC:192
  SrcInfo
    SrcObject                                                                             : FIERR_AESDMA_ECC_E1_SRAM_WRFIFO
    SrcClockInfoList
      SrcClockInfo
        ClockName                                                                         : CLK_PRCM_PCLK
        ClockObject                                                                       : PCLK
        ClockDomainId                                                                     : 2
  NoConvNoSrcControlPathList
    NoConvControlPathInfo
      Type                                                                                : Control
      SyncOutput                                                                          : gen_wide_SRAM_WRFIFO[0].gen_SRAM_WRFIFO[0].gSF4WrMemInst.u_SRAM_WR_FIFO/u_sync_E1_INJ/sync_inst[0].genblk1.genblk1.u_dont_touch_sync_dff2/Q
      DestInfoList
        DestInfo
          DestObject                                                                      : gen_wide_SRAM_WRFIFO[0].gen_SRAM_WRFIFO[0].gSF4WrMemInst.u_SRAM_WR_FIFO/u_sync_E1_INJ/sync_inst[0].genblk1.genblk1.u_dont_touch_sync_dff2/D
          DestClockInfoList
            DestClockInfo
              ClockName                                                                   : CLK_PRCM_ACLK
              ClockObject                                                                 : ACLK
              ClockDomainId                                                               : 1
    NoConvControlPathInfo
      Type                                                                                : Control
      SyncOutput                                                                          : u_fierr_ecc_e1_sram_wrfifo/sync_inst[0].genblk1.genblk1.u_dont_touch_sync_dff2/Q
      DestInfoList
        DestInfo
          DestObject                                                                      : u_fierr_ecc_e1_sram_wrfifo/sync_inst[0].genblk1.genblk1.u_dont_touch_sync_dff2/D
          DestClockInfoList
            DestClockInfo
              ClockName                                                                   : CLK_PRCM_ACLK
              ClockObject                                                                 : ACLK
              ClockDomainId                                                               : 1
  ContainerInstance                                                                       : BOS_AESDMA
  Module                                                                                 : BOS_AESDMA
  FullyContainedViolation                                                                 : true

  -----------------------------------------------------------------------------
  Tag                                                                                 : CDC_COHERENCY_MULTI_SYNC
  Description                                                                             : Multiple  synchronization of same source [SrcInfo]
  Violation                                                                               : CDC:193
  SrcInfo
    SrcObject                                                                             : ENERR_AESDMA_ECC_DEC_DCLS_SRAM_ROB
    SrcClockInfoList
      SrcClockInfo
        ClockName                                                                         : CLK_PRCM_PCLK
        ClockObject                                                                       : PCLK
        ClockDomainId                                                                     : 2
  NoConvNoSrcControlPathList
    NoConvControlPathInfo
      Type                                                                                : Control
      SyncOutput                                                                          : gen_wide_SRAM_ROB[0].gen_SRAM_ROB[1].gSF4MemInst.gSF4MemBdInst.u_SRAM_ROB_FIFO_BD/u_sync_DE_CLR_N/sync_inst[0].genblk1.genblk1.u_dont_touch_sync_dff2/Q
      DestInfoList
        DestInfo
          DestObject                                                                      : gen_wide_SRAM_ROB[0].gen_SRAM_ROB[1].gSF4MemInst.gSF4MemBdInst.u_SRAM_ROB_FIFO_BD/u_sync_DE_CLR_N/sync_inst[0].genblk1.genblk1.u_dont_touch_sync_dff2/D
          DestClockInfoList
            DestClockInfo
              ClockName                                                                   : CLK_PRCM_ACLK
              ClockObject                                                                 : ACLK
              ClockDomainId                                                               : 1
    NoConvControlPathInfo
      Type                                                                                : Control
      SyncOutput                                                                          : gen_wide_SRAM_ROB[0].gen_SRAM_ROB[0].gSF4MemInst.gSF4MemBdInst.u_SRAM_ROB_FIFO_BD/u_sync_DE_CLR_N/sync_inst[0].genblk1.genblk1.u_dont_touch_sync_dff2/Q
      DestInfoList
        DestInfo
          DestObject                                                                      : gen_wide_SRAM_ROB[0].gen_SRAM_ROB[0].gSF4MemInst.gSF4MemBdInst.u_SRAM_ROB_FIFO_BD/u_sync_DE_CLR_N/sync_inst[0].genblk1.genblk1.u_dont_touch_sync_dff2/D
          DestClockInfoList
            DestClockInfo
              ClockName                                                                   : CLK_PRCM_ACLK
              ClockObject                                                                 : ACLK
              ClockDomainId                                                               : 1
    NoConvControlPathInfo
      Type                                                                                : Control
      SyncOutput                                                                          : u_enerr_ecc_dec_dcls_sram_rob/sync_inst[0].genblk1.genblk1.u_dont_touch_sync_dff2/Q
      DestInfoList
        DestInfo
          DestObject                                                                      : u_enerr_ecc_dec_dcls_sram_rob/sync_inst[0].genblk1.genblk1.u_dont_touch_sync_dff2/D
          DestClockInfoList
            DestClockInfo
              ClockName                                                                   : CLK_PRCM_ACLK
              ClockObject                                                                 : ACLK
              ClockDomainId                                                               : 1
  ContainerInstance                                                                       : BOS_AESDMA
  Module                                                                                 : BOS_AESDMA
  FullyContainedViolation                                                                 : true


  -----------------------------------------------------------------------------
  CDC_COHERENCY_RECONV_COMB  (9 errors/0 waived)
  -----------------------------------------------------------------------------
  Tag                                                                                 : CDC_COHERENCY_RECONV_COMB
  Description                                                                             : Combinational convergence found at [ConvergencePoint]
  Violation                                                                               : CDC:166
  ReasonInfoList
    ReasonInfo
      ReasonCode                                                                          : SYNC_SRC_CONV
      ReasonCodeMsg                                                                       : Source signals from same domain converge after synchronization
  ConvergencePoint                                                                        : u_AESDMA_BUS_PARITY_AXI4_M/u_parity_err/r_O_Q_in[0]
  ConvControlPathList
    ConvergingControlPath
      Type                                                                                : Control
      SyncOutput                                                                          : u_AESDMA_BUS_PARITY_AXI4_M/u_bos_synch_enerr_axi_mi0_bus_parity/sync_inst[0].genblk1.genblk1.u_dont_touch_sync_dff2/Q
      DestInfoList
        DestInfo
          DestObject                                                                      : u_AESDMA_BUS_PARITY_AXI4_M/u_bos_synch_enerr_axi_mi0_bus_parity/sync_inst[0].genblk1.genblk1.u_dont_touch_sync_dff2/D
          DestClockInfoList
            DestClockInfo
              ClockName                                                                   : CLK_PRCM_ACLK
              ClockObject                                                                 : ACLK
              ClockDomainId                                                               : 1
          SrcInfoList
            SrcInfo
              SrcObject                                                                   : ENERR_AESDMA_AXI4_MI0_BUS_PARITY
              SrcClockInfoList
                SrcClockInfo
                  ClockName                                                               : CLK_PRCM_PCLK
                  ClockObject                                                             : PCLK
                  ClockDomainId                                                           : 2
    ConvergingControlPath
      Type                                                                                : Control
      SyncOutput                                                                          : u_AESDMA_BUS_PARITY_AXI4_M/u_bos_synch_fierr_err_axi_mi0_bus_parity_rdata/sync_inst[0].genblk1.genblk1.u_dont_touch_sync_dff2/Q
      DestInfoList
        DestInfo
          DestObject                                                                      : u_AESDMA_BUS_PARITY_AXI4_M/u_bos_synch_fierr_err_axi_mi0_bus_parity_rdata/sync_inst[0].genblk1.genblk1.u_dont_touch_sync_dff2/D
          DestClockInfoList
            DestClockInfo
              ClockName                                                                   : CLK_PRCM_ACLK
              ClockObject                                                                 : ACLK
              ClockDomainId                                                               : 1
          SrcInfoList
            SrcInfo
              SrcObject                                                                   : FIERR_AESDMA_AXI4_MI0_BUS_PARITY_RDATA[0]
              SrcClockInfoList
                SrcClockInfo
                  ClockName                                                               : CLK_PRCM_PCLK
                  ClockObject                                                             : PCLK
                  ClockDomainId                                                           : 2
    ConvergingControlPath
      Type                                                                                : Control
      SyncOutput                                                                          : u_AESDMA_BUS_PARITY_AXI4_M/u_bos_synch_fierr_err_axi_mi0_bus_parity_rdata/sync_inst[10].genblk1.genblk1.u_dont_touch_sync_dff2/Q
      DestInfoList
        DestInfo
          DestObject                                                                      : u_AESDMA_BUS_PARITY_AXI4_M/u_bos_synch_fierr_err_axi_mi0_bus_parity_rdata/sync_inst[10].genblk1.genblk1.u_dont_touch_sync_dff2/D
          DestClockInfoList
            DestClockInfo
              ClockName                                                                   : CLK_PRCM_ACLK
              ClockObject                                                                 : ACLK
              ClockDomainId                                                               : 1
          SrcInfoList
            SrcInfo
              SrcObject                                                                   : FIERR_AESDMA_AXI4_MI0_BUS_PARITY_RDATA[10]
              SrcClockInfoList
                SrcClockInfo
                  ClockName                                                               : CLK_PRCM_PCLK
                  ClockObject                                                             : PCLK
                  ClockDomainId                                                           : 2
    ConvergingControlPath
      Type                                                                                : Control
      SyncOutput                                                                          : u_AESDMA_BUS_PARITY_AXI4_M/u_bos_synch_fierr_err_axi_mi0_bus_parity_rdata/sync_inst[11].genblk1.genblk1.u_dont_touch_sync_dff2/Q
      DestInfoList
        DestInfo
          DestObject                                                                      : u_AESDMA_BUS_PARITY_AXI4_M/u_bos_synch_fierr_err_axi_mi0_bus_parity_rdata/sync_inst[11].genblk1.genblk1.u_dont_touch_sync_dff2/D
          DestClockInfoList
            DestClockInfo
              ClockName                                                                   : CLK_PRCM_ACLK
              ClockObject                                                                 : ACLK
              ClockDomainId                                                               : 1
          SrcInfoList
            SrcInfo
              SrcObject                                                                   : FIERR_AESDMA_AXI4_MI0_BUS_PARITY_RDATA[11]
              SrcClockInfoList
                SrcClockInfo
                  ClockName                                                               : CLK_PRCM_PCLK
                  ClockObject                                                             : PCLK
                  ClockDomainId                                                           : 2
    ConvergingControlPath
      Type                                                                                : Control
      SyncOutput                                                                          : u_AESDMA_BUS_PARITY_AXI4_M/u_bos_synch_fierr_err_axi_mi0_bus_parity_rdata/sync_inst[12].genblk1.genblk1.u_dont_touch_sync_dff2/Q
      DestInfoList
        DestInfo
          DestObject                                                                      : u_AESDMA_BUS_PARITY_AXI4_M/u_bos_synch_fierr_err_axi_mi0_bus_parity_rdata/sync_inst[12].genblk1.genblk1.u_dont_touch_sync_dff2/D
          DestClockInfoList
            DestClockInfo
              ClockName                                                                   : CLK_PRCM_ACLK
              ClockObject                                                                 : ACLK
              ClockDomainId                                                               : 1
          SrcInfoList
            SrcInfo
              SrcObject                                                                   : FIERR_AESDMA_AXI4_MI0_BUS_PARITY_RDATA[12]
              SrcClockInfoList
                SrcClockInfo
                  ClockName                                                               : CLK_PRCM_PCLK
                  ClockObject                                                             : PCLK
                  ClockDomainId                                                           : 2
    ConvergingControlPath
      Type                                                                                : Control
      SyncOutput                                                                          : u_AESDMA_BUS_PARITY_AXI4_M/u_bos_synch_fierr_err_axi_mi0_bus_parity_rdata/sync_inst[13].genblk1.genblk1.u_dont_touch_sync_dff2/Q
      DestInfoList
        DestInfo
          DestObject                                                                      : u_AESDMA_BUS_PARITY_AXI4_M/u_bos_synch_fierr_err_axi_mi0_bus_parity_rdata/sync_inst[13].genblk1.genblk1.u_dont_touch_sync_dff2/D
          DestClockInfoList
            DestClockInfo
              ClockName                                                                   : CLK_PRCM_ACLK
              ClockObject                                                                 : ACLK
              ClockDomainId                                                               : 1
          SrcInfoList
            SrcInfo
              SrcObject                                                                   : FIERR_AESDMA_AXI4_MI0_BUS_PARITY_RDATA[13]
              SrcClockInfoList
                SrcClockInfo
                  ClockName                                                               : CLK_PRCM_PCLK
                  ClockObject                                                             : PCLK
                  ClockDomainId                                                           : 2
    ConvergingControlPath
      Type                                                                                : Control
      SyncOutput                                                                          : u_AESDMA_BUS_PARITY_AXI4_M/u_bos_synch_fierr_err_axi_mi0_bus_parity_rdata/sync_inst[14].genblk1.genblk1.u_dont_touch_sync_dff2/Q
      DestInfoList
        DestInfo
          DestObject                                                                      : u_AESDMA_BUS_PARITY_AXI4_M/u_bos_synch_fierr_err_axi_mi0_bus_parity_rdata/sync_inst[14].genblk1.genblk1.u_dont_touch_sync_dff2/D
          DestClockInfoList
            DestClockInfo
              ClockName                                                                   : CLK_PRCM_ACLK
              ClockObject                                                                 : ACLK
              ClockDomainId                                                               : 1
          SrcInfoList
            SrcInfo
              SrcObject                                                                   : FIERR_AESDMA_AXI4_MI0_BUS_PARITY_RDATA[14]
              SrcClockInfoList
                SrcClockInfo
                  ClockName                                                               : CLK_PRCM_PCLK
                  ClockObject                                                             : PCLK
                  ClockDomainId                                                           : 2
    ConvergingControlPath
      Type                                                                                : Control
      SyncOutput                                                                          : u_AESDMA_BUS_PARITY_AXI4_M/u_bos_synch_fierr_err_axi_mi0_bus_parity_rdata/sync_inst[15].genblk1.genblk1.u_dont_touch_sync_dff2/Q
      DestInfoList
        DestInfo
          DestObject                                                                      : u_AESDMA_BUS_PARITY_AXI4_M/u_bos_synch_fierr_err_axi_mi0_bus_parity_rdata/sync_inst[15].genblk1.genblk1.u_dont_touch_sync_dff2/D
          DestClockInfoList
            DestClockInfo
              ClockName                                                                   : CLK_PRCM_ACLK
              ClockObject                                                                 : ACLK
              ClockDomainId                                                               : 1
          SrcInfoList
            SrcInfo
              SrcObject                                                                   : FIERR_AESDMA_AXI4_MI0_BUS_PARITY_RDATA[15]
              SrcClockInfoList
                SrcClockInfo
                  ClockName                                                               : CLK_PRCM_PCLK
                  ClockObject                                                             : PCLK
                  ClockDomainId                                                           : 2
    ConvergingControlPath
      Type                                                                                : Control
      SyncOutput                                                                          : u_AESDMA_BUS_PARITY_AXI4_M/u_bos_synch_fierr_err_axi_mi0_bus_parity_rdata/sync_inst[1].genblk1.genblk1.u_dont_touch_sync_dff2/Q
      DestInfoList
        DestInfo
          DestObject                                                                      : u_AESDMA_BUS_PARITY_AXI4_M/u_bos_synch_fierr_err_axi_mi0_bus_parity_rdata/sync_inst[1].genblk1.genblk1.u_dont_touch_sync_dff2/D
          DestClockInfoList
            DestClockInfo
              ClockName                                                                   : CLK_PRCM_ACLK
              ClockObject                                                                 : ACLK
              ClockDomainId                                                               : 1
          SrcInfoList
            SrcInfo
              SrcObject                                                                   : FIERR_AESDMA_AXI4_MI0_BUS_PARITY_RDATA[1]
              SrcClockInfoList
                SrcClockInfo
                  ClockName                                                               : CLK_PRCM_PCLK
                  ClockObject                                                             : PCLK
                  ClockDomainId                                                           : 2
    ConvergingControlPath
      Type                                                                                : Control
      SyncOutput                                                                          : u_AESDMA_BUS_PARITY_AXI4_M/u_bos_synch_fierr_err_axi_mi0_bus_parity_rdata/sync_inst[2].genblk1.genblk1.u_dont_touch_sync_dff2/Q
      DestInfoList
        DestInfo
          DestObject                                                                      : u_AESDMA_BUS_PARITY_AXI4_M/u_bos_synch_fierr_err_axi_mi0_bus_parity_rdata/sync_inst[2].genblk1.genblk1.u_dont_touch_sync_dff2/D
          DestClockInfoList
            DestClockInfo
              ClockName                                                                   : CLK_PRCM_ACLK
              ClockObject                                                                 : ACLK
              ClockDomainId                                                               : 1
          SrcInfoList
            SrcInfo
              SrcObject                                                                   : FIERR_AESDMA_AXI4_MI0_BUS_PARITY_RDATA[2]
              SrcClockInfoList
                SrcClockInfo
                  ClockName                                                               : CLK_PRCM_PCLK
                  ClockObject                                                             : PCLK
                  ClockDomainId                                                           : 2
    ConvergingControlPath
      Type                                                                                : Control
      SyncOutput                                                                          : u_AESDMA_BUS_PARITY_AXI4_M/u_bos_synch_fierr_err_axi_mi0_bus_parity_rdata/sync_inst[3].genblk1.genblk1.u_dont_touch_sync_dff2/Q
      DestInfoList
        DestInfo
          DestObject                                                                      : u_AESDMA_BUS_PARITY_AXI4_M/u_bos_synch_fierr_err_axi_mi0_bus_parity_rdata/sync_inst[3].genblk1.genblk1.u_dont_touch_sync_dff2/D
          DestClockInfoList
            DestClockInfo
              ClockName                                                                   : CLK_PRCM_ACLK
              ClockObject                                                                 : ACLK
              ClockDomainId                                                               : 1
          SrcInfoList
            SrcInfo
              SrcObject                                                                   : FIERR_AESDMA_AXI4_MI0_BUS_PARITY_RDATA[3]
              SrcClockInfoList
                SrcClockInfo
                  ClockName                                                               : CLK_PRCM_PCLK
                  ClockObject                                                             : PCLK
                  ClockDomainId                                                           : 2
    ConvergingControlPath
      Type                                                                                : Control
      SyncOutput                                                                          : u_AESDMA_BUS_PARITY_AXI4_M/u_bos_synch_fierr_err_axi_mi0_bus_parity_rdata/sync_inst[4].genblk1.genblk1.u_dont_touch_sync_dff2/Q
      DestInfoList
        DestInfo
          DestObject                                                                      : u_AESDMA_BUS_PARITY_AXI4_M/u_bos_synch_fierr_err_axi_mi0_bus_parity_rdata/sync_inst[4].genblk1.genblk1.u_dont_touch_sync_dff2/D
          DestClockInfoList
            DestClockInfo
              ClockName                                                                   : CLK_PRCM_ACLK
              ClockObject                                                                 : ACLK
              ClockDomainId                                                               : 1
          SrcInfoList
            SrcInfo
              SrcObject                                                                   : FIERR_AESDMA_AXI4_MI0_BUS_PARITY_RDATA[4]
              SrcClockInfoList
                SrcClockInfo
                  ClockName                                                               : CLK_PRCM_PCLK
                  ClockObject                                                             : PCLK
                  ClockDomainId                                                           : 2
    ConvergingControlPath
      Type                                                                                : Control
      SyncOutput                                                                          : u_AESDMA_BUS_PARITY_AXI4_M/u_bos_synch_fierr_err_axi_mi0_bus_parity_rdata/sync_inst[5].genblk1.genblk1.u_dont_touch_sync_dff2/Q
      DestInfoList
        DestInfo
          DestObject                                                                      : u_AESDMA_BUS_PARITY_AXI4_M/u_bos_synch_fierr_err_axi_mi0_bus_parity_rdata/sync_inst[5].genblk1.genblk1.u_dont_touch_sync_dff2/D
          DestClockInfoList
            DestClockInfo
              ClockName                                                                   : CLK_PRCM_ACLK
              ClockObject                                                                 : ACLK
              ClockDomainId                                                               : 1
          SrcInfoList
            SrcInfo
              SrcObject                                                                   : FIERR_AESDMA_AXI4_MI0_BUS_PARITY_RDATA[5]
              SrcClockInfoList
                SrcClockInfo
                  ClockName                                                               : CLK_PRCM_PCLK
                  ClockObject                                                             : PCLK
                  ClockDomainId                                                           : 2
    ConvergingControlPath
      Type                                                                                : Control
      SyncOutput                                                                          : u_AESDMA_BUS_PARITY_AXI4_M/u_bos_synch_fierr_err_axi_mi0_bus_parity_rdata/sync_inst[6].genblk1.genblk1.u_dont_touch_sync_dff2/Q
      DestInfoList
        DestInfo
          DestObject                                                                      : u_AESDMA_BUS_PARITY_AXI4_M/u_bos_synch_fierr_err_axi_mi0_bus_parity_rdata/sync_inst[6].genblk1.genblk1.u_dont_touch_sync_dff2/D
          DestClockInfoList
            DestClockInfo
              ClockName                                                                   : CLK_PRCM_ACLK
              ClockObject                                                                 : ACLK
              ClockDomainId                                                               : 1
          SrcInfoList
            SrcInfo
              SrcObject                                                                   : FIERR_AESDMA_AXI4_MI0_BUS_PARITY_RDATA[6]
              SrcClockInfoList
                SrcClockInfo
                  ClockName                                                               : CLK_PRCM_PCLK
                  ClockObject                                                             : PCLK
                  ClockDomainId                                                           : 2
    ConvergingControlPath
      Type                                                                                : Control
      SyncOutput                                                                          : u_AESDMA_BUS_PARITY_AXI4_M/u_bos_synch_fierr_err_axi_mi0_bus_parity_rdata/sync_inst[7].genblk1.genblk1.u_dont_touch_sync_dff2/Q
      DestInfoList
        DestInfo
          DestObject                                                                      : u_AESDMA_BUS_PARITY_AXI4_M/u_bos_synch_fierr_err_axi_mi0_bus_parity_rdata/sync_inst[7].genblk1.genblk1.u_dont_touch_sync_dff2/D
          DestClockInfoList
            DestClockInfo
              ClockName                                                                   : CLK_PRCM_ACLK
              ClockObject                                                                 : ACLK
              ClockDomainId                                                               : 1
          SrcInfoList
            SrcInfo
              SrcObject                                                                   : FIERR_AESDMA_AXI4_MI0_BUS_PARITY_RDATA[7]
              SrcClockInfoList
                SrcClockInfo
                  ClockName                                                               : CLK_PRCM_PCLK
                  ClockObject                                                             : PCLK
                  ClockDomainId                                                           : 2
    ConvergingControlPath
      Type                                                                                : Control
      SyncOutput                                                                          : u_AESDMA_BUS_PARITY_AXI4_M/u_bos_synch_fierr_err_axi_mi0_bus_parity_rdata/sync_inst[8].genblk1.genblk1.u_dont_touch_sync_dff2/Q
      DestInfoList
        DestInfo
          DestObject                                                                      : u_AESDMA_BUS_PARITY_AXI4_M/u_bos_synch_fierr_err_axi_mi0_bus_parity_rdata/sync_inst[8].genblk1.genblk1.u_dont_touch_sync_dff2/D
          DestClockInfoList
            DestClockInfo
              ClockName                                                                   : CLK_PRCM_ACLK
              ClockObject                                                                 : ACLK
              ClockDomainId                                                               : 1
          SrcInfoList
            SrcInfo
              SrcObject                                                                   : FIERR_AESDMA_AXI4_MI0_BUS_PARITY_RDATA[8]
              SrcClockInfoList
                SrcClockInfo
                  ClockName                                                               : CLK_PRCM_PCLK
                  ClockObject                                                             : PCLK
                  ClockDomainId                                                           : 2
    ConvergingControlPath
      Type                                                                                : Control
      SyncOutput                                                                          : u_AESDMA_BUS_PARITY_AXI4_M/u_bos_synch_fierr_err_axi_mi0_bus_parity_rdata/sync_inst[9].genblk1.genblk1.u_dont_touch_sync_dff2/Q
      DestInfoList
        DestInfo
          DestObject                                                                      : u_AESDMA_BUS_PARITY_AXI4_M/u_bos_synch_fierr_err_axi_mi0_bus_parity_rdata/sync_inst[9].genblk1.genblk1.u_dont_touch_sync_dff2/D
          DestClockInfoList
            DestClockInfo
              ClockName                                                                   : CLK_PRCM_ACLK
              ClockObject                                                                 : ACLK
              ClockDomainId                                                               : 1
          SrcInfoList
            SrcInfo
              SrcObject                                                                   : FIERR_AESDMA_AXI4_MI0_BUS_PARITY_RDATA[9]
              SrcClockInfoList
                SrcClockInfo
                  ClockName                                                               : CLK_PRCM_PCLK
                  ClockObject                                                             : PCLK
                  ClockDomainId                                                           : 2
  ContainerInstance                                                                       : u_AESDMA_BUS_PARITY_AXI4_M
  Module                                                                                 : BOS_BUS_PARITY_AXI4_M

  -----------------------------------------------------------------------------
  Tag                                                                                 : CDC_COHERENCY_RECONV_COMB
  Description                                                                             : Combinational convergence found at [ConvergencePoint]
  Violation                                                                               : CDC:167
  ReasonInfoList
    ReasonInfo
      ReasonCode                                                                          : SYNC_SRC_CONV
      ReasonCodeMsg                                                                       : Source signals from same domain converge after synchronization
  ConvergencePoint                                                                        : w_sram_rob_clk_en_ctrl
  ConvControlPathList
    ConvergingControlPath
      Type                                                                                : Control
      SyncOutput                                                                          : u_enerr_ecc_dec_dcls_sram_rob/sync_inst[0].genblk1.genblk1.u_dont_touch_sync_dff2/Q
      DestInfoList
        DestInfo
          DestObject                                                                      : u_enerr_ecc_dec_dcls_sram_rob/sync_inst[0].genblk1.genblk1.u_dont_touch_sync_dff2/D
          DestClockInfoList
            DestClockInfo
              ClockName                                                                   : CLK_PRCM_ACLK
              ClockObject                                                                 : ACLK
              ClockDomainId                                                               : 1
          SrcInfoList
            SrcInfo
              SrcObject                                                                   : ENERR_AESDMA_ECC_DEC_DCLS_SRAM_ROB
              SrcClockInfoList
                SrcClockInfo
                  ClockName                                                               : CLK_PRCM_PCLK
                  ClockObject                                                             : PCLK
                  ClockDomainId                                                           : 2
    ConvergingControlPath
      Type                                                                                : Control
      SyncOutput                                                                          : u_enerr_ecc_e1_sram_rob/sync_inst[0].genblk1.genblk1.u_dont_touch_sync_dff2/Q
      DestInfoList
        DestInfo
          DestObject                                                                      : u_enerr_ecc_e1_sram_rob/sync_inst[0].genblk1.genblk1.u_dont_touch_sync_dff2/D
          DestClockInfoList
            DestClockInfo
              ClockName                                                                   : CLK_PRCM_ACLK
              ClockObject                                                                 : ACLK
              ClockDomainId                                                               : 1
          SrcInfoList
            SrcInfo
              SrcObject                                                                   : ENERR_AESDMA_ECC_E1_SRAM_ROB
              SrcClockInfoList
                SrcClockInfo
                  ClockName                                                               : CLK_PRCM_PCLK
                  ClockObject                                                             : PCLK
                  ClockDomainId                                                           : 2
    ConvergingControlPath
      Type                                                                                : Control
      SyncOutput                                                                          : u_enerr_ecc_e2_sram_rob/sync_inst[0].genblk1.genblk1.u_dont_touch_sync_dff2/Q
      DestInfoList
        DestInfo
          DestObject                                                                      : u_enerr_ecc_e2_sram_rob/sync_inst[0].genblk1.genblk1.u_dont_touch_sync_dff2/D
          DestClockInfoList
            DestClockInfo
              ClockName                                                                   : CLK_PRCM_ACLK
              ClockObject                                                                 : ACLK
              ClockDomainId                                                               : 1
          SrcInfoList
            SrcInfo
              SrcObject                                                                   : ENERR_AESDMA_ECC_E2_SRAM_ROB
              SrcClockInfoList
                SrcClockInfo
                  ClockName                                                               : CLK_PRCM_PCLK
                  ClockObject                                                             : PCLK
                  ClockDomainId                                                           : 2
    ConvergingControlPath
      Type                                                                                : Control
      SyncOutput                                                                          : u_fierr_ecc_dec_dcls_sram_rob/sync_inst[0].genblk1.genblk1.u_dont_touch_sync_dff2/Q
      DestInfoList
        DestInfo
          DestObject                                                                      : u_fierr_ecc_dec_dcls_sram_rob/sync_inst[0].genblk1.genblk1.u_dont_touch_sync_dff2/D
          DestClockInfoList
            DestClockInfo
              ClockName                                                                   : CLK_PRCM_ACLK
              ClockObject                                                                 : ACLK
              ClockDomainId                                                               : 1
          SrcInfoList
            SrcInfo
              SrcObject                                                                   : FIERR_AESDMA_ECC_DEC_DCLS_SRAM_ROB
              SrcClockInfoList
                SrcClockInfo
                  ClockName                                                               : CLK_PRCM_PCLK
                  ClockObject                                                             : PCLK
                  ClockDomainId                                                           : 2
    ConvergingControlPath
      Type                                                                                : Control
      SyncOutput                                                                          : u_fierr_ecc_e1_sram_rob/sync_inst[0].genblk1.genblk1.u_dont_touch_sync_dff2/Q
      DestInfoList
        DestInfo
          DestObject                                                                      : u_fierr_ecc_e1_sram_rob/sync_inst[0].genblk1.genblk1.u_dont_touch_sync_dff2/D
          DestClockInfoList
            DestClockInfo
              ClockName                                                                   : CLK_PRCM_ACLK
              ClockObject                                                                 : ACLK
              ClockDomainId                                                               : 1
          SrcInfoList
            SrcInfo
              SrcObject                                                                   : FIERR_AESDMA_ECC_E1_SRAM_ROB
              SrcClockInfoList
                SrcClockInfo
                  ClockName                                                               : CLK_PRCM_PCLK
                  ClockObject                                                             : PCLK
                  ClockDomainId                                                           : 2
    ConvergingControlPath
      Type                                                                                : Control
      SyncOutput                                                                          : u_fierr_ecc_e2_sram_rob/sync_inst[0].genblk1.genblk1.u_dont_touch_sync_dff2/Q
      DestInfoList
        DestInfo
          DestObject                                                                      : u_fierr_ecc_e2_sram_rob/sync_inst[0].genblk1.genblk1.u_dont_touch_sync_dff2/D
          DestClockInfoList
            DestClockInfo
              ClockName                                                                   : CLK_PRCM_ACLK
              ClockObject                                                                 : ACLK
              ClockDomainId                                                               : 1
          SrcInfoList
            SrcInfo
              SrcObject                                                                   : FIERR_AESDMA_ECC_E2_SRAM_ROB
              SrcClockInfoList
                SrcClockInfo
                  ClockName                                                               : CLK_PRCM_PCLK
                  ClockObject                                                             : PCLK
                  ClockDomainId                                                           : 2
  ContainerInstance                                                                       : BOS_AESDMA
  Module                                                                                 : BOS_AESDMA

  -----------------------------------------------------------------------------
  Tag                                                                                 : CDC_COHERENCY_RECONV_COMB
  Description                                                                             : Combinational convergence found at [ConvergencePoint]
  Violation                                                                               : CDC:168
  ReasonInfoList
    ReasonInfo
      ReasonCode                                                                          : SYNC_SRC_CONV
      ReasonCodeMsg                                                                       : Source signals from same domain converge after synchronization
  ConvergencePoint                                                                        : w_sram_wrfifo_clk_en_ctrl
  ConvControlPathList
    ConvergingControlPath
      Type                                                                                : Control
      SyncOutput                                                                          : u_enerr_ecc_dec_dcls_sram_wrfifo/sync_inst[0].genblk1.genblk1.u_dont_touch_sync_dff2/Q
      DestInfoList
        DestInfo
          DestObject                                                                      : u_enerr_ecc_dec_dcls_sram_wrfifo/sync_inst[0].genblk1.genblk1.u_dont_touch_sync_dff2/D
          DestClockInfoList
            DestClockInfo
              ClockName                                                                   : CLK_PRCM_ACLK
              ClockObject                                                                 : ACLK
              ClockDomainId                                                               : 1
          SrcInfoList
            SrcInfo
              SrcObject                                                                   : ENERR_AESDMA_ECC_DEC_DCLS_SRAM_WRFIFO
              SrcClockInfoList
                SrcClockInfo
                  ClockName                                                               : CLK_PRCM_PCLK
                  ClockObject                                                             : PCLK
                  ClockDomainId                                                           : 2
    ConvergingControlPath
      Type                                                                                : Control
      SyncOutput                                                                          : u_enerr_ecc_e1_sram_wrfifo/sync_inst[0].genblk1.genblk1.u_dont_touch_sync_dff2/Q
      DestInfoList
        DestInfo
          DestObject                                                                      : u_enerr_ecc_e1_sram_wrfifo/sync_inst[0].genblk1.genblk1.u_dont_touch_sync_dff2/D
          DestClockInfoList
            DestClockInfo
              ClockName                                                                   : CLK_PRCM_ACLK
              ClockObject                                                                 : ACLK
              ClockDomainId                                                               : 1
          SrcInfoList
            SrcInfo
              SrcObject                                                                   : ENERR_AESDMA_ECC_E1_SRAM_WRFIFO
              SrcClockInfoList
                SrcClockInfo
                  ClockName                                                               : CLK_PRCM_PCLK
                  ClockObject                                                             : PCLK
                  ClockDomainId                                                           : 2
    ConvergingControlPath
      Type                                                                                : Control
      SyncOutput                                                                          : u_enerr_ecc_e2_sram_wrfifo/sync_inst[0].genblk1.genblk1.u_dont_touch_sync_dff2/Q
      DestInfoList
        DestInfo
          DestObject                                                                      : u_enerr_ecc_e2_sram_wrfifo/sync_inst[0].genblk1.genblk1.u_dont_touch_sync_dff2/D
          DestClockInfoList
            DestClockInfo
              ClockName                                                                   : CLK_PRCM_ACLK
              ClockObject                                                                 : ACLK
              ClockDomainId                                                               : 1
          SrcInfoList
            SrcInfo
              SrcObject                                                                   : ENERR_AESDMA_ECC_E2_SRAM_WRFIFO
              SrcClockInfoList
                SrcClockInfo
                  ClockName                                                               : CLK_PRCM_PCLK
                  ClockObject                                                             : PCLK
                  ClockDomainId                                                           : 2
    ConvergingControlPath
      Type                                                                                : Control
      SyncOutput                                                                          : u_fierr_ecc_dec_dcls_sram_wrfifo/sync_inst[0].genblk1.genblk1.u_dont_touch_sync_dff2/Q
      DestInfoList
        DestInfo
          DestObject                                                                      : u_fierr_ecc_dec_dcls_sram_wrfifo/sync_inst[0].genblk1.genblk1.u_dont_touch_sync_dff2/D
          DestClockInfoList
            DestClockInfo
              ClockName                                                                   : CLK_PRCM_ACLK
              ClockObject                                                                 : ACLK
              ClockDomainId                                                               : 1
          SrcInfoList
            SrcInfo
              SrcObject                                                                   : FIERR_AESDMA_ECC_DEC_DCLS_SRAM_WRFIFO
              SrcClockInfoList
                SrcClockInfo
                  ClockName                                                               : CLK_PRCM_PCLK
                  ClockObject                                                             : PCLK
                  ClockDomainId                                                           : 2
    ConvergingControlPath
      Type                                                                                : Control
      SyncOutput                                                                          : u_fierr_ecc_e1_sram_wrfifo/sync_inst[0].genblk1.genblk1.u_dont_touch_sync_dff2/Q
      DestInfoList
        DestInfo
          DestObject                                                                      : u_fierr_ecc_e1_sram_wrfifo/sync_inst[0].genblk1.genblk1.u_dont_touch_sync_dff2/D
          DestClockInfoList
            DestClockInfo
              ClockName                                                                   : CLK_PRCM_ACLK
              ClockObject                                                                 : ACLK
              ClockDomainId                                                               : 1
          SrcInfoList
            SrcInfo
              SrcObject                                                                   : FIERR_AESDMA_ECC_E1_SRAM_WRFIFO
              SrcClockInfoList
                SrcClockInfo
                  ClockName                                                               : CLK_PRCM_PCLK
                  ClockObject                                                             : PCLK
                  ClockDomainId                                                           : 2
    ConvergingControlPath
      Type                                                                                : Control
      SyncOutput                                                                          : u_fierr_ecc_e2_sram_wrfifo/sync_inst[0].genblk1.genblk1.u_dont_touch_sync_dff2/Q
      DestInfoList
        DestInfo
          DestObject                                                                      : u_fierr_ecc_e2_sram_wrfifo/sync_inst[0].genblk1.genblk1.u_dont_touch_sync_dff2/D
          DestClockInfoList
            DestClockInfo
              ClockName                                                                   : CLK_PRCM_ACLK
              ClockObject                                                                 : ACLK
              ClockDomainId                                                               : 1
          SrcInfoList
            SrcInfo
              SrcObject                                                                   : FIERR_AESDMA_ECC_E2_SRAM_WRFIFO
              SrcClockInfoList
                SrcClockInfo
                  ClockName                                                               : CLK_PRCM_PCLK
                  ClockObject                                                             : PCLK
                  ClockDomainId                                                           : 2
  ContainerInstance                                                                       : BOS_AESDMA
  Module                                                                                 : BOS_AESDMA

  -----------------------------------------------------------------------------
  Tag                                                                                 : CDC_COHERENCY_RECONV_COMB
  Description                                                                             : Combinational convergence found at [ConvergencePoint]
  Violation                                                                               : CDC:169
  ReasonInfoList
    ReasonInfo
      ReasonCode                                                                          : SYNC_SRC_CONV
      ReasonCodeMsg                                                                       : Source signals from same domain converge after synchronization
  ConvergencePoint                                                                        : gen_wide_SRAM_WRFIFO[0].gen_SRAM_WRFIFO[0].gSF4WrMemInst.u_SRAM_WR_FIFO/u_data_decoder_dcls/u_d0/u_selftest/r_st_nxt[0]
  ConvControlPathList
    ConvergingControlPath
      Type                                                                                : Control
      SyncOutput                                                                          : gen_wide_SRAM_WRFIFO[0].gen_SRAM_WRFIFO[0].gSF4WrMemInst.u_SRAM_WR_FIFO/u_sync_E1_CLR_N/sync_inst[0].genblk1.genblk1.u_dont_touch_sync_dff2/Q
      DestInfoList
        DestInfo
          DestObject                                                                      : gen_wide_SRAM_WRFIFO[0].gen_SRAM_WRFIFO[0].gSF4WrMemInst.u_SRAM_WR_FIFO/u_sync_E1_CLR_N/sync_inst[0].genblk1.genblk1.u_dont_touch_sync_dff2/D
          DestClockInfoList
            DestClockInfo
              ClockName                                                                   : CLK_PRCM_ACLK
              ClockObject                                                                 : ACLK
              ClockDomainId                                                               : 1
          SrcInfoList
            SrcInfo
              SrcObject                                                                   : ENERR_AESDMA_ECC_E1_SRAM_WRFIFO
              SrcClockInfoList
                SrcClockInfo
                  ClockName                                                               : CLK_PRCM_PCLK
                  ClockObject                                                             : PCLK
                  ClockDomainId                                                           : 2
    ConvergingControlPath
      Type                                                                                : Control
      SyncOutput                                                                          : gen_wide_SRAM_WRFIFO[0].gen_SRAM_WRFIFO[0].gSF4WrMemInst.u_SRAM_WR_FIFO/u_sync_E1_INJ/sync_inst[0].genblk1.genblk1.u_dont_touch_sync_dff2/Q
      DestInfoList
        DestInfo
          DestObject                                                                      : gen_wide_SRAM_WRFIFO[0].gen_SRAM_WRFIFO[0].gSF4WrMemInst.u_SRAM_WR_FIFO/u_sync_E1_INJ/sync_inst[0].genblk1.genblk1.u_dont_touch_sync_dff2/D
          DestClockInfoList
            DestClockInfo
              ClockName                                                                   : CLK_PRCM_ACLK
              ClockObject                                                                 : ACLK
              ClockDomainId                                                               : 1
          SrcInfoList
            SrcInfo
              SrcObject                                                                   : FIERR_AESDMA_ECC_E1_SRAM_WRFIFO
              SrcClockInfoList
                SrcClockInfo
                  ClockName                                                               : CLK_PRCM_PCLK
                  ClockObject                                                             : PCLK
                  ClockDomainId                                                           : 2
    ConvergingControlPath
      Type                                                                                : Control
      SyncOutput                                                                          : gen_wide_SRAM_WRFIFO[0].gen_SRAM_WRFIFO[0].gSF4WrMemInst.u_SRAM_WR_FIFO/u_sync_E2_CLR_N/sync_inst[0].genblk1.genblk1.u_dont_touch_sync_dff2/Q
      DestInfoList
        DestInfo
          DestObject                                                                      : gen_wide_SRAM_WRFIFO[0].gen_SRAM_WRFIFO[0].gSF4WrMemInst.u_SRAM_WR_FIFO/u_sync_E2_CLR_N/sync_inst[0].genblk1.genblk1.u_dont_touch_sync_dff2/D
          DestClockInfoList
            DestClockInfo
              ClockName                                                                   : CLK_PRCM_ACLK
              ClockObject                                                                 : ACLK
              ClockDomainId                                                               : 1
          SrcInfoList
            SrcInfo
              SrcObject                                                                   : ENERR_AESDMA_ECC_E2_SRAM_WRFIFO
              SrcClockInfoList
                SrcClockInfo
                  ClockName                                                               : CLK_PRCM_PCLK
                  ClockObject                                                             : PCLK
                  ClockDomainId                                                           : 2
    ConvergingControlPath
      Type                                                                                : Control
      SyncOutput                                                                          : gen_wide_SRAM_WRFIFO[0].gen_SRAM_WRFIFO[0].gSF4WrMemInst.u_SRAM_WR_FIFO/u_sync_E2_INJ/sync_inst[0].genblk1.genblk1.u_dont_touch_sync_dff2/Q
      DestInfoList
        DestInfo
          DestObject                                                                      : gen_wide_SRAM_WRFIFO[0].gen_SRAM_WRFIFO[0].gSF4WrMemInst.u_SRAM_WR_FIFO/u_sync_E2_INJ/sync_inst[0].genblk1.genblk1.u_dont_touch_sync_dff2/D
          DestClockInfoList
            DestClockInfo
              ClockName                                                                   : CLK_PRCM_ACLK
              ClockObject                                                                 : ACLK
              ClockDomainId                                                               : 1
          SrcInfoList
            SrcInfo
              SrcObject                                                                   : FIERR_AESDMA_ECC_E2_SRAM_WRFIFO
              SrcClockInfoList
                SrcClockInfo
                  ClockName                                                               : CLK_PRCM_PCLK
                  ClockObject                                                             : PCLK
                  ClockDomainId                                                           : 2
  ContainerInstance                                                                       : gen_wide_SRAM_WRFIFO[0].gen_SRAM_WRFIFO[0].gSF4WrMemInst.u_SRAM_WR_FIFO
  Module                                                                                 : ln04lpa_a00_mc_rd2rs_hsr_lvt_32x138m2b1c1_wrapper_safety_sf129eadi1

  -----------------------------------------------------------------------------
  Tag                                                                                 : CDC_COHERENCY_RECONV_COMB
  Description                                                                             : Combinational convergence found at [ConvergencePoint]
  Violation                                                                               : CDC:170
  ReasonInfoList
    ReasonInfo
      ReasonCode                                                                          : SYNC_SRC_CONV
      ReasonCodeMsg                                                                       : Source signals from same domain converge after synchronization
  ConvergencePoint                                                                        : gen_wide_SRAM_ROB[0].gen_SRAM_ROB[0].gSF4MemInst.gSF4MemBdInst.u_SRAM_ROB_FIFO_BD/u_data_decoder_dcls/u_d0/u_selftest/r_st_nxt[0]
  ConvControlPathList
    ConvergingControlPath
      Type                                                                                : Control
      SyncOutput                                                                          : gen_wide_SRAM_ROB[0].gen_SRAM_ROB[0].gSF4MemInst.gSF4MemBdInst.u_SRAM_ROB_FIFO_BD/u_sync_E1_CLR_N/sync_inst[0].genblk1.genblk1.u_dont_touch_sync_dff2/Q
      DestInfoList
        DestInfo
          DestObject                                                                      : gen_wide_SRAM_ROB[0].gen_SRAM_ROB[0].gSF4MemInst.gSF4MemBdInst.u_SRAM_ROB_FIFO_BD/u_sync_E1_CLR_N/sync_inst[0].genblk1.genblk1.u_dont_touch_sync_dff2/D
          DestClockInfoList
            DestClockInfo
              ClockName                                                                   : CLK_PRCM_ACLK
              ClockObject                                                                 : ACLK
              ClockDomainId                                                               : 1
          SrcInfoList
            SrcInfo
              SrcObject                                                                   : ENERR_AESDMA_ECC_E1_SRAM_ROB
              SrcClockInfoList
                SrcClockInfo
                  ClockName                                                               : CLK_PRCM_PCLK
                  ClockObject                                                             : PCLK
                  ClockDomainId                                                           : 2
    ConvergingControlPath
      Type                                                                                : Control
      SyncOutput                                                                          : gen_wide_SRAM_ROB[0].gen_SRAM_ROB[0].gSF4MemInst.gSF4MemBdInst.u_SRAM_ROB_FIFO_BD/u_sync_E1_INJ/sync_inst[0].genblk1.genblk1.u_dont_touch_sync_dff2/Q
      DestInfoList
        DestInfo
          DestObject                                                                      : gen_wide_SRAM_ROB[0].gen_SRAM_ROB[0].gSF4MemInst.gSF4MemBdInst.u_SRAM_ROB_FIFO_BD/u_sync_E1_INJ/sync_inst[0].genblk1.genblk1.u_dont_touch_sync_dff2/D
          DestClockInfoList
            DestClockInfo
              ClockName                                                                   : CLK_PRCM_ACLK
              ClockObject                                                                 : ACLK
              ClockDomainId                                                               : 1
          SrcInfoList
            SrcInfo
              SrcObject                                                                   : FIERR_AESDMA_ECC_E1_SRAM_ROB
              SrcClockInfoList
                SrcClockInfo
                  ClockName                                                               : CLK_PRCM_PCLK
                  ClockObject                                                             : PCLK
                  ClockDomainId                                                           : 2
    ConvergingControlPath
      Type                                                                                : Control
      SyncOutput                                                                          : gen_wide_SRAM_ROB[0].gen_SRAM_ROB[0].gSF4MemInst.gSF4MemBdInst.u_SRAM_ROB_FIFO_BD/u_sync_E2_CLR_N/sync_inst[0].genblk1.genblk1.u_dont_touch_sync_dff2/Q
      DestInfoList
        DestInfo
          DestObject                                                                      : gen_wide_SRAM_ROB[0].gen_SRAM_ROB[0].gSF4MemInst.gSF4MemBdInst.u_SRAM_ROB_FIFO_BD/u_sync_E2_CLR_N/sync_inst[0].genblk1.genblk1.u_dont_touch_sync_dff2/D
          DestClockInfoList
            DestClockInfo
              ClockName                                                                   : CLK_PRCM_ACLK
              ClockObject                                                                 : ACLK
              ClockDomainId                                                               : 1
          SrcInfoList
            SrcInfo
              SrcObject                                                                   : ENERR_AESDMA_ECC_E2_SRAM_ROB
              SrcClockInfoList
                SrcClockInfo
                  ClockName                                                               : CLK_PRCM_PCLK
                  ClockObject                                                             : PCLK
                  ClockDomainId                                                           : 2
    ConvergingControlPath
      Type                                                                                : Control
      SyncOutput                                                                          : gen_wide_SRAM_ROB[0].gen_SRAM_ROB[0].gSF4MemInst.gSF4MemBdInst.u_SRAM_ROB_FIFO_BD/u_sync_E2_INJ/sync_inst[0].genblk1.genblk1.u_dont_touch_sync_dff2/Q
      DestInfoList
        DestInfo
          DestObject                                                                      : gen_wide_SRAM_ROB[0].gen_SRAM_ROB[0].gSF4MemInst.gSF4MemBdInst.u_SRAM_ROB_FIFO_BD/u_sync_E2_INJ/sync_inst[0].genblk1.genblk1.u_dont_touch_sync_dff2/D
          DestClockInfoList
            DestClockInfo
              ClockName                                                                   : CLK_PRCM_ACLK
              ClockObject                                                                 : ACLK
              ClockDomainId                                                               : 1
          SrcInfoList
            SrcInfo
              SrcObject                                                                   : FIERR_AESDMA_ECC_E2_SRAM_ROB
              SrcClockInfoList
                SrcClockInfo
                  ClockName                                                               : CLK_PRCM_PCLK
                  ClockObject                                                             : PCLK
                  ClockDomainId                                                           : 2
  ContainerInstance                                                                       : gen_wide_SRAM_ROB[0].gen_SRAM_ROB[0].gSF4MemInst.gSF4MemBdInst.u_SRAM_ROB_FIFO_BD
  Module                                                                                 : ln04lpa_a00_mc_rd2rs_hsr_lvt_320x72m2b1c1_wrapper_safety_sf64eadi1

  -----------------------------------------------------------------------------
  Tag                                                                                 : CDC_COHERENCY_RECONV_COMB
  Description                                                                             : Combinational convergence found at [ConvergencePoint]
  Violation                                                                               : CDC:171
  ReasonInfoList
    ReasonInfo
      ReasonCode                                                                          : SYNC_SRC_CONV
      ReasonCodeMsg                                                                       : Source signals from same domain converge after synchronization
  ConvergencePoint                                                                        : gen_wide_SRAM_ROB[0].gen_SRAM_ROB[1].gSF4MemInst.gSF4MemBdInst.u_SRAM_ROB_FIFO_BD/u_data_decoder_dcls/u_d0/u_selftest/r_st_nxt[0]
  ConvControlPathList
    ConvergingControlPath
      Type                                                                                : Control
      SyncOutput                                                                          : gen_wide_SRAM_ROB[0].gen_SRAM_ROB[1].gSF4MemInst.gSF4MemBdInst.u_SRAM_ROB_FIFO_BD/u_sync_E1_CLR_N/sync_inst[0].genblk1.genblk1.u_dont_touch_sync_dff2/Q
      DestInfoList
        DestInfo
          DestObject                                                                      : gen_wide_SRAM_ROB[0].gen_SRAM_ROB[1].gSF4MemInst.gSF4MemBdInst.u_SRAM_ROB_FIFO_BD/u_sync_E1_CLR_N/sync_inst[0].genblk1.genblk1.u_dont_touch_sync_dff2/D
          DestClockInfoList
            DestClockInfo
              ClockName                                                                   : CLK_PRCM_ACLK
              ClockObject                                                                 : ACLK
              ClockDomainId                                                               : 1
          SrcInfoList
            SrcInfo
              SrcObject                                                                   : ENERR_AESDMA_ECC_E1_SRAM_ROB
              SrcClockInfoList
                SrcClockInfo
                  ClockName                                                               : CLK_PRCM_PCLK
                  ClockObject                                                             : PCLK
                  ClockDomainId                                                           : 2
    ConvergingControlPath
      Type                                                                                : Control
      SyncOutput                                                                          : gen_wide_SRAM_ROB[0].gen_SRAM_ROB[1].gSF4MemInst.gSF4MemBdInst.u_SRAM_ROB_FIFO_BD/u_sync_E1_INJ/sync_inst[0].genblk1.genblk1.u_dont_touch_sync_dff2/Q
      DestInfoList
        DestInfo
          DestObject                                                                      : gen_wide_SRAM_ROB[0].gen_SRAM_ROB[1].gSF4MemInst.gSF4MemBdInst.u_SRAM_ROB_FIFO_BD/u_sync_E1_INJ/sync_inst[0].genblk1.genblk1.u_dont_touch_sync_dff2/D
          DestClockInfoList
            DestClockInfo
              ClockName                                                                   : CLK_PRCM_ACLK
              ClockObject                                                                 : ACLK
              ClockDomainId                                                               : 1
          SrcInfoList
            SrcInfo
              SrcObject                                                                   : FIERR_AESDMA_ECC_E1_SRAM_ROB
              SrcClockInfoList
                SrcClockInfo
                  ClockName                                                               : CLK_PRCM_PCLK
                  ClockObject                                                             : PCLK
                  ClockDomainId                                                           : 2
    ConvergingControlPath
      Type                                                                                : Control
      SyncOutput                                                                          : gen_wide_SRAM_ROB[0].gen_SRAM_ROB[1].gSF4MemInst.gSF4MemBdInst.u_SRAM_ROB_FIFO_BD/u_sync_E2_CLR_N/sync_inst[0].genblk1.genblk1.u_dont_touch_sync_dff2/Q
      DestInfoList
        DestInfo
          DestObject                                                                      : gen_wide_SRAM_ROB[0].gen_SRAM_ROB[1].gSF4MemInst.gSF4MemBdInst.u_SRAM_ROB_FIFO_BD/u_sync_E2_CLR_N/sync_inst[0].genblk1.genblk1.u_dont_touch_sync_dff2/D
          DestClockInfoList
            DestClockInfo
              ClockName                                                                   : CLK_PRCM_ACLK
              ClockObject                                                                 : ACLK
              ClockDomainId                                                               : 1
          SrcInfoList
            SrcInfo
              SrcObject                                                                   : ENERR_AESDMA_ECC_E2_SRAM_ROB
              SrcClockInfoList
                SrcClockInfo
                  ClockName                                                               : CLK_PRCM_PCLK
                  ClockObject                                                             : PCLK
                  ClockDomainId                                                           : 2
    ConvergingControlPath
      Type                                                                                : Control
      SyncOutput                                                                          : gen_wide_SRAM_ROB[0].gen_SRAM_ROB[1].gSF4MemInst.gSF4MemBdInst.u_SRAM_ROB_FIFO_BD/u_sync_E2_INJ/sync_inst[0].genblk1.genblk1.u_dont_touch_sync_dff2/Q
      DestInfoList
        DestInfo
          DestObject                                                                      : gen_wide_SRAM_ROB[0].gen_SRAM_ROB[1].gSF4MemInst.gSF4MemBdInst.u_SRAM_ROB_FIFO_BD/u_sync_E2_INJ/sync_inst[0].genblk1.genblk1.u_dont_touch_sync_dff2/D
          DestClockInfoList
            DestClockInfo
              ClockName                                                                   : CLK_PRCM_ACLK
              ClockObject                                                                 : ACLK
              ClockDomainId                                                               : 1
          SrcInfoList
            SrcInfo
              SrcObject                                                                   : FIERR_AESDMA_ECC_E2_SRAM_ROB
              SrcClockInfoList
                SrcClockInfo
                  ClockName                                                               : CLK_PRCM_PCLK
                  ClockObject                                                             : PCLK
                  ClockDomainId                                                           : 2
  ContainerInstance                                                                       : gen_wide_SRAM_ROB[0].gen_SRAM_ROB[1].gSF4MemInst.gSF4MemBdInst.u_SRAM_ROB_FIFO_BD
  Module                                                                                 : ln04lpa_a00_mc_rd2rs_hsr_lvt_320x72m2b1c1_wrapper_safety_sf64eadi1

  -----------------------------------------------------------------------------
  Tag                                                                                 : CDC_COHERENCY_RECONV_COMB
  Description                                                                             : Combinational convergence found at [ConvergencePoint]
  Violation                                                                               : CDC:172
  ReasonInfoList
    ReasonInfo
      ReasonCode                                                                          : SYNC_SRC_CONV
      ReasonCodeMsg                                                                       : Source signals from same domain converge after synchronization
  ConvergencePoint                                                                        : gen_wide_SRAM_WRFIFO[0].gen_SRAM_WRFIFO[0].gSF4WrMemInst.u_SRAM_WR_FIFO/u_data_decoder_dcls/u_comp/next_state
  ConvControlPathList
    ConvergingControlPath
      Type                                                                                : Control
      SyncOutput                                                                          : gen_wide_SRAM_WRFIFO[0].gen_SRAM_WRFIFO[0].gSF4WrMemInst.u_SRAM_WR_FIFO/u_sync_DE_CLR_N/sync_inst[0].genblk1.genblk1.u_dont_touch_sync_dff2/Q
      DestInfoList
        DestInfo
          DestObject                                                                      : gen_wide_SRAM_WRFIFO[0].gen_SRAM_WRFIFO[0].gSF4WrMemInst.u_SRAM_WR_FIFO/u_sync_DE_CLR_N/sync_inst[0].genblk1.genblk1.u_dont_touch_sync_dff2/D
          DestClockInfoList
            DestClockInfo
              ClockName                                                                   : CLK_PRCM_ACLK
              ClockObject                                                                 : ACLK
              ClockDomainId                                                               : 1
          SrcInfoList
            SrcInfo
              SrcObject                                                                   : ENERR_AESDMA_ECC_DEC_DCLS_SRAM_WRFIFO
              SrcClockInfoList
                SrcClockInfo
                  ClockName                                                               : CLK_PRCM_PCLK
                  ClockObject                                                             : PCLK
                  ClockDomainId                                                           : 2
    ConvergingControlPath
      Type                                                                                : Control
      SyncOutput                                                                          : gen_wide_SRAM_WRFIFO[0].gen_SRAM_WRFIFO[0].gSF4WrMemInst.u_SRAM_WR_FIFO/u_sync_DE_INJ/sync_inst[0].genblk1.genblk1.u_dont_touch_sync_dff2/Q
      DestInfoList
        DestInfo
          DestObject                                                                      : gen_wide_SRAM_WRFIFO[0].gen_SRAM_WRFIFO[0].gSF4WrMemInst.u_SRAM_WR_FIFO/u_sync_DE_INJ/sync_inst[0].genblk1.genblk1.u_dont_touch_sync_dff2/D
          DestClockInfoList
            DestClockInfo
              ClockName                                                                   : CLK_PRCM_ACLK
              ClockObject                                                                 : ACLK
              ClockDomainId                                                               : 1
          SrcInfoList
            SrcInfo
              SrcObject                                                                   : FIERR_AESDMA_ECC_DEC_DCLS_SRAM_WRFIFO
              SrcClockInfoList
                SrcClockInfo
                  ClockName                                                               : CLK_PRCM_PCLK
                  ClockObject                                                             : PCLK
                  ClockDomainId                                                           : 2
  ContainerInstance                                                                       : gen_wide_SRAM_WRFIFO[0].gen_SRAM_WRFIFO[0].gSF4WrMemInst.u_SRAM_WR_FIFO
  Module                                                                                 : ln04lpa_a00_mc_rd2rs_hsr_lvt_32x138m2b1c1_wrapper_safety_sf129eadi1

  -----------------------------------------------------------------------------
  Tag                                                                                 : CDC_COHERENCY_RECONV_COMB
  Description                                                                             : Combinational convergence found at [ConvergencePoint]
  Violation                                                                               : CDC:173
  ReasonInfoList
    ReasonInfo
      ReasonCode                                                                          : SYNC_SRC_CONV
      ReasonCodeMsg                                                                       : Source signals from same domain converge after synchronization
  ConvergencePoint                                                                        : gen_wide_SRAM_ROB[0].gen_SRAM_ROB[0].gSF4MemInst.gSF4MemBdInst.u_SRAM_ROB_FIFO_BD/u_data_decoder_dcls/u_comp/next_state
  ConvControlPathList
    ConvergingControlPath
      Type                                                                                : Control
      SyncOutput                                                                          : gen_wide_SRAM_ROB[0].gen_SRAM_ROB[0].gSF4MemInst.gSF4MemBdInst.u_SRAM_ROB_FIFO_BD/u_sync_DE_CLR_N/sync_inst[0].genblk1.genblk1.u_dont_touch_sync_dff2/Q
      DestInfoList
        DestInfo
          DestObject                                                                      : gen_wide_SRAM_ROB[0].gen_SRAM_ROB[0].gSF4MemInst.gSF4MemBdInst.u_SRAM_ROB_FIFO_BD/u_sync_DE_CLR_N/sync_inst[0].genblk1.genblk1.u_dont_touch_sync_dff2/D
          DestClockInfoList
            DestClockInfo
              ClockName                                                                   : CLK_PRCM_ACLK
              ClockObject                                                                 : ACLK
              ClockDomainId                                                               : 1
          SrcInfoList
            SrcInfo
              SrcObject                                                                   : ENERR_AESDMA_ECC_DEC_DCLS_SRAM_ROB
              SrcClockInfoList
                SrcClockInfo
                  ClockName                                                               : CLK_PRCM_PCLK
                  ClockObject                                                             : PCLK
                  ClockDomainId                                                           : 2
    ConvergingControlPath
      Type                                                                                : Control
      SyncOutput                                                                          : gen_wide_SRAM_ROB[0].gen_SRAM_ROB[0].gSF4MemInst.gSF4MemBdInst.u_SRAM_ROB_FIFO_BD/u_sync_DE_INJ/sync_inst[0].genblk1.genblk1.u_dont_touch_sync_dff2/Q
      DestInfoList
        DestInfo
          DestObject                                                                      : gen_wide_SRAM_ROB[0].gen_SRAM_ROB[0].gSF4MemInst.gSF4MemBdInst.u_SRAM_ROB_FIFO_BD/u_sync_DE_INJ/sync_inst[0].genblk1.genblk1.u_dont_touch_sync_dff2/D
          DestClockInfoList
            DestClockInfo
              ClockName                                                                   : CLK_PRCM_ACLK
              ClockObject                                                                 : ACLK
              ClockDomainId                                                               : 1
          SrcInfoList
            SrcInfo
              SrcObject                                                                   : FIERR_AESDMA_ECC_DEC_DCLS_SRAM_ROB
              SrcClockInfoList
                SrcClockInfo
                  ClockName                                                               : CLK_PRCM_PCLK
                  ClockObject                                                             : PCLK
                  ClockDomainId                                                           : 2
  ContainerInstance                                                                       : gen_wide_SRAM_ROB[0].gen_SRAM_ROB[0].gSF4MemInst.gSF4MemBdInst.u_SRAM_ROB_FIFO_BD
  Module                                                                                 : ln04lpa_a00_mc_rd2rs_hsr_lvt_320x72m2b1c1_wrapper_safety_sf64eadi1

  -----------------------------------------------------------------------------
  Tag                                                                                 : CDC_COHERENCY_RECONV_COMB
  Description                                                                             : Combinational convergence found at [ConvergencePoint]
  Violation                                                                               : CDC:174
  ReasonInfoList
    ReasonInfo
      ReasonCode                                                                          : SYNC_SRC_CONV
      ReasonCodeMsg                                                                       : Source signals from same domain converge after synchronization
  ConvergencePoint                                                                        : gen_wide_SRAM_ROB[0].gen_SRAM_ROB[1].gSF4MemInst.gSF4MemBdInst.u_SRAM_ROB_FIFO_BD/u_data_decoder_dcls/u_comp/next_state
  ConvControlPathList
    ConvergingControlPath
      Type                                                                                : Control
      SyncOutput                                                                          : gen_wide_SRAM_ROB[0].gen_SRAM_ROB[1].gSF4MemInst.gSF4MemBdInst.u_SRAM_ROB_FIFO_BD/u_sync_DE_CLR_N/sync_inst[0].genblk1.genblk1.u_dont_touch_sync_dff2/Q
      DestInfoList
        DestInfo
          DestObject                                                                      : gen_wide_SRAM_ROB[0].gen_SRAM_ROB[1].gSF4MemInst.gSF4MemBdInst.u_SRAM_ROB_FIFO_BD/u_sync_DE_CLR_N/sync_inst[0].genblk1.genblk1.u_dont_touch_sync_dff2/D
          DestClockInfoList
            DestClockInfo
              ClockName                                                                   : CLK_PRCM_ACLK
              ClockObject                                                                 : ACLK
              ClockDomainId                                                               : 1
          SrcInfoList
            SrcInfo
              SrcObject                                                                   : ENERR_AESDMA_ECC_DEC_DCLS_SRAM_ROB
              SrcClockInfoList
                SrcClockInfo
                  ClockName                                                               : CLK_PRCM_PCLK
                  ClockObject                                                             : PCLK
                  ClockDomainId                                                           : 2
    ConvergingControlPath
      Type                                                                                : Control
      SyncOutput                                                                          : gen_wide_SRAM_ROB[0].gen_SRAM_ROB[1].gSF4MemInst.gSF4MemBdInst.u_SRAM_ROB_FIFO_BD/u_sync_DE_INJ/sync_inst[0].genblk1.genblk1.u_dont_touch_sync_dff2/Q
      DestInfoList
        DestInfo
          DestObject                                                                      : gen_wide_SRAM_ROB[0].gen_SRAM_ROB[1].gSF4MemInst.gSF4MemBdInst.u_SRAM_ROB_FIFO_BD/u_sync_DE_INJ/sync_inst[0].genblk1.genblk1.u_dont_touch_sync_dff2/D
          DestClockInfoList
            DestClockInfo
              ClockName                                                                   : CLK_PRCM_ACLK
              ClockObject                                                                 : ACLK
              ClockDomainId                                                               : 1
          SrcInfoList
            SrcInfo
              SrcObject                                                                   : FIERR_AESDMA_ECC_DEC_DCLS_SRAM_ROB
              SrcClockInfoList
                SrcClockInfo
                  ClockName                                                               : CLK_PRCM_PCLK
                  ClockObject                                                             : PCLK
                  ClockDomainId                                                           : 2
  ContainerInstance                                                                       : gen_wide_SRAM_ROB[0].gen_SRAM_ROB[1].gSF4MemInst.gSF4MemBdInst.u_SRAM_ROB_FIFO_BD
  Module                                                                                 : ln04lpa_a00_mc_rd2rs_hsr_lvt_320x72m2b1c1_wrapper_safety_sf64eadi1


  -----------------------------------------------------------------------------
  CDC_COHERENCY_RECONV_SEQ  (7 errors/0 waived)
  -----------------------------------------------------------------------------
  Tag                                                                                 : CDC_COHERENCY_RECONV_SEQ
  Description                                                                             : Sequential convergence found at [ConvergencePoint]
  Violation                                                                               : CDC:175
  ReasonInfoList
    ReasonInfo
      ReasonCode                                                                          : SYNC_SRC_CONV
      ReasonCodeMsg                                                                       : Source signals from same domain converge after synchronization
    ReasonInfo
      ReasonCode                                                                          : GRAY_CHECK_IGNORED_SEQ_CONV
      ReasonCodeMsg                                                                       : Presence of gray encoder check not applied due to non-zero sequential depth of convergence path
  ConvergencePoint                                                                        : gen_wide_SRAM_WRFIFO[0].gen_SRAM_WRFIFO[0].gSF4WrMemInst.u_SRAM_WR_FIFO/u_data_decoder_dcls/u_comp/comparator_input_a[0]
  ConvControlPathList
    ConvergingControlPath
      Type                                                                                : Control
      SyncOutput                                                                          : gen_wide_SRAM_WRFIFO[0].gen_SRAM_WRFIFO[0].gSF4WrMemInst.u_SRAM_WR_FIFO/u_sync_DE_CLR_N/sync_inst[0].genblk1.genblk1.u_dont_touch_sync_dff2/Q
      DestInfoList
        DestInfo
          DestObject                                                                      : gen_wide_SRAM_WRFIFO[0].gen_SRAM_WRFIFO[0].gSF4WrMemInst.u_SRAM_WR_FIFO/u_sync_DE_CLR_N/sync_inst[0].genblk1.genblk1.u_dont_touch_sync_dff2/D
          DestClockInfoList
            DestClockInfo
              ClockName                                                                   : CLK_PRCM_ACLK
              ClockObject                                                                 : ACLK
              ClockDomainId                                                               : 1
          SrcInfoList
            SrcInfo
              SrcObject                                                                   : ENERR_AESDMA_ECC_DEC_DCLS_SRAM_WRFIFO
              SrcClockInfoList
                SrcClockInfo
                  ClockName                                                               : CLK_PRCM_PCLK
                  ClockObject                                                             : PCLK
                  ClockDomainId                                                           : 2
    ConvergingControlPath
      Type                                                                                : Control
      SyncOutput                                                                          : gen_wide_SRAM_WRFIFO[0].gen_SRAM_WRFIFO[0].gSF4WrMemInst.u_SRAM_WR_FIFO/u_sync_DE_INJ/sync_inst[0].genblk1.genblk1.u_dont_touch_sync_dff2/Q
      SeqDepth                                                                            : 1
      DestInfoList
        DestInfo
          DestObject                                                                      : gen_wide_SRAM_WRFIFO[0].gen_SRAM_WRFIFO[0].gSF4WrMemInst.u_SRAM_WR_FIFO/u_sync_DE_INJ/sync_inst[0].genblk1.genblk1.u_dont_touch_sync_dff2/D
          DestClockInfoList
            DestClockInfo
              ClockName                                                                   : CLK_PRCM_ACLK
              ClockObject                                                                 : ACLK
              ClockDomainId                                                               : 1
          SrcInfoList
            SrcInfo
              SrcObject                                                                   : FIERR_AESDMA_ECC_DEC_DCLS_SRAM_WRFIFO
              SrcClockInfoList
                SrcClockInfo
                  ClockName                                                               : CLK_PRCM_PCLK
                  ClockObject                                                             : PCLK
                  ClockDomainId                                                           : 2
    ConvergingControlPath
      Type                                                                                : Control
      SyncOutput                                                                          : gen_wide_SRAM_WRFIFO[0].gen_SRAM_WRFIFO[0].gSF4WrMemInst.u_SRAM_WR_FIFO/u_sync_E1_CLR_N/sync_inst[0].genblk1.genblk1.u_dont_touch_sync_dff2/Q
      SeqDepth                                                                            : 1
      DestInfoList
        DestInfo
          DestObject                                                                      : gen_wide_SRAM_WRFIFO[0].gen_SRAM_WRFIFO[0].gSF4WrMemInst.u_SRAM_WR_FIFO/u_sync_E1_CLR_N/sync_inst[0].genblk1.genblk1.u_dont_touch_sync_dff2/D
          DestClockInfoList
            DestClockInfo
              ClockName                                                                   : CLK_PRCM_ACLK
              ClockObject                                                                 : ACLK
              ClockDomainId                                                               : 1
          SrcInfoList
            SrcInfo
              SrcObject                                                                   : ENERR_AESDMA_ECC_E1_SRAM_WRFIFO
              SrcClockInfoList
                SrcClockInfo
                  ClockName                                                               : CLK_PRCM_PCLK
                  ClockObject                                                             : PCLK
                  ClockDomainId                                                           : 2
    ConvergingControlPath
      Type                                                                                : Control
      SyncOutput                                                                          : gen_wide_SRAM_WRFIFO[0].gen_SRAM_WRFIFO[0].gSF4WrMemInst.u_SRAM_WR_FIFO/u_sync_E1_INJ/sync_inst[0].genblk1.genblk1.u_dont_touch_sync_dff2/Q
      SeqDepth                                                                            : 1
      DestInfoList
        DestInfo
          DestObject                                                                      : gen_wide_SRAM_WRFIFO[0].gen_SRAM_WRFIFO[0].gSF4WrMemInst.u_SRAM_WR_FIFO/u_sync_E1_INJ/sync_inst[0].genblk1.genblk1.u_dont_touch_sync_dff2/D
          DestClockInfoList
            DestClockInfo
              ClockName                                                                   : CLK_PRCM_ACLK
              ClockObject                                                                 : ACLK
              ClockDomainId                                                               : 1
          SrcInfoList
            SrcInfo
              SrcObject                                                                   : FIERR_AESDMA_ECC_E1_SRAM_WRFIFO
              SrcClockInfoList
                SrcClockInfo
                  ClockName                                                               : CLK_PRCM_PCLK
                  ClockObject                                                             : PCLK
                  ClockDomainId                                                           : 2
    ConvergingControlPath
      Type                                                                                : Control
      SyncOutput                                                                          : gen_wide_SRAM_WRFIFO[0].gen_SRAM_WRFIFO[0].gSF4WrMemInst.u_SRAM_WR_FIFO/u_sync_E2_CLR_N/sync_inst[0].genblk1.genblk1.u_dont_touch_sync_dff2/Q
      SeqDepth                                                                            : 1
      DestInfoList
        DestInfo
          DestObject                                                                      : gen_wide_SRAM_WRFIFO[0].gen_SRAM_WRFIFO[0].gSF4WrMemInst.u_SRAM_WR_FIFO/u_sync_E2_CLR_N/sync_inst[0].genblk1.genblk1.u_dont_touch_sync_dff2/D
          DestClockInfoList
            DestClockInfo
              ClockName                                                                   : CLK_PRCM_ACLK
              ClockObject                                                                 : ACLK
              ClockDomainId                                                               : 1
          SrcInfoList
            SrcInfo
              SrcObject                                                                   : ENERR_AESDMA_ECC_E2_SRAM_WRFIFO
              SrcClockInfoList
                SrcClockInfo
                  ClockName                                                               : CLK_PRCM_PCLK
                  ClockObject                                                             : PCLK
                  ClockDomainId                                                           : 2
    ConvergingControlPath
      Type                                                                                : Control
      SyncOutput                                                                          : gen_wide_SRAM_WRFIFO[0].gen_SRAM_WRFIFO[0].gSF4WrMemInst.u_SRAM_WR_FIFO/u_sync_E2_INJ/sync_inst[0].genblk1.genblk1.u_dont_touch_sync_dff2/Q
      SeqDepth                                                                            : 1
      DestInfoList
        DestInfo
          DestObject                                                                      : gen_wide_SRAM_WRFIFO[0].gen_SRAM_WRFIFO[0].gSF4WrMemInst.u_SRAM_WR_FIFO/u_sync_E2_INJ/sync_inst[0].genblk1.genblk1.u_dont_touch_sync_dff2/D
          DestClockInfoList
            DestClockInfo
              ClockName                                                                   : CLK_PRCM_ACLK
              ClockObject                                                                 : ACLK
              ClockDomainId                                                               : 1
          SrcInfoList
            SrcInfo
              SrcObject                                                                   : FIERR_AESDMA_ECC_E2_SRAM_WRFIFO
              SrcClockInfoList
                SrcClockInfo
                  ClockName                                                               : CLK_PRCM_PCLK
                  ClockObject                                                             : PCLK
                  ClockDomainId                                                           : 2
  MaxConvDepth                                                                            : 1
  ContainerInstance                                                                       : gen_wide_SRAM_WRFIFO[0].gen_SRAM_WRFIFO[0].gSF4WrMemInst.u_SRAM_WR_FIFO
  Module                                                                                 : ln04lpa_a00_mc_rd2rs_hsr_lvt_32x138m2b1c1_wrapper_safety_sf129eadi1

  -----------------------------------------------------------------------------
  Tag                                                                                 : CDC_COHERENCY_RECONV_SEQ
  Description                                                                             : Sequential convergence found at [ConvergencePoint]
  Violation                                                                               : CDC:176
  ReasonInfoList
    ReasonInfo
      ReasonCode                                                                          : SYNC_SRC_CONV
      ReasonCodeMsg                                                                       : Source signals from same domain converge after synchronization
    ReasonInfo
      ReasonCode                                                                          : GRAY_CHECK_IGNORED_SEQ_CONV
      ReasonCodeMsg                                                                       : Presence of gray encoder check not applied due to non-zero sequential depth of convergence path
  ConvergencePoint                                                                        : gen_wide_SRAM_ROB[0].gen_SRAM_ROB[0].gSF4MemInst.gSF4MemBdInst.u_SRAM_ROB_FIFO_BD/u_data_decoder_dcls/u_comp/comparator_input_a[0]
  ConvControlPathList
    ConvergingControlPath
      Type                                                                                : Control
      SyncOutput                                                                          : gen_wide_SRAM_ROB[0].gen_SRAM_ROB[0].gSF4MemInst.gSF4MemBdInst.u_SRAM_ROB_FIFO_BD/u_sync_DE_CLR_N/sync_inst[0].genblk1.genblk1.u_dont_touch_sync_dff2/Q
      DestInfoList
        DestInfo
          DestObject                                                                      : gen_wide_SRAM_ROB[0].gen_SRAM_ROB[0].gSF4MemInst.gSF4MemBdInst.u_SRAM_ROB_FIFO_BD/u_sync_DE_CLR_N/sync_inst[0].genblk1.genblk1.u_dont_touch_sync_dff2/D
          DestClockInfoList
            DestClockInfo
              ClockName                                                                   : CLK_PRCM_ACLK
              ClockObject                                                                 : ACLK
              ClockDomainId                                                               : 1
          SrcInfoList
            SrcInfo
              SrcObject                                                                   : ENERR_AESDMA_ECC_DEC_DCLS_SRAM_ROB
              SrcClockInfoList
                SrcClockInfo
                  ClockName                                                               : CLK_PRCM_PCLK
                  ClockObject                                                             : PCLK
                  ClockDomainId                                                           : 2
    ConvergingControlPath
      Type                                                                                : Control
      SyncOutput                                                                          : gen_wide_SRAM_ROB[0].gen_SRAM_ROB[0].gSF4MemInst.gSF4MemBdInst.u_SRAM_ROB_FIFO_BD/u_sync_DE_INJ/sync_inst[0].genblk1.genblk1.u_dont_touch_sync_dff2/Q
      SeqDepth                                                                            : 1
      DestInfoList
        DestInfo
          DestObject                                                                      : gen_wide_SRAM_ROB[0].gen_SRAM_ROB[0].gSF4MemInst.gSF4MemBdInst.u_SRAM_ROB_FIFO_BD/u_sync_DE_INJ/sync_inst[0].genblk1.genblk1.u_dont_touch_sync_dff2/D
          DestClockInfoList
            DestClockInfo
              ClockName                                                                   : CLK_PRCM_ACLK
              ClockObject                                                                 : ACLK
              ClockDomainId                                                               : 1
          SrcInfoList
            SrcInfo
              SrcObject                                                                   : FIERR_AESDMA_ECC_DEC_DCLS_SRAM_ROB
              SrcClockInfoList
                SrcClockInfo
                  ClockName                                                               : CLK_PRCM_PCLK
                  ClockObject                                                             : PCLK
                  ClockDomainId                                                           : 2
    ConvergingControlPath
      Type                                                                                : Control
      SyncOutput                                                                          : gen_wide_SRAM_ROB[0].gen_SRAM_ROB[0].gSF4MemInst.gSF4MemBdInst.u_SRAM_ROB_FIFO_BD/u_sync_E1_CLR_N/sync_inst[0].genblk1.genblk1.u_dont_touch_sync_dff2/Q
      SeqDepth                                                                            : 1
      DestInfoList
        DestInfo
          DestObject                                                                      : gen_wide_SRAM_ROB[0].gen_SRAM_ROB[0].gSF4MemInst.gSF4MemBdInst.u_SRAM_ROB_FIFO_BD/u_sync_E1_CLR_N/sync_inst[0].genblk1.genblk1.u_dont_touch_sync_dff2/D
          DestClockInfoList
            DestClockInfo
              ClockName                                                                   : CLK_PRCM_ACLK
              ClockObject                                                                 : ACLK
              ClockDomainId                                                               : 1
          SrcInfoList
            SrcInfo
              SrcObject                                                                   : ENERR_AESDMA_ECC_E1_SRAM_ROB
              SrcClockInfoList
                SrcClockInfo
                  ClockName                                                               : CLK_PRCM_PCLK
                  ClockObject                                                             : PCLK
                  ClockDomainId                                                           : 2
    ConvergingControlPath
      Type                                                                                : Control
      SyncOutput                                                                          : gen_wide_SRAM_ROB[0].gen_SRAM_ROB[0].gSF4MemInst.gSF4MemBdInst.u_SRAM_ROB_FIFO_BD/u_sync_E1_INJ/sync_inst[0].genblk1.genblk1.u_dont_touch_sync_dff2/Q
      SeqDepth                                                                            : 1
      DestInfoList
        DestInfo
          DestObject                                                                      : gen_wide_SRAM_ROB[0].gen_SRAM_ROB[0].gSF4MemInst.gSF4MemBdInst.u_SRAM_ROB_FIFO_BD/u_sync_E1_INJ/sync_inst[0].genblk1.genblk1.u_dont_touch_sync_dff2/D
          DestClockInfoList
            DestClockInfo
              ClockName                                                                   : CLK_PRCM_ACLK
              ClockObject                                                                 : ACLK
              ClockDomainId                                                               : 1
          SrcInfoList
            SrcInfo
              SrcObject                                                                   : FIERR_AESDMA_ECC_E1_SRAM_ROB
              SrcClockInfoList
                SrcClockInfo
                  ClockName                                                               : CLK_PRCM_PCLK
                  ClockObject                                                             : PCLK
                  ClockDomainId                                                           : 2
    ConvergingControlPath
      Type                                                                                : Control
      SyncOutput                                                                          : gen_wide_SRAM_ROB[0].gen_SRAM_ROB[0].gSF4MemInst.gSF4MemBdInst.u_SRAM_ROB_FIFO_BD/u_sync_E2_CLR_N/sync_inst[0].genblk1.genblk1.u_dont_touch_sync_dff2/Q
      SeqDepth                                                                            : 1
      DestInfoList
        DestInfo
          DestObject                                                                      : gen_wide_SRAM_ROB[0].gen_SRAM_ROB[0].gSF4MemInst.gSF4MemBdInst.u_SRAM_ROB_FIFO_BD/u_sync_E2_CLR_N/sync_inst[0].genblk1.genblk1.u_dont_touch_sync_dff2/D
          DestClockInfoList
            DestClockInfo
              ClockName                                                                   : CLK_PRCM_ACLK
              ClockObject                                                                 : ACLK
              ClockDomainId                                                               : 1
          SrcInfoList
            SrcInfo
              SrcObject                                                                   : ENERR_AESDMA_ECC_E2_SRAM_ROB
              SrcClockInfoList
                SrcClockInfo
                  ClockName                                                               : CLK_PRCM_PCLK
                  ClockObject                                                             : PCLK
                  ClockDomainId                                                           : 2
    ConvergingControlPath
      Type                                                                                : Control
      SyncOutput                                                                          : gen_wide_SRAM_ROB[0].gen_SRAM_ROB[0].gSF4MemInst.gSF4MemBdInst.u_SRAM_ROB_FIFO_BD/u_sync_E2_INJ/sync_inst[0].genblk1.genblk1.u_dont_touch_sync_dff2/Q
      SeqDepth                                                                            : 1
      DestInfoList
        DestInfo
          DestObject                                                                      : gen_wide_SRAM_ROB[0].gen_SRAM_ROB[0].gSF4MemInst.gSF4MemBdInst.u_SRAM_ROB_FIFO_BD/u_sync_E2_INJ/sync_inst[0].genblk1.genblk1.u_dont_touch_sync_dff2/D
          DestClockInfoList
            DestClockInfo
              ClockName                                                                   : CLK_PRCM_ACLK
              ClockObject                                                                 : ACLK
              ClockDomainId                                                               : 1
          SrcInfoList
            SrcInfo
              SrcObject                                                                   : FIERR_AESDMA_ECC_E2_SRAM_ROB
              SrcClockInfoList
                SrcClockInfo
                  ClockName                                                               : CLK_PRCM_PCLK
                  ClockObject                                                             : PCLK
                  ClockDomainId                                                           : 2
  MaxConvDepth                                                                            : 1
  ContainerInstance                                                                       : gen_wide_SRAM_ROB[0].gen_SRAM_ROB[0].gSF4MemInst.gSF4MemBdInst.u_SRAM_ROB_FIFO_BD
  Module                                                                                 : ln04lpa_a00_mc_rd2rs_hsr_lvt_320x72m2b1c1_wrapper_safety_sf64eadi1

  -----------------------------------------------------------------------------
  Tag                                                                                 : CDC_COHERENCY_RECONV_SEQ
  Description                                                                             : Sequential convergence found at [ConvergencePoint]
  Violation                                                                               : CDC:177
  ReasonInfoList
    ReasonInfo
      ReasonCode                                                                          : SYNC_SRC_CONV
      ReasonCodeMsg                                                                       : Source signals from same domain converge after synchronization
    ReasonInfo
      ReasonCode                                                                          : GRAY_CHECK_IGNORED_SEQ_CONV
      ReasonCodeMsg                                                                       : Presence of gray encoder check not applied due to non-zero sequential depth of convergence path
  ConvergencePoint                                                                        : gen_wide_SRAM_ROB[0].gen_SRAM_ROB[1].gSF4MemInst.gSF4MemBdInst.u_SRAM_ROB_FIFO_BD/u_data_decoder_dcls/u_comp/comparator_input_a[0]
  ConvControlPathList
    ConvergingControlPath
      Type                                                                                : Control
      SyncOutput                                                                          : gen_wide_SRAM_ROB[0].gen_SRAM_ROB[1].gSF4MemInst.gSF4MemBdInst.u_SRAM_ROB_FIFO_BD/u_sync_DE_CLR_N/sync_inst[0].genblk1.genblk1.u_dont_touch_sync_dff2/Q
      DestInfoList
        DestInfo
          DestObject                                                                      : gen_wide_SRAM_ROB[0].gen_SRAM_ROB[1].gSF4MemInst.gSF4MemBdInst.u_SRAM_ROB_FIFO_BD/u_sync_DE_CLR_N/sync_inst[0].genblk1.genblk1.u_dont_touch_sync_dff2/D
          DestClockInfoList
            DestClockInfo
              ClockName                                                                   : CLK_PRCM_ACLK
              ClockObject                                                                 : ACLK
              ClockDomainId                                                               : 1
          SrcInfoList
            SrcInfo
              SrcObject                                                                   : ENERR_AESDMA_ECC_DEC_DCLS_SRAM_ROB
              SrcClockInfoList
                SrcClockInfo
                  ClockName                                                               : CLK_PRCM_PCLK
                  ClockObject                                                             : PCLK
                  ClockDomainId                                                           : 2
    ConvergingControlPath
      Type                                                                                : Control
      SyncOutput                                                                          : gen_wide_SRAM_ROB[0].gen_SRAM_ROB[1].gSF4MemInst.gSF4MemBdInst.u_SRAM_ROB_FIFO_BD/u_sync_DE_INJ/sync_inst[0].genblk1.genblk1.u_dont_touch_sync_dff2/Q
      SeqDepth                                                                            : 1
      DestInfoList
        DestInfo
          DestObject                                                                      : gen_wide_SRAM_ROB[0].gen_SRAM_ROB[1].gSF4MemInst.gSF4MemBdInst.u_SRAM_ROB_FIFO_BD/u_sync_DE_INJ/sync_inst[0].genblk1.genblk1.u_dont_touch_sync_dff2/D
          DestClockInfoList
            DestClockInfo
              ClockName                                                                   : CLK_PRCM_ACLK
              ClockObject                                                                 : ACLK
              ClockDomainId                                                               : 1
          SrcInfoList
            SrcInfo
              SrcObject                                                                   : FIERR_AESDMA_ECC_DEC_DCLS_SRAM_ROB
              SrcClockInfoList
                SrcClockInfo
                  ClockName                                                               : CLK_PRCM_PCLK
                  ClockObject                                                             : PCLK
                  ClockDomainId                                                           : 2
    ConvergingControlPath
      Type                                                                                : Control
      SyncOutput                                                                          : gen_wide_SRAM_ROB[0].gen_SRAM_ROB[1].gSF4MemInst.gSF4MemBdInst.u_SRAM_ROB_FIFO_BD/u_sync_E1_CLR_N/sync_inst[0].genblk1.genblk1.u_dont_touch_sync_dff2/Q
      SeqDepth                                                                            : 1
      DestInfoList
        DestInfo
          DestObject                                                                      : gen_wide_SRAM_ROB[0].gen_SRAM_ROB[1].gSF4MemInst.gSF4MemBdInst.u_SRAM_ROB_FIFO_BD/u_sync_E1_CLR_N/sync_inst[0].genblk1.genblk1.u_dont_touch_sync_dff2/D
          DestClockInfoList
            DestClockInfo
              ClockName                                                                   : CLK_PRCM_ACLK
              ClockObject                                                                 : ACLK
              ClockDomainId                                                               : 1
          SrcInfoList
            SrcInfo
              SrcObject                                                                   : ENERR_AESDMA_ECC_E1_SRAM_ROB
              SrcClockInfoList
                SrcClockInfo
                  ClockName                                                               : CLK_PRCM_PCLK
                  ClockObject                                                             : PCLK
                  ClockDomainId                                                           : 2
    ConvergingControlPath
      Type                                                                                : Control
      SyncOutput                                                                          : gen_wide_SRAM_ROB[0].gen_SRAM_ROB[1].gSF4MemInst.gSF4MemBdInst.u_SRAM_ROB_FIFO_BD/u_sync_E1_INJ/sync_inst[0].genblk1.genblk1.u_dont_touch_sync_dff2/Q
      SeqDepth                                                                            : 1
      DestInfoList
        DestInfo
          DestObject                                                                      : gen_wide_SRAM_ROB[0].gen_SRAM_ROB[1].gSF4MemInst.gSF4MemBdInst.u_SRAM_ROB_FIFO_BD/u_sync_E1_INJ/sync_inst[0].genblk1.genblk1.u_dont_touch_sync_dff2/D
          DestClockInfoList
            DestClockInfo
              ClockName                                                                   : CLK_PRCM_ACLK
              ClockObject                                                                 : ACLK
              ClockDomainId                                                               : 1
          SrcInfoList
            SrcInfo
              SrcObject                                                                   : FIERR_AESDMA_ECC_E1_SRAM_ROB
              SrcClockInfoList
                SrcClockInfo
                  ClockName                                                               : CLK_PRCM_PCLK
                  ClockObject                                                             : PCLK
                  ClockDomainId                                                           : 2
    ConvergingControlPath
      Type                                                                                : Control
      SyncOutput                                                                          : gen_wide_SRAM_ROB[0].gen_SRAM_ROB[1].gSF4MemInst.gSF4MemBdInst.u_SRAM_ROB_FIFO_BD/u_sync_E2_CLR_N/sync_inst[0].genblk1.genblk1.u_dont_touch_sync_dff2/Q
      SeqDepth                                                                            : 1
      DestInfoList
        DestInfo
          DestObject                                                                      : gen_wide_SRAM_ROB[0].gen_SRAM_ROB[1].gSF4MemInst.gSF4MemBdInst.u_SRAM_ROB_FIFO_BD/u_sync_E2_CLR_N/sync_inst[0].genblk1.genblk1.u_dont_touch_sync_dff2/D
          DestClockInfoList
            DestClockInfo
              ClockName                                                                   : CLK_PRCM_ACLK
              ClockObject                                                                 : ACLK
              ClockDomainId                                                               : 1
          SrcInfoList
            SrcInfo
              SrcObject                                                                   : ENERR_AESDMA_ECC_E2_SRAM_ROB
              SrcClockInfoList
                SrcClockInfo
                  ClockName                                                               : CLK_PRCM_PCLK
                  ClockObject                                                             : PCLK
                  ClockDomainId                                                           : 2
    ConvergingControlPath
      Type                                                                                : Control
      SyncOutput                                                                          : gen_wide_SRAM_ROB[0].gen_SRAM_ROB[1].gSF4MemInst.gSF4MemBdInst.u_SRAM_ROB_FIFO_BD/u_sync_E2_INJ/sync_inst[0].genblk1.genblk1.u_dont_touch_sync_dff2/Q
      SeqDepth                                                                            : 1
      DestInfoList
        DestInfo
          DestObject                                                                      : gen_wide_SRAM_ROB[0].gen_SRAM_ROB[1].gSF4MemInst.gSF4MemBdInst.u_SRAM_ROB_FIFO_BD/u_sync_E2_INJ/sync_inst[0].genblk1.genblk1.u_dont_touch_sync_dff2/D
          DestClockInfoList
            DestClockInfo
              ClockName                                                                   : CLK_PRCM_ACLK
              ClockObject                                                                 : ACLK
              ClockDomainId                                                               : 1
          SrcInfoList
            SrcInfo
              SrcObject                                                                   : FIERR_AESDMA_ECC_E2_SRAM_ROB
              SrcClockInfoList
                SrcClockInfo
                  ClockName                                                               : CLK_PRCM_PCLK
                  ClockObject                                                             : PCLK
                  ClockDomainId                                                           : 2
  MaxConvDepth                                                                            : 1
  ContainerInstance                                                                       : gen_wide_SRAM_ROB[0].gen_SRAM_ROB[1].gSF4MemInst.gSF4MemBdInst.u_SRAM_ROB_FIFO_BD
  Module                                                                                 : ln04lpa_a00_mc_rd2rs_hsr_lvt_320x72m2b1c1_wrapper_safety_sf64eadi1

  -----------------------------------------------------------------------------
  Tag                                                                                 : CDC_COHERENCY_RECONV_SEQ
  Description                                                                             : Sequential convergence found at [ConvergencePoint]
  Violation                                                                               : CDC:178
  ReasonInfoList
    ReasonInfo
      ReasonCode                                                                          : SYNC_SRC_CONV
      ReasonCodeMsg                                                                       : Source signals from same domain converge after synchronization
    ReasonInfo
      ReasonCode                                                                          : DIV_SRC_CONV
      ReasonCodeMsg                                                                       : Same source diverge and converge after synchronization through multiple paths
    ReasonInfo
      ReasonCode                                                                          : GRAY_CHECK_IGNORED_DIV_SRC_CONV
      ReasonCodeMsg                                                                       : Presence of gray encoder not checked as functional check is ignored due to presence of diverging source
    ReasonInfo
      ReasonCode                                                                          : GRAY_CHECK_IGNORED_SEQ_CONV
      ReasonCodeMsg                                                                       : Presence of gray encoder check not applied due to non-zero sequential depth of convergence path
  ConvergencePoint                                                                        : ERR_AESDMA_ECC_E1_SRAM_ROB
  ConvControlPathList
    ConvergingControlPath
      Type                                                                                : Control
      SyncOutput                                                                          : gen_wide_SRAM_ROB[0].gen_SRAM_ROB[0].gSF4MemInst.gSF4MemBdInst.u_SRAM_ROB_FIFO_BD/u_sync_E1_CLR_N/sync_inst[0].genblk1.genblk1.u_dont_touch_sync_dff2/Q
      SeqDepth                                                                            : 1
      DestInfoList
        DestInfo
          DestObject                                                                      : gen_wide_SRAM_ROB[0].gen_SRAM_ROB[0].gSF4MemInst.gSF4MemBdInst.u_SRAM_ROB_FIFO_BD/u_sync_E1_CLR_N/sync_inst[0].genblk1.genblk1.u_dont_touch_sync_dff2/D
          DestClockInfoList
            DestClockInfo
              ClockName                                                                   : CLK_PRCM_ACLK
              ClockObject                                                                 : ACLK
              ClockDomainId                                                               : 1
          SrcInfoList
            SrcInfo
              SrcObject                                                                   : ENERR_AESDMA_ECC_E1_SRAM_ROB
              SrcClockInfoList
                SrcClockInfo
                  ClockName                                                               : CLK_PRCM_PCLK
                  ClockObject                                                             : PCLK
                  ClockDomainId                                                           : 2
              DivergingPointList
                DivergenceInfo
                  DivergencePoint                                                         : ENERR_AESDMA_ECC_E1_SRAM_ROB
    ConvergingControlPath
      Type                                                                                : Control
      SyncOutput                                                                          : gen_wide_SRAM_ROB[0].gen_SRAM_ROB[1].gSF4MemInst.gSF4MemBdInst.u_SRAM_ROB_FIFO_BD/u_sync_E1_CLR_N/sync_inst[0].genblk1.genblk1.u_dont_touch_sync_dff2/Q
      SeqDepth                                                                            : 1
      DestInfoList
        DestInfo
          DestObject                                                                      : gen_wide_SRAM_ROB[0].gen_SRAM_ROB[1].gSF4MemInst.gSF4MemBdInst.u_SRAM_ROB_FIFO_BD/u_sync_E1_CLR_N/sync_inst[0].genblk1.genblk1.u_dont_touch_sync_dff2/D
          DestClockInfoList
            DestClockInfo
              ClockName                                                                   : CLK_PRCM_ACLK
              ClockObject                                                                 : ACLK
              ClockDomainId                                                               : 1
          SrcInfoList
            SrcInfo
              SrcObject                                                                   : ENERR_AESDMA_ECC_E1_SRAM_ROB
              SrcClockInfoList
                SrcClockInfo
                  ClockName                                                               : CLK_PRCM_PCLK
                  ClockObject                                                             : PCLK
                  ClockDomainId                                                           : 2
              DivergingPointList
                DivergenceInfo
                  DivergencePoint                                                         : ENERR_AESDMA_ECC_E1_SRAM_ROB
    ConvergingControlPath
      Type                                                                                : Control
      SyncOutput                                                                          : u_fierr_ecc_e1_sram_rob/sync_inst[0].genblk1.genblk1.u_dont_touch_sync_dff2/Q
      DestInfoList
        DestInfo
          DestObject                                                                      : u_fierr_ecc_e1_sram_rob/sync_inst[0].genblk1.genblk1.u_dont_touch_sync_dff2/D
          DestClockInfoList
            DestClockInfo
              ClockName                                                                   : CLK_PRCM_ACLK
              ClockObject                                                                 : ACLK
              ClockDomainId                                                               : 1
          SrcInfoList
            SrcInfo
              SrcObject                                                                   : FIERR_AESDMA_ECC_E1_SRAM_ROB
              SrcClockInfoList
                SrcClockInfo
                  ClockName                                                               : CLK_PRCM_PCLK
                  ClockObject                                                             : PCLK
                  ClockDomainId                                                           : 2
  MaxConvDepth                                                                            : 1
  ContainerInstance                                                                       : BOS_AESDMA
  Module                                                                                 : BOS_AESDMA

  -----------------------------------------------------------------------------
  Tag                                                                                 : CDC_COHERENCY_RECONV_SEQ
  Description                                                                             : Sequential convergence found at [ConvergencePoint]
  Violation                                                                               : CDC:179
  ReasonInfoList
    ReasonInfo
      ReasonCode                                                                          : SYNC_SRC_CONV
      ReasonCodeMsg                                                                       : Source signals from same domain converge after synchronization
    ReasonInfo
      ReasonCode                                                                          : DIV_SRC_CONV
      ReasonCodeMsg                                                                       : Same source diverge and converge after synchronization through multiple paths
    ReasonInfo
      ReasonCode                                                                          : GRAY_CHECK_IGNORED_DIV_SRC_CONV
      ReasonCodeMsg                                                                       : Presence of gray encoder not checked as functional check is ignored due to presence of diverging source
    ReasonInfo
      ReasonCode                                                                          : GRAY_CHECK_IGNORED_SEQ_CONV
      ReasonCodeMsg                                                                       : Presence of gray encoder check not applied due to non-zero sequential depth of convergence path
  ConvergencePoint                                                                        : ERR_AESDMA_ECC_E2_SRAM_ROB
  ConvControlPathList
    ConvergingControlPath
      Type                                                                                : Control
      SyncOutput                                                                          : gen_wide_SRAM_ROB[0].gen_SRAM_ROB[0].gSF4MemInst.gSF4MemBdInst.u_SRAM_ROB_FIFO_BD/u_sync_E2_CLR_N/sync_inst[0].genblk1.genblk1.u_dont_touch_sync_dff2/Q
      SeqDepth                                                                            : 1
      DestInfoList
        DestInfo
          DestObject                                                                      : gen_wide_SRAM_ROB[0].gen_SRAM_ROB[0].gSF4MemInst.gSF4MemBdInst.u_SRAM_ROB_FIFO_BD/u_sync_E2_CLR_N/sync_inst[0].genblk1.genblk1.u_dont_touch_sync_dff2/D
          DestClockInfoList
            DestClockInfo
              ClockName                                                                   : CLK_PRCM_ACLK
              ClockObject                                                                 : ACLK
              ClockDomainId                                                               : 1
          SrcInfoList
            SrcInfo
              SrcObject                                                                   : ENERR_AESDMA_ECC_E2_SRAM_ROB
              SrcClockInfoList
                SrcClockInfo
                  ClockName                                                               : CLK_PRCM_PCLK
                  ClockObject                                                             : PCLK
                  ClockDomainId                                                           : 2
              DivergingPointList
                DivergenceInfo
                  DivergencePoint                                                         : ENERR_AESDMA_ECC_E2_SRAM_ROB
    ConvergingControlPath
      Type                                                                                : Control
      SyncOutput                                                                          : gen_wide_SRAM_ROB[0].gen_SRAM_ROB[1].gSF4MemInst.gSF4MemBdInst.u_SRAM_ROB_FIFO_BD/u_sync_E2_CLR_N/sync_inst[0].genblk1.genblk1.u_dont_touch_sync_dff2/Q
      SeqDepth                                                                            : 1
      DestInfoList
        DestInfo
          DestObject                                                                      : gen_wide_SRAM_ROB[0].gen_SRAM_ROB[1].gSF4MemInst.gSF4MemBdInst.u_SRAM_ROB_FIFO_BD/u_sync_E2_CLR_N/sync_inst[0].genblk1.genblk1.u_dont_touch_sync_dff2/D
          DestClockInfoList
            DestClockInfo
              ClockName                                                                   : CLK_PRCM_ACLK
              ClockObject                                                                 : ACLK
              ClockDomainId                                                               : 1
          SrcInfoList
            SrcInfo
              SrcObject                                                                   : ENERR_AESDMA_ECC_E2_SRAM_ROB
              SrcClockInfoList
                SrcClockInfo
                  ClockName                                                               : CLK_PRCM_PCLK
                  ClockObject                                                             : PCLK
                  ClockDomainId                                                           : 2
              DivergingPointList
                DivergenceInfo
                  DivergencePoint                                                         : ENERR_AESDMA_ECC_E2_SRAM_ROB
    ConvergingControlPath
      Type                                                                                : Control
      SyncOutput                                                                          : u_fierr_ecc_e2_sram_rob/sync_inst[0].genblk1.genblk1.u_dont_touch_sync_dff2/Q
      DestInfoList
        DestInfo
          DestObject                                                                      : u_fierr_ecc_e2_sram_rob/sync_inst[0].genblk1.genblk1.u_dont_touch_sync_dff2/D
          DestClockInfoList
            DestClockInfo
              ClockName                                                                   : CLK_PRCM_ACLK
              ClockObject                                                                 : ACLK
              ClockDomainId                                                               : 1
          SrcInfoList
            SrcInfo
              SrcObject                                                                   : FIERR_AESDMA_ECC_E2_SRAM_ROB
              SrcClockInfoList
                SrcClockInfo
                  ClockName                                                               : CLK_PRCM_PCLK
                  ClockObject                                                             : PCLK
                  ClockDomainId                                                           : 2
  MaxConvDepth                                                                            : 1
  ContainerInstance                                                                       : BOS_AESDMA
  Module                                                                                 : BOS_AESDMA

  -----------------------------------------------------------------------------
  Tag                                                                                 : CDC_COHERENCY_RECONV_SEQ
  Description                                                                             : Sequential convergence found at [ConvergencePoint]
  Violation                                                                               : CDC:180
  ReasonInfoList
    ReasonInfo
      ReasonCode                                                                          : SYNC_SRC_CONV
      ReasonCodeMsg                                                                       : Source signals from same domain converge after synchronization
    ReasonInfo
      ReasonCode                                                                          : DIV_SRC_CONV
      ReasonCodeMsg                                                                       : Same source diverge and converge after synchronization through multiple paths
    ReasonInfo
      ReasonCode                                                                          : GRAY_CHECK_IGNORED_DIV_SRC_CONV
      ReasonCodeMsg                                                                       : Presence of gray encoder not checked as functional check is ignored due to presence of diverging source
    ReasonInfo
      ReasonCode                                                                          : GRAY_CHECK_IGNORED_SEQ_CONV
      ReasonCodeMsg                                                                       : Presence of gray encoder check not applied due to non-zero sequential depth of convergence path
  ConvergencePoint                                                                        : ERR_AESDMA_ECC_DEC_DCLS_SRAM_ROB
  ConvControlPathList
    ConvergingControlPath
      Type                                                                                : Control
      SyncOutput                                                                          : gen_wide_SRAM_ROB[0].gen_SRAM_ROB[0].gSF4MemInst.gSF4MemBdInst.u_SRAM_ROB_FIFO_BD/u_sync_DE_CLR_N/sync_inst[0].genblk1.genblk1.u_dont_touch_sync_dff2/Q
      SeqDepth                                                                            : 1
      DestInfoList
        DestInfo
          DestObject                                                                      : gen_wide_SRAM_ROB[0].gen_SRAM_ROB[0].gSF4MemInst.gSF4MemBdInst.u_SRAM_ROB_FIFO_BD/u_sync_DE_CLR_N/sync_inst[0].genblk1.genblk1.u_dont_touch_sync_dff2/D
          DestClockInfoList
            DestClockInfo
              ClockName                                                                   : CLK_PRCM_ACLK
              ClockObject                                                                 : ACLK
              ClockDomainId                                                               : 1
          SrcInfoList
            SrcInfo
              SrcObject                                                                   : ENERR_AESDMA_ECC_DEC_DCLS_SRAM_ROB
              SrcClockInfoList
                SrcClockInfo
                  ClockName                                                               : CLK_PRCM_PCLK
                  ClockObject                                                             : PCLK
                  ClockDomainId                                                           : 2
              DivergingPointList
                DivergenceInfo
                  DivergencePoint                                                         : ENERR_AESDMA_ECC_DEC_DCLS_SRAM_ROB
    ConvergingControlPath
      Type                                                                                : Control
      SyncOutput                                                                          : gen_wide_SRAM_ROB[0].gen_SRAM_ROB[1].gSF4MemInst.gSF4MemBdInst.u_SRAM_ROB_FIFO_BD/u_sync_DE_CLR_N/sync_inst[0].genblk1.genblk1.u_dont_touch_sync_dff2/Q
      SeqDepth                                                                            : 1
      DestInfoList
        DestInfo
          DestObject                                                                      : gen_wide_SRAM_ROB[0].gen_SRAM_ROB[1].gSF4MemInst.gSF4MemBdInst.u_SRAM_ROB_FIFO_BD/u_sync_DE_CLR_N/sync_inst[0].genblk1.genblk1.u_dont_touch_sync_dff2/D
          DestClockInfoList
            DestClockInfo
              ClockName                                                                   : CLK_PRCM_ACLK
              ClockObject                                                                 : ACLK
              ClockDomainId                                                               : 1
          SrcInfoList
            SrcInfo
              SrcObject                                                                   : ENERR_AESDMA_ECC_DEC_DCLS_SRAM_ROB
              SrcClockInfoList
                SrcClockInfo
                  ClockName                                                               : CLK_PRCM_PCLK
                  ClockObject                                                             : PCLK
                  ClockDomainId                                                           : 2
              DivergingPointList
                DivergenceInfo
                  DivergencePoint                                                         : ENERR_AESDMA_ECC_DEC_DCLS_SRAM_ROB
    ConvergingControlPath
      Type                                                                                : Control
      SyncOutput                                                                          : u_fierr_ecc_dec_dcls_sram_rob/sync_inst[0].genblk1.genblk1.u_dont_touch_sync_dff2/Q
      DestInfoList
        DestInfo
          DestObject                                                                      : u_fierr_ecc_dec_dcls_sram_rob/sync_inst[0].genblk1.genblk1.u_dont_touch_sync_dff2/D
          DestClockInfoList
            DestClockInfo
              ClockName                                                                   : CLK_PRCM_ACLK
              ClockObject                                                                 : ACLK
              ClockDomainId                                                               : 1
          SrcInfoList
            SrcInfo
              SrcObject                                                                   : FIERR_AESDMA_ECC_DEC_DCLS_SRAM_ROB
              SrcClockInfoList
                SrcClockInfo
                  ClockName                                                               : CLK_PRCM_PCLK
                  ClockObject                                                             : PCLK
                  ClockDomainId                                                           : 2
  MaxConvDepth                                                                            : 1
  ContainerInstance                                                                       : BOS_AESDMA
  Module                                                                                 : BOS_AESDMA

  -----------------------------------------------------------------------------
  Tag                                                                                 : CDC_COHERENCY_RECONV_SEQ
  Description                                                                             : Sequential convergence found at [ConvergencePoint]
  Violation                                                                               : CDC:181
  ReasonInfoList
    ReasonInfo
      ReasonCode                                                                          : SYNC_SRC_CONV
      ReasonCodeMsg                                                                       : Source signals from same domain converge after synchronization
    ReasonInfo
      ReasonCode                                                                          : GRAY_CHECK_IGNORED_SEQ_CONV
      ReasonCodeMsg                                                                       : Presence of gray encoder check not applied due to non-zero sequential depth of convergence path
  ConvergencePoint                                                                        : u_AESDMA_TOP/u_aesdma_top/u_AESDMA_SFR/r_rdata/D[0]
  ConvControlPathList
    ConvergingControlPath
      Type                                                                                : Control
      SyncOutput                                                                          : gN1B0ApbASB.u_apbasyncbridgemstr_aesdma/u_req_sync/u_BOS_SOC_SYNCHSR/sync_inst[0].genblk1.genblk1.u_dont_touch_sync_dff2/Q
      SeqDepth                                                                            : 1
      DestInfoList
        DestInfo
          DestObject                                                                      : gN1B0ApbASB.u_apbasyncbridgemstr_aesdma/u_req_sync/u_BOS_SOC_SYNCHSR/sync_inst[0].genblk1.genblk1.u_dont_touch_sync_dff2/D
          DestClockInfoList
            DestClockInfo
              ClockName                                                                   : CLK_PRCM_ACLK
              ClockObject                                                                 : ACLK
              ClockDomainId                                                               : 1
          SrcInfoList
            SrcInfo
              SrcObject                                                                   : gN1B0ApbASB.u_apbasyncbridgeslv_aesdma/u_slv_core/apb_async_req_r/Q
              SrcClockInfoList
                SrcClockInfo
                  ClockName                                                               : CLK_PRCM_PCLK
                  ClockObject                                                             : PCLK
                  ClockDomainId                                                           : 2
    ConvergingControlPath
      Type                                                                                : Control
      SyncOutput                                                                          : u_rtkey_sel/sync_inst[0].genblk1.genblk1.u_dont_touch_sync_dff2/Q
      DestInfoList
        DestInfo
          DestObject                                                                      : u_rtkey_sel/sync_inst[0].genblk1.genblk1.u_dont_touch_sync_dff2/D
          DestClockInfoList
            DestClockInfo
              ClockName                                                                   : CLK_PRCM_ACLK
              ClockObject                                                                 : ACLK
              ClockDomainId                                                               : 1
          SrcInfoList
            SrcInfo
              SrcObject                                                                   : AESDMA_RTKEY_SEL
              SrcClockInfoList
                SrcClockInfo
                  ClockName                                                               : CLK_PRCM_PCLK
                  ClockObject                                                             : PCLK
                  ClockDomainId                                                           : 2
  MaxConvDepth                                                                            : 1
  ContainerInstance                                                                       : BOS_AESDMA
  Module                                                                                 : BOS_AESDMA


  -----------------------------------------------------------------------------
  CDC_UNSYNC_DATA  (1 error/0 waived)
  -----------------------------------------------------------------------------
  Tag                       : CDC_UNSYNC_DATA
  Description               : Partially matched data synchronization scheme found for CDC path from [SrcObject] to [DestObject], crossing from [SrcClockInfoList] to [DestClockInfoList]
  Violation                 : CDC:130
  ReasonInfoList
    ReasonInfo
      ReasonCode            : SRC_SAME_AS_QUAL_SRC
      ReasonCodeMsg         : [ERROR] Source of data crossing is same as source of control path qualifier
    ReasonInfo
      ReasonCode            : UDS_USED_AS_QUALIFIER
      ReasonCodeMsg         : [INFO] User defined synchronizer cell used as control path qualifier
  SrcObject                 : gN1B0ApbASB.u_apbasyncbridgeslv_aesdma/u_slv_core/apb_async_req_r/Q
  DestObject                : u_sync_qactive_aclk/sync_inst[0].genblk1.genblk1.u_dont_touch_sync_dff2/D
  SrcClockInfoList
    SrcClockInfo
      ClockName             : CLK_PRCM_PCLK
      ClockObject           : PCLK
      ClockDomainId         : 2
  DestClockInfoList
    DestClockInfo
      ClockName             : CLK_PRCM_ACLK
      ClockObject           : ACLK
      ClockDomainId         : 1
  SrcObjectType             : flop
  DestObjectType            : library-cell
  CtrlPathList
    CtrlPathInfo
      SyncObject            : gN1B0ApbASB.u_apbasyncbridgemstr_aesdma/u_req_sync/u_BOS_SOC_SYNCHSR/sync_inst[0].genblk1.genblk1.u_dont_touch_sync_dff2/Q
      CtrlPathDepth         : 1
  ContainerInstance         : BOS_AESDMA
  Module                    : BOS_AESDMA
  FullyContainedViolation   : true


  -----------------------------------------------------------------------------
  SETUP_LIBCELLPIN_UNMODELLED  (6 errors/0 waived)
  -----------------------------------------------------------------------------
  Tag                            : SETUP_LIBCELLPIN_UNMODELLED
  Description                    : PIN [InstPinName] for instance [InstanceName] of library cell [LibModuleName] is unmodelled
  Violation                      : CDC:5
  InstPinName                    : SO_D_L
  InstanceName                   : gen_wide_SRAM_WRFIFO[0].gen_SRAM_WRFIFO[0].gSF4WrMemInst.u_SRAM_WR_FIFO/u_sram/u_mem
  LibModuleName                  : ln04lpa_a00_mc_rd2rs_hsr_lvt_32x138m2b1c1
  PinType                        : output data
  ViolReason                     : Sequential Arc with no clock pins
  ContainerInstance              : gen_wide_SRAM_WRFIFO[0].gen_SRAM_WRFIFO[0].gSF4WrMemInst.u_SRAM_WR_FIFO/u_sram
  Module                         : ln04lpa_a00_mc_rd2rs_hsr_lvt_32x138m2b1c1_wrapper

  -----------------------------------------------------------------------------
  Tag                            : SETUP_LIBCELLPIN_UNMODELLED
  Description                    : PIN [InstPinName] for instance [InstanceName] of library cell [LibModuleName] is unmodelled
  Violation                      : CDC:6
  InstPinName                    : SO_D_R
  InstanceName                   : gen_wide_SRAM_WRFIFO[0].gen_SRAM_WRFIFO[0].gSF4WrMemInst.u_SRAM_WR_FIFO/u_sram/u_mem
  LibModuleName                  : ln04lpa_a00_mc_rd2rs_hsr_lvt_32x138m2b1c1
  PinType                        : output data
  ViolReason                     : Sequential Arc with no clock pins
  ContainerInstance              : gen_wide_SRAM_WRFIFO[0].gen_SRAM_WRFIFO[0].gSF4WrMemInst.u_SRAM_WR_FIFO/u_sram
  Module                         : ln04lpa_a00_mc_rd2rs_hsr_lvt_32x138m2b1c1_wrapper

  -----------------------------------------------------------------------------
  Tag                            : SETUP_LIBCELLPIN_UNMODELLED
  Description                    : PIN [InstPinName] for instance [InstanceName] of library cell [LibModuleName] is unmodelled
  Violation                      : CDC:7
  InstPinName                    : SO_D_L
  InstanceName                   : gen_wide_SRAM_ROB[0].gen_SRAM_ROB[0].gSF4MemInst.gSF4MemBdInst.u_SRAM_ROB_FIFO_BD/u_sram/u_mem
  LibModuleName                  : ln04lpa_a00_mc_rd2rs_hsr_lvt_320x72m2b1c1
  PinType                        : output data
  ViolReason                     : Sequential Arc with no clock pins
  ContainerInstance              : gen_wide_SRAM_ROB[0].gen_SRAM_ROB[0].gSF4MemInst.gSF4MemBdInst.u_SRAM_ROB_FIFO_BD/u_sram
  Module                         : ln04lpa_a00_mc_rd2rs_hsr_lvt_320x72m2b1c1_wrapper

  -----------------------------------------------------------------------------
  Tag                            : SETUP_LIBCELLPIN_UNMODELLED
  Description                    : PIN [InstPinName] for instance [InstanceName] of library cell [LibModuleName] is unmodelled
  Violation                      : CDC:8
  InstPinName                    : SO_D_R
  InstanceName                   : gen_wide_SRAM_ROB[0].gen_SRAM_ROB[0].gSF4MemInst.gSF4MemBdInst.u_SRAM_ROB_FIFO_BD/u_sram/u_mem
  LibModuleName                  : ln04lpa_a00_mc_rd2rs_hsr_lvt_320x72m2b1c1
  PinType                        : output data
  ViolReason                     : Sequential Arc with no clock pins
  ContainerInstance              : gen_wide_SRAM_ROB[0].gen_SRAM_ROB[0].gSF4MemInst.gSF4MemBdInst.u_SRAM_ROB_FIFO_BD/u_sram
  Module                         : ln04lpa_a00_mc_rd2rs_hsr_lvt_320x72m2b1c1_wrapper

  -----------------------------------------------------------------------------
  Tag                            : SETUP_LIBCELLPIN_UNMODELLED
  Description                    : PIN [InstPinName] for instance [InstanceName] of library cell [LibModuleName] is unmodelled
  Violation                      : CDC:9
  InstPinName                    : SO_D_L
  InstanceName                   : gen_wide_SRAM_ROB[0].gen_SRAM_ROB[1].gSF4MemInst.gSF4MemBdInst.u_SRAM_ROB_FIFO_BD/u_sram/u_mem
  LibModuleName                  : ln04lpa_a00_mc_rd2rs_hsr_lvt_320x72m2b1c1
  PinType                        : output data
  ViolReason                     : Sequential Arc with no clock pins
  ContainerInstance              : gen_wide_SRAM_ROB[0].gen_SRAM_ROB[1].gSF4MemInst.gSF4MemBdInst.u_SRAM_ROB_FIFO_BD/u_sram
  Module                         : ln04lpa_a00_mc_rd2rs_hsr_lvt_320x72m2b1c1_wrapper

  -----------------------------------------------------------------------------
  Tag                            : SETUP_LIBCELLPIN_UNMODELLED
  Description                    : PIN [InstPinName] for instance [InstanceName] of library cell [LibModuleName] is unmodelled
  Violation                      : CDC:10
  InstPinName                    : SO_D_R
  InstanceName                   : gen_wide_SRAM_ROB[0].gen_SRAM_ROB[1].gSF4MemInst.gSF4MemBdInst.u_SRAM_ROB_FIFO_BD/u_sram/u_mem
  LibModuleName                  : ln04lpa_a00_mc_rd2rs_hsr_lvt_320x72m2b1c1
  PinType                        : output data
  ViolReason                     : Sequential Arc with no clock pins
  ContainerInstance              : gen_wide_SRAM_ROB[0].gen_SRAM_ROB[1].gSF4MemInst.gSF4MemBdInst.u_SRAM_ROB_FIFO_BD/u_sram
  Module                         : ln04lpa_a00_mc_rd2rs_hsr_lvt_320x72m2b1c1_wrapper


  -----------------------------------------------------------------------------
  SETUP_RESET_CONSTANT_ACTIVE  (3 errors/0 waived)
  -----------------------------------------------------------------------------
  Tag                 : SETUP_RESET_CONSTANT_ACTIVE
  Description         : Reset net [NetName] is tied to active constant value [ResetValue]
  Violation           : CDC:80
  NetName             : gen_wide_SRAM_ROB[0].gen_SRAM_ROB[0].gSF4MemInst.gSF4MemBdInst.u_SRAM_ROB_FIFO_BD/DFTRAM
  ResetValue          : 0
  SeqObject           : gen_wide_SRAM_ROB[0].gen_SRAM_ROB[0].gSF4MemInst.gSF4MemBdInst.u_SRAM_ROB_FIFO_BD/u_sram/u_mem/DFTRAM
  Module              : ln04lpa_a00_mc_rd2rs_hsr_lvt_320x72m2b1c1_wrapper_safety_sf64eadi1
  ContainerInstance   : gen_wide_SRAM_ROB[0].gen_SRAM_ROB[0].gSF4MemInst.gSF4MemBdInst.u_SRAM_ROB_FIFO_BD

  -----------------------------------------------------------------------------
  Tag                 : SETUP_RESET_CONSTANT_ACTIVE
  Description         : Reset net [NetName] is tied to active constant value [ResetValue]
  Violation           : CDC:81
  NetName             : gen_wide_SRAM_WRFIFO[0].gen_SRAM_WRFIFO[0].gSF4WrMemInst.u_SRAM_WR_FIFO/DFTRAM
  ResetValue          : 0
  SeqObject           : gen_wide_SRAM_WRFIFO[0].gen_SRAM_WRFIFO[0].gSF4WrMemInst.u_SRAM_WR_FIFO/u_sram/u_mem/DFTRAM
  Module              : ln04lpa_a00_mc_rd2rs_hsr_lvt_32x138m2b1c1_wrapper_safety_sf129eadi1
  ContainerInstance   : gen_wide_SRAM_WRFIFO[0].gen_SRAM_WRFIFO[0].gSF4WrMemInst.u_SRAM_WR_FIFO

  -----------------------------------------------------------------------------
  Tag                 : SETUP_RESET_CONSTANT_ACTIVE
  Description         : Reset net [NetName] is tied to active constant value [ResetValue]
  Violation           : CDC:82
  NetName             : gen_wide_SRAM_ROB[0].gen_SRAM_ROB[1].gSF4MemInst.gSF4MemBdInst.u_SRAM_ROB_FIFO_BD/DFTRAM
  ResetValue          : 0
  SeqObject           : gen_wide_SRAM_ROB[0].gen_SRAM_ROB[1].gSF4MemInst.gSF4MemBdInst.u_SRAM_ROB_FIFO_BD/u_sram/u_mem/DFTRAM
  Module              : ln04lpa_a00_mc_rd2rs_hsr_lvt_320x72m2b1c1_wrapper_safety_sf64eadi1
  ContainerInstance   : gen_wide_SRAM_ROB[0].gen_SRAM_ROB[1].gSF4MemInst.gSF4MemBdInst.u_SRAM_ROB_FIFO_BD


  -----------------------------------------------------------------------------
  INTEGRITY_ASYNCRESET_COMBO_MUX  (1 warning/0 waived)
  -----------------------------------------------------------------------------
  Tag                 : INTEGRITY_ASYNCRESET_COMBO_MUX
  Description         : [PinType] pin of [ElemType] element [SeqElement] is driven by [ComboType]
  Violation           : CDC:83
  PinType             : Clear
  ElemType            : sequential
  SeqElement          : r_core_aclk_dly_cnt[0]
  ComboType           : combinational logic
  ContainerInstance   : u_AESDMA_TOP/u_aesdma_top
  Module              : AESDMA_TOP


  -----------------------------------------------------------------------------
  CDC_SYNC_CTRL  (79 infos/0 waived)
  -----------------------------------------------------------------------------
  Tag                       : CDC_SYNC_CTRL
  Description               : Control synchronization scheme found for CDC path from [SrcObject] to [DestObject], crossing from [SrcClockInfoList] to [DestClockInfoList]
  Violation                 : CDC:85
  ReasonInfoList
    ReasonInfo
      ReasonCode            : SYNC_BY_UDS
      ReasonCodeMsg         : [INFO] User specified synchronizer detected
  SrcObject                 : gN1B0ApbASB.u_apbasyncbridgemstr_aesdma/u_mstr_core/apb_async_ack_r/Q
  DestObject                : gN1B0ApbASB.u_apbasyncbridgeslv_aesdma/u_ack_sync/u_BOS_SOC_SYNCHSR/sync_inst[0].genblk1.genblk1.u_dont_touch_sync_dff2/D
  SrcClockInfoList
    SrcClockInfo
      ClockName             : CLK_PRCM_ACLK
      ClockObject           : ACLK
      ClockDomainId         : 1
  DestClockInfoList
    DestClockInfo
      ClockName             : CLK_PRCM_PCLK
      ClockObject           : PCLK
      ClockDomainId         : 2
  SrcObjectType             : flop
  DestObjectType            : library-cell
  SyncObject                : gN1B0ApbASB.u_apbasyncbridgeslv_aesdma/u_ack_sync/u_BOS_SOC_SYNCHSR/sync_inst[0].genblk1.genblk1.u_dont_touch_sync_dff2/Q
  SyncDepth                 : 1
  SyncModule                : BOS_SOC_SYNCHSR
  ContainerInstance         : BOS_AESDMA
  Module                    : BOS_AESDMA
  FullyContainedViolation   : true

  -----------------------------------------------------------------------------
  Tag                       : CDC_SYNC_CTRL
  Description               : Control synchronization scheme found for CDC path from [SrcObject] to [DestObject], crossing from [SrcClockInfoList] to [DestClockInfoList]
  Violation                 : CDC:86
  ReasonInfoList
    ReasonInfo
      ReasonCode            : SYNC_BY_UDS
      ReasonCodeMsg         : [INFO] User specified synchronizer detected
  SrcObject                 : FIERR_AESDMA_ECC_E2_SRAM_ROB
  DestObject                : gen_wide_SRAM_ROB[0].gen_SRAM_ROB[1].gSF4MemInst.gSF4MemBdInst.u_SRAM_ROB_FIFO_BD/u_sync_E2_INJ/sync_inst[0].genblk1.genblk1.u_dont_touch_sync_dff2/D
  SrcClockInfoList
    SrcClockInfo
      ClockName             : CLK_PRCM_PCLK
      ClockObject           : PCLK
      ClockDomainId         : 2
  DestClockInfoList
    DestClockInfo
      ClockName             : CLK_PRCM_ACLK
      ClockObject           : ACLK
      ClockDomainId         : 1
  SrcObjectType             : primary input
  DestObjectType            : library-cell
  SyncObject                : gen_wide_SRAM_ROB[0].gen_SRAM_ROB[1].gSF4MemInst.gSF4MemBdInst.u_SRAM_ROB_FIFO_BD/u_sync_E2_INJ/sync_inst[0].genblk1.genblk1.u_dont_touch_sync_dff2/Q
  SyncDepth                 : 1
  SyncModule                : BOS_SOC_SYNCHSR_LVT
  ContainerInstance         : BOS_AESDMA
  Module                    : BOS_AESDMA

  -----------------------------------------------------------------------------
  Tag                       : CDC_SYNC_CTRL
  Description               : Control synchronization scheme found for CDC path from [SrcObject] to [DestObject], crossing from [SrcClockInfoList] to [DestClockInfoList]
  Violation                 : CDC:87
  ReasonInfoList
    ReasonInfo
      ReasonCode            : SYNC_BY_UDS
      ReasonCodeMsg         : [INFO] User specified synchronizer detected
  SrcObject                 : FIERR_AESDMA_ECC_DEC_DCLS_SRAM_ROB
  DestObject                : gen_wide_SRAM_ROB[0].gen_SRAM_ROB[0].gSF4MemInst.gSF4MemBdInst.u_SRAM_ROB_FIFO_BD/u_sync_DE_INJ/sync_inst[0].genblk1.genblk1.u_dont_touch_sync_dff2/D
  SrcClockInfoList
    SrcClockInfo
      ClockName             : CLK_PRCM_PCLK
      ClockObject           : PCLK
      ClockDomainId         : 2
  DestClockInfoList
    DestClockInfo
      ClockName             : CLK_PRCM_ACLK
      ClockObject           : ACLK
      ClockDomainId         : 1
  SrcObjectType             : primary input
  DestObjectType            : library-cell
  SyncObject                : gen_wide_SRAM_ROB[0].gen_SRAM_ROB[0].gSF4MemInst.gSF4MemBdInst.u_SRAM_ROB_FIFO_BD/u_sync_DE_INJ/sync_inst[0].genblk1.genblk1.u_dont_touch_sync_dff2/Q
  SyncDepth                 : 1
  SyncModule                : BOS_SOC_SYNCHSR_LVT
  ContainerInstance         : BOS_AESDMA
  Module                    : BOS_AESDMA

  -----------------------------------------------------------------------------
  Tag                       : CDC_SYNC_CTRL
  Description               : Control synchronization scheme found for CDC path from [SrcObject] to [DestObject], crossing from [SrcClockInfoList] to [DestClockInfoList]
  Violation                 : CDC:88
  ReasonInfoList
    ReasonInfo
      ReasonCode            : SYNC_BY_UDS
      ReasonCodeMsg         : [INFO] User specified synchronizer detected
  SrcObject                 : ENERR_AESDMA_ECC_DEC_DCLS_SRAM_ROB
  DestObject                : gen_wide_SRAM_ROB[0].gen_SRAM_ROB[0].gSF4MemInst.gSF4MemBdInst.u_SRAM_ROB_FIFO_BD/u_sync_DE_CLR_N/sync_inst[0].genblk1.genblk1.u_dont_touch_sync_dff2/D
  SrcClockInfoList
    SrcClockInfo
      ClockName             : CLK_PRCM_PCLK
      ClockObject           : PCLK
      ClockDomainId         : 2
  DestClockInfoList
    DestClockInfo
      ClockName             : CLK_PRCM_ACLK
      ClockObject           : ACLK
      ClockDomainId         : 1
  SrcObjectType             : primary input
  DestObjectType            : library-cell
  SyncObject                : gen_wide_SRAM_ROB[0].gen_SRAM_ROB[0].gSF4MemInst.gSF4MemBdInst.u_SRAM_ROB_FIFO_BD/u_sync_DE_CLR_N/sync_inst[0].genblk1.genblk1.u_dont_touch_sync_dff2/Q
  SyncDepth                 : 1
  SyncModule                : BOS_SOC_SYNCHSR_LVT
  ContainerInstance         : BOS_AESDMA
  Module                    : BOS_AESDMA

  -----------------------------------------------------------------------------
  Tag                       : CDC_SYNC_CTRL
  Description               : Control synchronization scheme found for CDC path from [SrcObject] to [DestObject], crossing from [SrcClockInfoList] to [DestClockInfoList]
  Violation                 : CDC:89
  ReasonInfoList
    ReasonInfo
      ReasonCode            : SYNC_BY_UDS
      ReasonCodeMsg         : [INFO] User specified synchronizer detected
  SrcObject                 : FIERR_AESDMA_ECC_E2_SRAM_ROB
  DestObject                : gen_wide_SRAM_ROB[0].gen_SRAM_ROB[0].gSF4MemInst.gSF4MemBdInst.u_SRAM_ROB_FIFO_BD/u_sync_E2_INJ/sync_inst[0].genblk1.genblk1.u_dont_touch_sync_dff2/D
  SrcClockInfoList
    SrcClockInfo
      ClockName             : CLK_PRCM_PCLK
      ClockObject           : PCLK
      ClockDomainId         : 2
  DestClockInfoList
    DestClockInfo
      ClockName             : CLK_PRCM_ACLK
      ClockObject           : ACLK
      ClockDomainId         : 1
  SrcObjectType             : primary input
  DestObjectType            : library-cell
  SyncObject                : gen_wide_SRAM_ROB[0].gen_SRAM_ROB[0].gSF4MemInst.gSF4MemBdInst.u_SRAM_ROB_FIFO_BD/u_sync_E2_INJ/sync_inst[0].genblk1.genblk1.u_dont_touch_sync_dff2/Q
  SyncDepth                 : 1
  SyncModule                : BOS_SOC_SYNCHSR_LVT
  ContainerInstance         : BOS_AESDMA
  Module                    : BOS_AESDMA

  -----------------------------------------------------------------------------
  Tag                       : CDC_SYNC_CTRL
  Description               : Control synchronization scheme found for CDC path from [SrcObject] to [DestObject], crossing from [SrcClockInfoList] to [DestClockInfoList]
  Violation                 : CDC:90
  ReasonInfoList
    ReasonInfo
      ReasonCode            : SYNC_BY_UDS
      ReasonCodeMsg         : [INFO] User specified synchronizer detected
  SrcObject                 : FIERR_AESDMA_ECC_DEC_DCLS_SRAM_WRFIFO
  DestObject                : gen_wide_SRAM_WRFIFO[0].gen_SRAM_WRFIFO[0].gSF4WrMemInst.u_SRAM_WR_FIFO/u_sync_DE_INJ/sync_inst[0].genblk1.genblk1.u_dont_touch_sync_dff2/D
  SrcClockInfoList
    SrcClockInfo
      ClockName             : CLK_PRCM_PCLK
      ClockObject           : PCLK
      ClockDomainId         : 2
  DestClockInfoList
    DestClockInfo
      ClockName             : CLK_PRCM_ACLK
      ClockObject           : ACLK
      ClockDomainId         : 1
  SrcObjectType             : primary input
  DestObjectType            : library-cell
  SyncObject                : gen_wide_SRAM_WRFIFO[0].gen_SRAM_WRFIFO[0].gSF4WrMemInst.u_SRAM_WR_FIFO/u_sync_DE_INJ/sync_inst[0].genblk1.genblk1.u_dont_touch_sync_dff2/Q
  SyncDepth                 : 1
  SyncModule                : BOS_SOC_SYNCHSR_LVT
  ContainerInstance         : BOS_AESDMA
  Module                    : BOS_AESDMA

  -----------------------------------------------------------------------------
  Tag                       : CDC_SYNC_CTRL
  Description               : Control synchronization scheme found for CDC path from [SrcObject] to [DestObject], crossing from [SrcClockInfoList] to [DestClockInfoList]
  Violation                 : CDC:91
  ReasonInfoList
    ReasonInfo
      ReasonCode            : SYNC_BY_UDS
      ReasonCodeMsg         : [INFO] User specified synchronizer detected
  SrcObject                 : ENERR_AESDMA_ECC_E2_SRAM_WRFIFO
  DestObject                : gen_wide_SRAM_WRFIFO[0].gen_SRAM_WRFIFO[0].gSF4WrMemInst.u_SRAM_WR_FIFO/u_sync_E2_CLR_N/sync_inst[0].genblk1.genblk1.u_dont_touch_sync_dff2/D
  SrcClockInfoList
    SrcClockInfo
      ClockName             : CLK_PRCM_PCLK
      ClockObject           : PCLK
      ClockDomainId         : 2
  DestClockInfoList
    DestClockInfo
      ClockName             : CLK_PRCM_ACLK
      ClockObject           : ACLK
      ClockDomainId         : 1
  SrcObjectType             : primary input
  DestObjectType            : library-cell
  SyncObject                : gen_wide_SRAM_WRFIFO[0].gen_SRAM_WRFIFO[0].gSF4WrMemInst.u_SRAM_WR_FIFO/u_sync_E2_CLR_N/sync_inst[0].genblk1.genblk1.u_dont_touch_sync_dff2/Q
  SyncDepth                 : 1
  SyncModule                : BOS_SOC_SYNCHSR_LVT
  ContainerInstance         : BOS_AESDMA
  Module                    : BOS_AESDMA

  -----------------------------------------------------------------------------
  Tag                       : CDC_SYNC_CTRL
  Description               : Control synchronization scheme found for CDC path from [SrcObject] to [DestObject], crossing from [SrcClockInfoList] to [DestClockInfoList]
  Violation                 : CDC:92
  ReasonInfoList
    ReasonInfo
      ReasonCode            : SYNC_BY_UDS
      ReasonCodeMsg         : [INFO] User specified synchronizer detected
  SrcObject                 : ENERR_AESDMA_ECC_E1_SRAM_WRFIFO
  DestObject                : gen_wide_SRAM_WRFIFO[0].gen_SRAM_WRFIFO[0].gSF4WrMemInst.u_SRAM_WR_FIFO/u_sync_E1_CLR_N/sync_inst[0].genblk1.genblk1.u_dont_touch_sync_dff2/D
  SrcClockInfoList
    SrcClockInfo
      ClockName             : CLK_PRCM_PCLK
      ClockObject           : PCLK
      ClockDomainId         : 2
  DestClockInfoList
    DestClockInfo
      ClockName             : CLK_PRCM_ACLK
      ClockObject           : ACLK
      ClockDomainId         : 1
  SrcObjectType             : primary input
  DestObjectType            : library-cell
  SyncObject                : gen_wide_SRAM_WRFIFO[0].gen_SRAM_WRFIFO[0].gSF4WrMemInst.u_SRAM_WR_FIFO/u_sync_E1_CLR_N/sync_inst[0].genblk1.genblk1.u_dont_touch_sync_dff2/Q
  SyncDepth                 : 1
  SyncModule                : BOS_SOC_SYNCHSR_LVT
  ContainerInstance         : BOS_AESDMA
  Module                    : BOS_AESDMA

  -----------------------------------------------------------------------------
  Tag                       : CDC_SYNC_CTRL
  Description               : Control synchronization scheme found for CDC path from [SrcObject] to [DestObject], crossing from [SrcClockInfoList] to [DestClockInfoList]
  Violation                 : CDC:93
  ReasonInfoList
    ReasonInfo
      ReasonCode            : SYNC_BY_UDS
      ReasonCodeMsg         : [INFO] User specified synchronizer detected
  SrcObject                 : FIERR_AESDMA_ECC_E1_SRAM_ROB
  DestObject                : gen_wide_SRAM_ROB[0].gen_SRAM_ROB[0].gSF4MemInst.gSF4MemBdInst.u_SRAM_ROB_FIFO_BD/u_sync_E1_INJ/sync_inst[0].genblk1.genblk1.u_dont_touch_sync_dff2/D
  SrcClockInfoList
    SrcClockInfo
      ClockName             : CLK_PRCM_PCLK
      ClockObject           : PCLK
      ClockDomainId         : 2
  DestClockInfoList
    DestClockInfo
      ClockName             : CLK_PRCM_ACLK
      ClockObject           : ACLK
      ClockDomainId         : 1
  SrcObjectType             : primary input
  DestObjectType            : library-cell
  SyncObject                : gen_wide_SRAM_ROB[0].gen_SRAM_ROB[0].gSF4MemInst.gSF4MemBdInst.u_SRAM_ROB_FIFO_BD/u_sync_E1_INJ/sync_inst[0].genblk1.genblk1.u_dont_touch_sync_dff2/Q
  SyncDepth                 : 1
  SyncModule                : BOS_SOC_SYNCHSR_LVT
  ContainerInstance         : BOS_AESDMA
  Module                    : BOS_AESDMA

  -----------------------------------------------------------------------------
  Tag                       : CDC_SYNC_CTRL
  Description               : Control synchronization scheme found for CDC path from [SrcObject] to [DestObject], crossing from [SrcClockInfoList] to [DestClockInfoList]
  Violation                 : CDC:94
  ReasonInfoList
    ReasonInfo
      ReasonCode            : SYNC_BY_UDS
      ReasonCodeMsg         : [INFO] User specified synchronizer detected
  SrcObject                 : gN1B0ApbASB.u_apbasyncbridgeslv_aesdma/u_slv_core/apb_async_req_r/Q
  DestObject                : gN1B0ApbASB.u_apbasyncbridgemstr_aesdma/u_req_sync/u_BOS_SOC_SYNCHSR/sync_inst[0].genblk1.genblk1.u_dont_touch_sync_dff2/D
  SrcClockInfoList
    SrcClockInfo
      ClockName             : CLK_PRCM_PCLK
      ClockObject           : PCLK
      ClockDomainId         : 2
  DestClockInfoList
    DestClockInfo
      ClockName             : CLK_PRCM_ACLK
      ClockObject           : ACLK
      ClockDomainId         : 1
  SrcObjectType             : flop
  DestObjectType            : library-cell
  SyncObject                : gN1B0ApbASB.u_apbasyncbridgemstr_aesdma/u_req_sync/u_BOS_SOC_SYNCHSR/sync_inst[0].genblk1.genblk1.u_dont_touch_sync_dff2/Q
  SyncDepth                 : 1
  SyncModule                : BOS_SOC_SYNCHSR
  ContainerInstance         : BOS_AESDMA
  Module                    : BOS_AESDMA
  FullyContainedViolation   : true

  -----------------------------------------------------------------------------
  Tag                       : CDC_SYNC_CTRL
  Description               : Control synchronization scheme found for CDC path from [SrcObject] to [DestObject], crossing from [SrcClockInfoList] to [DestClockInfoList]
  Violation                 : CDC:95
  ReasonInfoList
    ReasonInfo
      ReasonCode            : SYNC_BY_UDS
      ReasonCodeMsg         : [INFO] User specified synchronizer detected
  SrcObject                 : FIERR_AESDMA_AXI4_MI0_BUS_PARITY_WDATA[12]
  DestObject                : u_AESDMA_BUS_PARITY_AXI4_M/u_bos_synch_fierr_err_axi_mi0_bus_parity_wdata/sync_inst[12].genblk1.genblk1.u_dont_touch_sync_dff2/D
  SrcClockInfoList
    SrcClockInfo
      ClockName             : CLK_PRCM_PCLK
      ClockObject           : PCLK
      ClockDomainId         : 2
  DestClockInfoList
    DestClockInfo
      ClockName             : CLK_PRCM_ACLK
      ClockObject           : ACLK
      ClockDomainId         : 1
  SrcObjectType             : primary input
  DestObjectType            : library-cell
  SyncObject                : u_AESDMA_BUS_PARITY_AXI4_M/u_bos_synch_fierr_err_axi_mi0_bus_parity_wdata/sync_inst[12].genblk1.genblk1.u_dont_touch_sync_dff2/Q
  SyncDepth                 : 1
  SyncModule                : BOS_SOC_SYNCHSR
  ContainerInstance         : BOS_AESDMA
  Module                    : BOS_AESDMA

  -----------------------------------------------------------------------------
  Tag                       : CDC_SYNC_CTRL
  Description               : Control synchronization scheme found for CDC path from [SrcObject] to [DestObject], crossing from [SrcClockInfoList] to [DestClockInfoList]
  Violation                 : CDC:96
  ReasonInfoList
    ReasonInfo
      ReasonCode            : SYNC_BY_UDS
      ReasonCodeMsg         : [INFO] User specified synchronizer detected
  SrcObject                 : FIERR_AESDMA_AXI4_MI0_BUS_PARITY_WDATA[11]
  DestObject                : u_AESDMA_BUS_PARITY_AXI4_M/u_bos_synch_fierr_err_axi_mi0_bus_parity_wdata/sync_inst[11].genblk1.genblk1.u_dont_touch_sync_dff2/D
  SrcClockInfoList
    SrcClockInfo
      ClockName             : CLK_PRCM_PCLK
      ClockObject           : PCLK
      ClockDomainId         : 2
  DestClockInfoList
    DestClockInfo
      ClockName             : CLK_PRCM_ACLK
      ClockObject           : ACLK
      ClockDomainId         : 1
  SrcObjectType             : primary input
  DestObjectType            : library-cell
  SyncObject                : u_AESDMA_BUS_PARITY_AXI4_M/u_bos_synch_fierr_err_axi_mi0_bus_parity_wdata/sync_inst[11].genblk1.genblk1.u_dont_touch_sync_dff2/Q
  SyncDepth                 : 1
  SyncModule                : BOS_SOC_SYNCHSR
  ContainerInstance         : BOS_AESDMA
  Module                    : BOS_AESDMA

  -----------------------------------------------------------------------------
  Tag                       : CDC_SYNC_CTRL
  Description               : Control synchronization scheme found for CDC path from [SrcObject] to [DestObject], crossing from [SrcClockInfoList] to [DestClockInfoList]
  Violation                 : CDC:97
  ReasonInfoList
    ReasonInfo
      ReasonCode            : SYNC_BY_UDS
      ReasonCodeMsg         : [INFO] User specified synchronizer detected
  SrcObject                 : FIERR_AESDMA_AXI4_MI0_BUS_PARITY_WDATA[10]
  DestObject                : u_AESDMA_BUS_PARITY_AXI4_M/u_bos_synch_fierr_err_axi_mi0_bus_parity_wdata/sync_inst[10].genblk1.genblk1.u_dont_touch_sync_dff2/D
  SrcClockInfoList
    SrcClockInfo
      ClockName             : CLK_PRCM_PCLK
      ClockObject           : PCLK
      ClockDomainId         : 2
  DestClockInfoList
    DestClockInfo
      ClockName             : CLK_PRCM_ACLK
      ClockObject           : ACLK
      ClockDomainId         : 1
  SrcObjectType             : primary input
  DestObjectType            : library-cell
  SyncObject                : u_AESDMA_BUS_PARITY_AXI4_M/u_bos_synch_fierr_err_axi_mi0_bus_parity_wdata/sync_inst[10].genblk1.genblk1.u_dont_touch_sync_dff2/Q
  SyncDepth                 : 1
  SyncModule                : BOS_SOC_SYNCHSR
  ContainerInstance         : BOS_AESDMA
  Module                    : BOS_AESDMA

  -----------------------------------------------------------------------------
  Tag                       : CDC_SYNC_CTRL
  Description               : Control synchronization scheme found for CDC path from [SrcObject] to [DestObject], crossing from [SrcClockInfoList] to [DestClockInfoList]
  Violation                 : CDC:98
  ReasonInfoList
    ReasonInfo
      ReasonCode            : SYNC_BY_UDS
      ReasonCodeMsg         : [INFO] User specified synchronizer detected
  SrcObject                 : FIERR_AESDMA_AXI4_MI0_BUS_PARITY_WDATA[9]
  DestObject                : u_AESDMA_BUS_PARITY_AXI4_M/u_bos_synch_fierr_err_axi_mi0_bus_parity_wdata/sync_inst[9].genblk1.genblk1.u_dont_touch_sync_dff2/D
  SrcClockInfoList
    SrcClockInfo
      ClockName             : CLK_PRCM_PCLK
      ClockObject           : PCLK
      ClockDomainId         : 2
  DestClockInfoList
    DestClockInfo
      ClockName             : CLK_PRCM_ACLK
      ClockObject           : ACLK
      ClockDomainId         : 1
  SrcObjectType             : primary input
  DestObjectType            : library-cell
  SyncObject                : u_AESDMA_BUS_PARITY_AXI4_M/u_bos_synch_fierr_err_axi_mi0_bus_parity_wdata/sync_inst[9].genblk1.genblk1.u_dont_touch_sync_dff2/Q
  SyncDepth                 : 1
  SyncModule                : BOS_SOC_SYNCHSR
  ContainerInstance         : BOS_AESDMA
  Module                    : BOS_AESDMA

  -----------------------------------------------------------------------------
  Tag                       : CDC_SYNC_CTRL
  Description               : Control synchronization scheme found for CDC path from [SrcObject] to [DestObject], crossing from [SrcClockInfoList] to [DestClockInfoList]
  Violation                 : CDC:99
  ReasonInfoList
    ReasonInfo
      ReasonCode            : SYNC_BY_UDS
      ReasonCodeMsg         : [INFO] User specified synchronizer detected
  SrcObject                 : FIERR_AESDMA_AXI4_MI0_BUS_PARITY_WDATA[5]
  DestObject                : u_AESDMA_BUS_PARITY_AXI4_M/u_bos_synch_fierr_err_axi_mi0_bus_parity_wdata/sync_inst[5].genblk1.genblk1.u_dont_touch_sync_dff2/D
  SrcClockInfoList
    SrcClockInfo
      ClockName             : CLK_PRCM_PCLK
      ClockObject           : PCLK
      ClockDomainId         : 2
  DestClockInfoList
    DestClockInfo
      ClockName             : CLK_PRCM_ACLK
      ClockObject           : ACLK
      ClockDomainId         : 1
  SrcObjectType             : primary input
  DestObjectType            : library-cell
  SyncObject                : u_AESDMA_BUS_PARITY_AXI4_M/u_bos_synch_fierr_err_axi_mi0_bus_parity_wdata/sync_inst[5].genblk1.genblk1.u_dont_touch_sync_dff2/Q
  SyncDepth                 : 1
  SyncModule                : BOS_SOC_SYNCHSR
  ContainerInstance         : BOS_AESDMA
  Module                    : BOS_AESDMA

  -----------------------------------------------------------------------------
  Tag                       : CDC_SYNC_CTRL
  Description               : Control synchronization scheme found for CDC path from [SrcObject] to [DestObject], crossing from [SrcClockInfoList] to [DestClockInfoList]
  Violation                 : CDC:100
  ReasonInfoList
    ReasonInfo
      ReasonCode            : SYNC_BY_UDS
      ReasonCodeMsg         : [INFO] User specified synchronizer detected
  SrcObject                 : FIERR_AESDMA_AXI4_MI0_BUS_PARITY_WDATA[4]
  DestObject                : u_AESDMA_BUS_PARITY_AXI4_M/u_bos_synch_fierr_err_axi_mi0_bus_parity_wdata/sync_inst[4].genblk1.genblk1.u_dont_touch_sync_dff2/D
  SrcClockInfoList
    SrcClockInfo
      ClockName             : CLK_PRCM_PCLK
      ClockObject           : PCLK
      ClockDomainId         : 2
  DestClockInfoList
    DestClockInfo
      ClockName             : CLK_PRCM_ACLK
      ClockObject           : ACLK
      ClockDomainId         : 1
  SrcObjectType             : primary input
  DestObjectType            : library-cell
  SyncObject                : u_AESDMA_BUS_PARITY_AXI4_M/u_bos_synch_fierr_err_axi_mi0_bus_parity_wdata/sync_inst[4].genblk1.genblk1.u_dont_touch_sync_dff2/Q
  SyncDepth                 : 1
  SyncModule                : BOS_SOC_SYNCHSR
  ContainerInstance         : BOS_AESDMA
  Module                    : BOS_AESDMA

  -----------------------------------------------------------------------------
  Tag                       : CDC_SYNC_CTRL
  Description               : Control synchronization scheme found for CDC path from [SrcObject] to [DestObject], crossing from [SrcClockInfoList] to [DestClockInfoList]
  Violation                 : CDC:101
  ReasonInfoList
    ReasonInfo
      ReasonCode            : SYNC_BY_UDS
      ReasonCodeMsg         : [INFO] User specified synchronizer detected
  SrcObject                 : FIERR_AESDMA_AXI4_MI0_BUS_PARITY_WDATA[2]
  DestObject                : u_AESDMA_BUS_PARITY_AXI4_M/u_bos_synch_fierr_err_axi_mi0_bus_parity_wdata/sync_inst[2].genblk1.genblk1.u_dont_touch_sync_dff2/D
  SrcClockInfoList
    SrcClockInfo
      ClockName             : CLK_PRCM_PCLK
      ClockObject           : PCLK
      ClockDomainId         : 2
  DestClockInfoList
    DestClockInfo
      ClockName             : CLK_PRCM_ACLK
      ClockObject           : ACLK
      ClockDomainId         : 1
  SrcObjectType             : primary input
  DestObjectType            : library-cell
  SyncObject                : u_AESDMA_BUS_PARITY_AXI4_M/u_bos_synch_fierr_err_axi_mi0_bus_parity_wdata/sync_inst[2].genblk1.genblk1.u_dont_touch_sync_dff2/Q
  SyncDepth                 : 1
  SyncModule                : BOS_SOC_SYNCHSR
  ContainerInstance         : BOS_AESDMA
  Module                    : BOS_AESDMA

  -----------------------------------------------------------------------------
  Tag                       : CDC_SYNC_CTRL
  Description               : Control synchronization scheme found for CDC path from [SrcObject] to [DestObject], crossing from [SrcClockInfoList] to [DestClockInfoList]
  Violation                 : CDC:102
  ReasonInfoList
    ReasonInfo
      ReasonCode            : SYNC_BY_UDS
      ReasonCodeMsg         : [INFO] User specified synchronizer detected
  SrcObject                 : FIERR_AESDMA_AXI4_MI0_BUS_PARITY_WDATA[1]
  DestObject                : u_AESDMA_BUS_PARITY_AXI4_M/u_bos_synch_fierr_err_axi_mi0_bus_parity_wdata/sync_inst[1].genblk1.genblk1.u_dont_touch_sync_dff2/D
  SrcClockInfoList
    SrcClockInfo
      ClockName             : CLK_PRCM_PCLK
      ClockObject           : PCLK
      ClockDomainId         : 2
  DestClockInfoList
    DestClockInfo
      ClockName             : CLK_PRCM_ACLK
      ClockObject           : ACLK
      ClockDomainId         : 1
  SrcObjectType             : primary input
  DestObjectType            : library-cell
  SyncObject                : u_AESDMA_BUS_PARITY_AXI4_M/u_bos_synch_fierr_err_axi_mi0_bus_parity_wdata/sync_inst[1].genblk1.genblk1.u_dont_touch_sync_dff2/Q
  SyncDepth                 : 1
  SyncModule                : BOS_SOC_SYNCHSR
  ContainerInstance         : BOS_AESDMA
  Module                    : BOS_AESDMA

  -----------------------------------------------------------------------------
  Tag                       : CDC_SYNC_CTRL
  Description               : Control synchronization scheme found for CDC path from [SrcObject] to [DestObject], crossing from [SrcClockInfoList] to [DestClockInfoList]
  Violation                 : CDC:103
  ReasonInfoList
    ReasonInfo
      ReasonCode            : SYNC_BY_UDS
      ReasonCodeMsg         : [INFO] User specified synchronizer detected
  SrcObject                 : FIERR_AESDMA_AXI4_MI0_BUS_PARITY_AWADDR[4]
  DestObject                : u_AESDMA_BUS_PARITY_AXI4_M/u_bos_synch_fierr_err_axi_mi0_bus_parity_awaddr/sync_inst[4].genblk1.genblk1.u_dont_touch_sync_dff2/D
  SrcClockInfoList
    SrcClockInfo
      ClockName             : CLK_PRCM_PCLK
      ClockObject           : PCLK
      ClockDomainId         : 2
  DestClockInfoList
    DestClockInfo
      ClockName             : CLK_PRCM_ACLK
      ClockObject           : ACLK
      ClockDomainId         : 1
  SrcObjectType             : primary input
  DestObjectType            : library-cell
  SyncObject                : u_AESDMA_BUS_PARITY_AXI4_M/u_bos_synch_fierr_err_axi_mi0_bus_parity_awaddr/sync_inst[4].genblk1.genblk1.u_dont_touch_sync_dff2/Q
  SyncDepth                 : 1
  SyncModule                : BOS_SOC_SYNCHSR
  ContainerInstance         : BOS_AESDMA
  Module                    : BOS_AESDMA

  -----------------------------------------------------------------------------
  Tag                       : CDC_SYNC_CTRL
  Description               : Control synchronization scheme found for CDC path from [SrcObject] to [DestObject], crossing from [SrcClockInfoList] to [DestClockInfoList]
  Violation                 : CDC:104
  ReasonInfoList
    ReasonInfo
      ReasonCode            : SYNC_BY_UDS
      ReasonCodeMsg         : [INFO] User specified synchronizer detected
  SrcObject                 : ENERR_AESDMA_ECC_E1_SRAM_ROB
  DestObject                : gen_wide_SRAM_ROB[0].gen_SRAM_ROB[1].gSF4MemInst.gSF4MemBdInst.u_SRAM_ROB_FIFO_BD/u_sync_E1_CLR_N/sync_inst[0].genblk1.genblk1.u_dont_touch_sync_dff2/D
  SrcClockInfoList
    SrcClockInfo
      ClockName             : CLK_PRCM_PCLK
      ClockObject           : PCLK
      ClockDomainId         : 2
  DestClockInfoList
    DestClockInfo
      ClockName             : CLK_PRCM_ACLK
      ClockObject           : ACLK
      ClockDomainId         : 1
  SrcObjectType             : primary input
  DestObjectType            : library-cell
  SyncObject                : gen_wide_SRAM_ROB[0].gen_SRAM_ROB[1].gSF4MemInst.gSF4MemBdInst.u_SRAM_ROB_FIFO_BD/u_sync_E1_CLR_N/sync_inst[0].genblk1.genblk1.u_dont_touch_sync_dff2/Q
  SyncDepth                 : 1
  SyncModule                : BOS_SOC_SYNCHSR_LVT
  ContainerInstance         : BOS_AESDMA
  Module                    : BOS_AESDMA

  -----------------------------------------------------------------------------
  Tag                       : CDC_SYNC_CTRL
  Description               : Control synchronization scheme found for CDC path from [SrcObject] to [DestObject], crossing from [SrcClockInfoList] to [DestClockInfoList]
  Violation                 : CDC:105
  ReasonInfoList
    ReasonInfo
      ReasonCode            : SYNC_BY_UDS
      ReasonCodeMsg         : [INFO] User specified synchronizer detected
  SrcObject                 : FIERR_AESDMA_AXI4_MI0_BUS_PARITY_AWADDR[2]
  DestObject                : u_AESDMA_BUS_PARITY_AXI4_M/u_bos_synch_fierr_err_axi_mi0_bus_parity_awaddr/sync_inst[2].genblk1.genblk1.u_dont_touch_sync_dff2/D
  SrcClockInfoList
    SrcClockInfo
      ClockName             : CLK_PRCM_PCLK
      ClockObject           : PCLK
      ClockDomainId         : 2
  DestClockInfoList
    DestClockInfo
      ClockName             : CLK_PRCM_ACLK
      ClockObject           : ACLK
      ClockDomainId         : 1
  SrcObjectType             : primary input
  DestObjectType            : library-cell
  SyncObject                : u_AESDMA_BUS_PARITY_AXI4_M/u_bos_synch_fierr_err_axi_mi0_bus_parity_awaddr/sync_inst[2].genblk1.genblk1.u_dont_touch_sync_dff2/Q
  SyncDepth                 : 1
  SyncModule                : BOS_SOC_SYNCHSR
  ContainerInstance         : BOS_AESDMA
  Module                    : BOS_AESDMA

  -----------------------------------------------------------------------------
  Tag                       : CDC_SYNC_CTRL
  Description               : Control synchronization scheme found for CDC path from [SrcObject] to [DestObject], crossing from [SrcClockInfoList] to [DestClockInfoList]
  Violation                 : CDC:106
  ReasonInfoList
    ReasonInfo
      ReasonCode            : SYNC_BY_UDS
      ReasonCodeMsg         : [INFO] User specified synchronizer detected
  SrcObject                 : ENERR_AESDMA_ECC_DEC_DCLS_SRAM_WRFIFO
  DestObject                : gen_wide_SRAM_WRFIFO[0].gen_SRAM_WRFIFO[0].gSF4WrMemInst.u_SRAM_WR_FIFO/u_sync_DE_CLR_N/sync_inst[0].genblk1.genblk1.u_dont_touch_sync_dff2/D
  SrcClockInfoList
    SrcClockInfo
      ClockName             : CLK_PRCM_PCLK
      ClockObject           : PCLK
      ClockDomainId         : 2
  DestClockInfoList
    DestClockInfo
      ClockName             : CLK_PRCM_ACLK
      ClockObject           : ACLK
      ClockDomainId         : 1
  SrcObjectType             : primary input
  DestObjectType            : library-cell
  SyncObject                : gen_wide_SRAM_WRFIFO[0].gen_SRAM_WRFIFO[0].gSF4WrMemInst.u_SRAM_WR_FIFO/u_sync_DE_CLR_N/sync_inst[0].genblk1.genblk1.u_dont_touch_sync_dff2/Q
  SyncDepth                 : 1
  SyncModule                : BOS_SOC_SYNCHSR_LVT
  ContainerInstance         : BOS_AESDMA
  Module                    : BOS_AESDMA

  -----------------------------------------------------------------------------
  Tag                       : CDC_SYNC_CTRL
  Description               : Control synchronization scheme found for CDC path from [SrcObject] to [DestObject], crossing from [SrcClockInfoList] to [DestClockInfoList]
  Violation                 : CDC:107
  ReasonInfoList
    ReasonInfo
      ReasonCode            : SYNC_BY_UDS
      ReasonCodeMsg         : [INFO] User specified synchronizer detected
  SrcObject                 : FIERR_AESDMA_AXI4_MI0_BUS_PARITY_WDATA[3]
  DestObject                : u_AESDMA_BUS_PARITY_AXI4_M/u_bos_synch_fierr_err_axi_mi0_bus_parity_wdata/sync_inst[3].genblk1.genblk1.u_dont_touch_sync_dff2/D
  SrcClockInfoList
    SrcClockInfo
      ClockName             : CLK_PRCM_PCLK
      ClockObject           : PCLK
      ClockDomainId         : 2
  DestClockInfoList
    DestClockInfo
      ClockName             : CLK_PRCM_ACLK
      ClockObject           : ACLK
      ClockDomainId         : 1
  SrcObjectType             : primary input
  DestObjectType            : library-cell
  SyncObject                : u_AESDMA_BUS_PARITY_AXI4_M/u_bos_synch_fierr_err_axi_mi0_bus_parity_wdata/sync_inst[3].genblk1.genblk1.u_dont_touch_sync_dff2/Q
  SyncDepth                 : 1
  SyncModule                : BOS_SOC_SYNCHSR
  ContainerInstance         : BOS_AESDMA
  Module                    : BOS_AESDMA

  -----------------------------------------------------------------------------
  Tag                       : CDC_SYNC_CTRL
  Description               : Control synchronization scheme found for CDC path from [SrcObject] to [DestObject], crossing from [SrcClockInfoList] to [DestClockInfoList]
  Violation                 : CDC:108
  ReasonInfoList
    ReasonInfo
      ReasonCode            : SYNC_BY_UDS
      ReasonCodeMsg         : [INFO] User specified synchronizer detected
  SrcObject                 : FIERR_AESDMA_AXI4_MI0_BUS_PARITY_AWADDR[0]
  DestObject                : u_AESDMA_BUS_PARITY_AXI4_M/u_bos_synch_fierr_err_axi_mi0_bus_parity_awaddr/sync_inst[0].genblk1.genblk1.u_dont_touch_sync_dff2/D
  SrcClockInfoList
    SrcClockInfo
      ClockName             : CLK_PRCM_PCLK
      ClockObject           : PCLK
      ClockDomainId         : 2
  DestClockInfoList
    DestClockInfo
      ClockName             : CLK_PRCM_ACLK
      ClockObject           : ACLK
      ClockDomainId         : 1
  SrcObjectType             : primary input
  DestObjectType            : library-cell
  SyncObject                : u_AESDMA_BUS_PARITY_AXI4_M/u_bos_synch_fierr_err_axi_mi0_bus_parity_awaddr/sync_inst[0].genblk1.genblk1.u_dont_touch_sync_dff2/Q
  SyncDepth                 : 1
  SyncModule                : BOS_SOC_SYNCHSR
  ContainerInstance         : BOS_AESDMA
  Module                    : BOS_AESDMA

  -----------------------------------------------------------------------------
  Tag                       : CDC_SYNC_CTRL
  Description               : Control synchronization scheme found for CDC path from [SrcObject] to [DestObject], crossing from [SrcClockInfoList] to [DestClockInfoList]
  Violation                 : CDC:109
  ReasonInfoList
    ReasonInfo
      ReasonCode            : SYNC_BY_UDS
      ReasonCodeMsg         : [INFO] User specified synchronizer detected
  SrcObject                 : FIERR_AESDMA_AXI4_MI0_BUS_PARITY_RDATA[15]
  DestObject                : u_AESDMA_BUS_PARITY_AXI4_M/u_bos_synch_fierr_err_axi_mi0_bus_parity_rdata/sync_inst[15].genblk1.genblk1.u_dont_touch_sync_dff2/D
  SrcClockInfoList
    SrcClockInfo
      ClockName             : CLK_PRCM_PCLK
      ClockObject           : PCLK
      ClockDomainId         : 2
  DestClockInfoList
    DestClockInfo
      ClockName             : CLK_PRCM_ACLK
      ClockObject           : ACLK
      ClockDomainId         : 1
  SrcObjectType             : primary input
  DestObjectType            : library-cell
  SyncObject                : u_AESDMA_BUS_PARITY_AXI4_M/u_bos_synch_fierr_err_axi_mi0_bus_parity_rdata/sync_inst[15].genblk1.genblk1.u_dont_touch_sync_dff2/Q
  SyncDepth                 : 1
  SyncModule                : BOS_SOC_SYNCHSR
  ContainerInstance         : BOS_AESDMA
  Module                    : BOS_AESDMA

  -----------------------------------------------------------------------------
  Tag                       : CDC_SYNC_CTRL
  Description               : Control synchronization scheme found for CDC path from [SrcObject] to [DestObject], crossing from [SrcClockInfoList] to [DestClockInfoList]
  Violation                 : CDC:110
  ReasonInfoList
    ReasonInfo
      ReasonCode            : SYNC_BY_UDS
      ReasonCodeMsg         : [INFO] User specified synchronizer detected
  SrcObject                 : FIERR_AESDMA_AXI4_MI0_BUS_PARITY_WDATA[14]
  DestObject                : u_AESDMA_BUS_PARITY_AXI4_M/u_bos_synch_fierr_err_axi_mi0_bus_parity_wdata/sync_inst[14].genblk1.genblk1.u_dont_touch_sync_dff2/D
  SrcClockInfoList
    SrcClockInfo
      ClockName             : CLK_PRCM_PCLK
      ClockObject           : PCLK
      ClockDomainId         : 2
  DestClockInfoList
    DestClockInfo
      ClockName             : CLK_PRCM_ACLK
      ClockObject           : ACLK
      ClockDomainId         : 1
  SrcObjectType             : primary input
  DestObjectType            : library-cell
  SyncObject                : u_AESDMA_BUS_PARITY_AXI4_M/u_bos_synch_fierr_err_axi_mi0_bus_parity_wdata/sync_inst[14].genblk1.genblk1.u_dont_touch_sync_dff2/Q
  SyncDepth                 : 1
  SyncModule                : BOS_SOC_SYNCHSR
  ContainerInstance         : BOS_AESDMA
  Module                    : BOS_AESDMA

  -----------------------------------------------------------------------------
  Tag                       : CDC_SYNC_CTRL
  Description               : Control synchronization scheme found for CDC path from [SrcObject] to [DestObject], crossing from [SrcClockInfoList] to [DestClockInfoList]
  Violation                 : CDC:111
  ReasonInfoList
    ReasonInfo
      ReasonCode            : SYNC_BY_UDS
      ReasonCodeMsg         : [INFO] User specified synchronizer detected
  SrcObject                 : FIERR_AESDMA_ECC_E2_SRAM_WRFIFO
  DestObject                : gen_wide_SRAM_WRFIFO[0].gen_SRAM_WRFIFO[0].gSF4WrMemInst.u_SRAM_WR_FIFO/u_sync_E2_INJ/sync_inst[0].genblk1.genblk1.u_dont_touch_sync_dff2/D
  SrcClockInfoList
    SrcClockInfo
      ClockName             : CLK_PRCM_PCLK
      ClockObject           : PCLK
      ClockDomainId         : 2
  DestClockInfoList
    DestClockInfo
      ClockName             : CLK_PRCM_ACLK
      ClockObject           : ACLK
      ClockDomainId         : 1
  SrcObjectType             : primary input
  DestObjectType            : library-cell
  SyncObject                : gen_wide_SRAM_WRFIFO[0].gen_SRAM_WRFIFO[0].gSF4WrMemInst.u_SRAM_WR_FIFO/u_sync_E2_INJ/sync_inst[0].genblk1.genblk1.u_dont_touch_sync_dff2/Q
  SyncDepth                 : 1
  SyncModule                : BOS_SOC_SYNCHSR_LVT
  ContainerInstance         : BOS_AESDMA
  Module                    : BOS_AESDMA

  -----------------------------------------------------------------------------
  Tag                       : CDC_SYNC_CTRL
  Description               : Control synchronization scheme found for CDC path from [SrcObject] to [DestObject], crossing from [SrcClockInfoList] to [DestClockInfoList]
  Violation                 : CDC:112
  ReasonInfoList
    ReasonInfo
      ReasonCode            : SYNC_BY_UDS
      ReasonCodeMsg         : [INFO] User specified synchronizer detected
  SrcObject                 : FIERR_AESDMA_AXI4_MI0_BUS_PARITY_RDATA[12]
  DestObject                : u_AESDMA_BUS_PARITY_AXI4_M/u_bos_synch_fierr_err_axi_mi0_bus_parity_rdata/sync_inst[12].genblk1.genblk1.u_dont_touch_sync_dff2/D
  SrcClockInfoList
    SrcClockInfo
      ClockName             : CLK_PRCM_PCLK
      ClockObject           : PCLK
      ClockDomainId         : 2
  DestClockInfoList
    DestClockInfo
      ClockName             : CLK_PRCM_ACLK
      ClockObject           : ACLK
      ClockDomainId         : 1
  SrcObjectType             : primary input
  DestObjectType            : library-cell
  SyncObject                : u_AESDMA_BUS_PARITY_AXI4_M/u_bos_synch_fierr_err_axi_mi0_bus_parity_rdata/sync_inst[12].genblk1.genblk1.u_dont_touch_sync_dff2/Q
  SyncDepth                 : 1
  SyncModule                : BOS_SOC_SYNCHSR
  ContainerInstance         : BOS_AESDMA
  Module                    : BOS_AESDMA

  -----------------------------------------------------------------------------
  Tag                       : CDC_SYNC_CTRL
  Description               : Control synchronization scheme found for CDC path from [SrcObject] to [DestObject], crossing from [SrcClockInfoList] to [DestClockInfoList]
  Violation                 : CDC:113
  ReasonInfoList
    ReasonInfo
      ReasonCode            : SYNC_BY_UDS
      ReasonCodeMsg         : [INFO] User specified synchronizer detected
  SrcObject                 : FIERR_AESDMA_AXI4_MI0_BUS_PARITY_RDATA[11]
  DestObject                : u_AESDMA_BUS_PARITY_AXI4_M/u_bos_synch_fierr_err_axi_mi0_bus_parity_rdata/sync_inst[11].genblk1.genblk1.u_dont_touch_sync_dff2/D
  SrcClockInfoList
    SrcClockInfo
      ClockName             : CLK_PRCM_PCLK
      ClockObject           : PCLK
      ClockDomainId         : 2
  DestClockInfoList
    DestClockInfo
      ClockName             : CLK_PRCM_ACLK
      ClockObject           : ACLK
      ClockDomainId         : 1
  SrcObjectType             : primary input
  DestObjectType            : library-cell
  SyncObject                : u_AESDMA_BUS_PARITY_AXI4_M/u_bos_synch_fierr_err_axi_mi0_bus_parity_rdata/sync_inst[11].genblk1.genblk1.u_dont_touch_sync_dff2/Q
  SyncDepth                 : 1
  SyncModule                : BOS_SOC_SYNCHSR
  ContainerInstance         : BOS_AESDMA
  Module                    : BOS_AESDMA

  -----------------------------------------------------------------------------
  Tag                       : CDC_SYNC_CTRL
  Description               : Control synchronization scheme found for CDC path from [SrcObject] to [DestObject], crossing from [SrcClockInfoList] to [DestClockInfoList]
  Violation                 : CDC:114
  ReasonInfoList
    ReasonInfo
      ReasonCode            : SYNC_BY_UDS
      ReasonCodeMsg         : [INFO] User specified synchronizer detected
  SrcObject                 : FIERR_AESDMA_AXI4_MI0_BUS_PARITY_WDATA[15]
  DestObject                : u_AESDMA_BUS_PARITY_AXI4_M/u_bos_synch_fierr_err_axi_mi0_bus_parity_wdata/sync_inst[15].genblk1.genblk1.u_dont_touch_sync_dff2/D
  SrcClockInfoList
    SrcClockInfo
      ClockName             : CLK_PRCM_PCLK
      ClockObject           : PCLK
      ClockDomainId         : 2
  DestClockInfoList
    DestClockInfo
      ClockName             : CLK_PRCM_ACLK
      ClockObject           : ACLK
      ClockDomainId         : 1
  SrcObjectType             : primary input
  DestObjectType            : library-cell
  SyncObject                : u_AESDMA_BUS_PARITY_AXI4_M/u_bos_synch_fierr_err_axi_mi0_bus_parity_wdata/sync_inst[15].genblk1.genblk1.u_dont_touch_sync_dff2/Q
  SyncDepth                 : 1
  SyncModule                : BOS_SOC_SYNCHSR
  ContainerInstance         : BOS_AESDMA
  Module                    : BOS_AESDMA

  -----------------------------------------------------------------------------
  Tag                       : CDC_SYNC_CTRL
  Description               : Control synchronization scheme found for CDC path from [SrcObject] to [DestObject], crossing from [SrcClockInfoList] to [DestClockInfoList]
  Violation                 : CDC:115
  ReasonInfoList
    ReasonInfo
      ReasonCode            : SYNC_BY_UDS
      ReasonCodeMsg         : [INFO] User specified synchronizer detected
  SrcObject                 : FIERR_AESDMA_AXI4_MI0_BUS_PARITY_RDATA[10]
  DestObject                : u_AESDMA_BUS_PARITY_AXI4_M/u_bos_synch_fierr_err_axi_mi0_bus_parity_rdata/sync_inst[10].genblk1.genblk1.u_dont_touch_sync_dff2/D
  SrcClockInfoList
    SrcClockInfo
      ClockName             : CLK_PRCM_PCLK
      ClockObject           : PCLK
      ClockDomainId         : 2
  DestClockInfoList
    DestClockInfo
      ClockName             : CLK_PRCM_ACLK
      ClockObject           : ACLK
      ClockDomainId         : 1
  SrcObjectType             : primary input
  DestObjectType            : library-cell
  SyncObject                : u_AESDMA_BUS_PARITY_AXI4_M/u_bos_synch_fierr_err_axi_mi0_bus_parity_rdata/sync_inst[10].genblk1.genblk1.u_dont_touch_sync_dff2/Q
  SyncDepth                 : 1
  SyncModule                : BOS_SOC_SYNCHSR
  ContainerInstance         : BOS_AESDMA
  Module                    : BOS_AESDMA

  -----------------------------------------------------------------------------
  Tag                       : CDC_SYNC_CTRL
  Description               : Control synchronization scheme found for CDC path from [SrcObject] to [DestObject], crossing from [SrcClockInfoList] to [DestClockInfoList]
  Violation                 : CDC:116
  ReasonInfoList
    ReasonInfo
      ReasonCode            : SYNC_BY_UDS
      ReasonCodeMsg         : [INFO] User specified synchronizer detected
  SrcObject                 : FIERR_AESDMA_AXI4_MI0_BUS_PARITY_RDATA[8]
  DestObject                : u_AESDMA_BUS_PARITY_AXI4_M/u_bos_synch_fierr_err_axi_mi0_bus_parity_rdata/sync_inst[8].genblk1.genblk1.u_dont_touch_sync_dff2/D
  SrcClockInfoList
    SrcClockInfo
      ClockName             : CLK_PRCM_PCLK
      ClockObject           : PCLK
      ClockDomainId         : 2
  DestClockInfoList
    DestClockInfo
      ClockName             : CLK_PRCM_ACLK
      ClockObject           : ACLK
      ClockDomainId         : 1
  SrcObjectType             : primary input
  DestObjectType            : library-cell
  SyncObject                : u_AESDMA_BUS_PARITY_AXI4_M/u_bos_synch_fierr_err_axi_mi0_bus_parity_rdata/sync_inst[8].genblk1.genblk1.u_dont_touch_sync_dff2/Q
  SyncDepth                 : 1
  SyncModule                : BOS_SOC_SYNCHSR
  ContainerInstance         : BOS_AESDMA
  Module                    : BOS_AESDMA

  -----------------------------------------------------------------------------
  Tag                       : CDC_SYNC_CTRL
  Description               : Control synchronization scheme found for CDC path from [SrcObject] to [DestObject], crossing from [SrcClockInfoList] to [DestClockInfoList]
  Violation                 : CDC:117
  ReasonInfoList
    ReasonInfo
      ReasonCode            : SYNC_BY_UDS
      ReasonCodeMsg         : [INFO] User specified synchronizer detected
  SrcObject                 : FIERR_AESDMA_AXI4_MI0_BUS_PARITY_AWADDR[3]
  DestObject                : u_AESDMA_BUS_PARITY_AXI4_M/u_bos_synch_fierr_err_axi_mi0_bus_parity_awaddr/sync_inst[3].genblk1.genblk1.u_dont_touch_sync_dff2/D
  SrcClockInfoList
    SrcClockInfo
      ClockName             : CLK_PRCM_PCLK
      ClockObject           : PCLK
      ClockDomainId         : 2
  DestClockInfoList
    DestClockInfo
      ClockName             : CLK_PRCM_ACLK
      ClockObject           : ACLK
      ClockDomainId         : 1
  SrcObjectType             : primary input
  DestObjectType            : library-cell
  SyncObject                : u_AESDMA_BUS_PARITY_AXI4_M/u_bos_synch_fierr_err_axi_mi0_bus_parity_awaddr/sync_inst[3].genblk1.genblk1.u_dont_touch_sync_dff2/Q
  SyncDepth                 : 1
  SyncModule                : BOS_SOC_SYNCHSR
  ContainerInstance         : BOS_AESDMA
  Module                    : BOS_AESDMA

  -----------------------------------------------------------------------------
  Tag                       : CDC_SYNC_CTRL
  Description               : Control synchronization scheme found for CDC path from [SrcObject] to [DestObject], crossing from [SrcClockInfoList] to [DestClockInfoList]
  Violation                 : CDC:118
  ReasonInfoList
    ReasonInfo
      ReasonCode            : SYNC_BY_UDS
      ReasonCodeMsg         : [INFO] User specified synchronizer detected
  SrcObject                 : FIERR_AESDMA_AXI4_MI0_BUS_PARITY_RDATA[5]
  DestObject                : u_AESDMA_BUS_PARITY_AXI4_M/u_bos_synch_fierr_err_axi_mi0_bus_parity_rdata/sync_inst[5].genblk1.genblk1.u_dont_touch_sync_dff2/D
  SrcClockInfoList
    SrcClockInfo
      ClockName             : CLK_PRCM_PCLK
      ClockObject           : PCLK
      ClockDomainId         : 2
  DestClockInfoList
    DestClockInfo
      ClockName             : CLK_PRCM_ACLK
      ClockObject           : ACLK
      ClockDomainId         : 1
  SrcObjectType             : primary input
  DestObjectType            : library-cell
  SyncObject                : u_AESDMA_BUS_PARITY_AXI4_M/u_bos_synch_fierr_err_axi_mi0_bus_parity_rdata/sync_inst[5].genblk1.genblk1.u_dont_touch_sync_dff2/Q
  SyncDepth                 : 1
  SyncModule                : BOS_SOC_SYNCHSR
  ContainerInstance         : BOS_AESDMA
  Module                    : BOS_AESDMA

  -----------------------------------------------------------------------------
  Tag                       : CDC_SYNC_CTRL
  Description               : Control synchronization scheme found for CDC path from [SrcObject] to [DestObject], crossing from [SrcClockInfoList] to [DestClockInfoList]
  Violation                 : CDC:119
  ReasonInfoList
    ReasonInfo
      ReasonCode            : SYNC_BY_UDS
      ReasonCodeMsg         : [INFO] User specified synchronizer detected
  SrcObject                 : FIERR_AESDMA_AXI4_MI0_BUS_PARITY_WDATA[6]
  DestObject                : u_AESDMA_BUS_PARITY_AXI4_M/u_bos_synch_fierr_err_axi_mi0_bus_parity_wdata/sync_inst[6].genblk1.genblk1.u_dont_touch_sync_dff2/D
  SrcClockInfoList
    SrcClockInfo
      ClockName             : CLK_PRCM_PCLK
      ClockObject           : PCLK
      ClockDomainId         : 2
  DestClockInfoList
    DestClockInfo
      ClockName             : CLK_PRCM_ACLK
      ClockObject           : ACLK
      ClockDomainId         : 1
  SrcObjectType             : primary input
  DestObjectType            : library-cell
  SyncObject                : u_AESDMA_BUS_PARITY_AXI4_M/u_bos_synch_fierr_err_axi_mi0_bus_parity_wdata/sync_inst[6].genblk1.genblk1.u_dont_touch_sync_dff2/Q
  SyncDepth                 : 1
  SyncModule                : BOS_SOC_SYNCHSR
  ContainerInstance         : BOS_AESDMA
  Module                    : BOS_AESDMA

  -----------------------------------------------------------------------------
  Tag                       : CDC_SYNC_CTRL
  Description               : Control synchronization scheme found for CDC path from [SrcObject] to [DestObject], crossing from [SrcClockInfoList] to [DestClockInfoList]
  Violation                 : CDC:120
  ReasonInfoList
    ReasonInfo
      ReasonCode            : SYNC_BY_UDS
      ReasonCodeMsg         : [INFO] User specified synchronizer detected
  SrcObject                 : FIERR_AESDMA_AXI4_MI0_BUS_PARITY_RDATA[3]
  DestObject                : u_AESDMA_BUS_PARITY_AXI4_M/u_bos_synch_fierr_err_axi_mi0_bus_parity_rdata/sync_inst[3].genblk1.genblk1.u_dont_touch_sync_dff2/D
  SrcClockInfoList
    SrcClockInfo
      ClockName             : CLK_PRCM_PCLK
      ClockObject           : PCLK
      ClockDomainId         : 2
  DestClockInfoList
    DestClockInfo
      ClockName             : CLK_PRCM_ACLK
      ClockObject           : ACLK
      ClockDomainId         : 1
  SrcObjectType             : primary input
  DestObjectType            : library-cell
  SyncObject                : u_AESDMA_BUS_PARITY_AXI4_M/u_bos_synch_fierr_err_axi_mi0_bus_parity_rdata/sync_inst[3].genblk1.genblk1.u_dont_touch_sync_dff2/Q
  SyncDepth                 : 1
  SyncModule                : BOS_SOC_SYNCHSR
  ContainerInstance         : BOS_AESDMA
  Module                    : BOS_AESDMA

  -----------------------------------------------------------------------------
  Tag                       : CDC_SYNC_CTRL
  Description               : Control synchronization scheme found for CDC path from [SrcObject] to [DestObject], crossing from [SrcClockInfoList] to [DestClockInfoList]
  Violation                 : CDC:121
  ReasonInfoList
    ReasonInfo
      ReasonCode            : SYNC_BY_UDS
      ReasonCodeMsg         : [INFO] User specified synchronizer detected
  SrcObject                 : ENERR_AESDMA_ECC_E1_SRAM_ROB
  DestObject                : gen_wide_SRAM_ROB[0].gen_SRAM_ROB[0].gSF4MemInst.gSF4MemBdInst.u_SRAM_ROB_FIFO_BD/u_sync_E1_CLR_N/sync_inst[0].genblk1.genblk1.u_dont_touch_sync_dff2/D
  SrcClockInfoList
    SrcClockInfo
      ClockName             : CLK_PRCM_PCLK
      ClockObject           : PCLK
      ClockDomainId         : 2
  DestClockInfoList
    DestClockInfo
      ClockName             : CLK_PRCM_ACLK
      ClockObject           : ACLK
      ClockDomainId         : 1
  SrcObjectType             : primary input
  DestObjectType            : library-cell
  SyncObject                : gen_wide_SRAM_ROB[0].gen_SRAM_ROB[0].gSF4MemInst.gSF4MemBdInst.u_SRAM_ROB_FIFO_BD/u_sync_E1_CLR_N/sync_inst[0].genblk1.genblk1.u_dont_touch_sync_dff2/Q
  SyncDepth                 : 1
  SyncModule                : BOS_SOC_SYNCHSR_LVT
  ContainerInstance         : BOS_AESDMA
  Module                    : BOS_AESDMA

  -----------------------------------------------------------------------------
  Tag                       : CDC_SYNC_CTRL
  Description               : Control synchronization scheme found for CDC path from [SrcObject] to [DestObject], crossing from [SrcClockInfoList] to [DestClockInfoList]
  Violation                 : CDC:122
  ReasonInfoList
    ReasonInfo
      ReasonCode            : SYNC_BY_UDS
      ReasonCodeMsg         : [INFO] User specified synchronizer detected
  SrcObject                 : FIERR_AESDMA_AXI4_MI0_BUS_PARITY_RDATA[2]
  DestObject                : u_AESDMA_BUS_PARITY_AXI4_M/u_bos_synch_fierr_err_axi_mi0_bus_parity_rdata/sync_inst[2].genblk1.genblk1.u_dont_touch_sync_dff2/D
  SrcClockInfoList
    SrcClockInfo
      ClockName             : CLK_PRCM_PCLK
      ClockObject           : PCLK
      ClockDomainId         : 2
  DestClockInfoList
    DestClockInfo
      ClockName             : CLK_PRCM_ACLK
      ClockObject           : ACLK
      ClockDomainId         : 1
  SrcObjectType             : primary input
  DestObjectType            : library-cell
  SyncObject                : u_AESDMA_BUS_PARITY_AXI4_M/u_bos_synch_fierr_err_axi_mi0_bus_parity_rdata/sync_inst[2].genblk1.genblk1.u_dont_touch_sync_dff2/Q
  SyncDepth                 : 1
  SyncModule                : BOS_SOC_SYNCHSR
  ContainerInstance         : BOS_AESDMA
  Module                    : BOS_AESDMA

  -----------------------------------------------------------------------------
  Tag                       : CDC_SYNC_CTRL
  Description               : Control synchronization scheme found for CDC path from [SrcObject] to [DestObject], crossing from [SrcClockInfoList] to [DestClockInfoList]
  Violation                 : CDC:123
  ReasonInfoList
    ReasonInfo
      ReasonCode            : SYNC_BY_UDS
      ReasonCodeMsg         : [INFO] User specified synchronizer detected
  SrcObject                 : FIERR_AESDMA_AXI4_MI0_BUS_PARITY_WDATA[8]
  DestObject                : u_AESDMA_BUS_PARITY_AXI4_M/u_bos_synch_fierr_err_axi_mi0_bus_parity_wdata/sync_inst[8].genblk1.genblk1.u_dont_touch_sync_dff2/D
  SrcClockInfoList
    SrcClockInfo
      ClockName             : CLK_PRCM_PCLK
      ClockObject           : PCLK
      ClockDomainId         : 2
  DestClockInfoList
    DestClockInfo
      ClockName             : CLK_PRCM_ACLK
      ClockObject           : ACLK
      ClockDomainId         : 1
  SrcObjectType             : primary input
  DestObjectType            : library-cell
  SyncObject                : u_AESDMA_BUS_PARITY_AXI4_M/u_bos_synch_fierr_err_axi_mi0_bus_parity_wdata/sync_inst[8].genblk1.genblk1.u_dont_touch_sync_dff2/Q
  SyncDepth                 : 1
  SyncModule                : BOS_SOC_SYNCHSR
  ContainerInstance         : BOS_AESDMA
  Module                    : BOS_AESDMA

  -----------------------------------------------------------------------------
  Tag                       : CDC_SYNC_CTRL
  Description               : Control synchronization scheme found for CDC path from [SrcObject] to [DestObject], crossing from [SrcClockInfoList] to [DestClockInfoList]
  Violation                 : CDC:124
  ReasonInfoList
    ReasonInfo
      ReasonCode            : SYNC_BY_UDS
      ReasonCodeMsg         : [INFO] User specified synchronizer detected
  SrcObject                 : FIERR_AESDMA_AXI4_MI0_BUS_PARITY_RDATA[1]
  DestObject                : u_AESDMA_BUS_PARITY_AXI4_M/u_bos_synch_fierr_err_axi_mi0_bus_parity_rdata/sync_inst[1].genblk1.genblk1.u_dont_touch_sync_dff2/D
  SrcClockInfoList
    SrcClockInfo
      ClockName             : CLK_PRCM_PCLK
      ClockObject           : PCLK
      ClockDomainId         : 2
  DestClockInfoList
    DestClockInfo
      ClockName             : CLK_PRCM_ACLK
      ClockObject           : ACLK
      ClockDomainId         : 1
  SrcObjectType             : primary input
  DestObjectType            : library-cell
  SyncObject                : u_AESDMA_BUS_PARITY_AXI4_M/u_bos_synch_fierr_err_axi_mi0_bus_parity_rdata/sync_inst[1].genblk1.genblk1.u_dont_touch_sync_dff2/Q
  SyncDepth                 : 1
  SyncModule                : BOS_SOC_SYNCHSR
  ContainerInstance         : BOS_AESDMA
  Module                    : BOS_AESDMA

  -----------------------------------------------------------------------------
  Tag                       : CDC_SYNC_CTRL
  Description               : Control synchronization scheme found for CDC path from [SrcObject] to [DestObject], crossing from [SrcClockInfoList] to [DestClockInfoList]
  Violation                 : CDC:125
  ReasonInfoList
    ReasonInfo
      ReasonCode            : SYNC_BY_UDS
      ReasonCodeMsg         : [INFO] User specified synchronizer detected
  SrcObject                 : FIERR_AESDMA_AXI4_MI0_BUS_PARITY_ARADDR[5]
  DestObject                : u_AESDMA_BUS_PARITY_AXI4_M/u_bos_synch_fierr_err_axi_mi0_bus_parity_araddr/sync_inst[5].genblk1.genblk1.u_dont_touch_sync_dff2/D
  SrcClockInfoList
    SrcClockInfo
      ClockName             : CLK_PRCM_PCLK
      ClockObject           : PCLK
      ClockDomainId         : 2
  DestClockInfoList
    DestClockInfo
      ClockName             : CLK_PRCM_ACLK
      ClockObject           : ACLK
      ClockDomainId         : 1
  SrcObjectType             : primary input
  DestObjectType            : library-cell
  SyncObject                : u_AESDMA_BUS_PARITY_AXI4_M/u_bos_synch_fierr_err_axi_mi0_bus_parity_araddr/sync_inst[5].genblk1.genblk1.u_dont_touch_sync_dff2/Q
  SyncDepth                 : 1
  SyncModule                : BOS_SOC_SYNCHSR
  ContainerInstance         : BOS_AESDMA
  Module                    : BOS_AESDMA

  -----------------------------------------------------------------------------
  Tag                       : CDC_SYNC_CTRL
  Description               : Control synchronization scheme found for CDC path from [SrcObject] to [DestObject], crossing from [SrcClockInfoList] to [DestClockInfoList]
  Violation                 : CDC:126
  ReasonInfoList
    ReasonInfo
      ReasonCode            : SYNC_BY_UDS
      ReasonCodeMsg         : [INFO] User specified synchronizer detected
  SrcObject                 : FIERR_AESDMA_AXI4_MI0_BUS_PARITY_WDATA[7]
  DestObject                : u_AESDMA_BUS_PARITY_AXI4_M/u_bos_synch_fierr_err_axi_mi0_bus_parity_wdata/sync_inst[7].genblk1.genblk1.u_dont_touch_sync_dff2/D
  SrcClockInfoList
    SrcClockInfo
      ClockName             : CLK_PRCM_PCLK
      ClockObject           : PCLK
      ClockDomainId         : 2
  DestClockInfoList
    DestClockInfo
      ClockName             : CLK_PRCM_ACLK
      ClockObject           : ACLK
      ClockDomainId         : 1
  SrcObjectType             : primary input
  DestObjectType            : library-cell
  SyncObject                : u_AESDMA_BUS_PARITY_AXI4_M/u_bos_synch_fierr_err_axi_mi0_bus_parity_wdata/sync_inst[7].genblk1.genblk1.u_dont_touch_sync_dff2/Q
  SyncDepth                 : 1
  SyncModule                : BOS_SOC_SYNCHSR
  ContainerInstance         : BOS_AESDMA
  Module                    : BOS_AESDMA

  -----------------------------------------------------------------------------
  Tag                       : CDC_SYNC_CTRL
  Description               : Control synchronization scheme found for CDC path from [SrcObject] to [DestObject], crossing from [SrcClockInfoList] to [DestClockInfoList]
  Violation                 : CDC:127
  ReasonInfoList
    ReasonInfo
      ReasonCode            : SYNC_BY_UDS
      ReasonCodeMsg         : [INFO] User specified synchronizer detected
  SrcObject                 : FIERR_AESDMA_AXI4_MI0_BUS_PARITY_RDATA[0]
  DestObject                : u_AESDMA_BUS_PARITY_AXI4_M/u_bos_synch_fierr_err_axi_mi0_bus_parity_rdata/sync_inst[0].genblk1.genblk1.u_dont_touch_sync_dff2/D
  SrcClockInfoList
    SrcClockInfo
      ClockName             : CLK_PRCM_PCLK
      ClockObject           : PCLK
      ClockDomainId         : 2
  DestClockInfoList
    DestClockInfo
      ClockName             : CLK_PRCM_ACLK
      ClockObject           : ACLK
      ClockDomainId         : 1
  SrcObjectType             : primary input
  DestObjectType            : library-cell
  SyncObject                : u_AESDMA_BUS_PARITY_AXI4_M/u_bos_synch_fierr_err_axi_mi0_bus_parity_rdata/sync_inst[0].genblk1.genblk1.u_dont_touch_sync_dff2/Q
  SyncDepth                 : 1
  SyncModule                : BOS_SOC_SYNCHSR
  ContainerInstance         : BOS_AESDMA
  Module                    : BOS_AESDMA

  -----------------------------------------------------------------------------
  Tag                       : CDC_SYNC_CTRL
  Description               : Control synchronization scheme found for CDC path from [SrcObject] to [DestObject], crossing from [SrcClockInfoList] to [DestClockInfoList]
  Violation                 : CDC:128
  ReasonInfoList
    ReasonInfo
      ReasonCode            : SYNC_BY_UDS
      ReasonCodeMsg         : [INFO] User specified synchronizer detected
  SrcObject                 : FIERR_AESDMA_AXI4_MI0_BUS_PARITY_ARADDR[4]
  DestObject                : u_AESDMA_BUS_PARITY_AXI4_M/u_bos_synch_fierr_err_axi_mi0_bus_parity_araddr/sync_inst[4].genblk1.genblk1.u_dont_touch_sync_dff2/D
  SrcClockInfoList
    SrcClockInfo
      ClockName             : CLK_PRCM_PCLK
      ClockObject           : PCLK
      ClockDomainId         : 2
  DestClockInfoList
    DestClockInfo
      ClockName             : CLK_PRCM_ACLK
      ClockObject           : ACLK
      ClockDomainId         : 1
  SrcObjectType             : primary input
  DestObjectType            : library-cell
  SyncObject                : u_AESDMA_BUS_PARITY_AXI4_M/u_bos_synch_fierr_err_axi_mi0_bus_parity_araddr/sync_inst[4].genblk1.genblk1.u_dont_touch_sync_dff2/Q
  SyncDepth                 : 1
  SyncModule                : BOS_SOC_SYNCHSR
  ContainerInstance         : BOS_AESDMA
  Module                    : BOS_AESDMA

  -----------------------------------------------------------------------------
  Tag                       : CDC_SYNC_CTRL
  Description               : Control synchronization scheme found for CDC path from [SrcObject] to [DestObject], crossing from [SrcClockInfoList] to [DestClockInfoList]
  Violation                 : CDC:129
  ReasonInfoList
    ReasonInfo
      ReasonCode            : SYNC_BY_UDS
      ReasonCodeMsg         : [INFO] User specified synchronizer detected
  SrcObject                 : FIERR_AESDMA_AXI4_MI0_BUS_PARITY_ARADDR[2]
  DestObject                : u_AESDMA_BUS_PARITY_AXI4_M/u_bos_synch_fierr_err_axi_mi0_bus_parity_araddr/sync_inst[2].genblk1.genblk1.u_dont_touch_sync_dff2/D
  SrcClockInfoList
    SrcClockInfo
      ClockName             : CLK_PRCM_PCLK
      ClockObject           : PCLK
      ClockDomainId         : 2
  DestClockInfoList
    DestClockInfo
      ClockName             : CLK_PRCM_ACLK
      ClockObject           : ACLK
      ClockDomainId         : 1
  SrcObjectType             : primary input
  DestObjectType            : library-cell
  SyncObject                : u_AESDMA_BUS_PARITY_AXI4_M/u_bos_synch_fierr_err_axi_mi0_bus_parity_araddr/sync_inst[2].genblk1.genblk1.u_dont_touch_sync_dff2/Q
  SyncDepth                 : 1
  SyncModule                : BOS_SOC_SYNCHSR
  ContainerInstance         : BOS_AESDMA
  Module                    : BOS_AESDMA

  -----------------------------------------------------------------------------
  Tag                       : CDC_SYNC_CTRL
  Description               : Control synchronization scheme found for CDC path from [SrcObject] to [DestObject], crossing from [SrcClockInfoList] to [DestClockInfoList]
  Violation                 : CDC:131
  ReasonInfoList
    ReasonInfo
      ReasonCode            : SYNC_BY_UDS
      ReasonCodeMsg         : [INFO] User specified synchronizer detected
  SrcObject                 : ENERR_AESDMA_DCLS
  DestObject                : u_enerr_dcls/sync_inst[0].genblk1.genblk1.u_dont_touch_sync_dff2/D
  SrcClockInfoList
    SrcClockInfo
      ClockName             : CLK_PRCM_PCLK
      ClockObject           : PCLK
      ClockDomainId         : 2
  DestClockInfoList
    DestClockInfo
      ClockName             : CLK_PRCM_ACLK
      ClockObject           : ACLK
      ClockDomainId         : 1
  SrcObjectType             : primary input
  DestObjectType            : library-cell
  SyncObject                : u_enerr_dcls/sync_inst[0].genblk1.genblk1.u_dont_touch_sync_dff2/Q
  SyncDepth                 : 1
  SyncModule                : BOS_SOC_SYNCHSR_LVT
  ContainerInstance         : BOS_AESDMA
  Module                    : BOS_AESDMA

  -----------------------------------------------------------------------------
  Tag                       : CDC_SYNC_CTRL
  Description               : Control synchronization scheme found for CDC path from [SrcObject] to [DestObject], crossing from [SrcClockInfoList] to [DestClockInfoList]
  Violation                 : CDC:132
  ReasonInfoList
    ReasonInfo
      ReasonCode            : SYNC_BY_UDS
      ReasonCodeMsg         : [INFO] User specified synchronizer detected
  SrcObject                 : ENERR_AESDMA_ECC_E2_SRAM_ROB
  DestObject                : gen_wide_SRAM_ROB[0].gen_SRAM_ROB[1].gSF4MemInst.gSF4MemBdInst.u_SRAM_ROB_FIFO_BD/u_sync_E2_CLR_N/sync_inst[0].genblk1.genblk1.u_dont_touch_sync_dff2/D
  SrcClockInfoList
    SrcClockInfo
      ClockName             : CLK_PRCM_PCLK
      ClockObject           : PCLK
      ClockDomainId         : 2
  DestClockInfoList
    DestClockInfo
      ClockName             : CLK_PRCM_ACLK
      ClockObject           : ACLK
      ClockDomainId         : 1
  SrcObjectType             : primary input
  DestObjectType            : library-cell
  SyncObject                : gen_wide_SRAM_ROB[0].gen_SRAM_ROB[1].gSF4MemInst.gSF4MemBdInst.u_SRAM_ROB_FIFO_BD/u_sync_E2_CLR_N/sync_inst[0].genblk1.genblk1.u_dont_touch_sync_dff2/Q
  SyncDepth                 : 1
  SyncModule                : BOS_SOC_SYNCHSR_LVT
  ContainerInstance         : BOS_AESDMA
  Module                    : BOS_AESDMA

  -----------------------------------------------------------------------------
  Tag                       : CDC_SYNC_CTRL
  Description               : Control synchronization scheme found for CDC path from [SrcObject] to [DestObject], crossing from [SrcClockInfoList] to [DestClockInfoList]
  Violation                 : CDC:133
  ReasonInfoList
    ReasonInfo
      ReasonCode            : SYNC_BY_UDS
      ReasonCodeMsg         : [INFO] User specified synchronizer detected
  SrcObject                 : FIERR_AESDMA_AXI4_MI0_BUS_PARITY_RDATA[6]
  DestObject                : u_AESDMA_BUS_PARITY_AXI4_M/u_bos_synch_fierr_err_axi_mi0_bus_parity_rdata/sync_inst[6].genblk1.genblk1.u_dont_touch_sync_dff2/D
  SrcClockInfoList
    SrcClockInfo
      ClockName             : CLK_PRCM_PCLK
      ClockObject           : PCLK
      ClockDomainId         : 2
  DestClockInfoList
    DestClockInfo
      ClockName             : CLK_PRCM_ACLK
      ClockObject           : ACLK
      ClockDomainId         : 1
  SrcObjectType             : primary input
  DestObjectType            : library-cell
  SyncObject                : u_AESDMA_BUS_PARITY_AXI4_M/u_bos_synch_fierr_err_axi_mi0_bus_parity_rdata/sync_inst[6].genblk1.genblk1.u_dont_touch_sync_dff2/Q
  SyncDepth                 : 1
  SyncModule                : BOS_SOC_SYNCHSR
  ContainerInstance         : BOS_AESDMA
  Module                    : BOS_AESDMA

  -----------------------------------------------------------------------------
  Tag                       : CDC_SYNC_CTRL
  Description               : Control synchronization scheme found for CDC path from [SrcObject] to [DestObject], crossing from [SrcClockInfoList] to [DestClockInfoList]
  Violation                 : CDC:134
  ReasonInfoList
    ReasonInfo
      ReasonCode            : SYNC_BY_UDS
      ReasonCodeMsg         : [INFO] User specified synchronizer detected
  SrcObject                 : FIERR_AESDMA_ECC_E2_SRAM_WRFIFO
  DestObject                : u_fierr_ecc_e2_sram_wrfifo/sync_inst[0].genblk1.genblk1.u_dont_touch_sync_dff2/D
  SrcClockInfoList
    SrcClockInfo
      ClockName             : CLK_PRCM_PCLK
      ClockObject           : PCLK
      ClockDomainId         : 2
  DestClockInfoList
    DestClockInfo
      ClockName             : CLK_PRCM_ACLK
      ClockObject           : ACLK
      ClockDomainId         : 1
  SrcObjectType             : primary input
  DestObjectType            : library-cell
  SyncObject                : u_fierr_ecc_e2_sram_wrfifo/sync_inst[0].genblk1.genblk1.u_dont_touch_sync_dff2/Q
  SyncDepth                 : 1
  SyncModule                : BOS_SOC_SYNCHSR_LVT
  ContainerInstance         : BOS_AESDMA
  Module                    : BOS_AESDMA

  -----------------------------------------------------------------------------
  Tag                       : CDC_SYNC_CTRL
  Description               : Control synchronization scheme found for CDC path from [SrcObject] to [DestObject], crossing from [SrcClockInfoList] to [DestClockInfoList]
  Violation                 : CDC:135
  ReasonInfoList
    ReasonInfo
      ReasonCode            : SYNC_BY_UDS
      ReasonCodeMsg         : [INFO] User specified synchronizer detected
  SrcObject                 : ENERR_AESDMA_ECC_E2_SRAM_ROB
  DestObject                : gen_wide_SRAM_ROB[0].gen_SRAM_ROB[0].gSF4MemInst.gSF4MemBdInst.u_SRAM_ROB_FIFO_BD/u_sync_E2_CLR_N/sync_inst[0].genblk1.genblk1.u_dont_touch_sync_dff2/D
  SrcClockInfoList
    SrcClockInfo
      ClockName             : CLK_PRCM_PCLK
      ClockObject           : PCLK
      ClockDomainId         : 2
  DestClockInfoList
    DestClockInfo
      ClockName             : CLK_PRCM_ACLK
      ClockObject           : ACLK
      ClockDomainId         : 1
  SrcObjectType             : primary input
  DestObjectType            : library-cell
  SyncObject                : gen_wide_SRAM_ROB[0].gen_SRAM_ROB[0].gSF4MemInst.gSF4MemBdInst.u_SRAM_ROB_FIFO_BD/u_sync_E2_CLR_N/sync_inst[0].genblk1.genblk1.u_dont_touch_sync_dff2/Q
  SyncDepth                 : 1
  SyncModule                : BOS_SOC_SYNCHSR_LVT
  ContainerInstance         : BOS_AESDMA
  Module                    : BOS_AESDMA

  -----------------------------------------------------------------------------
  Tag                       : CDC_SYNC_CTRL
  Description               : Control synchronization scheme found for CDC path from [SrcObject] to [DestObject], crossing from [SrcClockInfoList] to [DestClockInfoList]
  Violation                 : CDC:136
  ReasonInfoList
    ReasonInfo
      ReasonCode            : SYNC_BY_UDS
      ReasonCodeMsg         : [INFO] User specified synchronizer detected
  SrcObject                 : FIERR_AESDMA_AXI4_MI0_BUS_PARITY_RDATA[4]
  DestObject                : u_AESDMA_BUS_PARITY_AXI4_M/u_bos_synch_fierr_err_axi_mi0_bus_parity_rdata/sync_inst[4].genblk1.genblk1.u_dont_touch_sync_dff2/D
  SrcClockInfoList
    SrcClockInfo
      ClockName             : CLK_PRCM_PCLK
      ClockObject           : PCLK
      ClockDomainId         : 2
  DestClockInfoList
    DestClockInfo
      ClockName             : CLK_PRCM_ACLK
      ClockObject           : ACLK
      ClockDomainId         : 1
  SrcObjectType             : primary input
  DestObjectType            : library-cell
  SyncObject                : u_AESDMA_BUS_PARITY_AXI4_M/u_bos_synch_fierr_err_axi_mi0_bus_parity_rdata/sync_inst[4].genblk1.genblk1.u_dont_touch_sync_dff2/Q
  SyncDepth                 : 1
  SyncModule                : BOS_SOC_SYNCHSR
  ContainerInstance         : BOS_AESDMA
  Module                    : BOS_AESDMA

  -----------------------------------------------------------------------------
  Tag                       : CDC_SYNC_CTRL
  Description               : Control synchronization scheme found for CDC path from [SrcObject] to [DestObject], crossing from [SrcClockInfoList] to [DestClockInfoList]
  Violation                 : CDC:137
  ReasonInfoList
    ReasonInfo
      ReasonCode            : SYNC_BY_UDS
      ReasonCodeMsg         : [INFO] User specified synchronizer detected
  SrcObject                 : FIERR_AESDMA_ECC_E1_SRAM_WRFIFO
  DestObject                : u_fierr_ecc_e1_sram_wrfifo/sync_inst[0].genblk1.genblk1.u_dont_touch_sync_dff2/D
  SrcClockInfoList
    SrcClockInfo
      ClockName             : CLK_PRCM_PCLK
      ClockObject           : PCLK
      ClockDomainId         : 2
  DestClockInfoList
    DestClockInfo
      ClockName             : CLK_PRCM_ACLK
      ClockObject           : ACLK
      ClockDomainId         : 1
  SrcObjectType             : primary input
  DestObjectType            : library-cell
  SyncObject                : u_fierr_ecc_e1_sram_wrfifo/sync_inst[0].genblk1.genblk1.u_dont_touch_sync_dff2/Q
  SyncDepth                 : 1
  SyncModule                : BOS_SOC_SYNCHSR_LVT
  ContainerInstance         : BOS_AESDMA
  Module                    : BOS_AESDMA

  -----------------------------------------------------------------------------
  Tag                       : CDC_SYNC_CTRL
  Description               : Control synchronization scheme found for CDC path from [SrcObject] to [DestObject], crossing from [SrcClockInfoList] to [DestClockInfoList]
  Violation                 : CDC:138
  ReasonInfoList
    ReasonInfo
      ReasonCode            : SYNC_BY_UDS
      ReasonCodeMsg         : [INFO] User specified synchronizer detected
  SrcObject                 : FIERR_AESDMA_AXI4_MI0_BUS_PARITY_ARADDR[1]
  DestObject                : u_AESDMA_BUS_PARITY_AXI4_M/u_bos_synch_fierr_err_axi_mi0_bus_parity_araddr/sync_inst[1].genblk1.genblk1.u_dont_touch_sync_dff2/D
  SrcClockInfoList
    SrcClockInfo
      ClockName             : CLK_PRCM_PCLK
      ClockObject           : PCLK
      ClockDomainId         : 2
  DestClockInfoList
    DestClockInfo
      ClockName             : CLK_PRCM_ACLK
      ClockObject           : ACLK
      ClockDomainId         : 1
  SrcObjectType             : primary input
  DestObjectType            : library-cell
  SyncObject                : u_AESDMA_BUS_PARITY_AXI4_M/u_bos_synch_fierr_err_axi_mi0_bus_parity_araddr/sync_inst[1].genblk1.genblk1.u_dont_touch_sync_dff2/Q
  SyncDepth                 : 1
  SyncModule                : BOS_SOC_SYNCHSR
  ContainerInstance         : BOS_AESDMA
  Module                    : BOS_AESDMA

  -----------------------------------------------------------------------------
  Tag                       : CDC_SYNC_CTRL
  Description               : Control synchronization scheme found for CDC path from [SrcObject] to [DestObject], crossing from [SrcClockInfoList] to [DestClockInfoList]
  Violation                 : CDC:139
  ReasonInfoList
    ReasonInfo
      ReasonCode            : SYNC_BY_UDS
      ReasonCodeMsg         : [INFO] User specified synchronizer detected
  SrcObject                 : FIERR_AESDMA_ECC_DEC_DCLS_SRAM_ROB
  DestObject                : u_fierr_ecc_dec_dcls_sram_rob/sync_inst[0].genblk1.genblk1.u_dont_touch_sync_dff2/D
  SrcClockInfoList
    SrcClockInfo
      ClockName             : CLK_PRCM_PCLK
      ClockObject           : PCLK
      ClockDomainId         : 2
  DestClockInfoList
    DestClockInfo
      ClockName             : CLK_PRCM_ACLK
      ClockObject           : ACLK
      ClockDomainId         : 1
  SrcObjectType             : primary input
  DestObjectType            : library-cell
  SyncObject                : u_fierr_ecc_dec_dcls_sram_rob/sync_inst[0].genblk1.genblk1.u_dont_touch_sync_dff2/Q
  SyncDepth                 : 1
  SyncModule                : BOS_SOC_SYNCHSR_LVT
  ContainerInstance         : BOS_AESDMA
  Module                    : BOS_AESDMA

  -----------------------------------------------------------------------------
  Tag                       : CDC_SYNC_CTRL
  Description               : Control synchronization scheme found for CDC path from [SrcObject] to [DestObject], crossing from [SrcClockInfoList] to [DestClockInfoList]
  Violation                 : CDC:140
  ReasonInfoList
    ReasonInfo
      ReasonCode            : SYNC_BY_UDS
      ReasonCodeMsg         : [INFO] User specified synchronizer detected
  SrcObject                 : FIERR_AESDMA_AXI4_MI0_BUS_PARITY_RDATA[13]
  DestObject                : u_AESDMA_BUS_PARITY_AXI4_M/u_bos_synch_fierr_err_axi_mi0_bus_parity_rdata/sync_inst[13].genblk1.genblk1.u_dont_touch_sync_dff2/D
  SrcClockInfoList
    SrcClockInfo
      ClockName             : CLK_PRCM_PCLK
      ClockObject           : PCLK
      ClockDomainId         : 2
  DestClockInfoList
    DestClockInfo
      ClockName             : CLK_PRCM_ACLK
      ClockObject           : ACLK
      ClockDomainId         : 1
  SrcObjectType             : primary input
  DestObjectType            : library-cell
  SyncObject                : u_AESDMA_BUS_PARITY_AXI4_M/u_bos_synch_fierr_err_axi_mi0_bus_parity_rdata/sync_inst[13].genblk1.genblk1.u_dont_touch_sync_dff2/Q
  SyncDepth                 : 1
  SyncModule                : BOS_SOC_SYNCHSR
  ContainerInstance         : BOS_AESDMA
  Module                    : BOS_AESDMA

  -----------------------------------------------------------------------------
  Tag                       : CDC_SYNC_CTRL
  Description               : Control synchronization scheme found for CDC path from [SrcObject] to [DestObject], crossing from [SrcClockInfoList] to [DestClockInfoList]
  Violation                 : CDC:141
  ReasonInfoList
    ReasonInfo
      ReasonCode            : SYNC_BY_UDS
      ReasonCodeMsg         : [INFO] User specified synchronizer detected
  SrcObject                 : FIERR_AESDMA_ECC_E1_SRAM_ROB
  DestObject                : u_fierr_ecc_e1_sram_rob/sync_inst[0].genblk1.genblk1.u_dont_touch_sync_dff2/D
  SrcClockInfoList
    SrcClockInfo
      ClockName             : CLK_PRCM_PCLK
      ClockObject           : PCLK
      ClockDomainId         : 2
  DestClockInfoList
    DestClockInfo
      ClockName             : CLK_PRCM_ACLK
      ClockObject           : ACLK
      ClockDomainId         : 1
  SrcObjectType             : primary input
  DestObjectType            : library-cell
  SyncObject                : u_fierr_ecc_e1_sram_rob/sync_inst[0].genblk1.genblk1.u_dont_touch_sync_dff2/Q
  SyncDepth                 : 1
  SyncModule                : BOS_SOC_SYNCHSR_LVT
  ContainerInstance         : BOS_AESDMA
  Module                    : BOS_AESDMA

  -----------------------------------------------------------------------------
  Tag                       : CDC_SYNC_CTRL
  Description               : Control synchronization scheme found for CDC path from [SrcObject] to [DestObject], crossing from [SrcClockInfoList] to [DestClockInfoList]
  Violation                 : CDC:142
  ReasonInfoList
    ReasonInfo
      ReasonCode            : SYNC_BY_UDS
      ReasonCodeMsg         : [INFO] User specified synchronizer detected
  SrcObject                 : FIERR_AESDMA_AXI4_MI0_BUS_PARITY_AWADDR[1]
  DestObject                : u_AESDMA_BUS_PARITY_AXI4_M/u_bos_synch_fierr_err_axi_mi0_bus_parity_awaddr/sync_inst[1].genblk1.genblk1.u_dont_touch_sync_dff2/D
  SrcClockInfoList
    SrcClockInfo
      ClockName             : CLK_PRCM_PCLK
      ClockObject           : PCLK
      ClockDomainId         : 2
  DestClockInfoList
    DestClockInfo
      ClockName             : CLK_PRCM_ACLK
      ClockObject           : ACLK
      ClockDomainId         : 1
  SrcObjectType             : primary input
  DestObjectType            : library-cell
  SyncObject                : u_AESDMA_BUS_PARITY_AXI4_M/u_bos_synch_fierr_err_axi_mi0_bus_parity_awaddr/sync_inst[1].genblk1.genblk1.u_dont_touch_sync_dff2/Q
  SyncDepth                 : 1
  SyncModule                : BOS_SOC_SYNCHSR
  ContainerInstance         : BOS_AESDMA
  Module                    : BOS_AESDMA

  -----------------------------------------------------------------------------
  Tag                       : CDC_SYNC_CTRL
  Description               : Control synchronization scheme found for CDC path from [SrcObject] to [DestObject], crossing from [SrcClockInfoList] to [DestClockInfoList]
  Violation                 : CDC:143
  ReasonInfoList
    ReasonInfo
      ReasonCode            : SYNC_BY_UDS
      ReasonCodeMsg         : [INFO] User specified synchronizer detected
  SrcObject                 : FIERR_AESDMA_AXI4_MI0_BUS_PARITY_RDATA[7]
  DestObject                : u_AESDMA_BUS_PARITY_AXI4_M/u_bos_synch_fierr_err_axi_mi0_bus_parity_rdata/sync_inst[7].genblk1.genblk1.u_dont_touch_sync_dff2/D
  SrcClockInfoList
    SrcClockInfo
      ClockName             : CLK_PRCM_PCLK
      ClockObject           : PCLK
      ClockDomainId         : 2
  DestClockInfoList
    DestClockInfo
      ClockName             : CLK_PRCM_ACLK
      ClockObject           : ACLK
      ClockDomainId         : 1
  SrcObjectType             : primary input
  DestObjectType            : library-cell
  SyncObject                : u_AESDMA_BUS_PARITY_AXI4_M/u_bos_synch_fierr_err_axi_mi0_bus_parity_rdata/sync_inst[7].genblk1.genblk1.u_dont_touch_sync_dff2/Q
  SyncDepth                 : 1
  SyncModule                : BOS_SOC_SYNCHSR
  ContainerInstance         : BOS_AESDMA
  Module                    : BOS_AESDMA

  -----------------------------------------------------------------------------
  Tag                       : CDC_SYNC_CTRL
  Description               : Control synchronization scheme found for CDC path from [SrcObject] to [DestObject], crossing from [SrcClockInfoList] to [DestClockInfoList]
  Violation                 : CDC:144
  ReasonInfoList
    ReasonInfo
      ReasonCode            : SYNC_BY_UDS
      ReasonCodeMsg         : [INFO] User specified synchronizer detected
  SrcObject                 : ENERR_AESDMA_ECC_E2_SRAM_WRFIFO
  DestObject                : u_enerr_ecc_e2_sram_wrfifo/sync_inst[0].genblk1.genblk1.u_dont_touch_sync_dff2/D
  SrcClockInfoList
    SrcClockInfo
      ClockName             : CLK_PRCM_PCLK
      ClockObject           : PCLK
      ClockDomainId         : 2
  DestClockInfoList
    DestClockInfo
      ClockName             : CLK_PRCM_ACLK
      ClockObject           : ACLK
      ClockDomainId         : 1
  SrcObjectType             : primary input
  DestObjectType            : library-cell
  SyncObject                : u_enerr_ecc_e2_sram_wrfifo/sync_inst[0].genblk1.genblk1.u_dont_touch_sync_dff2/Q
  SyncDepth                 : 1
  SyncModule                : BOS_SOC_SYNCHSR_LVT
  ContainerInstance         : BOS_AESDMA
  Module                    : BOS_AESDMA

  -----------------------------------------------------------------------------
  Tag                       : CDC_SYNC_CTRL
  Description               : Control synchronization scheme found for CDC path from [SrcObject] to [DestObject], crossing from [SrcClockInfoList] to [DestClockInfoList]
  Violation                 : CDC:145
  ReasonInfoList
    ReasonInfo
      ReasonCode            : SYNC_BY_UDS
      ReasonCodeMsg         : [INFO] User specified synchronizer detected
  SrcObject                 : FIERR_AESDMA_AXI4_MI0_BUS_PARITY_ARADDR[3]
  DestObject                : u_AESDMA_BUS_PARITY_AXI4_M/u_bos_synch_fierr_err_axi_mi0_bus_parity_araddr/sync_inst[3].genblk1.genblk1.u_dont_touch_sync_dff2/D
  SrcClockInfoList
    SrcClockInfo
      ClockName             : CLK_PRCM_PCLK
      ClockObject           : PCLK
      ClockDomainId         : 2
  DestClockInfoList
    DestClockInfo
      ClockName             : CLK_PRCM_ACLK
      ClockObject           : ACLK
      ClockDomainId         : 1
  SrcObjectType             : primary input
  DestObjectType            : library-cell
  SyncObject                : u_AESDMA_BUS_PARITY_AXI4_M/u_bos_synch_fierr_err_axi_mi0_bus_parity_araddr/sync_inst[3].genblk1.genblk1.u_dont_touch_sync_dff2/Q
  SyncDepth                 : 1
  SyncModule                : BOS_SOC_SYNCHSR
  ContainerInstance         : BOS_AESDMA
  Module                    : BOS_AESDMA

  -----------------------------------------------------------------------------
  Tag                       : CDC_SYNC_CTRL
  Description               : Control synchronization scheme found for CDC path from [SrcObject] to [DestObject], crossing from [SrcClockInfoList] to [DestClockInfoList]
  Violation                 : CDC:146
  ReasonInfoList
    ReasonInfo
      ReasonCode            : SYNC_BY_UDS
      ReasonCodeMsg         : [INFO] User specified synchronizer detected
  SrcObject                 : ENERR_AESDMA_ECC_DEC_DCLS_SRAM_WRFIFO
  DestObject                : u_enerr_ecc_dec_dcls_sram_wrfifo/sync_inst[0].genblk1.genblk1.u_dont_touch_sync_dff2/D
  SrcClockInfoList
    SrcClockInfo
      ClockName             : CLK_PRCM_PCLK
      ClockObject           : PCLK
      ClockDomainId         : 2
  DestClockInfoList
    DestClockInfo
      ClockName             : CLK_PRCM_ACLK
      ClockObject           : ACLK
      ClockDomainId         : 1
  SrcObjectType             : primary input
  DestObjectType            : library-cell
  SyncObject                : u_enerr_ecc_dec_dcls_sram_wrfifo/sync_inst[0].genblk1.genblk1.u_dont_touch_sync_dff2/Q
  SyncDepth                 : 1
  SyncModule                : BOS_SOC_SYNCHSR_LVT
  ContainerInstance         : BOS_AESDMA
  Module                    : BOS_AESDMA

  -----------------------------------------------------------------------------
  Tag                       : CDC_SYNC_CTRL
  Description               : Control synchronization scheme found for CDC path from [SrcObject] to [DestObject], crossing from [SrcClockInfoList] to [DestClockInfoList]
  Violation                 : CDC:147
  ReasonInfoList
    ReasonInfo
      ReasonCode            : SYNC_BY_UDS
      ReasonCodeMsg         : [INFO] User specified synchronizer detected
  SrcObject                 : FIERR_AESDMA_AXI4_MI0_BUS_PARITY_WDATA[0]
  DestObject                : u_AESDMA_BUS_PARITY_AXI4_M/u_bos_synch_fierr_err_axi_mi0_bus_parity_wdata/sync_inst[0].genblk1.genblk1.u_dont_touch_sync_dff2/D
  SrcClockInfoList
    SrcClockInfo
      ClockName             : CLK_PRCM_PCLK
      ClockObject           : PCLK
      ClockDomainId         : 2
  DestClockInfoList
    DestClockInfo
      ClockName             : CLK_PRCM_ACLK
      ClockObject           : ACLK
      ClockDomainId         : 1
  SrcObjectType             : primary input
  DestObjectType            : library-cell
  SyncObject                : u_AESDMA_BUS_PARITY_AXI4_M/u_bos_synch_fierr_err_axi_mi0_bus_parity_wdata/sync_inst[0].genblk1.genblk1.u_dont_touch_sync_dff2/Q
  SyncDepth                 : 1
  SyncModule                : BOS_SOC_SYNCHSR
  ContainerInstance         : BOS_AESDMA
  Module                    : BOS_AESDMA

  -----------------------------------------------------------------------------
  Tag                       : CDC_SYNC_CTRL
  Description               : Control synchronization scheme found for CDC path from [SrcObject] to [DestObject], crossing from [SrcClockInfoList] to [DestClockInfoList]
  Violation                 : CDC:149
  ReasonInfoList
    ReasonInfo
      ReasonCode            : SYNC_BY_UDS
      ReasonCodeMsg         : [INFO] User specified synchronizer detected
  SrcObject                 : FIERR_AESDMA_ECC_E1_SRAM_ROB
  DestObject                : gen_wide_SRAM_ROB[0].gen_SRAM_ROB[1].gSF4MemInst.gSF4MemBdInst.u_SRAM_ROB_FIFO_BD/u_sync_E1_INJ/sync_inst[0].genblk1.genblk1.u_dont_touch_sync_dff2/D
  SrcClockInfoList
    SrcClockInfo
      ClockName             : CLK_PRCM_PCLK
      ClockObject           : PCLK
      ClockDomainId         : 2
  DestClockInfoList
    DestClockInfo
      ClockName             : CLK_PRCM_ACLK
      ClockObject           : ACLK
      ClockDomainId         : 1
  SrcObjectType             : primary input
  DestObjectType            : library-cell
  SyncObject                : gen_wide_SRAM_ROB[0].gen_SRAM_ROB[1].gSF4MemInst.gSF4MemBdInst.u_SRAM_ROB_FIFO_BD/u_sync_E1_INJ/sync_inst[0].genblk1.genblk1.u_dont_touch_sync_dff2/Q
  SyncDepth                 : 1
  SyncModule                : BOS_SOC_SYNCHSR_LVT
  ContainerInstance         : BOS_AESDMA
  Module                    : BOS_AESDMA

  -----------------------------------------------------------------------------
  Tag                       : CDC_SYNC_CTRL
  Description               : Control synchronization scheme found for CDC path from [SrcObject] to [DestObject], crossing from [SrcClockInfoList] to [DestClockInfoList]
  Violation                 : CDC:150
  ReasonInfoList
    ReasonInfo
      ReasonCode            : SYNC_BY_UDS
      ReasonCodeMsg         : [INFO] User specified synchronizer detected
  SrcObject                 : ENERR_AESDMA_AXI4_MI0_BUS_PARITY
  DestObject                : u_AESDMA_BUS_PARITY_AXI4_M/u_bos_synch_enerr_axi_mi0_bus_parity/sync_inst[0].genblk1.genblk1.u_dont_touch_sync_dff2/D
  SrcClockInfoList
    SrcClockInfo
      ClockName             : CLK_PRCM_PCLK
      ClockObject           : PCLK
      ClockDomainId         : 2
  DestClockInfoList
    DestClockInfo
      ClockName             : CLK_PRCM_ACLK
      ClockObject           : ACLK
      ClockDomainId         : 1
  SrcObjectType             : primary input
  DestObjectType            : library-cell
  SyncObject                : u_AESDMA_BUS_PARITY_AXI4_M/u_bos_synch_enerr_axi_mi0_bus_parity/sync_inst[0].genblk1.genblk1.u_dont_touch_sync_dff2/Q
  SyncDepth                 : 1
  SyncModule                : BOS_SOC_SYNCHSR
  ContainerInstance         : BOS_AESDMA
  Module                    : BOS_AESDMA

  -----------------------------------------------------------------------------
  Tag                       : CDC_SYNC_CTRL
  Description               : Control synchronization scheme found for CDC path from [SrcObject] to [DestObject], crossing from [SrcClockInfoList] to [DestClockInfoList]
  Violation                 : CDC:151
  ReasonInfoList
    ReasonInfo
      ReasonCode            : SYNC_BY_UDS
      ReasonCodeMsg         : [INFO] User specified synchronizer detected
  SrcObject                 : FIERR_AESDMA_AXI4_MI0_BUS_PARITY_WDATA[13]
  DestObject                : u_AESDMA_BUS_PARITY_AXI4_M/u_bos_synch_fierr_err_axi_mi0_bus_parity_wdata/sync_inst[13].genblk1.genblk1.u_dont_touch_sync_dff2/D
  SrcClockInfoList
    SrcClockInfo
      ClockName             : CLK_PRCM_PCLK
      ClockObject           : PCLK
      ClockDomainId         : 2
  DestClockInfoList
    DestClockInfo
      ClockName             : CLK_PRCM_ACLK
      ClockObject           : ACLK
      ClockDomainId         : 1
  SrcObjectType             : primary input
  DestObjectType            : library-cell
  SyncObject                : u_AESDMA_BUS_PARITY_AXI4_M/u_bos_synch_fierr_err_axi_mi0_bus_parity_wdata/sync_inst[13].genblk1.genblk1.u_dont_touch_sync_dff2/Q
  SyncDepth                 : 1
  SyncModule                : BOS_SOC_SYNCHSR
  ContainerInstance         : BOS_AESDMA
  Module                    : BOS_AESDMA

  -----------------------------------------------------------------------------
  Tag                       : CDC_SYNC_CTRL
  Description               : Control synchronization scheme found for CDC path from [SrcObject] to [DestObject], crossing from [SrcClockInfoList] to [DestClockInfoList]
  Violation                 : CDC:152
  ReasonInfoList
    ReasonInfo
      ReasonCode            : SYNC_BY_UDS
      ReasonCodeMsg         : [INFO] User specified synchronizer detected
  SrcObject                 : FIERR_AESDMA_AXI4_MI0_BUS_PARITY_RDATA[9]
  DestObject                : u_AESDMA_BUS_PARITY_AXI4_M/u_bos_synch_fierr_err_axi_mi0_bus_parity_rdata/sync_inst[9].genblk1.genblk1.u_dont_touch_sync_dff2/D
  SrcClockInfoList
    SrcClockInfo
      ClockName             : CLK_PRCM_PCLK
      ClockObject           : PCLK
      ClockDomainId         : 2
  DestClockInfoList
    DestClockInfo
      ClockName             : CLK_PRCM_ACLK
      ClockObject           : ACLK
      ClockDomainId         : 1
  SrcObjectType             : primary input
  DestObjectType            : library-cell
  SyncObject                : u_AESDMA_BUS_PARITY_AXI4_M/u_bos_synch_fierr_err_axi_mi0_bus_parity_rdata/sync_inst[9].genblk1.genblk1.u_dont_touch_sync_dff2/Q
  SyncDepth                 : 1
  SyncModule                : BOS_SOC_SYNCHSR
  ContainerInstance         : BOS_AESDMA
  Module                    : BOS_AESDMA

  -----------------------------------------------------------------------------
  Tag                       : CDC_SYNC_CTRL
  Description               : Control synchronization scheme found for CDC path from [SrcObject] to [DestObject], crossing from [SrcClockInfoList] to [DestClockInfoList]
  Violation                 : CDC:153
  ReasonInfoList
    ReasonInfo
      ReasonCode            : SYNC_BY_UDS
      ReasonCodeMsg         : [INFO] User specified synchronizer detected
  SrcObject                 : ENERR_AESDMA_ECC_E1_SRAM_WRFIFO
  DestObject                : u_enerr_ecc_e1_sram_wrfifo/sync_inst[0].genblk1.genblk1.u_dont_touch_sync_dff2/D
  SrcClockInfoList
    SrcClockInfo
      ClockName             : CLK_PRCM_PCLK
      ClockObject           : PCLK
      ClockDomainId         : 2
  DestClockInfoList
    DestClockInfo
      ClockName             : CLK_PRCM_ACLK
      ClockObject           : ACLK
      ClockDomainId         : 1
  SrcObjectType             : primary input
  DestObjectType            : library-cell
  SyncObject                : u_enerr_ecc_e1_sram_wrfifo/sync_inst[0].genblk1.genblk1.u_dont_touch_sync_dff2/Q
  SyncDepth                 : 1
  SyncModule                : BOS_SOC_SYNCHSR_LVT
  ContainerInstance         : BOS_AESDMA
  Module                    : BOS_AESDMA

  -----------------------------------------------------------------------------
  Tag                       : CDC_SYNC_CTRL
  Description               : Control synchronization scheme found for CDC path from [SrcObject] to [DestObject], crossing from [SrcClockInfoList] to [DestClockInfoList]
  Violation                 : CDC:154
  ReasonInfoList
    ReasonInfo
      ReasonCode            : SYNC_BY_UDS
      ReasonCodeMsg         : [INFO] User specified synchronizer detected
  SrcObject                 : ENERR_AESDMA_ECC_DEC_DCLS_SRAM_ROB
  DestObject                : u_enerr_ecc_dec_dcls_sram_rob/sync_inst[0].genblk1.genblk1.u_dont_touch_sync_dff2/D
  SrcClockInfoList
    SrcClockInfo
      ClockName             : CLK_PRCM_PCLK
      ClockObject           : PCLK
      ClockDomainId         : 2
  DestClockInfoList
    DestClockInfo
      ClockName             : CLK_PRCM_ACLK
      ClockObject           : ACLK
      ClockDomainId         : 1
  SrcObjectType             : primary input
  DestObjectType            : library-cell
  SyncObject                : u_enerr_ecc_dec_dcls_sram_rob/sync_inst[0].genblk1.genblk1.u_dont_touch_sync_dff2/Q
  SyncDepth                 : 1
  SyncModule                : BOS_SOC_SYNCHSR_LVT
  ContainerInstance         : BOS_AESDMA
  Module                    : BOS_AESDMA

  -----------------------------------------------------------------------------
  Tag                       : CDC_SYNC_CTRL
  Description               : Control synchronization scheme found for CDC path from [SrcObject] to [DestObject], crossing from [SrcClockInfoList] to [DestClockInfoList]
  Violation                 : CDC:155
  ReasonInfoList
    ReasonInfo
      ReasonCode            : SYNC_BY_UDS
      ReasonCodeMsg         : [INFO] User specified synchronizer detected
  SrcObject                 : FIERR_AESDMA_AXI4_MI0_BUS_PARITY_ARADDR[0]
  DestObject                : u_AESDMA_BUS_PARITY_AXI4_M/u_bos_synch_fierr_err_axi_mi0_bus_parity_araddr/sync_inst[0].genblk1.genblk1.u_dont_touch_sync_dff2/D
  SrcClockInfoList
    SrcClockInfo
      ClockName             : CLK_PRCM_PCLK
      ClockObject           : PCLK
      ClockDomainId         : 2
  DestClockInfoList
    DestClockInfo
      ClockName             : CLK_PRCM_ACLK
      ClockObject           : ACLK
      ClockDomainId         : 1
  SrcObjectType             : primary input
  DestObjectType            : library-cell
  SyncObject                : u_AESDMA_BUS_PARITY_AXI4_M/u_bos_synch_fierr_err_axi_mi0_bus_parity_araddr/sync_inst[0].genblk1.genblk1.u_dont_touch_sync_dff2/Q
  SyncDepth                 : 1
  SyncModule                : BOS_SOC_SYNCHSR
  ContainerInstance         : BOS_AESDMA
  Module                    : BOS_AESDMA

  -----------------------------------------------------------------------------
  Tag                       : CDC_SYNC_CTRL
  Description               : Control synchronization scheme found for CDC path from [SrcObject] to [DestObject], crossing from [SrcClockInfoList] to [DestClockInfoList]
  Violation                 : CDC:156
  ReasonInfoList
    ReasonInfo
      ReasonCode            : SYNC_BY_UDS
      ReasonCodeMsg         : [INFO] User specified synchronizer detected
  SrcObject                 : FIERR_AESDMA_ECC_E2_SRAM_ROB
  DestObject                : u_fierr_ecc_e2_sram_rob/sync_inst[0].genblk1.genblk1.u_dont_touch_sync_dff2/D
  SrcClockInfoList
    SrcClockInfo
      ClockName             : CLK_PRCM_PCLK
      ClockObject           : PCLK
      ClockDomainId         : 2
  DestClockInfoList
    DestClockInfo
      ClockName             : CLK_PRCM_ACLK
      ClockObject           : ACLK
      ClockDomainId         : 1
  SrcObjectType             : primary input
  DestObjectType            : library-cell
  SyncObject                : u_fierr_ecc_e2_sram_rob/sync_inst[0].genblk1.genblk1.u_dont_touch_sync_dff2/Q
  SyncDepth                 : 1
  SyncModule                : BOS_SOC_SYNCHSR_LVT
  ContainerInstance         : BOS_AESDMA
  Module                    : BOS_AESDMA

  -----------------------------------------------------------------------------
  Tag                       : CDC_SYNC_CTRL
  Description               : Control synchronization scheme found for CDC path from [SrcObject] to [DestObject], crossing from [SrcClockInfoList] to [DestClockInfoList]
  Violation                 : CDC:157
  ReasonInfoList
    ReasonInfo
      ReasonCode            : SYNC_BY_UDS
      ReasonCodeMsg         : [INFO] User specified synchronizer detected
  SrcObject                 : ENERR_AESDMA_ECC_E2_SRAM_ROB
  DestObject                : u_enerr_ecc_e2_sram_rob/sync_inst[0].genblk1.genblk1.u_dont_touch_sync_dff2/D
  SrcClockInfoList
    SrcClockInfo
      ClockName             : CLK_PRCM_PCLK
      ClockObject           : PCLK
      ClockDomainId         : 2
  DestClockInfoList
    DestClockInfo
      ClockName             : CLK_PRCM_ACLK
      ClockObject           : ACLK
      ClockDomainId         : 1
  SrcObjectType             : primary input
  DestObjectType            : library-cell
  SyncObject                : u_enerr_ecc_e2_sram_rob/sync_inst[0].genblk1.genblk1.u_dont_touch_sync_dff2/Q
  SyncDepth                 : 1
  SyncModule                : BOS_SOC_SYNCHSR_LVT
  ContainerInstance         : BOS_AESDMA
  Module                    : BOS_AESDMA

  -----------------------------------------------------------------------------
  Tag                       : CDC_SYNC_CTRL
  Description               : Control synchronization scheme found for CDC path from [SrcObject] to [DestObject], crossing from [SrcClockInfoList] to [DestClockInfoList]
  Violation                 : CDC:158
  ReasonInfoList
    ReasonInfo
      ReasonCode            : SYNC_BY_UDS
      ReasonCodeMsg         : [INFO] User specified synchronizer detected
  SrcObject                 : FIERR_AESDMA_ECC_E1_SRAM_WRFIFO
  DestObject                : gen_wide_SRAM_WRFIFO[0].gen_SRAM_WRFIFO[0].gSF4WrMemInst.u_SRAM_WR_FIFO/u_sync_E1_INJ/sync_inst[0].genblk1.genblk1.u_dont_touch_sync_dff2/D
  SrcClockInfoList
    SrcClockInfo
      ClockName             : CLK_PRCM_PCLK
      ClockObject           : PCLK
      ClockDomainId         : 2
  DestClockInfoList
    DestClockInfo
      ClockName             : CLK_PRCM_ACLK
      ClockObject           : ACLK
      ClockDomainId         : 1
  SrcObjectType             : primary input
  DestObjectType            : library-cell
  SyncObject                : gen_wide_SRAM_WRFIFO[0].gen_SRAM_WRFIFO[0].gSF4WrMemInst.u_SRAM_WR_FIFO/u_sync_E1_INJ/sync_inst[0].genblk1.genblk1.u_dont_touch_sync_dff2/Q
  SyncDepth                 : 1
  SyncModule                : BOS_SOC_SYNCHSR_LVT
  ContainerInstance         : BOS_AESDMA
  Module                    : BOS_AESDMA

  -----------------------------------------------------------------------------
  Tag                       : CDC_SYNC_CTRL
  Description               : Control synchronization scheme found for CDC path from [SrcObject] to [DestObject], crossing from [SrcClockInfoList] to [DestClockInfoList]
  Violation                 : CDC:159
  ReasonInfoList
    ReasonInfo
      ReasonCode            : SYNC_BY_UDS
      ReasonCodeMsg         : [INFO] User specified synchronizer detected
  SrcObject                 : ENERR_AESDMA_ECC_E1_SRAM_ROB
  DestObject                : u_enerr_ecc_e1_sram_rob/sync_inst[0].genblk1.genblk1.u_dont_touch_sync_dff2/D
  SrcClockInfoList
    SrcClockInfo
      ClockName             : CLK_PRCM_PCLK
      ClockObject           : PCLK
      ClockDomainId         : 2
  DestClockInfoList
    DestClockInfo
      ClockName             : CLK_PRCM_ACLK
      ClockObject           : ACLK
      ClockDomainId         : 1
  SrcObjectType             : primary input
  DestObjectType            : library-cell
  SyncObject                : u_enerr_ecc_e1_sram_rob/sync_inst[0].genblk1.genblk1.u_dont_touch_sync_dff2/Q
  SyncDepth                 : 1
  SyncModule                : BOS_SOC_SYNCHSR_LVT
  ContainerInstance         : BOS_AESDMA
  Module                    : BOS_AESDMA

  -----------------------------------------------------------------------------
  Tag                       : CDC_SYNC_CTRL
  Description               : Control synchronization scheme found for CDC path from [SrcObject] to [DestObject], crossing from [SrcClockInfoList] to [DestClockInfoList]
  Violation                 : CDC:160
  ReasonInfoList
    ReasonInfo
      ReasonCode            : SYNC_BY_UDS
      ReasonCodeMsg         : [INFO] User specified synchronizer detected
  SrcObject                 : AESDMA_RTKEY_SEL
  DestObject                : u_rtkey_sel/sync_inst[0].genblk1.genblk1.u_dont_touch_sync_dff2/D
  SrcClockInfoList
    SrcClockInfo
      ClockName             : CLK_PRCM_PCLK
      ClockObject           : PCLK
      ClockDomainId         : 2
  DestClockInfoList
    DestClockInfo
      ClockName             : CLK_PRCM_ACLK
      ClockObject           : ACLK
      ClockDomainId         : 1
  SrcObjectType             : primary input
  DestObjectType            : library-cell
  SyncObject                : u_rtkey_sel/sync_inst[0].genblk1.genblk1.u_dont_touch_sync_dff2/Q
  SyncDepth                 : 1
  SyncModule                : BOS_SOC_SYNCHSR_LVT
  ContainerInstance         : BOS_AESDMA
  Module                    : BOS_AESDMA

  -----------------------------------------------------------------------------
  Tag                       : CDC_SYNC_CTRL
  Description               : Control synchronization scheme found for CDC path from [SrcObject] to [DestObject], crossing from [SrcClockInfoList] to [DestClockInfoList]
  Violation                 : CDC:161
  ReasonInfoList
    ReasonInfo
      ReasonCode            : SYNC_BY_UDS
      ReasonCodeMsg         : [INFO] User specified synchronizer detected
  SrcObject                 : FIERR_AESDMA_AXI4_MI0_BUS_PARITY_AWADDR[5]
  DestObject                : u_AESDMA_BUS_PARITY_AXI4_M/u_bos_synch_fierr_err_axi_mi0_bus_parity_awaddr/sync_inst[5].genblk1.genblk1.u_dont_touch_sync_dff2/D
  SrcClockInfoList
    SrcClockInfo
      ClockName             : CLK_PRCM_PCLK
      ClockObject           : PCLK
      ClockDomainId         : 2
  DestClockInfoList
    DestClockInfo
      ClockName             : CLK_PRCM_ACLK
      ClockObject           : ACLK
      ClockDomainId         : 1
  SrcObjectType             : primary input
  DestObjectType            : library-cell
  SyncObject                : u_AESDMA_BUS_PARITY_AXI4_M/u_bos_synch_fierr_err_axi_mi0_bus_parity_awaddr/sync_inst[5].genblk1.genblk1.u_dont_touch_sync_dff2/Q
  SyncDepth                 : 1
  SyncModule                : BOS_SOC_SYNCHSR
  ContainerInstance         : BOS_AESDMA
  Module                    : BOS_AESDMA

  -----------------------------------------------------------------------------
  Tag                       : CDC_SYNC_CTRL
  Description               : Control synchronization scheme found for CDC path from [SrcObject] to [DestObject], crossing from [SrcClockInfoList] to [DestClockInfoList]
  Violation                 : CDC:162
  ReasonInfoList
    ReasonInfo
      ReasonCode            : SYNC_BY_UDS
      ReasonCodeMsg         : [INFO] User specified synchronizer detected
  SrcObject                 : ENERR_AESDMA_ECC_DEC_DCLS_SRAM_ROB
  DestObject                : gen_wide_SRAM_ROB[0].gen_SRAM_ROB[1].gSF4MemInst.gSF4MemBdInst.u_SRAM_ROB_FIFO_BD/u_sync_DE_CLR_N/sync_inst[0].genblk1.genblk1.u_dont_touch_sync_dff2/D
  SrcClockInfoList
    SrcClockInfo
      ClockName             : CLK_PRCM_PCLK
      ClockObject           : PCLK
      ClockDomainId         : 2
  DestClockInfoList
    DestClockInfo
      ClockName             : CLK_PRCM_ACLK
      ClockObject           : ACLK
      ClockDomainId         : 1
  SrcObjectType             : primary input
  DestObjectType            : library-cell
  SyncObject                : gen_wide_SRAM_ROB[0].gen_SRAM_ROB[1].gSF4MemInst.gSF4MemBdInst.u_SRAM_ROB_FIFO_BD/u_sync_DE_CLR_N/sync_inst[0].genblk1.genblk1.u_dont_touch_sync_dff2/Q
  SyncDepth                 : 1
  SyncModule                : BOS_SOC_SYNCHSR_LVT
  ContainerInstance         : BOS_AESDMA
  Module                    : BOS_AESDMA

  -----------------------------------------------------------------------------
  Tag                       : CDC_SYNC_CTRL
  Description               : Control synchronization scheme found for CDC path from [SrcObject] to [DestObject], crossing from [SrcClockInfoList] to [DestClockInfoList]
  Violation                 : CDC:163
  ReasonInfoList
    ReasonInfo
      ReasonCode            : SYNC_BY_UDS
      ReasonCodeMsg         : [INFO] User specified synchronizer detected
  SrcObject                 : FIERR_AESDMA_AXI4_MI0_BUS_PARITY_RDATA[14]
  DestObject                : u_AESDMA_BUS_PARITY_AXI4_M/u_bos_synch_fierr_err_axi_mi0_bus_parity_rdata/sync_inst[14].genblk1.genblk1.u_dont_touch_sync_dff2/D
  SrcClockInfoList
    SrcClockInfo
      ClockName             : CLK_PRCM_PCLK
      ClockObject           : PCLK
      ClockDomainId         : 2
  DestClockInfoList
    DestClockInfo
      ClockName             : CLK_PRCM_ACLK
      ClockObject           : ACLK
      ClockDomainId         : 1
  SrcObjectType             : primary input
  DestObjectType            : library-cell
  SyncObject                : u_AESDMA_BUS_PARITY_AXI4_M/u_bos_synch_fierr_err_axi_mi0_bus_parity_rdata/sync_inst[14].genblk1.genblk1.u_dont_touch_sync_dff2/Q
  SyncDepth                 : 1
  SyncModule                : BOS_SOC_SYNCHSR
  ContainerInstance         : BOS_AESDMA
  Module                    : BOS_AESDMA

  -----------------------------------------------------------------------------
  Tag                       : CDC_SYNC_CTRL
  Description               : Control synchronization scheme found for CDC path from [SrcObject] to [DestObject], crossing from [SrcClockInfoList] to [DestClockInfoList]
  Violation                 : CDC:164
  ReasonInfoList
    ReasonInfo
      ReasonCode            : SYNC_BY_UDS
      ReasonCodeMsg         : [INFO] User specified synchronizer detected
  SrcObject                 : FIERR_AESDMA_ECC_DEC_DCLS_SRAM_ROB
  DestObject                : gen_wide_SRAM_ROB[0].gen_SRAM_ROB[1].gSF4MemInst.gSF4MemBdInst.u_SRAM_ROB_FIFO_BD/u_sync_DE_INJ/sync_inst[0].genblk1.genblk1.u_dont_touch_sync_dff2/D
  SrcClockInfoList
    SrcClockInfo
      ClockName             : CLK_PRCM_PCLK
      ClockObject           : PCLK
      ClockDomainId         : 2
  DestClockInfoList
    DestClockInfo
      ClockName             : CLK_PRCM_ACLK
      ClockObject           : ACLK
      ClockDomainId         : 1
  SrcObjectType             : primary input
  DestObjectType            : library-cell
  SyncObject                : gen_wide_SRAM_ROB[0].gen_SRAM_ROB[1].gSF4MemInst.gSF4MemBdInst.u_SRAM_ROB_FIFO_BD/u_sync_DE_INJ/sync_inst[0].genblk1.genblk1.u_dont_touch_sync_dff2/Q
  SyncDepth                 : 1
  SyncModule                : BOS_SOC_SYNCHSR_LVT
  ContainerInstance         : BOS_AESDMA
  Module                    : BOS_AESDMA

  -----------------------------------------------------------------------------
  Tag                       : CDC_SYNC_CTRL
  Description               : Control synchronization scheme found for CDC path from [SrcObject] to [DestObject], crossing from [SrcClockInfoList] to [DestClockInfoList]
  Violation                 : CDC:165
  ReasonInfoList
    ReasonInfo
      ReasonCode            : SYNC_BY_UDS
      ReasonCodeMsg         : [INFO] User specified synchronizer detected
  SrcObject                 : FIERR_AESDMA_ECC_DEC_DCLS_SRAM_WRFIFO
  DestObject                : u_fierr_ecc_dec_dcls_sram_wrfifo/sync_inst[0].genblk1.genblk1.u_dont_touch_sync_dff2/D
  SrcClockInfoList
    SrcClockInfo
      ClockName             : CLK_PRCM_PCLK
      ClockObject           : PCLK
      ClockDomainId         : 2
  DestClockInfoList
    DestClockInfo
      ClockName             : CLK_PRCM_ACLK
      ClockObject           : ACLK
      ClockDomainId         : 1
  SrcObjectType             : primary input
  DestObjectType            : library-cell
  SyncObject                : u_fierr_ecc_dec_dcls_sram_wrfifo/sync_inst[0].genblk1.genblk1.u_dont_touch_sync_dff2/Q
  SyncDepth                 : 1
  SyncModule                : BOS_SOC_SYNCHSR_LVT
  ContainerInstance         : BOS_AESDMA
  Module                    : BOS_AESDMA


  -----------------------------------------------------------------------------
  CDC_SYNC_DATA  (2 infos/0 waived)
  -----------------------------------------------------------------------------
  Tag                       : CDC_SYNC_DATA
  Description               : Data synchronization scheme found for CDC path from [SrcObject] to [DestObject], crossing from [SrcClockInfoList] to [DestClockInfoList]
  Violation                 : CDC:84
  ReasonInfoList
    ReasonInfo
      ReasonCode            : SYNC_AT_RECIRC_MUX
      ReasonCodeMsg         : [INFO] Data crossing synchronized using MUX recirculation
    ReasonInfo
      ReasonCode            : UDS_USED_AS_QUALIFIER
      ReasonCodeMsg         : [INFO] User defined synchronizer cell used as control path qualifier
  SrcObject                 : gN1B0ApbASB.u_apbasyncbridgemstr_aesdma/u_mstr_core/apb_async_resp_payload_r/Q[31:0]
  DestObject                : gN1B0ApbASB.u_apbasyncbridgeslv_aesdma/u_slv_core/u_cdc_capt_nosync_resp_payload/q_sync_o/Q[31:0]
  SrcClockInfoList
    SrcClockInfo
      ClockName             : CLK_PRCM_ACLK
      ClockObject           : ACLK
      ClockDomainId         : 1
  DestClockInfoList
    DestClockInfo
      ClockName             : CLK_PRCM_PCLK
      ClockObject           : PCLK
      ClockDomainId         : 2
  SrcObjectType             : flop
  DestObjectType            : flop
  CtrlPathList
    CtrlPathInfo
      SyncObject            : gN1B0ApbASB.u_apbasyncbridgeslv_aesdma/u_ack_sync/u_BOS_SOC_SYNCHSR/sync_inst[0].genblk1.genblk1.u_dont_touch_sync_dff2/Q
      CtrlPathDepth         : 0
  ContainerInstance         : BOS_AESDMA
  Module                    : BOS_AESDMA
  FullyContainedViolation   : true

  -----------------------------------------------------------------------------
  Tag                       : CDC_SYNC_DATA
  Description               : Data synchronization scheme found for CDC path from [SrcObject] to [DestObject], crossing from [SrcClockInfoList] to [DestClockInfoList]
  Violation                 : CDC:148
  ReasonInfoList
    ReasonInfo
      ReasonCode            : SYNC_AT_RECIRC_MUX
      ReasonCodeMsg         : [INFO] Data crossing synchronized using MUX recirculation
    ReasonInfo
      ReasonCode            : UDS_USED_AS_QUALIFIER
      ReasonCodeMsg         : [INFO] User defined synchronizer cell used as control path qualifier
  SrcObject                 : gN1B0ApbASB.u_apbasyncbridgeslv_aesdma/u_slv_core/apb_async_req_payload_r/Q{ [67:3] ,[0] }
  DestObject                : gN1B0ApbASB.u_apbasyncbridgemstr_aesdma/u_mstr_core/u_cdc_capt_nosync_req_payload/q_sync_o/Q{ [67:3] ,[0] }
  SrcClockInfoList
    SrcClockInfo
      ClockName             : CLK_PRCM_PCLK
      ClockObject           : PCLK
      ClockDomainId         : 2
  DestClockInfoList
    DestClockInfo
      ClockName             : CLK_PRCM_ACLK
      ClockObject           : ACLK
      ClockDomainId         : 1
  SrcObjectType             : flop
  DestObjectType            : flop
  CtrlPathList
    CtrlPathInfo
      SyncObject            : gN1B0ApbASB.u_apbasyncbridgemstr_aesdma/u_req_sync/u_BOS_SOC_SYNCHSR/sync_inst[0].genblk1.genblk1.u_dont_touch_sync_dff2/Q
      CtrlPathDepth         : 0
  ContainerInstance         : BOS_AESDMA
  Module                    : BOS_AESDMA
  FullyContainedViolation   : true


  -----------------------------------------------------------------------------
  SETUP_CLOCK_PROPAGATED  (2 infos/0 waived)
  -----------------------------------------------------------------------------
  Tag                 : SETUP_CLOCK_PROPAGATED
  Description         : Clock domain [ClkDomainId], consisting of the clock(s) [ClksPropagated], has been inferred by the tool. It reaches to [SeqPinReachable] sequential pin(s)
  Violation           : CDC:3
  ClkDomainId         : 1
  ClksPropagated
    Clock
      ClkName         : CLK_PRCM_ACLK
      ClkType         : SDC_CLOCK
      ClkRootList
        ClkRoot       : ACLK
  SeqPinReachable     : 73837
  BBoxPinReachable    : 0
  ContainerInstance   : BOS_AESDMA
  Module              : BOS_AESDMA

  -----------------------------------------------------------------------------
  Tag                 : SETUP_CLOCK_PROPAGATED
  Description         : Clock domain [ClkDomainId], consisting of the clock(s) [ClksPropagated], has been inferred by the tool. It reaches to [SeqPinReachable] sequential pin(s)
  Violation           : CDC:4
  ClkDomainId         : 2
  ClksPropagated
    Clock
      ClkName         : CLK_PRCM_PCLK
      ClkType         : SDC_CLOCK
      ClkRootList
        ClkRoot       : PCLK
  SeqPinReachable     : 404
  BBoxPinReachable    : 0
  ContainerInstance   : BOS_AESDMA
  Module              : BOS_AESDMA


  -----------------------------------------------------------------------------
  SETUP_DATA_CONSTANT  (23 infos/0 waived)
  -----------------------------------------------------------------------------
  Tag                 : SETUP_DATA_CONSTANT
  Description         : Data [InstPinName] set to a constant
  Violation           : CDC:57
  ReasonInfoList
    ReasonInfo
      ReasonCode      : CONST_DATA
      ReasonCodeMsg   : Reports sequential element with no set/reset pin that has data pin tied to a constant.
  InstPinName         : gen_wide_SRAM_WRFIFO[0].gen_SRAM_WRFIFO[0].gSF4WrMemInst.u_SRAM_WR_FIFO/u_sram/u_mem/ADME[1:0]
  PinValue            : 0
  InstanceName        : gen_wide_SRAM_WRFIFO[0].gen_SRAM_WRFIFO[0].gSF4WrMemInst.u_SRAM_WR_FIFO/u_sram/u_mem
  DriverClock         : gen_wide_SRAM_WRFIFO[0].gen_SRAM_WRFIFO[0].gSF4WrMemInst.u_SRAM_WR_FIFO/u_sram/CK
  DestObjectType      : library-cell
  ContainerInstance   : gen_wide_SRAM_WRFIFO[0].gen_SRAM_WRFIFO[0].gSF4WrMemInst.u_SRAM_WR_FIFO/u_sram
  Module              : ln04lpa_a00_mc_rd2rs_hsr_lvt_32x138m2b1c1_wrapper

  -----------------------------------------------------------------------------
  Tag                 : SETUP_DATA_CONSTANT
  Description         : Data [InstPinName] set to a constant
  Violation           : CDC:58
  ReasonInfoList
    ReasonInfo
      ReasonCode      : CONST_DATA
      ReasonCodeMsg   : Reports sequential element with no set/reset pin that has data pin tied to a constant.
  InstPinName         : gen_wide_SRAM_WRFIFO[0].gen_SRAM_WRFIFO[0].gSF4WrMemInst.u_SRAM_WR_FIFO/u_sram/u_mem/ADME[2]
  PinValue            : 1
  InstanceName        : gen_wide_SRAM_WRFIFO[0].gen_SRAM_WRFIFO[0].gSF4WrMemInst.u_SRAM_WR_FIFO/u_sram/u_mem
  DriverClock         : gen_wide_SRAM_WRFIFO[0].gen_SRAM_WRFIFO[0].gSF4WrMemInst.u_SRAM_WR_FIFO/u_sram/CK
  DestObjectType      : library-cell
  ContainerInstance   : gen_wide_SRAM_WRFIFO[0].gen_SRAM_WRFIFO[0].gSF4WrMemInst.u_SRAM_WR_FIFO/u_sram
  Module              : ln04lpa_a00_mc_rd2rs_hsr_lvt_32x138m2b1c1_wrapper

  -----------------------------------------------------------------------------
  Tag                 : SETUP_DATA_CONSTANT
  Description         : Data [InstPinName] set to a constant
  Violation           : CDC:59
  ReasonInfoList
    ReasonInfo
      ReasonCode      : CONST_DATA
      ReasonCodeMsg   : Reports sequential element with no set/reset pin that has data pin tied to a constant.
  InstPinName         : gen_wide_SRAM_ROB[0].gen_SRAM_ROB[0].gSF4MemInst.gSF4MemBdInst.u_SRAM_ROB_FIFO_BD/u_sram/u_mem/ADME[1:0]
  PinValue            : 0
  InstanceName        : gen_wide_SRAM_ROB[0].gen_SRAM_ROB[0].gSF4MemInst.gSF4MemBdInst.u_SRAM_ROB_FIFO_BD/u_sram/u_mem
  DriverClock         : gen_wide_SRAM_ROB[0].gen_SRAM_ROB[0].gSF4MemInst.gSF4MemBdInst.u_SRAM_ROB_FIFO_BD/u_sram/CK
  DestObjectType      : library-cell
  ContainerInstance   : gen_wide_SRAM_ROB[0].gen_SRAM_ROB[0].gSF4MemInst.gSF4MemBdInst.u_SRAM_ROB_FIFO_BD/u_sram
  Module              : ln04lpa_a00_mc_rd2rs_hsr_lvt_320x72m2b1c1_wrapper

  -----------------------------------------------------------------------------
  Tag                 : SETUP_DATA_CONSTANT
  Description         : Data [InstPinName] set to a constant
  Violation           : CDC:60
  ReasonInfoList
    ReasonInfo
      ReasonCode      : CONST_DATA
      ReasonCodeMsg   : Reports sequential element with no set/reset pin that has data pin tied to a constant.
  InstPinName         : gen_wide_SRAM_ROB[0].gen_SRAM_ROB[0].gSF4MemInst.gSF4MemBdInst.u_SRAM_ROB_FIFO_BD/u_sram/u_mem/ADME[2]
  PinValue            : 1
  InstanceName        : gen_wide_SRAM_ROB[0].gen_SRAM_ROB[0].gSF4MemInst.gSF4MemBdInst.u_SRAM_ROB_FIFO_BD/u_sram/u_mem
  DriverClock         : gen_wide_SRAM_ROB[0].gen_SRAM_ROB[0].gSF4MemInst.gSF4MemBdInst.u_SRAM_ROB_FIFO_BD/u_sram/CK
  DestObjectType      : library-cell
  ContainerInstance   : gen_wide_SRAM_ROB[0].gen_SRAM_ROB[0].gSF4MemInst.gSF4MemBdInst.u_SRAM_ROB_FIFO_BD/u_sram
  Module              : ln04lpa_a00_mc_rd2rs_hsr_lvt_320x72m2b1c1_wrapper

  -----------------------------------------------------------------------------
  Tag                 : SETUP_DATA_CONSTANT
  Description         : Data [InstPinName] set to a constant
  Violation           : CDC:61
  ReasonInfoList
    ReasonInfo
      ReasonCode      : CONST_DATA
      ReasonCodeMsg   : Reports sequential element with no set/reset pin that has data pin tied to a constant.
  InstPinName         : gen_wide_SRAM_ROB[0].gen_SRAM_ROB[1].gSF4MemInst.gSF4MemBdInst.u_SRAM_ROB_FIFO_BD/u_sram/u_mem/ADME[1:0]
  PinValue            : 0
  InstanceName        : gen_wide_SRAM_ROB[0].gen_SRAM_ROB[1].gSF4MemInst.gSF4MemBdInst.u_SRAM_ROB_FIFO_BD/u_sram/u_mem
  DriverClock         : gen_wide_SRAM_ROB[0].gen_SRAM_ROB[1].gSF4MemInst.gSF4MemBdInst.u_SRAM_ROB_FIFO_BD/u_sram/CK
  DestObjectType      : library-cell
  ContainerInstance   : gen_wide_SRAM_ROB[0].gen_SRAM_ROB[1].gSF4MemInst.gSF4MemBdInst.u_SRAM_ROB_FIFO_BD/u_sram
  Module              : ln04lpa_a00_mc_rd2rs_hsr_lvt_320x72m2b1c1_wrapper

  -----------------------------------------------------------------------------
  Tag                 : SETUP_DATA_CONSTANT
  Description         : Data [InstPinName] set to a constant
  Violation           : CDC:62
  ReasonInfoList
    ReasonInfo
      ReasonCode      : CONST_DATA
      ReasonCodeMsg   : Reports sequential element with no set/reset pin that has data pin tied to a constant.
  InstPinName         : gen_wide_SRAM_ROB[0].gen_SRAM_ROB[1].gSF4MemInst.gSF4MemBdInst.u_SRAM_ROB_FIFO_BD/u_sram/u_mem/ADME[2]
  PinValue            : 1
  InstanceName        : gen_wide_SRAM_ROB[0].gen_SRAM_ROB[1].gSF4MemInst.gSF4MemBdInst.u_SRAM_ROB_FIFO_BD/u_sram/u_mem
  DriverClock         : gen_wide_SRAM_ROB[0].gen_SRAM_ROB[1].gSF4MemInst.gSF4MemBdInst.u_SRAM_ROB_FIFO_BD/u_sram/CK
  DestObjectType      : library-cell
  ContainerInstance   : gen_wide_SRAM_ROB[0].gen_SRAM_ROB[1].gSF4MemInst.gSF4MemBdInst.u_SRAM_ROB_FIFO_BD/u_sram
  Module              : ln04lpa_a00_mc_rd2rs_hsr_lvt_320x72m2b1c1_wrapper

  -----------------------------------------------------------------------------
  Tag                 : SETUP_DATA_CONSTANT
  Description         : Data [InstPinName] set to a constant
  Violation           : CDC:63
  ReasonInfoList
    ReasonInfo
      ReasonCode      : CONST_DATA_RESET
      ReasonCodeMsg   : Reports sequential element with reset pin that has data pin tied to low.
  InstPinName         : u_AESDMA_TOP/u_aesdma_top/u_AESDMA_DATAGEN/O_CRC_REMAINDER/Q[31:16]
  PinValue            : 0
  InstanceName        : u_AESDMA_TOP/u_aesdma_top/u_AESDMA_DATAGEN
  DriverClock         : ACLK
  DestObjectType      : flip-flop
  ContainerInstance   : u_AESDMA_TOP/u_aesdma_top/u_AESDMA_DATAGEN
  Module              : AESDMA_DATAGEN

  -----------------------------------------------------------------------------
  Tag                 : SETUP_DATA_CONSTANT
  Description         : Data [InstPinName] set to a constant
  Violation           : CDC:64
  ReasonInfoList
    ReasonInfo
      ReasonCode      : CONST_DATA_RESET
      ReasonCodeMsg   : Reports sequential element with reset pin that has data pin tied to low.
  InstPinName         : u_AESDMA_TOP/u_aesdma_top/u_AESDMA_DATAGEN/O_CRC_POLYNOMIAL/Q[1]
  PinValue            : 0
  InstanceName        : u_AESDMA_TOP/u_aesdma_top/u_AESDMA_DATAGEN
  DriverClock         : ACLK
  DestObjectType      : flip-flop
  ContainerInstance   : u_AESDMA_TOP/u_aesdma_top/u_AESDMA_DATAGEN
  Module              : AESDMA_DATAGEN

  -----------------------------------------------------------------------------
  Tag                 : SETUP_DATA_CONSTANT
  Description         : Data [InstPinName] set to a constant
  Violation           : CDC:65
  ReasonInfoList
    ReasonInfo
      ReasonCode      : CONST_DATA_RESET
      ReasonCodeMsg   : Reports sequential element with reset pin that has data pin tied to low.
  InstPinName         : u_AESDMA_TOP/u_aesdma_top/u_AESDMA_DATAGEN/O_CRC_POLYNOMIAL/Q[14:3]
  PinValue            : 0
  InstanceName        : u_AESDMA_TOP/u_aesdma_top/u_AESDMA_DATAGEN
  DriverClock         : ACLK
  DestObjectType      : flip-flop
  ContainerInstance   : u_AESDMA_TOP/u_aesdma_top/u_AESDMA_DATAGEN
  Module              : AESDMA_DATAGEN

  -----------------------------------------------------------------------------
  Tag                 : SETUP_DATA_CONSTANT
  Description         : Data [InstPinName] set to a constant
  Violation           : CDC:66
  ReasonInfoList
    ReasonInfo
      ReasonCode      : CONST_DATA_RESET
      ReasonCodeMsg   : Reports sequential element with reset pin that has data pin tied to low.
  InstPinName         : u_AESDMA_TOP/u_aesdma_top/u_AESDMA_DATAGEN/O_CRC_POLYNOMIAL/Q[31:16]
  PinValue            : 0
  InstanceName        : u_AESDMA_TOP/u_aesdma_top/u_AESDMA_DATAGEN
  DriverClock         : ACLK
  DestObjectType      : flip-flop
  ContainerInstance   : u_AESDMA_TOP/u_aesdma_top/u_AESDMA_DATAGEN
  Module              : AESDMA_DATAGEN

  -----------------------------------------------------------------------------
  Tag                 : SETUP_DATA_CONSTANT
  Description         : Data [InstPinName] set to a constant
  Violation           : CDC:67
  ReasonInfoList
    ReasonInfo
      ReasonCode      : CONST_DATA_RESET
      ReasonCodeMsg   : Reports sequential element with reset pin that has data pin tied to low.
  InstPinName         : u_AESDMA_TOP/u_aesdma_top/u_AES_CORE/r_serial_core_ctr/Q[0]
  PinValue            : 0
  InstanceName        : u_AESDMA_TOP/u_aesdma_top/u_AES_CORE
  DriverClock         : u_AESDMA_TOP/u_aesdma_top/u_AES_CORE/I_CLK
  DestObjectType      : flip-flop
  ContainerInstance   : u_AESDMA_TOP/u_aesdma_top/u_AES_CORE
  Module              : AES_CORE_dev

  -----------------------------------------------------------------------------
  Tag                 : SETUP_DATA_CONSTANT
  Description         : Data [InstPinName] set to a constant
  Violation           : CDC:68
  ReasonInfoList
    ReasonInfo
      ReasonCode      : CONST_DATA_RESET
      ReasonCodeMsg   : Reports sequential element with reset pin that has data pin tied to low.
  InstPinName         : u_AESDMA_TOP/u_aesdma_top/u_AESDMA_AW_FWD_RS/O_MDATA/Q[11]
  PinValue            : 0
  InstanceName        : u_AESDMA_TOP/u_aesdma_top/u_AESDMA_AW_FWD_RS
  DriverClock         : ACLK
  DestObjectType      : flip-flop
  ContainerInstance   : u_AESDMA_TOP/u_aesdma_top/u_AESDMA_AW_FWD_RS
  Module              : AESDMA_FWD_RS

  -----------------------------------------------------------------------------
  Tag                 : SETUP_DATA_CONSTANT
  Description         : Data [InstPinName] set to a constant
  Violation           : CDC:69
  ReasonInfoList
    ReasonInfo
      ReasonCode      : CONST_DATA_RESET
      ReasonCodeMsg   : Reports sequential element with reset pin that has data pin tied to low.
  InstPinName         : u_AESDMA_TOP/u_aesdma_top/u_AESDMA_AW_FWD_RS/O_MDATA/Q[15:13]
  PinValue            : 0
  InstanceName        : u_AESDMA_TOP/u_aesdma_top/u_AESDMA_AW_FWD_RS
  DriverClock         : ACLK
  DestObjectType      : flip-flop
  ContainerInstance   : u_AESDMA_TOP/u_aesdma_top/u_AESDMA_AW_FWD_RS
  Module              : AESDMA_FWD_RS

  -----------------------------------------------------------------------------
  Tag                 : SETUP_DATA_CONSTANT
  Description         : Data [InstPinName] set to a constant
  Violation           : CDC:70
  ReasonInfoList
    ReasonInfo
      ReasonCode      : CONST_DATA_RESET
      ReasonCodeMsg   : Reports sequential element with reset pin that has data pin tied to low.
  InstPinName         : u_AESDMA_TOP/u_aesdma_top/u_AESDMA_AW_FWD_RS/O_MDATA/Q[24:21]
  PinValue            : 0
  InstanceName        : u_AESDMA_TOP/u_aesdma_top/u_AESDMA_AW_FWD_RS
  DriverClock         : ACLK
  DestObjectType      : flip-flop
  ContainerInstance   : u_AESDMA_TOP/u_aesdma_top/u_AESDMA_AW_FWD_RS
  Module              : AESDMA_FWD_RS

  -----------------------------------------------------------------------------
  Tag                 : SETUP_DATA_CONSTANT
  Description         : Data [InstPinName] set to a constant
  Violation           : CDC:71
  ReasonInfoList
    ReasonInfo
      ReasonCode      : CONST_DATA_RESET
      ReasonCodeMsg   : Reports sequential element with reset pin that has data pin tied to low.
  InstPinName         : u_AESDMA_TOP/u_aesdma_top/u_AESDMA_AXI_FIFO/u_AWCH_SYNC_FIFO/mem/Q[1:0][15:13]
  PinValue            : 0
  InstanceName        : u_AESDMA_TOP/u_aesdma_top/u_AESDMA_AXI_FIFO/u_AWCH_SYNC_FIFO
  DriverClock         : ACLK
  DestObjectType      : flip-flop
  ContainerInstance   : u_AESDMA_TOP/u_aesdma_top/u_AESDMA_AXI_FIFO/u_AWCH_SYNC_FIFO
  Module              : AESDMA_SYNC_FIFO_REG

  -----------------------------------------------------------------------------
  Tag                 : SETUP_DATA_CONSTANT
  Description         : Data [InstPinName] set to a constant
  Violation           : CDC:72
  ReasonInfoList
    ReasonInfo
      ReasonCode      : CONST_DATA_RESET
      ReasonCodeMsg   : Reports sequential element with reset pin that has data pin tied to low.
  InstPinName         : u_AESDMA_TOP/u_aesdma_top/u_AESDMA_AXI_FIFO/u_AWCH_SYNC_FIFO/mem/Q[1:0][24:21]
  PinValue            : 0
  InstanceName        : u_AESDMA_TOP/u_aesdma_top/u_AESDMA_AXI_FIFO/u_AWCH_SYNC_FIFO
  DriverClock         : ACLK
  DestObjectType      : flip-flop
  ContainerInstance   : u_AESDMA_TOP/u_aesdma_top/u_AESDMA_AXI_FIFO/u_AWCH_SYNC_FIFO
  Module              : AESDMA_SYNC_FIFO_REG

  -----------------------------------------------------------------------------
  Tag                 : SETUP_DATA_CONSTANT
  Description         : Data [InstPinName] set to a constant
  Violation           : CDC:73
  ReasonInfoList
    ReasonInfo
      ReasonCode      : CONST_DATA_RESET
      ReasonCodeMsg   : Reports sequential element with reset pin that has data pin tied to low.
  InstPinName         : u_AESDMA_TOP/u_aesdma_top/u_AESDMA_AXI_FIFO/u_AWCH_SYNC_FIFO/mem/Q[1:0][11]
  PinValue            : 0
  InstanceName        : u_AESDMA_TOP/u_aesdma_top/u_AESDMA_AXI_FIFO/u_AWCH_SYNC_FIFO
  DriverClock         : ACLK
  DestObjectType      : flip-flop
  ContainerInstance   : u_AESDMA_TOP/u_aesdma_top/u_AESDMA_AXI_FIFO/u_AWCH_SYNC_FIFO
  Module              : AESDMA_SYNC_FIFO_REG

  -----------------------------------------------------------------------------
  Tag                 : SETUP_DATA_CONSTANT
  Description         : Data [InstPinName] set to a constant
  Violation           : CDC:74
  ReasonInfoList
    ReasonInfo
      ReasonCode      : CONST_DATA_RESET
      ReasonCodeMsg   : Reports sequential element with reset pin that has data pin tied to low.
  InstPinName         : u_AESDMA_TOP/u_aesdma_top/u_AESDMA_AXI_FIFO/u_ARCH_SYNC_FIFO/mem/Q[1:0][15:13]
  PinValue            : 0
  InstanceName        : u_AESDMA_TOP/u_aesdma_top/u_AESDMA_AXI_FIFO/u_ARCH_SYNC_FIFO
  DriverClock         : ACLK
  DestObjectType      : flip-flop
  ContainerInstance   : u_AESDMA_TOP/u_aesdma_top/u_AESDMA_AXI_FIFO/u_ARCH_SYNC_FIFO
  Module              : AESDMA_SYNC_FIFO_REG

  -----------------------------------------------------------------------------
  Tag                 : SETUP_DATA_CONSTANT
  Description         : Data [InstPinName] set to a constant
  Violation           : CDC:75
  ReasonInfoList
    ReasonInfo
      ReasonCode      : CONST_DATA_RESET
      ReasonCodeMsg   : Reports sequential element with reset pin that has data pin tied to low.
  InstPinName         : u_AESDMA_TOP/u_aesdma_top/u_AESDMA_AXI_FIFO/u_ARCH_SYNC_FIFO/mem/Q[1:0][11]
  PinValue            : 0
  InstanceName        : u_AESDMA_TOP/u_aesdma_top/u_AESDMA_AXI_FIFO/u_ARCH_SYNC_FIFO
  DriverClock         : ACLK
  DestObjectType      : flip-flop
  ContainerInstance   : u_AESDMA_TOP/u_aesdma_top/u_AESDMA_AXI_FIFO/u_ARCH_SYNC_FIFO
  Module              : AESDMA_SYNC_FIFO_REG

  -----------------------------------------------------------------------------
  Tag                 : SETUP_DATA_CONSTANT
  Description         : Data [InstPinName] set to a constant
  Violation           : CDC:76
  ReasonInfoList
    ReasonInfo
      ReasonCode      : CONST_DATA_RESET
      ReasonCodeMsg   : Reports sequential element with reset pin that has data pin tied to low.
  InstPinName         : gN1B0ApbASB.u_apbasyncbridgeslv_aesdma/u_slv_core/apb_async_req_payload_r/Q[2:1]
  PinValue            : 0
  InstanceName        : gN1B0ApbASB.u_apbasyncbridgeslv_aesdma/u_slv_core
  DriverClock         : PCLK
  DestObjectType      : flip-flop
  ContainerInstance   : gN1B0ApbASB.u_apbasyncbridgeslv_aesdma/u_slv_core
  Module              : css600_apbasyncbridgeslv_core

  -----------------------------------------------------------------------------
  Tag                 : SETUP_DATA_CONSTANT
  Description         : Data [InstPinName] set to a constant
  Violation           : CDC:77
  ReasonInfoList
    ReasonInfo
      ReasonCode      : CONST_DATA_RESET
      ReasonCodeMsg   : Reports sequential element with reset pin that has data pin tied to low.
  InstPinName         : gN1B0ApbASB.u_apbasyncbridgeslv_aesdma/u_slv_core/u_cdc_capt_nosync_resp_payload/q_sync_o/Q[32]
  PinValue            : 0
  InstanceName        : gN1B0ApbASB.u_apbasyncbridgeslv_aesdma/u_slv_core/u_cdc_capt_nosync_resp_payload
  DriverClock         : PCLK
  DestObjectType      : flip-flop
  ContainerInstance   : gN1B0ApbASB.u_apbasyncbridgeslv_aesdma/u_slv_core/u_cdc_capt_nosync_resp_payload
  Module              : css600_cdc_capt_nosync

  -----------------------------------------------------------------------------
  Tag                 : SETUP_DATA_CONSTANT
  Description         : Data [InstPinName] set to a constant
  Violation           : CDC:78
  ReasonInfoList
    ReasonInfo
      ReasonCode      : CONST_DATA_RESET
      ReasonCodeMsg   : Reports sequential element with reset pin that has data pin tied to low.
  InstPinName         : gN1B0ApbASB.u_apbasyncbridgemstr_aesdma/u_mstr_core/apb_async_resp_payload_r/Q[32]
  PinValue            : 0
  InstanceName        : gN1B0ApbASB.u_apbasyncbridgemstr_aesdma/u_mstr_core
  DriverClock         : ACLK
  DestObjectType      : flip-flop
  ContainerInstance   : gN1B0ApbASB.u_apbasyncbridgemstr_aesdma/u_mstr_core
  Module              : css600_apbasyncbridgemstr_core

  -----------------------------------------------------------------------------
  Tag                 : SETUP_DATA_CONSTANT
  Description         : Data [InstPinName] set to a constant
  Violation           : CDC:79
  ReasonInfoList
    ReasonInfo
      ReasonCode      : CONST_DATA_RESET
      ReasonCodeMsg   : Reports sequential element with reset pin that has data pin tied to low.
  InstPinName         : gN1B0ApbASB.u_apbasyncbridgemstr_aesdma/u_mstr_core/u_cdc_capt_nosync_req_payload/q_sync_o/Q[2:1]
  PinValue            : 0
  InstanceName        : gN1B0ApbASB.u_apbasyncbridgemstr_aesdma/u_mstr_core/u_cdc_capt_nosync_req_payload
  DriverClock         : ACLK
  DestObjectType      : flip-flop
  ContainerInstance   : gN1B0ApbASB.u_apbasyncbridgemstr_aesdma/u_mstr_core/u_cdc_capt_nosync_req_payload
  Module              : css600_cdc_capt_nosync


  -----------------------------------------------------------------------------
  SETUP_PORT_CONSTRAINED  (46 infos/0 waived)
  -----------------------------------------------------------------------------
  Tag                       : SETUP_PORT_CONSTRAINED
  Description               : Port [PortName] is fully constrained
  Violation                 : CDC:11
  PortName                  : PCLK
  Direction                 : Input
  Status                    : Fully constrained
  ConstraintInfoList
    ConstraintInfo
      SDCConstraintName     : create_clock
      FileName              : 01_sdc/vc_static_BOS_AESDMA.sdc
      LineNumber            : 33

  -----------------------------------------------------------------------------
  Tag                       : SETUP_PORT_CONSTRAINED
  Description               : Port [PortName] is fully constrained
  Violation                 : CDC:12
  PortName                  : RESETN_PCLK
  Direction                 : Input
  Status                    : Fully constrained
  ConstraintInfoList
    ConstraintInfo
      SDCConstraintName     : create_reset
      FileName              : 01_sdc/vc_add.tcl
      LineNumber            : 28
    ConstraintInfo
      SDCConstraintName     : set_input_delay
      FileName              : 01_sdc/vc_static_BOS_AESDMA.sdc
      LineNumber            : 34

  -----------------------------------------------------------------------------
  Tag                       : SETUP_PORT_CONSTRAINED
  Description               : Port [PortName] is fully constrained
  Violation                 : CDC:13
  PortName                  : AESDMA_APB_SI0_PADDR[31:0]
  Direction                 : Input
  Status                    : Fully constrained
  ConstraintInfoList
    ConstraintInfo
      SDCConstraintName     : set_input_delay
      FileName              : 01_sdc/vc_static_BOS_AESDMA.sdc
      LineNumber            : 66

  -----------------------------------------------------------------------------
  Tag                       : SETUP_PORT_CONSTRAINED
  Description               : Port [PortName] is fully constrained
  Violation                 : CDC:14
  PortName                  : AESDMA_APB_SI0_PWDATA[31:0]
  Direction                 : Input
  Status                    : Fully constrained
  ConstraintInfoList
    ConstraintInfo
      SDCConstraintName     : set_input_delay
      FileName              : 01_sdc/vc_static_BOS_AESDMA.sdc
      LineNumber            : 98

  -----------------------------------------------------------------------------
  Tag                       : SETUP_PORT_CONSTRAINED
  Description               : Port [PortName] is fully constrained
  Violation                 : CDC:15
  PortName                  : AESDMA_APB_SI0_PENABLE
  Direction                 : Input
  Status                    : Fully constrained
  ConstraintInfoList
    ConstraintInfo
      SDCConstraintName     : set_input_delay
      FileName              : 01_sdc/vc_static_BOS_AESDMA.sdc
      LineNumber            : 99

  -----------------------------------------------------------------------------
  Tag                       : SETUP_PORT_CONSTRAINED
  Description               : Port [PortName] is fully constrained
  Violation                 : CDC:16
  PortName                  : AESDMA_APB_SI0_PSEL
  Direction                 : Input
  Status                    : Fully constrained
  ConstraintInfoList
    ConstraintInfo
      SDCConstraintName     : set_input_delay
      FileName              : 01_sdc/vc_static_BOS_AESDMA.sdc
      LineNumber            : 100

  -----------------------------------------------------------------------------
  Tag                       : SETUP_PORT_CONSTRAINED
  Description               : Port [PortName] is fully constrained
  Violation                 : CDC:17
  PortName                  : AESDMA_APB_SI0_PWRITE
  Direction                 : Input
  Status                    : Fully constrained
  ConstraintInfoList
    ConstraintInfo
      SDCConstraintName     : set_input_delay
      FileName              : 01_sdc/vc_static_BOS_AESDMA.sdc
      LineNumber            : 101

  -----------------------------------------------------------------------------
  Tag                       : SETUP_PORT_CONSTRAINED
  Description               : Port [PortName] is fully constrained
  Violation                 : CDC:18
  PortName                  : ACLK
  Direction                 : Input
  Status                    : Fully constrained
  ConstraintInfoList
    ConstraintInfo
      SDCConstraintName     : create_clock
      FileName              : 01_sdc/vc_static_BOS_AESDMA.sdc
      LineNumber            : 32

  -----------------------------------------------------------------------------
  Tag                       : SETUP_PORT_CONSTRAINED
  Description               : Port [PortName] is fully constrained
  Violation                 : CDC:19
  PortName                  : RESETN_ACLK
  Direction                 : Input
  Status                    : Fully constrained
  ConstraintInfoList
    ConstraintInfo
      SDCConstraintName     : create_reset
      FileName              : 01_sdc/vc_add.tcl
      LineNumber            : 29
    ConstraintInfo
      SDCConstraintName     : set_input_delay
      FileName              : 01_sdc/vc_static_BOS_AESDMA.sdc
      LineNumber            : 102

  -----------------------------------------------------------------------------
  Tag                       : SETUP_PORT_CONSTRAINED
  Description               : Port [PortName] is fully constrained
  Violation                 : CDC:20
  PortName                  : AESDMA_AXI4_MI0_ARREADY
  Direction                 : Input
  Status                    : Fully constrained
  ConstraintInfoList
    ConstraintInfo
      SDCConstraintName     : set_input_delay
      FileName              : 01_sdc/vc_static_BOS_AESDMA.sdc
      LineNumber            : 103

  -----------------------------------------------------------------------------
  Tag                       : SETUP_PORT_CONSTRAINED
  Description               : Port [PortName] is fully constrained
  Violation                 : CDC:21
  PortName                  : AESDMA_AXI4_MI0_AWREADY
  Direction                 : Input
  Status                    : Fully constrained
  ConstraintInfoList
    ConstraintInfo
      SDCConstraintName     : set_input_delay
      FileName              : 01_sdc/vc_static_BOS_AESDMA.sdc
      LineNumber            : 104

  -----------------------------------------------------------------------------
  Tag                       : SETUP_PORT_CONSTRAINED
  Description               : Port [PortName] is fully constrained
  Violation                 : CDC:22
  PortName                  : AESDMA_AXI4_MI0_WREADY
  Direction                 : Input
  Status                    : Fully constrained
  ConstraintInfoList
    ConstraintInfo
      SDCConstraintName     : set_input_delay
      FileName              : 01_sdc/vc_static_BOS_AESDMA.sdc
      LineNumber            : 105

  -----------------------------------------------------------------------------
  Tag                       : SETUP_PORT_CONSTRAINED
  Description               : Port [PortName] is fully constrained
  Violation                 : CDC:23
  PortName                  : AESDMA_AXI4_MI0_BID[5:0]
  Direction                 : Input
  Status                    : Fully constrained
  ConstraintInfoList
    ConstraintInfo
      SDCConstraintName     : set_input_delay
      FileName              : 01_sdc/vc_static_BOS_AESDMA.sdc
      LineNumber            : 111

  -----------------------------------------------------------------------------
  Tag                       : SETUP_PORT_CONSTRAINED
  Description               : Port [PortName] is fully constrained
  Violation                 : CDC:24
  PortName                  : AESDMA_AXI4_MI0_BRESP[1:0]
  Direction                 : Input
  Status                    : Fully constrained
  ConstraintInfoList
    ConstraintInfo
      SDCConstraintName     : set_input_delay
      FileName              : 01_sdc/vc_static_BOS_AESDMA.sdc
      LineNumber            : 113

  -----------------------------------------------------------------------------
  Tag                       : SETUP_PORT_CONSTRAINED
  Description               : Port [PortName] is fully constrained
  Violation                 : CDC:25
  PortName                  : AESDMA_AXI4_MI0_BVALID
  Direction                 : Input
  Status                    : Fully constrained
  ConstraintInfoList
    ConstraintInfo
      SDCConstraintName     : set_input_delay
      FileName              : 01_sdc/vc_static_BOS_AESDMA.sdc
      LineNumber            : 114

  -----------------------------------------------------------------------------
  Tag                       : SETUP_PORT_CONSTRAINED
  Description               : Port [PortName] is fully constrained
  Violation                 : CDC:26
  PortName                  : AESDMA_AXI4_MI0_RDATA[127:0]
  Direction                 : Input
  Status                    : Fully constrained
  ConstraintInfoList
    ConstraintInfo
      SDCConstraintName     : set_input_delay
      FileName              : 01_sdc/vc_static_BOS_AESDMA.sdc
      LineNumber            : 242

  -----------------------------------------------------------------------------
  Tag                       : SETUP_PORT_CONSTRAINED
  Description               : Port [PortName] is fully constrained
  Violation                 : CDC:27
  PortName                  : AESDMA_AXI4_MI0_RID[5:0]
  Direction                 : Input
  Status                    : Fully constrained
  ConstraintInfoList
    ConstraintInfo
      SDCConstraintName     : set_input_delay
      FileName              : 01_sdc/vc_static_BOS_AESDMA.sdc
      LineNumber            : 248

  -----------------------------------------------------------------------------
  Tag                       : SETUP_PORT_CONSTRAINED
  Description               : Port [PortName] is fully constrained
  Violation                 : CDC:28
  PortName                  : AESDMA_AXI4_MI0_RLAST
  Direction                 : Input
  Status                    : Fully constrained
  ConstraintInfoList
    ConstraintInfo
      SDCConstraintName     : set_input_delay
      FileName              : 01_sdc/vc_static_BOS_AESDMA.sdc
      LineNumber            : 249

  -----------------------------------------------------------------------------
  Tag                       : SETUP_PORT_CONSTRAINED
  Description               : Port [PortName] is fully constrained
  Violation                 : CDC:29
  PortName                  : AESDMA_AXI4_MI0_RRESP[1:0]
  Direction                 : Input
  Status                    : Fully constrained
  ConstraintInfoList
    ConstraintInfo
      SDCConstraintName     : set_input_delay
      FileName              : 01_sdc/vc_static_BOS_AESDMA.sdc
      LineNumber            : 251

  -----------------------------------------------------------------------------
  Tag                       : SETUP_PORT_CONSTRAINED
  Description               : Port [PortName] is fully constrained
  Violation                 : CDC:30
  PortName                  : AESDMA_AXI4_MI0_RVALID
  Direction                 : Input
  Status                    : Fully constrained
  ConstraintInfoList
    ConstraintInfo
      SDCConstraintName     : set_input_delay
      FileName              : 01_sdc/vc_static_BOS_AESDMA.sdc
      LineNumber            : 252

  -----------------------------------------------------------------------------
  Tag                       : SETUP_PORT_CONSTRAINED
  Description               : Port [PortName] is fully constrained
  Violation                 : CDC:31
  PortName                  : TIEL_DFT_MODESCAN
  Direction                 : Input
  Status                    : Fully constrained
  ConstraintInfoList
    ConstraintInfo
      SDCConstraintName     : set_case_analysis
      FileName              : 01_sdc/vc_static_BOS_AESDMA.sdc
      LineNumber            : 9

  -----------------------------------------------------------------------------
  Tag                       : SETUP_PORT_CONSTRAINED
  Description               : Port [PortName] is fully constrained
  Violation                 : CDC:32
  PortName                  : TIEL_DFT_CGEN
  Direction                 : Input
  Status                    : Fully constrained
  ConstraintInfoList
    ConstraintInfo
      SDCConstraintName     : set_case_analysis
      FileName              : 01_sdc/vc_static_BOS_AESDMA.sdc
      LineNumber            : 10

  -----------------------------------------------------------------------------
  Tag                       : SETUP_PORT_CONSTRAINED
  Description               : Port [PortName] is fully constrained
  Violation                 : CDC:33
  PortName                  : ENERR_AESDMA_ECC_DEC_DCLS_SRAM_WRFIFO
  Direction                 : Input
  Status                    : Fully constrained
  ConstraintInfoList
    ConstraintInfo
      SDCConstraintName     : set_input_delay
      FileName              : 01_sdc/vc_static_BOS_AESDMA.sdc
      LineNumber            : 253

  -----------------------------------------------------------------------------
  Tag                       : SETUP_PORT_CONSTRAINED
  Description               : Port [PortName] is fully constrained
  Violation                 : CDC:34
  PortName                  : ENERR_AESDMA_ECC_DEC_DCLS_SRAM_ROB
  Direction                 : Input
  Status                    : Fully constrained
  ConstraintInfoList
    ConstraintInfo
      SDCConstraintName     : set_input_delay
      FileName              : 01_sdc/vc_static_BOS_AESDMA.sdc
      LineNumber            : 254

  -----------------------------------------------------------------------------
  Tag                       : SETUP_PORT_CONSTRAINED
  Description               : Port [PortName] is fully constrained
  Violation                 : CDC:35
  PortName                  : ENERR_AESDMA_ECC_E1_SRAM_WRFIFO
  Direction                 : Input
  Status                    : Fully constrained
  ConstraintInfoList
    ConstraintInfo
      SDCConstraintName     : set_input_delay
      FileName              : 01_sdc/vc_static_BOS_AESDMA.sdc
      LineNumber            : 255

  -----------------------------------------------------------------------------
  Tag                       : SETUP_PORT_CONSTRAINED
  Description               : Port [PortName] is fully constrained
  Violation                 : CDC:36
  PortName                  : ENERR_AESDMA_ECC_E2_SRAM_WRFIFO
  Direction                 : Input
  Status                    : Fully constrained
  ConstraintInfoList
    ConstraintInfo
      SDCConstraintName     : set_input_delay
      FileName              : 01_sdc/vc_static_BOS_AESDMA.sdc
      LineNumber            : 256

  -----------------------------------------------------------------------------
  Tag                       : SETUP_PORT_CONSTRAINED
  Description               : Port [PortName] is fully constrained
  Violation                 : CDC:37
  PortName                  : ENERR_AESDMA_ECC_E1_SRAM_ROB
  Direction                 : Input
  Status                    : Fully constrained
  ConstraintInfoList
    ConstraintInfo
      SDCConstraintName     : set_input_delay
      FileName              : 01_sdc/vc_static_BOS_AESDMA.sdc
      LineNumber            : 257

  -----------------------------------------------------------------------------
  Tag                       : SETUP_PORT_CONSTRAINED
  Description               : Port [PortName] is fully constrained
  Violation                 : CDC:38
  PortName                  : ENERR_AESDMA_ECC_E2_SRAM_ROB
  Direction                 : Input
  Status                    : Fully constrained
  ConstraintInfoList
    ConstraintInfo
      SDCConstraintName     : set_input_delay
      FileName              : 01_sdc/vc_static_BOS_AESDMA.sdc
      LineNumber            : 258

  -----------------------------------------------------------------------------
  Tag                       : SETUP_PORT_CONSTRAINED
  Description               : Port [PortName] is fully constrained
  Violation                 : CDC:39
  PortName                  : FIERR_AESDMA_ECC_DEC_DCLS_SRAM_WRFIFO
  Direction                 : Input
  Status                    : Fully constrained
  ConstraintInfoList
    ConstraintInfo
      SDCConstraintName     : set_input_delay
      FileName              : 01_sdc/vc_static_BOS_AESDMA.sdc
      LineNumber            : 259

  -----------------------------------------------------------------------------
  Tag                       : SETUP_PORT_CONSTRAINED
  Description               : Port [PortName] is fully constrained
  Violation                 : CDC:40
  PortName                  : FIERR_AESDMA_ECC_DEC_DCLS_SRAM_ROB
  Direction                 : Input
  Status                    : Fully constrained
  ConstraintInfoList
    ConstraintInfo
      SDCConstraintName     : set_input_delay
      FileName              : 01_sdc/vc_static_BOS_AESDMA.sdc
      LineNumber            : 260

  -----------------------------------------------------------------------------
  Tag                       : SETUP_PORT_CONSTRAINED
  Description               : Port [PortName] is fully constrained
  Violation                 : CDC:41
  PortName                  : FIERR_AESDMA_ECC_E1_SRAM_WRFIFO
  Direction                 : Input
  Status                    : Fully constrained
  ConstraintInfoList
    ConstraintInfo
      SDCConstraintName     : set_input_delay
      FileName              : 01_sdc/vc_static_BOS_AESDMA.sdc
      LineNumber            : 261

  -----------------------------------------------------------------------------
  Tag                       : SETUP_PORT_CONSTRAINED
  Description               : Port [PortName] is fully constrained
  Violation                 : CDC:42
  PortName                  : FIERR_AESDMA_ECC_E2_SRAM_WRFIFO
  Direction                 : Input
  Status                    : Fully constrained
  ConstraintInfoList
    ConstraintInfo
      SDCConstraintName     : set_input_delay
      FileName              : 01_sdc/vc_static_BOS_AESDMA.sdc
      LineNumber            : 262

  -----------------------------------------------------------------------------
  Tag                       : SETUP_PORT_CONSTRAINED
  Description               : Port [PortName] is fully constrained
  Violation                 : CDC:43
  PortName                  : FIERR_AESDMA_ECC_E1_SRAM_ROB
  Direction                 : Input
  Status                    : Fully constrained
  ConstraintInfoList
    ConstraintInfo
      SDCConstraintName     : set_input_delay
      FileName              : 01_sdc/vc_static_BOS_AESDMA.sdc
      LineNumber            : 263

  -----------------------------------------------------------------------------
  Tag                       : SETUP_PORT_CONSTRAINED
  Description               : Port [PortName] is fully constrained
  Violation                 : CDC:44
  PortName                  : FIERR_AESDMA_ECC_E2_SRAM_ROB
  Direction                 : Input
  Status                    : Fully constrained
  ConstraintInfoList
    ConstraintInfo
      SDCConstraintName     : set_input_delay
      FileName              : 01_sdc/vc_static_BOS_AESDMA.sdc
      LineNumber            : 264

  -----------------------------------------------------------------------------
  Tag                       : SETUP_PORT_CONSTRAINED
  Description               : Port [PortName] is fully constrained
  Violation                 : CDC:45
  PortName                  : AESDMA_AXI4_MI0_RDATA_PARITY[15:0]
  Direction                 : Input
  Status                    : Fully constrained
  ConstraintInfoList
    ConstraintInfo
      SDCConstraintName     : set_input_delay
      FileName              : 01_sdc/vc_static_BOS_AESDMA.sdc
      LineNumber            : 280

  -----------------------------------------------------------------------------
  Tag                       : SETUP_PORT_CONSTRAINED
  Description               : Port [PortName] is fully constrained
  Violation                 : CDC:46
  PortName                  : ENERR_AESDMA_AXI4_MI0_BUS_PARITY
  Direction                 : Input
  Status                    : Fully constrained
  ConstraintInfoList
    ConstraintInfo
      SDCConstraintName     : set_input_delay
      FileName              : 01_sdc/vc_static_BOS_AESDMA.sdc
      LineNumber            : 281

  -----------------------------------------------------------------------------
  Tag                       : SETUP_PORT_CONSTRAINED
  Description               : Port [PortName] is fully constrained
  Violation                 : CDC:47
  PortName                  : FIERR_AESDMA_AXI4_MI0_BUS_PARITY_ARADDR[5:0]
  Direction                 : Input
  Status                    : Fully constrained
  ConstraintInfoList
    ConstraintInfo
      SDCConstraintName     : set_input_delay
      FileName              : 01_sdc/vc_static_BOS_AESDMA.sdc
      LineNumber            : 287

  -----------------------------------------------------------------------------
  Tag                       : SETUP_PORT_CONSTRAINED
  Description               : Port [PortName] is fully constrained
  Violation                 : CDC:48
  PortName                  : FIERR_AESDMA_AXI4_MI0_BUS_PARITY_RDATA[15:0]
  Direction                 : Input
  Status                    : Fully constrained
  ConstraintInfoList
    ConstraintInfo
      SDCConstraintName     : set_input_delay
      FileName              : 01_sdc/vc_static_BOS_AESDMA.sdc
      LineNumber            : 303

  -----------------------------------------------------------------------------
  Tag                       : SETUP_PORT_CONSTRAINED
  Description               : Port [PortName] is fully constrained
  Violation                 : CDC:49
  PortName                  : FIERR_AESDMA_AXI4_MI0_BUS_PARITY_AWADDR[5:0]
  Direction                 : Input
  Status                    : Fully constrained
  ConstraintInfoList
    ConstraintInfo
      SDCConstraintName     : set_input_delay
      FileName              : 01_sdc/vc_static_BOS_AESDMA.sdc
      LineNumber            : 309

  -----------------------------------------------------------------------------
  Tag                       : SETUP_PORT_CONSTRAINED
  Description               : Port [PortName] is fully constrained
  Violation                 : CDC:50
  PortName                  : FIERR_AESDMA_AXI4_MI0_BUS_PARITY_WDATA[15:0]
  Direction                 : Input
  Status                    : Fully constrained
  ConstraintInfoList
    ConstraintInfo
      SDCConstraintName     : set_input_delay
      FileName              : 01_sdc/vc_static_BOS_AESDMA.sdc
      LineNumber            : 325

  -----------------------------------------------------------------------------
  Tag                       : SETUP_PORT_CONSTRAINED
  Description               : Port [PortName] is fully constrained
  Violation                 : CDC:51
  PortName                  : SFR_RD2_HS_ADME[2:0]
  Direction                 : Input
  Status                    : Fully constrained
  ConstraintInfoList
    ConstraintInfo
      SDCConstraintName     : set_input_delay
      FileName              : 01_sdc/vc_static_BOS_AESDMA.sdc
      LineNumber            : 328

  -----------------------------------------------------------------------------
  Tag                       : SETUP_PORT_CONSTRAINED
  Description               : Port [PortName] is fully constrained
  Violation                 : CDC:52
  PortName                  : SFR_RD2_HS_MCSRD[1:0]
  Direction                 : Input
  Status                    : Fully constrained
  ConstraintInfoList
    ConstraintInfo
      SDCConstraintName     : set_input_delay
      FileName              : 01_sdc/vc_static_BOS_AESDMA.sdc
      LineNumber            : 330

  -----------------------------------------------------------------------------
  Tag                       : SETUP_PORT_CONSTRAINED
  Description               : Port [PortName] is fully constrained
  Violation                 : CDC:53
  PortName                  : SFR_RD2_HS_MCSWR[1:0]
  Direction                 : Input
  Status                    : Fully constrained
  ConstraintInfoList
    ConstraintInfo
      SDCConstraintName     : set_input_delay
      FileName              : 01_sdc/vc_static_BOS_AESDMA.sdc
      LineNumber            : 332

  -----------------------------------------------------------------------------
  Tag                       : SETUP_PORT_CONSTRAINED
  Description               : Port [PortName] is fully constrained
  Violation                 : CDC:54
  PortName                  : AESDMA_RTKEY_SEL
  Direction                 : Input
  Status                    : Fully constrained
  ConstraintInfoList
    ConstraintInfo
      SDCConstraintName     : set_input_delay
      FileName              : 01_sdc/vc_static_BOS_AESDMA.sdc
      LineNumber            : 333

  -----------------------------------------------------------------------------
  Tag                       : SETUP_PORT_CONSTRAINED
  Description               : Port [PortName] is fully constrained
  Violation                 : CDC:55
  PortName                  : FIERR_AESDMA_DCLS
  Direction                 : Input
  Status                    : Fully constrained
  ConstraintInfoList
    ConstraintInfo
      SDCConstraintName     : set_input_delay
      FileName              : 01_sdc/vc_static_BOS_AESDMA.sdc
      LineNumber            : 334

  -----------------------------------------------------------------------------
  Tag                       : SETUP_PORT_CONSTRAINED
  Description               : Port [PortName] is fully constrained
  Violation                 : CDC:56
  PortName                  : ENERR_AESDMA_DCLS
  Direction                 : Input
  Status                    : Fully constrained
  ConstraintInfoList
    ConstraintInfo
      SDCConstraintName     : set_input_delay
      FileName              : 01_sdc/vc_static_BOS_AESDMA.sdc
      LineNumber            : 335


  -----------------------------------------------------------------------------
  SETUP_RESET_PROPAGATED  (2 infos/0 waived)
  -----------------------------------------------------------------------------
  Tag               : SETUP_RESET_PROPAGATED
  Description       : Reset [Reset] reaches to set/reset pin of [SeqPinReachable] sequential(s)
  Violation         : CDC:1
  Reset
    ResetName       : RESETN_PCLK
    RstType         : Async
    RstRootList
      RstRoot       : RESETN_PCLK
  SeqPinReachable   : 116
  ContainerInstance : BOS_AESDMA
  Module            : BOS_AESDMA

  -----------------------------------------------------------------------------
  Tag               : SETUP_RESET_PROPAGATED
  Description       : Reset [Reset] reaches to set/reset pin of [SeqPinReachable] sequential(s)
  Violation         : CDC:2
  Reset
    ResetName       : RESETN_ACLK
    RstType         : Async
    RstRootList
      RstRoot       : RESETN_ACLK
  SeqPinReachable   : 36289
  ContainerInstance : BOS_AESDMA
  Module            : BOS_AESDMA

