waiver_name,status,matched_issue_count,tag,comment,user,timestamp,filter_json,raw_tcl
RDC_CLOCK_CORRUPT_OBSERVED_100,ACTIVE,1,RDC_CLOCK_CORRUPT_OBSERVED,This warning is that output clock of clock gating cell should be active and reset is deasserted. This is confirmed by designer.,minsy0731,12-06-2025 13:42:45,"{""RdcSourceResets:ResetName"": ""RESETN_ACLK"", ""RdcDestResets:DestResetInfo:ResetName"": ""'no-reset'"", ""DestClockInfoList:DestClockInfo:ClockDomainId"": ""1"", ""DestClockInfoList:DestClockInfo:ClockName"": ""CLK_PRCM_ACLK"", ""DestClockInfoList:DestClockInfo:ClockObject"": ""ACLK"", ""ReasonInfoList:ReasonInfo:ReasonCode"": ""NO_BLOCKING_METHOD"", ""SrcObject"": ""r_bd_aclk_dly_cnt/Q[3:0]"", ""DestObject"": ""u_gated_bd_aclk/u_dont_touch_preicg/ECK"", ""AllSrcResets:SrcResetInfo:ResetObject"": ""RESETN_ACLK"", ""AllSrcResets:SrcResetInfo:ResetName"": ""RESETN_ACLK"", ""DestSyncResetInfoList:DestResetInfo:ResetName"": ""'no-reset'"", ""SrcClockInfoList:SrcClockInfo:ClockDomainId"": ""1"", ""SrcClockInfoList:SrcClockInfo:ClockName"": ""CLK_PRCM_ACLK"", ""SrcClockInfoList:SrcClockInfo:ClockObject"": ""ACLK"", ""Module"": ""BOS_AESDMA""}","waive_violation -add {RDC_CLOCK_CORRUPT_OBSERVED_100}  -comment {This warning is that output clock of clock gating cell should be active and reset is deasserted. This is confirmed by designer.}  -filter {(RdcSourceResets:ResetName == ""RESETN_ACLK"") AND (RdcDestResets:DestResetInfo:ResetName == ""'no-reset'"") AND (DestClockInfoList:DestClockInfo:ClockDomainId == ""1"") AND (DestClockInfoList:DestClockInfo:ClockName == ""CLK_PRCM_ACLK"") AND (DestClockInfoList:DestClockInfo:ClockObject == ""ACLK"") AND (ReasonInfoList:ReasonInfo:ReasonCode == ""NO_BLOCKING_METHOD"") AND (SrcObject == ""r_bd_aclk_dly_cnt/Q[3:0]"") AND (DestObject == ""u_gated_bd_aclk/u_dont_touch_preicg/ECK"") AND (AllSrcResets:SrcResetInfo:ResetObject == ""RESETN_ACLK"") AND (AllSrcResets:SrcResetInfo:ResetName == ""RESETN_ACLK"") AND (DestSyncResetInfoList:DestResetInfo:ResetName == ""'no-reset'"") AND (SrcClockInfoList:SrcClockInfo:ClockDomainId == ""1"") AND (SrcClockInfoList:SrcClockInfo:ClockName == ""CLK_PRCM_ACLK"") AND (SrcClockInfoList:SrcClockInfo:ClockObject == ""ACLK"") AND (Module == ""BOS_AESDMA"")}  -app { rdc } -tag { RDC_CLOCK_CORRUPT_OBSERVED } -user { minsy0731 } -timestamp { 12-06-2025 13:42:45 }"
RDC_CLOCK_CORRUPT_OBSERVED_101,ACTIVE,1,RDC_CLOCK_CORRUPT_OBSERVED,This warning is that output clock of clock gating cell should be active and reset is deasserted. This is confirmed by designer.,minsy0731,12-06-2025 13:42:45,"{""RdcSourceResets:ResetName"": ""RESETN_ACLK"", ""RdcDestResets:DestResetInfo:ResetName"": ""'no-reset'"", ""DestClockInfoList:DestClockInfo:ClockDomainId"": ""1"", ""DestClockInfoList:DestClockInfo:ClockName"": ""CLK_PRCM_ACLK"", ""DestClockInfoList:DestClockInfo:ClockObject"": ""ACLK"", ""ReasonInfoList:ReasonInfo:ReasonCode"": ""NO_BLOCKING_METHOD"", ""SrcObject"": ""u_sync_qactive_aclk/sync_inst[0].genblk1.genblk1.u_dont_touch_sync_dff2/Q"", ""DestObject"": ""u_gated_sfr_pclk/u_dont_touch_preicg/ECK"", ""AllSrcResets:SrcResetInfo:ResetObject"": ""RESETN_ACLK"", ""AllSrcResets:SrcResetInfo:ResetName"": ""RESETN_ACLK"", ""DestSyncResetInfoList:DestResetInfo:ResetName"": ""'no-reset'"", ""SrcClockInfoList:SrcClockInfo:ClockDomainId"": ""1"", ""SrcClockInfoList:SrcClockInfo:ClockName"": ""CLK_PRCM_ACLK"", ""SrcClockInfoList:SrcClockInfo:ClockObject"": ""ACLK"", ""Module"": ""BOS_AESDMA""}","waive_violation -add {RDC_CLOCK_CORRUPT_OBSERVED_101}  -comment {This warning is that output clock of clock gating cell should be active and reset is deasserted. This is confirmed by designer.}  -filter {(RdcSourceResets:ResetName == ""RESETN_ACLK"") AND (RdcDestResets:DestResetInfo:ResetName == ""'no-reset'"") AND (DestClockInfoList:DestClockInfo:ClockDomainId == ""1"") AND (DestClockInfoList:DestClockInfo:ClockName == ""CLK_PRCM_ACLK"") AND (DestClockInfoList:DestClockInfo:ClockObject == ""ACLK"") AND (ReasonInfoList:ReasonInfo:ReasonCode == ""NO_BLOCKING_METHOD"") AND (SrcObject == ""u_sync_qactive_aclk/sync_inst[0].genblk1.genblk1.u_dont_touch_sync_dff2/Q"") AND (DestObject == ""u_gated_sfr_pclk/u_dont_touch_preicg/ECK"") AND (AllSrcResets:SrcResetInfo:ResetObject == ""RESETN_ACLK"") AND (AllSrcResets:SrcResetInfo:ResetName == ""RESETN_ACLK"") AND (DestSyncResetInfoList:DestResetInfo:ResetName == ""'no-reset'"") AND (SrcClockInfoList:SrcClockInfo:ClockDomainId == ""1"") AND (SrcClockInfoList:SrcClockInfo:ClockName == ""CLK_PRCM_ACLK"") AND (SrcClockInfoList:SrcClockInfo:ClockObject == ""ACLK"") AND (Module == ""BOS_AESDMA"")}  -app { rdc } -tag { RDC_CLOCK_CORRUPT_OBSERVED } -user { minsy0731 } -timestamp { 12-06-2025 13:42:45 }"
RDC_CLOCK_CORRUPT_OBSERVED_102,ACTIVE,1,RDC_CLOCK_CORRUPT_OBSERVED,This warning is that output clock of clock gating cell should be active and reset is deasserted. This is confirmed by designer.,minsy0731,12-06-2025 13:42:45,"{""RdcSourceResets:ResetName"": ""RESETN_ACLK"", ""RdcDestResets:DestResetInfo:ResetName"": ""'no-reset'"", ""DestClockInfoList:DestClockInfo:ClockDomainId"": ""1"", ""DestClockInfoList:DestClockInfo:ClockName"": ""CLK_PRCM_ACLK"", ""DestClockInfoList:DestClockInfo:ClockObject"": ""ACLK"", ""ReasonInfoList:ReasonInfo:ReasonCode"": ""NO_BLOCKING_METHOD"", ""SrcObject"": ""r_core_aclk_dly_cnt/Q[3:0]"", ""DestObject"": ""u_gated_core_aclk/u_dont_touch_preicg/ECK"", ""AllSrcResets:SrcResetInfo:ResetObject"": ""RESETN_ACLK"", ""AllSrcResets:SrcResetInfo:ResetName"": ""RESETN_ACLK"", ""DestSyncResetInfoList:DestResetInfo:ResetName"": ""'no-reset'"", ""SrcClockInfoList:SrcClockInfo:ClockDomainId"": ""1"", ""SrcClockInfoList:SrcClockInfo:ClockName"": ""CLK_PRCM_ACLK"", ""SrcClockInfoList:SrcClockInfo:ClockObject"": ""ACLK"", ""Module"": ""BOS_AESDMA""}","waive_violation -add {RDC_CLOCK_CORRUPT_OBSERVED_102}  -comment {This warning is that output clock of clock gating cell should be active and reset is deasserted. This is confirmed by designer.}  -filter {(RdcSourceResets:ResetName == ""RESETN_ACLK"") AND (RdcDestResets:DestResetInfo:ResetName == ""'no-reset'"") AND (DestClockInfoList:DestClockInfo:ClockDomainId == ""1"") AND (DestClockInfoList:DestClockInfo:ClockName == ""CLK_PRCM_ACLK"") AND (DestClockInfoList:DestClockInfo:ClockObject == ""ACLK"") AND (ReasonInfoList:ReasonInfo:ReasonCode == ""NO_BLOCKING_METHOD"") AND (SrcObject == ""r_core_aclk_dly_cnt/Q[3:0]"") AND (DestObject == ""u_gated_core_aclk/u_dont_touch_preicg/ECK"") AND (AllSrcResets:SrcResetInfo:ResetObject == ""RESETN_ACLK"") AND (AllSrcResets:SrcResetInfo:ResetName == ""RESETN_ACLK"") AND (DestSyncResetInfoList:DestResetInfo:ResetName == ""'no-reset'"") AND (SrcClockInfoList:SrcClockInfo:ClockDomainId == ""1"") AND (SrcClockInfoList:SrcClockInfo:ClockName == ""CLK_PRCM_ACLK"") AND (SrcClockInfoList:SrcClockInfo:ClockObject == ""ACLK"") AND (Module == ""BOS_AESDMA"")}  -app { rdc } -tag { RDC_CLOCK_CORRUPT_OBSERVED } -user { minsy0731 } -timestamp { 12-06-2025 13:42:45 }"
RDC_CLOCK_CORRUPT_OBSERVED_113,ACTIVE,1,RDC_CLOCK_CORRUPT_OBSERVED,Logic not needed when IP is reset,pnson,12-05-2026 21:51:59,"{""RdcSourceResets:ResetName"": ""RESETN_ACLK"", ""RdcDestResets:DestResetInfo:ResetName"": ""'no-reset'"", ""DestClockInfoList:DestClockInfo:ClockDomainId"": ""1"", ""DestClockInfoList:DestClockInfo:ClockName"": ""CLK_PRCM_ACLK"", ""DestClockInfoList:DestClockInfo:ClockObject"": ""ACLK"", ""ReasonInfoList:ReasonInfo:ReasonCode"": ""NO_BLOCKING_METHOD"", ""ReasonInfoList:ReasonInfo:ReasonCodeMsg"": ""[ERROR] No valid blocking scheme found"", ""SrcObject"": ""u_enerr_ecc_dec_dcls_sram_wrfifo/sync_inst[0].genblk1.genblk1.u_dont_touch_sync_dff2/Q"", ""DestObject"": ""u_sram_wrfifo_cg/u_dont_touch_preicg/ECK"", ""SrcObjectType"": ""library-cell"", ""DestObjectType"": ""clock-gating-cell"", ""AllSrcResets:SrcResetInfo:ResetObject"": ""RESETN_ACLK"", ""AllSrcResets:SrcResetInfo:ResetName"": ""RESETN_ACLK"", ""DestSyncResetInfoList:DestResetInfo:ResetName"": ""'no-reset'"", ""SrcClockInfoList:SrcClockInfo:ClockDomainId"": ""1"", ""SrcClockInfoList:SrcClockInfo:ClockName"": ""CLK_PRCM_ACLK"", ""SrcClockInfoList:SrcClockInfo:ClockObject"": ""ACLK"", ""ContainerInstance"": ""BOS_AESDMA"", ""Module"": ""BOS_AESDMA""}","waive_violation -add {RDC_CLOCK_CORRUPT_OBSERVED_113}  -comment {Logic not needed when IP is reset}  -filter {(RdcSourceResets:ResetName == ""RESETN_ACLK"") AND (RdcDestResets:DestResetInfo:ResetName == ""'no-reset'"") AND (DestClockInfoList:DestClockInfo:ClockDomainId == ""1"") AND (DestClockInfoList:DestClockInfo:ClockName == ""CLK_PRCM_ACLK"") AND (DestClockInfoList:DestClockInfo:ClockObject == ""ACLK"") AND (ReasonInfoList:ReasonInfo:ReasonCode == ""NO_BLOCKING_METHOD"") AND (ReasonInfoList:ReasonInfo:ReasonCodeMsg == ""[ERROR] No valid blocking scheme found"") AND (SrcObject == ""u_enerr_ecc_dec_dcls_sram_wrfifo/sync_inst[0].genblk1.genblk1.u_dont_touch_sync_dff2/Q"") AND (DestObject == ""u_sram_wrfifo_cg/u_dont_touch_preicg/ECK"") AND (SrcObjectType == ""library-cell"") AND (DestObjectType == ""clock-gating-cell"") AND (AllSrcResets:SrcResetInfo:ResetObject == ""RESETN_ACLK"") AND (AllSrcResets:SrcResetInfo:ResetName == ""RESETN_ACLK"") AND (DestSyncResetInfoList:DestResetInfo:ResetName == ""'no-reset'"") AND (SrcClockInfoList:SrcClockInfo:ClockDomainId == ""1"") AND (SrcClockInfoList:SrcClockInfo:ClockName == ""CLK_PRCM_ACLK"") AND (SrcClockInfoList:SrcClockInfo:ClockObject == ""ACLK"") AND (ContainerInstance == ""BOS_AESDMA"") AND (Module == ""BOS_AESDMA"")}  -app { rdc } -tag { RDC_CLOCK_CORRUPT_OBSERVED } -user { pnson } -timestamp { 12-05-2026 21:51:59 }"
RDC_CLOCK_CORRUPT_OBSERVED_115,ACTIVE,1,RDC_CLOCK_CORRUPT_OBSERVED,Logic not needed when IP is reset,pnson,12-05-2026 21:51:59,"{""RdcSourceResets:ResetName"": ""RESETN_ACLK"", ""RdcDestResets:DestResetInfo:ResetName"": ""'no-reset'"", ""DestClockInfoList:DestClockInfo:ClockDomainId"": ""1"", ""DestClockInfoList:DestClockInfo:ClockName"": ""CLK_PRCM_ACLK"", ""DestClockInfoList:DestClockInfo:ClockObject"": ""ACLK"", ""ReasonInfoList:ReasonInfo:ReasonCode"": ""NO_BLOCKING_METHOD"", ""ReasonInfoList:ReasonInfo:ReasonCodeMsg"": ""[ERROR] No valid blocking scheme found"", ""SrcObject"": ""u_enerr_ecc_e1_sram_wrfifo/sync_inst[0].genblk1.genblk1.u_dont_touch_sync_dff2/Q"", ""DestObject"": ""u_sram_wrfifo_cg/u_dont_touch_preicg/ECK"", ""SrcObjectType"": ""library-cell"", ""DestObjectType"": ""clock-gating-cell"", ""AllSrcResets:SrcResetInfo:ResetObject"": ""RESETN_ACLK"", ""AllSrcResets:SrcResetInfo:ResetName"": ""RESETN_ACLK"", ""DestSyncResetInfoList:DestResetInfo:ResetName"": ""'no-reset'"", ""SrcClockInfoList:SrcClockInfo:ClockDomainId"": ""1"", ""SrcClockInfoList:SrcClockInfo:ClockName"": ""CLK_PRCM_ACLK"", ""SrcClockInfoList:SrcClockInfo:ClockObject"": ""ACLK"", ""ContainerInstance"": ""BOS_AESDMA"", ""Module"": ""BOS_AESDMA""}","waive_violation -add {RDC_CLOCK_CORRUPT_OBSERVED_115}  -comment {Logic not needed when IP is reset}  -filter {(RdcSourceResets:ResetName == ""RESETN_ACLK"") AND (RdcDestResets:DestResetInfo:ResetName == ""'no-reset'"") AND (DestClockInfoList:DestClockInfo:ClockDomainId == ""1"") AND (DestClockInfoList:DestClockInfo:ClockName == ""CLK_PRCM_ACLK"") AND (DestClockInfoList:DestClockInfo:ClockObject == ""ACLK"") AND (ReasonInfoList:ReasonInfo:ReasonCode == ""NO_BLOCKING_METHOD"") AND (ReasonInfoList:ReasonInfo:ReasonCodeMsg == ""[ERROR] No valid blocking scheme found"") AND (SrcObject == ""u_enerr_ecc_e1_sram_wrfifo/sync_inst[0].genblk1.genblk1.u_dont_touch_sync_dff2/Q"") AND (DestObject == ""u_sram_wrfifo_cg/u_dont_touch_preicg/ECK"") AND (SrcObjectType == ""library-cell"") AND (DestObjectType == ""clock-gating-cell"") AND (AllSrcResets:SrcResetInfo:ResetObject == ""RESETN_ACLK"") AND (AllSrcResets:SrcResetInfo:ResetName == ""RESETN_ACLK"") AND (DestSyncResetInfoList:DestResetInfo:ResetName == ""'no-reset'"") AND (SrcClockInfoList:SrcClockInfo:ClockDomainId == ""1"") AND (SrcClockInfoList:SrcClockInfo:ClockName == ""CLK_PRCM_ACLK"") AND (SrcClockInfoList:SrcClockInfo:ClockObject == ""ACLK"") AND (ContainerInstance == ""BOS_AESDMA"") AND (Module == ""BOS_AESDMA"")}  -app { rdc } -tag { RDC_CLOCK_CORRUPT_OBSERVED } -user { pnson } -timestamp { 12-05-2026 21:51:59 }"
RDC_CLOCK_CORRUPT_OBSERVED_117,ACTIVE,1,RDC_CLOCK_CORRUPT_OBSERVED,Logic not needed when IP is reset,pnson,12-05-2026 21:51:59,"{""RdcSourceResets:ResetName"": ""RESETN_ACLK"", ""RdcDestResets:DestResetInfo:ResetName"": ""'no-reset'"", ""DestClockInfoList:DestClockInfo:ClockDomainId"": ""1"", ""DestClockInfoList:DestClockInfo:ClockName"": ""CLK_PRCM_ACLK"", ""DestClockInfoList:DestClockInfo:ClockObject"": ""ACLK"", ""ReasonInfoList:ReasonInfo:ReasonCode"": ""NO_BLOCKING_METHOD"", ""ReasonInfoList:ReasonInfo:ReasonCodeMsg"": ""[ERROR] No valid blocking scheme found"", ""SrcObject"": ""u_enerr_ecc_e2_sram_wrfifo/sync_inst[0].genblk1.genblk1.u_dont_touch_sync_dff2/Q"", ""DestObject"": ""u_sram_wrfifo_cg/u_dont_touch_preicg/ECK"", ""SrcObjectType"": ""library-cell"", ""DestObjectType"": ""clock-gating-cell"", ""AllSrcResets:SrcResetInfo:ResetObject"": ""RESETN_ACLK"", ""AllSrcResets:SrcResetInfo:ResetName"": ""RESETN_ACLK"", ""DestSyncResetInfoList:DestResetInfo:ResetName"": ""'no-reset'"", ""SrcClockInfoList:SrcClockInfo:ClockDomainId"": ""1"", ""SrcClockInfoList:SrcClockInfo:ClockName"": ""CLK_PRCM_ACLK"", ""SrcClockInfoList:SrcClockInfo:ClockObject"": ""ACLK"", ""ContainerInstance"": ""BOS_AESDMA"", ""Module"": ""BOS_AESDMA""}","waive_violation -add {RDC_CLOCK_CORRUPT_OBSERVED_117}  -comment {Logic not needed when IP is reset}  -filter {(RdcSourceResets:ResetName == ""RESETN_ACLK"") AND (RdcDestResets:DestResetInfo:ResetName == ""'no-reset'"") AND (DestClockInfoList:DestClockInfo:ClockDomainId == ""1"") AND (DestClockInfoList:DestClockInfo:ClockName == ""CLK_PRCM_ACLK"") AND (DestClockInfoList:DestClockInfo:ClockObject == ""ACLK"") AND (ReasonInfoList:ReasonInfo:ReasonCode == ""NO_BLOCKING_METHOD"") AND (ReasonInfoList:ReasonInfo:ReasonCodeMsg == ""[ERROR] No valid blocking scheme found"") AND (SrcObject == ""u_enerr_ecc_e2_sram_wrfifo/sync_inst[0].genblk1.genblk1.u_dont_touch_sync_dff2/Q"") AND (DestObject == ""u_sram_wrfifo_cg/u_dont_touch_preicg/ECK"") AND (SrcObjectType == ""library-cell"") AND (DestObjectType == ""clock-gating-cell"") AND (AllSrcResets:SrcResetInfo:ResetObject == ""RESETN_ACLK"") AND (AllSrcResets:SrcResetInfo:ResetName == ""RESETN_ACLK"") AND (DestSyncResetInfoList:DestResetInfo:ResetName == ""'no-reset'"") AND (SrcClockInfoList:SrcClockInfo:ClockDomainId == ""1"") AND (SrcClockInfoList:SrcClockInfo:ClockName == ""CLK_PRCM_ACLK"") AND (SrcClockInfoList:SrcClockInfo:ClockObject == ""ACLK"") AND (ContainerInstance == ""BOS_AESDMA"") AND (Module == ""BOS_AESDMA"")}  -app { rdc } -tag { RDC_CLOCK_CORRUPT_OBSERVED } -user { pnson } -timestamp { 12-05-2026 21:51:59 }"
RDC_CLOCK_CORRUPT_OBSERVED_121,ACTIVE,1,RDC_CLOCK_CORRUPT_OBSERVED,This warning is that output clock of clock gating cell should be active and reset is deasserted. This is confirmed by designer.,minsy0731,12-06-2025 13:42:45,"{""RdcSourceResets:ResetName"": ""RESETN_ACLK"", ""RdcDestResets:DestResetInfo:ResetName"": ""'no-reset'"", ""DestClockInfoList:DestClockInfo:ClockDomainId"": ""1"", ""DestClockInfoList:DestClockInfo:ClockName"": ""CLK_PRCM_ACLK"", ""DestClockInfoList:DestClockInfo:ClockObject"": ""ACLK"", ""ReasonInfoList:ReasonInfo:ReasonCode"": ""NO_BLOCKING_METHOD"", ""SrcObject"": ""u_AESDMA_TOP/u_aesdma_top/u_AES_CORE/r_mvalid/Q"", ""DestObject"": ""u_sram_wrfifo_cg/u_dont_touch_preicg/ECK"", ""AllSrcResets:SrcResetInfo:ResetObject"": ""RESETN_ACLK"", ""AllSrcResets:SrcResetInfo:ResetName"": ""RESETN_ACLK"", ""DestSyncResetInfoList:DestResetInfo:ResetName"": ""'no-reset'"", ""SrcClockInfoList:SrcClockInfo:ClockDomainId"": ""1"", ""SrcClockInfoList:SrcClockInfo:ClockName"": ""CLK_PRCM_ACLK"", ""SrcClockInfoList:SrcClockInfo:ClockObject"": ""ACLK"", ""Module"": ""BOS_AESDMA""}","waive_violation -add {RDC_CLOCK_CORRUPT_OBSERVED_121}  -comment {This warning is that output clock of clock gating cell should be active and reset is deasserted. This is confirmed by designer.}  -filter {(RdcSourceResets:ResetName == ""RESETN_ACLK"") AND (RdcDestResets:DestResetInfo:ResetName == ""'no-reset'"") AND (DestClockInfoList:DestClockInfo:ClockDomainId == ""1"") AND (DestClockInfoList:DestClockInfo:ClockName == ""CLK_PRCM_ACLK"") AND (DestClockInfoList:DestClockInfo:ClockObject == ""ACLK"") AND (ReasonInfoList:ReasonInfo:ReasonCode == ""NO_BLOCKING_METHOD"") AND (SrcObject == ""u_AESDMA_TOP/u_aesdma_top/u_AES_CORE/r_mvalid/Q"") AND (DestObject == ""u_sram_wrfifo_cg/u_dont_touch_preicg/ECK"") AND (AllSrcResets:SrcResetInfo:ResetObject == ""RESETN_ACLK"") AND (AllSrcResets:SrcResetInfo:ResetName == ""RESETN_ACLK"") AND (DestSyncResetInfoList:DestResetInfo:ResetName == ""'no-reset'"") AND (SrcClockInfoList:SrcClockInfo:ClockDomainId == ""1"") AND (SrcClockInfoList:SrcClockInfo:ClockName == ""CLK_PRCM_ACLK"") AND (SrcClockInfoList:SrcClockInfo:ClockObject == ""ACLK"") AND (Module == ""BOS_AESDMA"")}  -app { rdc } -tag { RDC_CLOCK_CORRUPT_OBSERVED } -user { minsy0731 } -timestamp { 12-06-2025 13:42:45 }"
RDC_CLOCK_CORRUPT_OBSERVED_122,ACTIVE,1,RDC_CLOCK_CORRUPT_OBSERVED,This warning is that output clock of clock gating cell should be active and reset is deasserted. This is confirmed by designer.,minsy0731,12-06-2025 13:42:45,"{""RdcSourceResets:ResetName"": ""RESETN_ACLK"", ""RdcDestResets:DestResetInfo:ResetName"": ""'no-reset'"", ""DestClockInfoList:DestClockInfo:ClockDomainId"": ""1"", ""DestClockInfoList:DestClockInfo:ClockName"": ""CLK_PRCM_ACLK"", ""DestClockInfoList:DestClockInfo:ClockObject"": ""ACLK"", ""ReasonInfoList:ReasonInfo:ReasonCode"": ""NO_BLOCKING_METHOD"", ""SrcObject"": ""u_AESDMA_TOP/u_aesdma_top/u_AESDMA_DATAGEN/u_AESDMA_PRBS_GEN_in_DATAGEN/u_REGFIFO_for_prbs/r_cnt/Q[1:0]"", ""DestObject"": ""u_sram_wrfifo_cg/u_dont_touch_preicg/ECK"", ""AllSrcResets:SrcResetInfo:ResetObject"": ""RESETN_ACLK"", ""AllSrcResets:SrcResetInfo:ResetName"": ""RESETN_ACLK"", ""DestSyncResetInfoList:DestResetInfo:ResetName"": ""'no-reset'"", ""SrcClockInfoList:SrcClockInfo:ClockDomainId"": ""1"", ""SrcClockInfoList:SrcClockInfo:ClockName"": ""CLK_PRCM_ACLK"", ""SrcClockInfoList:SrcClockInfo:ClockObject"": ""ACLK"", ""Module"": ""BOS_AESDMA""}","waive_violation -add {RDC_CLOCK_CORRUPT_OBSERVED_122}  -comment {This warning is that output clock of clock gating cell should be active and reset is deasserted. This is confirmed by designer.}  -filter {(RdcSourceResets:ResetName == ""RESETN_ACLK"") AND (RdcDestResets:DestResetInfo:ResetName == ""'no-reset'"") AND (DestClockInfoList:DestClockInfo:ClockDomainId == ""1"") AND (DestClockInfoList:DestClockInfo:ClockName == ""CLK_PRCM_ACLK"") AND (DestClockInfoList:DestClockInfo:ClockObject == ""ACLK"") AND (ReasonInfoList:ReasonInfo:ReasonCode == ""NO_BLOCKING_METHOD"") AND (SrcObject == ""u_AESDMA_TOP/u_aesdma_top/u_AESDMA_DATAGEN/u_AESDMA_PRBS_GEN_in_DATAGEN/u_REGFIFO_for_prbs/r_cnt/Q[1:0]"") AND (DestObject == ""u_sram_wrfifo_cg/u_dont_touch_preicg/ECK"") AND (AllSrcResets:SrcResetInfo:ResetObject == ""RESETN_ACLK"") AND (AllSrcResets:SrcResetInfo:ResetName == ""RESETN_ACLK"") AND (DestSyncResetInfoList:DestResetInfo:ResetName == ""'no-reset'"") AND (SrcClockInfoList:SrcClockInfo:ClockDomainId == ""1"") AND (SrcClockInfoList:SrcClockInfo:ClockName == ""CLK_PRCM_ACLK"") AND (SrcClockInfoList:SrcClockInfo:ClockObject == ""ACLK"") AND (Module == ""BOS_AESDMA"")}  -app { rdc } -tag { RDC_CLOCK_CORRUPT_OBSERVED } -user { minsy0731 } -timestamp { 12-06-2025 13:42:45 }"
RDC_CLOCK_CORRUPT_OBSERVED_123,ACTIVE,1,RDC_CLOCK_CORRUPT_OBSERVED,This warning is that output clock of clock gating cell should be active and reset is deasserted. This is confirmed by designer.,minsy0731,12-06-2025 13:42:45,"{""RdcSourceResets:ResetName"": ""RESETN_ACLK"", ""RdcDestResets:DestResetInfo:ResetName"": ""'no-reset'"", ""DestClockInfoList:DestClockInfo:ClockDomainId"": ""1"", ""DestClockInfoList:DestClockInfo:ClockName"": ""CLK_PRCM_ACLK"", ""DestClockInfoList:DestClockInfo:ClockObject"": ""ACLK"", ""ReasonInfoList:ReasonInfo:ReasonCode"": ""NO_BLOCKING_METHOD"", ""SrcObject"": ""u_AESDMA_TOP/u_aesdma_top/u_AESDMA_WRCORE/u_AESDMA_DMA_WR_FIFO/u_REGFIFO/r_cnt/Q[1:0]"", ""DestObject"": ""u_sram_wrfifo_cg/u_dont_touch_preicg/ECK"", ""AllSrcResets:SrcResetInfo:ResetObject"": ""RESETN_ACLK"", ""AllSrcResets:SrcResetInfo:ResetName"": ""RESETN_ACLK"", ""DestSyncResetInfoList:DestResetInfo:ResetName"": ""'no-reset'"", ""SrcClockInfoList:SrcClockInfo:ClockDomainId"": ""1"", ""SrcClockInfoList:SrcClockInfo:ClockName"": ""CLK_PRCM_ACLK"", ""SrcClockInfoList:SrcClockInfo:ClockObject"": ""ACLK"", ""Module"": ""BOS_AESDMA""}","waive_violation -add {RDC_CLOCK_CORRUPT_OBSERVED_123}  -comment {This warning is that output clock of clock gating cell should be active and reset is deasserted. This is confirmed by designer.}  -filter {(RdcSourceResets:ResetName == ""RESETN_ACLK"") AND (RdcDestResets:DestResetInfo:ResetName == ""'no-reset'"") AND (DestClockInfoList:DestClockInfo:ClockDomainId == ""1"") AND (DestClockInfoList:DestClockInfo:ClockName == ""CLK_PRCM_ACLK"") AND (DestClockInfoList:DestClockInfo:ClockObject == ""ACLK"") AND (ReasonInfoList:ReasonInfo:ReasonCode == ""NO_BLOCKING_METHOD"") AND (SrcObject == ""u_AESDMA_TOP/u_aesdma_top/u_AESDMA_WRCORE/u_AESDMA_DMA_WR_FIFO/u_REGFIFO/r_cnt/Q[1:0]"") AND (DestObject == ""u_sram_wrfifo_cg/u_dont_touch_preicg/ECK"") AND (AllSrcResets:SrcResetInfo:ResetObject == ""RESETN_ACLK"") AND (AllSrcResets:SrcResetInfo:ResetName == ""RESETN_ACLK"") AND (DestSyncResetInfoList:DestResetInfo:ResetName == ""'no-reset'"") AND (SrcClockInfoList:SrcClockInfo:ClockDomainId == ""1"") AND (SrcClockInfoList:SrcClockInfo:ClockName == ""CLK_PRCM_ACLK"") AND (SrcClockInfoList:SrcClockInfo:ClockObject == ""ACLK"") AND (Module == ""BOS_AESDMA"")}  -app { rdc } -tag { RDC_CLOCK_CORRUPT_OBSERVED } -user { minsy0731 } -timestamp { 12-06-2025 13:42:45 }"
RDC_CLOCK_CORRUPT_OBSERVED_124,ACTIVE,1,RDC_CLOCK_CORRUPT_OBSERVED,This warning is that output clock of clock gating cell should be active and reset is deasserted. This is confirmed by designer.,minsy0731,12-06-2025 13:42:45,"{""RdcSourceResets:ResetName"": ""RESETN_ACLK"", ""RdcDestResets:DestResetInfo:ResetName"": ""'no-reset'"", ""DestClockInfoList:DestClockInfo:ClockDomainId"": ""1"", ""DestClockInfoList:DestClockInfo:ClockName"": ""CLK_PRCM_ACLK"", ""DestClockInfoList:DestClockInfo:ClockObject"": ""ACLK"", ""ReasonInfoList:ReasonInfo:ReasonCode"": ""NO_BLOCKING_METHOD"", ""SrcObject"": ""u_AESDMA_TOP/u_aesdma_top/u_AESDMA_WRCORE/u_AESDMA_DMA_WR_FIFO/u_REGFIFO/r_ex_cnt/Q"", ""DestObject"": ""u_sram_wrfifo_cg/u_dont_touch_preicg/ECK"", ""AllSrcResets:SrcResetInfo:ResetObject"": ""RESETN_ACLK"", ""AllSrcResets:SrcResetInfo:ResetName"": ""RESETN_ACLK"", ""DestSyncResetInfoList:DestResetInfo:ResetName"": ""'no-reset'"", ""SrcClockInfoList:SrcClockInfo:ClockDomainId"": ""1"", ""SrcClockInfoList:SrcClockInfo:ClockName"": ""CLK_PRCM_ACLK"", ""SrcClockInfoList:SrcClockInfo:ClockObject"": ""ACLK"", ""Module"": ""BOS_AESDMA""}","waive_violation -add {RDC_CLOCK_CORRUPT_OBSERVED_124}  -comment {This warning is that output clock of clock gating cell should be active and reset is deasserted. This is confirmed by designer.}  -filter {(RdcSourceResets:ResetName == ""RESETN_ACLK"") AND (RdcDestResets:DestResetInfo:ResetName == ""'no-reset'"") AND (DestClockInfoList:DestClockInfo:ClockDomainId == ""1"") AND (DestClockInfoList:DestClockInfo:ClockName == ""CLK_PRCM_ACLK"") AND (DestClockInfoList:DestClockInfo:ClockObject == ""ACLK"") AND (ReasonInfoList:ReasonInfo:ReasonCode == ""NO_BLOCKING_METHOD"") AND (SrcObject == ""u_AESDMA_TOP/u_aesdma_top/u_AESDMA_WRCORE/u_AESDMA_DMA_WR_FIFO/u_REGFIFO/r_ex_cnt/Q"") AND (DestObject == ""u_sram_wrfifo_cg/u_dont_touch_preicg/ECK"") AND (AllSrcResets:SrcResetInfo:ResetObject == ""RESETN_ACLK"") AND (AllSrcResets:SrcResetInfo:ResetName == ""RESETN_ACLK"") AND (DestSyncResetInfoList:DestResetInfo:ResetName == ""'no-reset'"") AND (SrcClockInfoList:SrcClockInfo:ClockDomainId == ""1"") AND (SrcClockInfoList:SrcClockInfo:ClockName == ""CLK_PRCM_ACLK"") AND (SrcClockInfoList:SrcClockInfo:ClockObject == ""ACLK"") AND (Module == ""BOS_AESDMA"")}  -app { rdc } -tag { RDC_CLOCK_CORRUPT_OBSERVED } -user { minsy0731 } -timestamp { 12-06-2025 13:42:45 }"
RDC_CLOCK_CORRUPT_OBSERVED_125,ACTIVE,1,RDC_CLOCK_CORRUPT_OBSERVED,This warning is that output clock of clock gating cell should be active and reset is deasserted. This is confirmed by designer.,minsy0731,12-06-2025 13:42:45,"{""RdcSourceResets:ResetName"": ""RESETN_ACLK"", ""RdcDestResets:DestResetInfo:ResetName"": ""'no-reset'"", ""DestClockInfoList:DestClockInfo:ClockDomainId"": ""1"", ""DestClockInfoList:DestClockInfo:ClockName"": ""CLK_PRCM_ACLK"", ""DestClockInfoList:DestClockInfo:ClockObject"": ""ACLK"", ""ReasonInfoList:ReasonInfo:ReasonCode"": ""NO_BLOCKING_METHOD"", ""SrcObject"": ""u_AESDMA_TOP/u_aesdma_top/u_AESDMA_WRCORE/u_AESDMA_DMA_WR_FIFO/w_ex_cnt/Q"", ""DestObject"": ""u_sram_wrfifo_cg/u_dont_touch_preicg/ECK"", ""AllSrcResets:SrcResetInfo:ResetObject"": ""RESETN_ACLK"", ""AllSrcResets:SrcResetInfo:ResetName"": ""RESETN_ACLK"", ""DestSyncResetInfoList:DestResetInfo:ResetName"": ""'no-reset'"", ""SrcClockInfoList:SrcClockInfo:ClockDomainId"": ""1"", ""SrcClockInfoList:SrcClockInfo:ClockName"": ""CLK_PRCM_ACLK"", ""SrcClockInfoList:SrcClockInfo:ClockObject"": ""ACLK"", ""Module"": ""BOS_AESDMA""}","waive_violation -add {RDC_CLOCK_CORRUPT_OBSERVED_125}  -comment {This warning is that output clock of clock gating cell should be active and reset is deasserted. This is confirmed by designer.}  -filter {(RdcSourceResets:ResetName == ""RESETN_ACLK"") AND (RdcDestResets:DestResetInfo:ResetName == ""'no-reset'"") AND (DestClockInfoList:DestClockInfo:ClockDomainId == ""1"") AND (DestClockInfoList:DestClockInfo:ClockName == ""CLK_PRCM_ACLK"") AND (DestClockInfoList:DestClockInfo:ClockObject == ""ACLK"") AND (ReasonInfoList:ReasonInfo:ReasonCode == ""NO_BLOCKING_METHOD"") AND (SrcObject == ""u_AESDMA_TOP/u_aesdma_top/u_AESDMA_WRCORE/u_AESDMA_DMA_WR_FIFO/w_ex_cnt/Q"") AND (DestObject == ""u_sram_wrfifo_cg/u_dont_touch_preicg/ECK"") AND (AllSrcResets:SrcResetInfo:ResetObject == ""RESETN_ACLK"") AND (AllSrcResets:SrcResetInfo:ResetName == ""RESETN_ACLK"") AND (DestSyncResetInfoList:DestResetInfo:ResetName == ""'no-reset'"") AND (SrcClockInfoList:SrcClockInfo:ClockDomainId == ""1"") AND (SrcClockInfoList:SrcClockInfo:ClockName == ""CLK_PRCM_ACLK"") AND (SrcClockInfoList:SrcClockInfo:ClockObject == ""ACLK"") AND (Module == ""BOS_AESDMA"")}  -app { rdc } -tag { RDC_CLOCK_CORRUPT_OBSERVED } -user { minsy0731 } -timestamp { 12-06-2025 13:42:45 }"
RDC_CLOCK_CORRUPT_OBSERVED_126,ACTIVE,1,RDC_CLOCK_CORRUPT_OBSERVED,This warning is that output clock of clock gating cell should be active and reset is deasserted. This is confirmed by designer.,minsy0731,12-06-2025 13:42:45,"{""RdcSourceResets:ResetName"": ""RESETN_ACLK"", ""RdcDestResets:DestResetInfo:ResetName"": ""'no-reset'"", ""DestClockInfoList:DestClockInfo:ClockDomainId"": ""1"", ""DestClockInfoList:DestClockInfo:ClockName"": ""CLK_PRCM_ACLK"", ""DestClockInfoList:DestClockInfo:ClockObject"": ""ACLK"", ""ReasonInfoList:ReasonInfo:ReasonCode"": ""NO_BLOCKING_METHOD"", ""SrcObject"": ""u_AESDMA_TOP/u_aesdma_top/u_AESDMA_WRCORE/u_AESDMA_DMA_WR_FIFO/u_REGFIFO/w_ex_cnt/Q"", ""DestObject"": ""u_sram_wrfifo_cg/u_dont_touch_preicg/ECK"", ""AllSrcResets:SrcResetInfo:ResetObject"": ""RESETN_ACLK"", ""AllSrcResets:SrcResetInfo:ResetName"": ""RESETN_ACLK"", ""DestSyncResetInfoList:DestResetInfo:ResetName"": ""'no-reset'"", ""SrcClockInfoList:SrcClockInfo:ClockDomainId"": ""1"", ""SrcClockInfoList:SrcClockInfo:ClockName"": ""CLK_PRCM_ACLK"", ""SrcClockInfoList:SrcClockInfo:ClockObject"": ""ACLK"", ""Module"": ""BOS_AESDMA""}","waive_violation -add {RDC_CLOCK_CORRUPT_OBSERVED_126}  -comment {This warning is that output clock of clock gating cell should be active and reset is deasserted. This is confirmed by designer.}  -filter {(RdcSourceResets:ResetName == ""RESETN_ACLK"") AND (RdcDestResets:DestResetInfo:ResetName == ""'no-reset'"") AND (DestClockInfoList:DestClockInfo:ClockDomainId == ""1"") AND (DestClockInfoList:DestClockInfo:ClockName == ""CLK_PRCM_ACLK"") AND (DestClockInfoList:DestClockInfo:ClockObject == ""ACLK"") AND (ReasonInfoList:ReasonInfo:ReasonCode == ""NO_BLOCKING_METHOD"") AND (SrcObject == ""u_AESDMA_TOP/u_aesdma_top/u_AESDMA_WRCORE/u_AESDMA_DMA_WR_FIFO/u_REGFIFO/w_ex_cnt/Q"") AND (DestObject == ""u_sram_wrfifo_cg/u_dont_touch_preicg/ECK"") AND (AllSrcResets:SrcResetInfo:ResetObject == ""RESETN_ACLK"") AND (AllSrcResets:SrcResetInfo:ResetName == ""RESETN_ACLK"") AND (DestSyncResetInfoList:DestResetInfo:ResetName == ""'no-reset'"") AND (SrcClockInfoList:SrcClockInfo:ClockDomainId == ""1"") AND (SrcClockInfoList:SrcClockInfo:ClockName == ""CLK_PRCM_ACLK"") AND (SrcClockInfoList:SrcClockInfo:ClockObject == ""ACLK"") AND (Module == ""BOS_AESDMA"")}  -app { rdc } -tag { RDC_CLOCK_CORRUPT_OBSERVED } -user { minsy0731 } -timestamp { 12-06-2025 13:42:45 }"
RDC_CLOCK_CORRUPT_OBSERVED_127,ACTIVE,1,RDC_CLOCK_CORRUPT_OBSERVED,This warning is that output clock of clock gating cell should be active and reset is deasserted. This is confirmed by designer.,minsy0731,12-06-2025 13:42:45,"{""RdcSourceResets:ResetName"": ""RESETN_ACLK"", ""RdcDestResets:DestResetInfo:ResetName"": ""'no-reset'"", ""DestClockInfoList:DestClockInfo:ClockDomainId"": ""1"", ""DestClockInfoList:DestClockInfo:ClockName"": ""CLK_PRCM_ACLK"", ""DestClockInfoList:DestClockInfo:ClockObject"": ""ACLK"", ""ReasonInfoList:ReasonInfo:ReasonCode"": ""NO_BLOCKING_METHOD"", ""SrcObject"": ""u_AESDMA_TOP/u_aesdma_top/u_AESDMA_DATAGEN/r_cur_st_datagen/Q[1:0]"", ""DestObject"": ""u_sram_wrfifo_cg/u_dont_touch_preicg/ECK"", ""AllSrcResets:SrcResetInfo:ResetObject"": ""RESETN_ACLK"", ""AllSrcResets:SrcResetInfo:ResetName"": ""RESETN_ACLK"", ""DestSyncResetInfoList:DestResetInfo:ResetName"": ""'no-reset'"", ""SrcClockInfoList:SrcClockInfo:ClockDomainId"": ""1"", ""SrcClockInfoList:SrcClockInfo:ClockName"": ""CLK_PRCM_ACLK"", ""SrcClockInfoList:SrcClockInfo:ClockObject"": ""ACLK"", ""Module"": ""BOS_AESDMA""}","waive_violation -add {RDC_CLOCK_CORRUPT_OBSERVED_127}  -comment {This warning is that output clock of clock gating cell should be active and reset is deasserted. This is confirmed by designer.}  -filter {(RdcSourceResets:ResetName == ""RESETN_ACLK"") AND (RdcDestResets:DestResetInfo:ResetName == ""'no-reset'"") AND (DestClockInfoList:DestClockInfo:ClockDomainId == ""1"") AND (DestClockInfoList:DestClockInfo:ClockName == ""CLK_PRCM_ACLK"") AND (DestClockInfoList:DestClockInfo:ClockObject == ""ACLK"") AND (ReasonInfoList:ReasonInfo:ReasonCode == ""NO_BLOCKING_METHOD"") AND (SrcObject == ""u_AESDMA_TOP/u_aesdma_top/u_AESDMA_DATAGEN/r_cur_st_datagen/Q[1:0]"") AND (DestObject == ""u_sram_wrfifo_cg/u_dont_touch_preicg/ECK"") AND (AllSrcResets:SrcResetInfo:ResetObject == ""RESETN_ACLK"") AND (AllSrcResets:SrcResetInfo:ResetName == ""RESETN_ACLK"") AND (DestSyncResetInfoList:DestResetInfo:ResetName == ""'no-reset'"") AND (SrcClockInfoList:SrcClockInfo:ClockDomainId == ""1"") AND (SrcClockInfoList:SrcClockInfo:ClockName == ""CLK_PRCM_ACLK"") AND (SrcClockInfoList:SrcClockInfo:ClockObject == ""ACLK"") AND (Module == ""BOS_AESDMA"")}  -app { rdc } -tag { RDC_CLOCK_CORRUPT_OBSERVED } -user { minsy0731 } -timestamp { 12-06-2025 13:42:45 }"
RDC_CLOCK_CORRUPT_OBSERVED_128,ACTIVE,1,RDC_CLOCK_CORRUPT_OBSERVED,This warning is that output clock of clock gating cell should be active and reset is deasserted. This is confirmed by designer.,minsy0731,12-06-2025 13:42:45,"{""RdcSourceResets:ResetName"": ""RESETN_ACLK"", ""RdcDestResets:DestResetInfo:ResetName"": ""'no-reset'"", ""DestClockInfoList:DestClockInfo:ClockDomainId"": ""1"", ""DestClockInfoList:DestClockInfo:ClockName"": ""CLK_PRCM_ACLK"", ""DestClockInfoList:DestClockInfo:ClockObject"": ""ACLK"", ""ReasonInfoList:ReasonInfo:ReasonCode"": ""NO_BLOCKING_METHOD"", ""SrcObject"": ""u_AESDMA_TOP/u_aesdma_top/u_AESDMA_WRCORE/u_AESDMA_DMA_WR_FIFO/u_REGFIFO/w_cnt/Q[1:0]"", ""DestObject"": ""u_sram_wrfifo_cg/u_dont_touch_preicg/ECK"", ""AllSrcResets:SrcResetInfo:ResetObject"": ""RESETN_ACLK"", ""AllSrcResets:SrcResetInfo:ResetName"": ""RESETN_ACLK"", ""DestSyncResetInfoList:DestResetInfo:ResetName"": ""'no-reset'"", ""SrcClockInfoList:SrcClockInfo:ClockDomainId"": ""1"", ""SrcClockInfoList:SrcClockInfo:ClockName"": ""CLK_PRCM_ACLK"", ""SrcClockInfoList:SrcClockInfo:ClockObject"": ""ACLK"", ""Module"": ""BOS_AESDMA""}","waive_violation -add {RDC_CLOCK_CORRUPT_OBSERVED_128}  -comment {This warning is that output clock of clock gating cell should be active and reset is deasserted. This is confirmed by designer.}  -filter {(RdcSourceResets:ResetName == ""RESETN_ACLK"") AND (RdcDestResets:DestResetInfo:ResetName == ""'no-reset'"") AND (DestClockInfoList:DestClockInfo:ClockDomainId == ""1"") AND (DestClockInfoList:DestClockInfo:ClockName == ""CLK_PRCM_ACLK"") AND (DestClockInfoList:DestClockInfo:ClockObject == ""ACLK"") AND (ReasonInfoList:ReasonInfo:ReasonCode == ""NO_BLOCKING_METHOD"") AND (SrcObject == ""u_AESDMA_TOP/u_aesdma_top/u_AESDMA_WRCORE/u_AESDMA_DMA_WR_FIFO/u_REGFIFO/w_cnt/Q[1:0]"") AND (DestObject == ""u_sram_wrfifo_cg/u_dont_touch_preicg/ECK"") AND (AllSrcResets:SrcResetInfo:ResetObject == ""RESETN_ACLK"") AND (AllSrcResets:SrcResetInfo:ResetName == ""RESETN_ACLK"") AND (DestSyncResetInfoList:DestResetInfo:ResetName == ""'no-reset'"") AND (SrcClockInfoList:SrcClockInfo:ClockDomainId == ""1"") AND (SrcClockInfoList:SrcClockInfo:ClockName == ""CLK_PRCM_ACLK"") AND (SrcClockInfoList:SrcClockInfo:ClockObject == ""ACLK"") AND (Module == ""BOS_AESDMA"")}  -app { rdc } -tag { RDC_CLOCK_CORRUPT_OBSERVED } -user { minsy0731 } -timestamp { 12-06-2025 13:42:45 }"
RDC_CLOCK_CORRUPT_OBSERVED_129,ACTIVE,1,RDC_CLOCK_CORRUPT_OBSERVED,This warning is that output clock of clock gating cell should be active and reset is deasserted. This is confirmed by designer.,minsy0731,12-06-2025 13:42:45,"{""RdcSourceResets:ResetName"": ""RESETN_ACLK"", ""RdcDestResets:DestResetInfo:ResetName"": ""'no-reset'"", ""DestClockInfoList:DestClockInfo:ClockDomainId"": ""1"", ""DestClockInfoList:DestClockInfo:ClockName"": ""CLK_PRCM_ACLK"", ""DestClockInfoList:DestClockInfo:ClockObject"": ""ACLK"", ""ReasonInfoList:ReasonInfo:ReasonCode"": ""NO_BLOCKING_METHOD"", ""SrcObject"": ""u_AESDMA_TOP/u_aesdma_top/u_AESDMA_WRCORE/u_AESDMA_DMA_WR_FIFO/r_cen_a_d1/Q"", ""DestObject"": ""u_sram_wrfifo_cg/u_dont_touch_preicg/ECK"", ""AllSrcResets:SrcResetInfo:ResetObject"": ""RESETN_ACLK"", ""AllSrcResets:SrcResetInfo:ResetName"": ""RESETN_ACLK"", ""DestSyncResetInfoList:DestResetInfo:ResetName"": ""'no-reset'"", ""SrcClockInfoList:SrcClockInfo:ClockDomainId"": ""1"", ""SrcClockInfoList:SrcClockInfo:ClockName"": ""CLK_PRCM_ACLK"", ""SrcClockInfoList:SrcClockInfo:ClockObject"": ""ACLK"", ""Module"": ""BOS_AESDMA""}","waive_violation -add {RDC_CLOCK_CORRUPT_OBSERVED_129}  -comment {This warning is that output clock of clock gating cell should be active and reset is deasserted. This is confirmed by designer.}  -filter {(RdcSourceResets:ResetName == ""RESETN_ACLK"") AND (RdcDestResets:DestResetInfo:ResetName == ""'no-reset'"") AND (DestClockInfoList:DestClockInfo:ClockDomainId == ""1"") AND (DestClockInfoList:DestClockInfo:ClockName == ""CLK_PRCM_ACLK"") AND (DestClockInfoList:DestClockInfo:ClockObject == ""ACLK"") AND (ReasonInfoList:ReasonInfo:ReasonCode == ""NO_BLOCKING_METHOD"") AND (SrcObject == ""u_AESDMA_TOP/u_aesdma_top/u_AESDMA_WRCORE/u_AESDMA_DMA_WR_FIFO/r_cen_a_d1/Q"") AND (DestObject == ""u_sram_wrfifo_cg/u_dont_touch_preicg/ECK"") AND (AllSrcResets:SrcResetInfo:ResetObject == ""RESETN_ACLK"") AND (AllSrcResets:SrcResetInfo:ResetName == ""RESETN_ACLK"") AND (DestSyncResetInfoList:DestResetInfo:ResetName == ""'no-reset'"") AND (SrcClockInfoList:SrcClockInfo:ClockDomainId == ""1"") AND (SrcClockInfoList:SrcClockInfo:ClockName == ""CLK_PRCM_ACLK"") AND (SrcClockInfoList:SrcClockInfo:ClockObject == ""ACLK"") AND (Module == ""BOS_AESDMA"")}  -app { rdc } -tag { RDC_CLOCK_CORRUPT_OBSERVED } -user { minsy0731 } -timestamp { 12-06-2025 13:42:45 }"
RDC_CLOCK_CORRUPT_OBSERVED_130,ACTIVE,1,RDC_CLOCK_CORRUPT_OBSERVED,This warning is that output clock of clock gating cell should be active and reset is deasserted. This is confirmed by designer.,minsy0731,12-06-2025 13:42:45,"{""RdcSourceResets:ResetName"": ""RESETN_ACLK"", ""RdcDestResets:DestResetInfo:ResetName"": ""'no-reset'"", ""DestClockInfoList:DestClockInfo:ClockDomainId"": ""1"", ""DestClockInfoList:DestClockInfo:ClockName"": ""CLK_PRCM_ACLK"", ""DestClockInfoList:DestClockInfo:ClockObject"": ""ACLK"", ""ReasonInfoList:ReasonInfo:ReasonCode"": ""NO_BLOCKING_METHOD"", ""SrcObject"": ""u_AESDMA_TOP/u_aesdma_top/u_AESDMA_WRCORE/u_AESDMA_DMA_WR_FIFO/r_ex_cnt/Q"", ""DestObject"": ""u_sram_wrfifo_cg/u_dont_touch_preicg/ECK"", ""AllSrcResets:SrcResetInfo:ResetObject"": ""RESETN_ACLK"", ""AllSrcResets:SrcResetInfo:ResetName"": ""RESETN_ACLK"", ""DestSyncResetInfoList:DestResetInfo:ResetName"": ""'no-reset'"", ""SrcClockInfoList:SrcClockInfo:ClockDomainId"": ""1"", ""SrcClockInfoList:SrcClockInfo:ClockName"": ""CLK_PRCM_ACLK"", ""SrcClockInfoList:SrcClockInfo:ClockObject"": ""ACLK"", ""Module"": ""BOS_AESDMA""}","waive_violation -add {RDC_CLOCK_CORRUPT_OBSERVED_130}  -comment {This warning is that output clock of clock gating cell should be active and reset is deasserted. This is confirmed by designer.}  -filter {(RdcSourceResets:ResetName == ""RESETN_ACLK"") AND (RdcDestResets:DestResetInfo:ResetName == ""'no-reset'"") AND (DestClockInfoList:DestClockInfo:ClockDomainId == ""1"") AND (DestClockInfoList:DestClockInfo:ClockName == ""CLK_PRCM_ACLK"") AND (DestClockInfoList:DestClockInfo:ClockObject == ""ACLK"") AND (ReasonInfoList:ReasonInfo:ReasonCode == ""NO_BLOCKING_METHOD"") AND (SrcObject == ""u_AESDMA_TOP/u_aesdma_top/u_AESDMA_WRCORE/u_AESDMA_DMA_WR_FIFO/r_ex_cnt/Q"") AND (DestObject == ""u_sram_wrfifo_cg/u_dont_touch_preicg/ECK"") AND (AllSrcResets:SrcResetInfo:ResetObject == ""RESETN_ACLK"") AND (AllSrcResets:SrcResetInfo:ResetName == ""RESETN_ACLK"") AND (DestSyncResetInfoList:DestResetInfo:ResetName == ""'no-reset'"") AND (SrcClockInfoList:SrcClockInfo:ClockDomainId == ""1"") AND (SrcClockInfoList:SrcClockInfo:ClockName == ""CLK_PRCM_ACLK"") AND (SrcClockInfoList:SrcClockInfo:ClockObject == ""ACLK"") AND (Module == ""BOS_AESDMA"")}  -app { rdc } -tag { RDC_CLOCK_CORRUPT_OBSERVED } -user { minsy0731 } -timestamp { 12-06-2025 13:42:45 }"
RDC_CLOCK_CORRUPT_OBSERVED_131,ACTIVE,1,RDC_CLOCK_CORRUPT_OBSERVED,This warning is that output clock of clock gating cell should be active and reset is deasserted. This is confirmed by designer.,minsy0731,12-06-2025 13:42:45,"{""RdcSourceResets:ResetName"": ""RESETN_ACLK"", ""RdcDestResets:DestResetInfo:ResetName"": ""'no-reset'"", ""DestClockInfoList:DestClockInfo:ClockDomainId"": ""1"", ""DestClockInfoList:DestClockInfo:ClockName"": ""CLK_PRCM_ACLK"", ""DestClockInfoList:DestClockInfo:ClockObject"": ""ACLK"", ""ReasonInfoList:ReasonInfo:ReasonCode"": ""NO_BLOCKING_METHOD"", ""SrcObject"": ""u_AESDMA_TOP/u_aesdma_top/u_AESDMA_DATAGEN/u_AESDMA_PRBS_GEN_in_DATAGEN/u_REGFIFO_for_prbs/w_ex_cnt/Q"", ""DestObject"": ""u_sram_wrfifo_cg/u_dont_touch_preicg/ECK"", ""AllSrcResets:SrcResetInfo:ResetObject"": ""RESETN_ACLK"", ""AllSrcResets:SrcResetInfo:ResetName"": ""RESETN_ACLK"", ""DestSyncResetInfoList:DestResetInfo:ResetName"": ""'no-reset'"", ""SrcClockInfoList:SrcClockInfo:ClockDomainId"": ""1"", ""SrcClockInfoList:SrcClockInfo:ClockName"": ""CLK_PRCM_ACLK"", ""SrcClockInfoList:SrcClockInfo:ClockObject"": ""ACLK"", ""Module"": ""BOS_AESDMA""}","waive_violation -add {RDC_CLOCK_CORRUPT_OBSERVED_131}  -comment {This warning is that output clock of clock gating cell should be active and reset is deasserted. This is confirmed by designer.}  -filter {(RdcSourceResets:ResetName == ""RESETN_ACLK"") AND (RdcDestResets:DestResetInfo:ResetName == ""'no-reset'"") AND (DestClockInfoList:DestClockInfo:ClockDomainId == ""1"") AND (DestClockInfoList:DestClockInfo:ClockName == ""CLK_PRCM_ACLK"") AND (DestClockInfoList:DestClockInfo:ClockObject == ""ACLK"") AND (ReasonInfoList:ReasonInfo:ReasonCode == ""NO_BLOCKING_METHOD"") AND (SrcObject == ""u_AESDMA_TOP/u_aesdma_top/u_AESDMA_DATAGEN/u_AESDMA_PRBS_GEN_in_DATAGEN/u_REGFIFO_for_prbs/w_ex_cnt/Q"") AND (DestObject == ""u_sram_wrfifo_cg/u_dont_touch_preicg/ECK"") AND (AllSrcResets:SrcResetInfo:ResetObject == ""RESETN_ACLK"") AND (AllSrcResets:SrcResetInfo:ResetName == ""RESETN_ACLK"") AND (DestSyncResetInfoList:DestResetInfo:ResetName == ""'no-reset'"") AND (SrcClockInfoList:SrcClockInfo:ClockDomainId == ""1"") AND (SrcClockInfoList:SrcClockInfo:ClockName == ""CLK_PRCM_ACLK"") AND (SrcClockInfoList:SrcClockInfo:ClockObject == ""ACLK"") AND (Module == ""BOS_AESDMA"")}  -app { rdc } -tag { RDC_CLOCK_CORRUPT_OBSERVED } -user { minsy0731 } -timestamp { 12-06-2025 13:42:45 }"
RDC_CLOCK_CORRUPT_OBSERVED_132,ACTIVE,1,RDC_CLOCK_CORRUPT_OBSERVED,This warning is that output clock of clock gating cell should be active and reset is deasserted. This is confirmed by designer.,minsy0731,12-06-2025 13:42:45,"{""RdcSourceResets:ResetName"": ""RESETN_ACLK"", ""RdcDestResets:DestResetInfo:ResetName"": ""'no-reset'"", ""DestClockInfoList:DestClockInfo:ClockDomainId"": ""1"", ""DestClockInfoList:DestClockInfo:ClockName"": ""CLK_PRCM_ACLK"", ""DestClockInfoList:DestClockInfo:ClockObject"": ""ACLK"", ""ReasonInfoList:ReasonInfo:ReasonCode"": ""NO_BLOCKING_METHOD"", ""SrcObject"": ""u_AESDMA_TOP/u_aesdma_top/u_AESDMA_SFR/r_dma_con2_dma_op_sel/Q[3:0]"", ""DestObject"": ""u_sram_wrfifo_cg/u_dont_touch_preicg/ECK"", ""AllSrcResets:SrcResetInfo:ResetObject"": ""RESETN_ACLK"", ""AllSrcResets:SrcResetInfo:ResetName"": ""RESETN_ACLK"", ""DestSyncResetInfoList:DestResetInfo:ResetName"": ""'no-reset'"", ""SrcClockInfoList:SrcClockInfo:ClockDomainId"": ""1"", ""SrcClockInfoList:SrcClockInfo:ClockName"": ""CLK_PRCM_ACLK"", ""SrcClockInfoList:SrcClockInfo:ClockObject"": ""ACLK"", ""Module"": ""BOS_AESDMA""}","waive_violation -add {RDC_CLOCK_CORRUPT_OBSERVED_132}  -comment {This warning is that output clock of clock gating cell should be active and reset is deasserted. This is confirmed by designer.}  -filter {(RdcSourceResets:ResetName == ""RESETN_ACLK"") AND (RdcDestResets:DestResetInfo:ResetName == ""'no-reset'"") AND (DestClockInfoList:DestClockInfo:ClockDomainId == ""1"") AND (DestClockInfoList:DestClockInfo:ClockName == ""CLK_PRCM_ACLK"") AND (DestClockInfoList:DestClockInfo:ClockObject == ""ACLK"") AND (ReasonInfoList:ReasonInfo:ReasonCode == ""NO_BLOCKING_METHOD"") AND (SrcObject == ""u_AESDMA_TOP/u_aesdma_top/u_AESDMA_SFR/r_dma_con2_dma_op_sel/Q[3:0]"") AND (DestObject == ""u_sram_wrfifo_cg/u_dont_touch_preicg/ECK"") AND (AllSrcResets:SrcResetInfo:ResetObject == ""RESETN_ACLK"") AND (AllSrcResets:SrcResetInfo:ResetName == ""RESETN_ACLK"") AND (DestSyncResetInfoList:DestResetInfo:ResetName == ""'no-reset'"") AND (SrcClockInfoList:SrcClockInfo:ClockDomainId == ""1"") AND (SrcClockInfoList:SrcClockInfo:ClockName == ""CLK_PRCM_ACLK"") AND (SrcClockInfoList:SrcClockInfo:ClockObject == ""ACLK"") AND (Module == ""BOS_AESDMA"")}  -app { rdc } -tag { RDC_CLOCK_CORRUPT_OBSERVED } -user { minsy0731 } -timestamp { 12-06-2025 13:42:45 }"
RDC_CLOCK_CORRUPT_OBSERVED_133,ACTIVE,1,RDC_CLOCK_CORRUPT_OBSERVED,This warning is that output clock of clock gating cell should be active and reset is deasserted. This is confirmed by designer.,minsy0731,12-06-2025 13:42:45,"{""RdcSourceResets:ResetName"": ""RESETN_ACLK"", ""RdcDestResets:DestResetInfo:ResetName"": ""'no-reset'"", ""DestClockInfoList:DestClockInfo:ClockDomainId"": ""1"", ""DestClockInfoList:DestClockInfo:ClockName"": ""CLK_PRCM_ACLK"", ""DestClockInfoList:DestClockInfo:ClockObject"": ""ACLK"", ""ReasonInfoList:ReasonInfo:ReasonCode"": ""NO_BLOCKING_METHOD"", ""SrcObject"": ""u_AESDMA_TOP/u_aesdma_top/u_AESDMA_RDCORE/u_AESDMA_FWD_RS/ivalid_dst/Q"", ""DestObject"": ""u_sram_wrfifo_cg/u_dont_touch_preicg/ECK"", ""AllSrcResets:SrcResetInfo:ResetObject"": ""RESETN_ACLK"", ""AllSrcResets:SrcResetInfo:ResetName"": ""RESETN_ACLK"", ""DestSyncResetInfoList:DestResetInfo:ResetName"": ""'no-reset'"", ""SrcClockInfoList:SrcClockInfo:ClockDomainId"": ""1"", ""SrcClockInfoList:SrcClockInfo:ClockName"": ""CLK_PRCM_ACLK"", ""SrcClockInfoList:SrcClockInfo:ClockObject"": ""ACLK"", ""Module"": ""BOS_AESDMA""}","waive_violation -add {RDC_CLOCK_CORRUPT_OBSERVED_133}  -comment {This warning is that output clock of clock gating cell should be active and reset is deasserted. This is confirmed by designer.}  -filter {(RdcSourceResets:ResetName == ""RESETN_ACLK"") AND (RdcDestResets:DestResetInfo:ResetName == ""'no-reset'"") AND (DestClockInfoList:DestClockInfo:ClockDomainId == ""1"") AND (DestClockInfoList:DestClockInfo:ClockName == ""CLK_PRCM_ACLK"") AND (DestClockInfoList:DestClockInfo:ClockObject == ""ACLK"") AND (ReasonInfoList:ReasonInfo:ReasonCode == ""NO_BLOCKING_METHOD"") AND (SrcObject == ""u_AESDMA_TOP/u_aesdma_top/u_AESDMA_RDCORE/u_AESDMA_FWD_RS/ivalid_dst/Q"") AND (DestObject == ""u_sram_wrfifo_cg/u_dont_touch_preicg/ECK"") AND (AllSrcResets:SrcResetInfo:ResetObject == ""RESETN_ACLK"") AND (AllSrcResets:SrcResetInfo:ResetName == ""RESETN_ACLK"") AND (DestSyncResetInfoList:DestResetInfo:ResetName == ""'no-reset'"") AND (SrcClockInfoList:SrcClockInfo:ClockDomainId == ""1"") AND (SrcClockInfoList:SrcClockInfo:ClockName == ""CLK_PRCM_ACLK"") AND (SrcClockInfoList:SrcClockInfo:ClockObject == ""ACLK"") AND (Module == ""BOS_AESDMA"")}  -app { rdc } -tag { RDC_CLOCK_CORRUPT_OBSERVED } -user { minsy0731 } -timestamp { 12-06-2025 13:42:45 }"
RDC_CLOCK_CORRUPT_OBSERVED_134,ACTIVE,1,RDC_CLOCK_CORRUPT_OBSERVED,This warning is that output clock of clock gating cell should be active and reset is deasserted. This is confirmed by designer.,minsy0731,12-06-2025 13:42:45,"{""RdcSourceResets:ResetName"": ""RESETN_ACLK"", ""RdcDestResets:DestResetInfo:ResetName"": ""'no-reset'"", ""DestClockInfoList:DestClockInfo:ClockDomainId"": ""1"", ""DestClockInfoList:DestClockInfo:ClockName"": ""CLK_PRCM_ACLK"", ""DestClockInfoList:DestClockInfo:ClockObject"": ""ACLK"", ""ReasonInfoList:ReasonInfo:ReasonCode"": ""NO_BLOCKING_METHOD"", ""SrcObject"": ""u_AESDMA_TOP/u_aesdma_top/u_AESDMA_SFR/r_dma_con2_dma_mode_sel/Q[1:0]"", ""DestObject"": ""u_sram_wrfifo_cg/u_dont_touch_preicg/ECK"", ""AllSrcResets:SrcResetInfo:ResetObject"": ""RESETN_ACLK"", ""AllSrcResets:SrcResetInfo:ResetName"": ""RESETN_ACLK"", ""DestSyncResetInfoList:DestResetInfo:ResetName"": ""'no-reset'"", ""SrcClockInfoList:SrcClockInfo:ClockDomainId"": ""1"", ""SrcClockInfoList:SrcClockInfo:ClockName"": ""CLK_PRCM_ACLK"", ""SrcClockInfoList:SrcClockInfo:ClockObject"": ""ACLK"", ""Module"": ""BOS_AESDMA""}","waive_violation -add {RDC_CLOCK_CORRUPT_OBSERVED_134}  -comment {This warning is that output clock of clock gating cell should be active and reset is deasserted. This is confirmed by designer.}  -filter {(RdcSourceResets:ResetName == ""RESETN_ACLK"") AND (RdcDestResets:DestResetInfo:ResetName == ""'no-reset'"") AND (DestClockInfoList:DestClockInfo:ClockDomainId == ""1"") AND (DestClockInfoList:DestClockInfo:ClockName == ""CLK_PRCM_ACLK"") AND (DestClockInfoList:DestClockInfo:ClockObject == ""ACLK"") AND (ReasonInfoList:ReasonInfo:ReasonCode == ""NO_BLOCKING_METHOD"") AND (SrcObject == ""u_AESDMA_TOP/u_aesdma_top/u_AESDMA_SFR/r_dma_con2_dma_mode_sel/Q[1:0]"") AND (DestObject == ""u_sram_wrfifo_cg/u_dont_touch_preicg/ECK"") AND (AllSrcResets:SrcResetInfo:ResetObject == ""RESETN_ACLK"") AND (AllSrcResets:SrcResetInfo:ResetName == ""RESETN_ACLK"") AND (DestSyncResetInfoList:DestResetInfo:ResetName == ""'no-reset'"") AND (SrcClockInfoList:SrcClockInfo:ClockDomainId == ""1"") AND (SrcClockInfoList:SrcClockInfo:ClockName == ""CLK_PRCM_ACLK"") AND (SrcClockInfoList:SrcClockInfo:ClockObject == ""ACLK"") AND (Module == ""BOS_AESDMA"")}  -app { rdc } -tag { RDC_CLOCK_CORRUPT_OBSERVED } -user { minsy0731 } -timestamp { 12-06-2025 13:42:45 }"
RDC_CLOCK_CORRUPT_OBSERVED_135,ACTIVE,1,RDC_CLOCK_CORRUPT_OBSERVED,This warning is that output clock of clock gating cell should be active and reset is deasserted. This is confirmed by designer.,minsy0731,12-06-2025 13:42:45,"{""RdcSourceResets:ResetName"": ""RESETN_ACLK"", ""RdcDestResets:DestResetInfo:ResetName"": ""'no-reset'"", ""DestClockInfoList:DestClockInfo:ClockDomainId"": ""1"", ""DestClockInfoList:DestClockInfo:ClockName"": ""CLK_PRCM_ACLK"", ""DestClockInfoList:DestClockInfo:ClockObject"": ""ACLK"", ""ReasonInfoList:ReasonInfo:ReasonCode"": ""NO_BLOCKING_METHOD"", ""SrcObject"": ""u_AESDMA_TOP/u_aesdma_top/u_AESDMA_WRCORE/u_AESDMA_DMA_WR_FIFO/w_cnt/Q[4:0]"", ""DestObject"": ""u_sram_wrfifo_cg/u_dont_touch_preicg/ECK"", ""AllSrcResets:SrcResetInfo:ResetObject"": ""RESETN_ACLK"", ""AllSrcResets:SrcResetInfo:ResetName"": ""RESETN_ACLK"", ""DestSyncResetInfoList:DestResetInfo:ResetName"": ""'no-reset'"", ""SrcClockInfoList:SrcClockInfo:ClockDomainId"": ""1"", ""SrcClockInfoList:SrcClockInfo:ClockName"": ""CLK_PRCM_ACLK"", ""SrcClockInfoList:SrcClockInfo:ClockObject"": ""ACLK"", ""Module"": ""BOS_AESDMA""}","waive_violation -add {RDC_CLOCK_CORRUPT_OBSERVED_135}  -comment {This warning is that output clock of clock gating cell should be active and reset is deasserted. This is confirmed by designer.}  -filter {(RdcSourceResets:ResetName == ""RESETN_ACLK"") AND (RdcDestResets:DestResetInfo:ResetName == ""'no-reset'"") AND (DestClockInfoList:DestClockInfo:ClockDomainId == ""1"") AND (DestClockInfoList:DestClockInfo:ClockName == ""CLK_PRCM_ACLK"") AND (DestClockInfoList:DestClockInfo:ClockObject == ""ACLK"") AND (ReasonInfoList:ReasonInfo:ReasonCode == ""NO_BLOCKING_METHOD"") AND (SrcObject == ""u_AESDMA_TOP/u_aesdma_top/u_AESDMA_WRCORE/u_AESDMA_DMA_WR_FIFO/w_cnt/Q[4:0]"") AND (DestObject == ""u_sram_wrfifo_cg/u_dont_touch_preicg/ECK"") AND (AllSrcResets:SrcResetInfo:ResetObject == ""RESETN_ACLK"") AND (AllSrcResets:SrcResetInfo:ResetName == ""RESETN_ACLK"") AND (DestSyncResetInfoList:DestResetInfo:ResetName == ""'no-reset'"") AND (SrcClockInfoList:SrcClockInfo:ClockDomainId == ""1"") AND (SrcClockInfoList:SrcClockInfo:ClockName == ""CLK_PRCM_ACLK"") AND (SrcClockInfoList:SrcClockInfo:ClockObject == ""ACLK"") AND (Module == ""BOS_AESDMA"")}  -app { rdc } -tag { RDC_CLOCK_CORRUPT_OBSERVED } -user { minsy0731 } -timestamp { 12-06-2025 13:42:45 }"
RDC_CLOCK_CORRUPT_OBSERVED_136,ACTIVE,1,RDC_CLOCK_CORRUPT_OBSERVED,This warning is that output clock of clock gating cell should be active and reset is deasserted. This is confirmed by designer.,minsy0731,12-06-2025 13:42:45,"{""RdcSourceResets:ResetName"": ""RESETN_ACLK"", ""RdcDestResets:DestResetInfo:ResetName"": ""'no-reset'"", ""DestClockInfoList:DestClockInfo:ClockDomainId"": ""1"", ""DestClockInfoList:DestClockInfo:ClockName"": ""CLK_PRCM_ACLK"", ""DestClockInfoList:DestClockInfo:ClockObject"": ""ACLK"", ""ReasonInfoList:ReasonInfo:ReasonCode"": ""NO_BLOCKING_METHOD"", ""SrcObject"": ""u_AESDMA_TOP/u_aesdma_top/u_AESDMA_DATAGEN/u_AESDMA_PRBS_GEN_in_DATAGEN/u_REGFIFO_for_prbs/w_cnt/Q[1:0]"", ""DestObject"": ""u_sram_wrfifo_cg/u_dont_touch_preicg/ECK"", ""AllSrcResets:SrcResetInfo:ResetObject"": ""RESETN_ACLK"", ""AllSrcResets:SrcResetInfo:ResetName"": ""RESETN_ACLK"", ""DestSyncResetInfoList:DestResetInfo:ResetName"": ""'no-reset'"", ""SrcClockInfoList:SrcClockInfo:ClockDomainId"": ""1"", ""SrcClockInfoList:SrcClockInfo:ClockName"": ""CLK_PRCM_ACLK"", ""SrcClockInfoList:SrcClockInfo:ClockObject"": ""ACLK"", ""Module"": ""BOS_AESDMA""}","waive_violation -add {RDC_CLOCK_CORRUPT_OBSERVED_136}  -comment {This warning is that output clock of clock gating cell should be active and reset is deasserted. This is confirmed by designer.}  -filter {(RdcSourceResets:ResetName == ""RESETN_ACLK"") AND (RdcDestResets:DestResetInfo:ResetName == ""'no-reset'"") AND (DestClockInfoList:DestClockInfo:ClockDomainId == ""1"") AND (DestClockInfoList:DestClockInfo:ClockName == ""CLK_PRCM_ACLK"") AND (DestClockInfoList:DestClockInfo:ClockObject == ""ACLK"") AND (ReasonInfoList:ReasonInfo:ReasonCode == ""NO_BLOCKING_METHOD"") AND (SrcObject == ""u_AESDMA_TOP/u_aesdma_top/u_AESDMA_DATAGEN/u_AESDMA_PRBS_GEN_in_DATAGEN/u_REGFIFO_for_prbs/w_cnt/Q[1:0]"") AND (DestObject == ""u_sram_wrfifo_cg/u_dont_touch_preicg/ECK"") AND (AllSrcResets:SrcResetInfo:ResetObject == ""RESETN_ACLK"") AND (AllSrcResets:SrcResetInfo:ResetName == ""RESETN_ACLK"") AND (DestSyncResetInfoList:DestResetInfo:ResetName == ""'no-reset'"") AND (SrcClockInfoList:SrcClockInfo:ClockDomainId == ""1"") AND (SrcClockInfoList:SrcClockInfo:ClockName == ""CLK_PRCM_ACLK"") AND (SrcClockInfoList:SrcClockInfo:ClockObject == ""ACLK"") AND (Module == ""BOS_AESDMA"")}  -app { rdc } -tag { RDC_CLOCK_CORRUPT_OBSERVED } -user { minsy0731 } -timestamp { 12-06-2025 13:42:45 }"
RDC_CLOCK_CORRUPT_OBSERVED_137,ACTIVE,1,RDC_CLOCK_CORRUPT_OBSERVED,This warning is that output clock of clock gating cell should be active and reset is deasserted. This is confirmed by designer.,minsy0731,12-06-2025 13:42:45,"{""RdcSourceResets:ResetName"": ""RESETN_ACLK"", ""RdcDestResets:DestResetInfo:ResetName"": ""'no-reset'"", ""DestClockInfoList:DestClockInfo:ClockDomainId"": ""1"", ""DestClockInfoList:DestClockInfo:ClockName"": ""CLK_PRCM_ACLK"", ""DestClockInfoList:DestClockInfo:ClockObject"": ""ACLK"", ""ReasonInfoList:ReasonInfo:ReasonCode"": ""NO_BLOCKING_METHOD"", ""SrcObject"": ""u_AESDMA_TOP/u_aesdma_top/u_AESDMA_WRCORE/u_AESDMA_DMA_WR_FIFO/r_sram_dout_d1_valid/Q"", ""DestObject"": ""u_sram_wrfifo_cg/u_dont_touch_preicg/ECK"", ""AllSrcResets:SrcResetInfo:ResetObject"": ""RESETN_ACLK"", ""AllSrcResets:SrcResetInfo:ResetName"": ""RESETN_ACLK"", ""DestSyncResetInfoList:DestResetInfo:ResetName"": ""'no-reset'"", ""SrcClockInfoList:SrcClockInfo:ClockDomainId"": ""1"", ""SrcClockInfoList:SrcClockInfo:ClockName"": ""CLK_PRCM_ACLK"", ""SrcClockInfoList:SrcClockInfo:ClockObject"": ""ACLK"", ""Module"": ""BOS_AESDMA""}","waive_violation -add {RDC_CLOCK_CORRUPT_OBSERVED_137}  -comment {This warning is that output clock of clock gating cell should be active and reset is deasserted. This is confirmed by designer.}  -filter {(RdcSourceResets:ResetName == ""RESETN_ACLK"") AND (RdcDestResets:DestResetInfo:ResetName == ""'no-reset'"") AND (DestClockInfoList:DestClockInfo:ClockDomainId == ""1"") AND (DestClockInfoList:DestClockInfo:ClockName == ""CLK_PRCM_ACLK"") AND (DestClockInfoList:DestClockInfo:ClockObject == ""ACLK"") AND (ReasonInfoList:ReasonInfo:ReasonCode == ""NO_BLOCKING_METHOD"") AND (SrcObject == ""u_AESDMA_TOP/u_aesdma_top/u_AESDMA_WRCORE/u_AESDMA_DMA_WR_FIFO/r_sram_dout_d1_valid/Q"") AND (DestObject == ""u_sram_wrfifo_cg/u_dont_touch_preicg/ECK"") AND (AllSrcResets:SrcResetInfo:ResetObject == ""RESETN_ACLK"") AND (AllSrcResets:SrcResetInfo:ResetName == ""RESETN_ACLK"") AND (DestSyncResetInfoList:DestResetInfo:ResetName == ""'no-reset'"") AND (SrcClockInfoList:SrcClockInfo:ClockDomainId == ""1"") AND (SrcClockInfoList:SrcClockInfo:ClockName == ""CLK_PRCM_ACLK"") AND (SrcClockInfoList:SrcClockInfo:ClockObject == ""ACLK"") AND (Module == ""BOS_AESDMA"")}  -app { rdc } -tag { RDC_CLOCK_CORRUPT_OBSERVED } -user { minsy0731 } -timestamp { 12-06-2025 13:42:45 }"
RDC_CLOCK_CORRUPT_OBSERVED_138,ACTIVE,1,RDC_CLOCK_CORRUPT_OBSERVED,This warning is that output clock of clock gating cell should be active and reset is deasserted. This is confirmed by designer.,minsy0731,12-06-2025 13:42:45,"{""RdcSourceResets:ResetName"": ""RESETN_ACLK"", ""RdcDestResets:DestResetInfo:ResetName"": ""'no-reset'"", ""DestClockInfoList:DestClockInfo:ClockDomainId"": ""1"", ""DestClockInfoList:DestClockInfo:ClockName"": ""CLK_PRCM_ACLK"", ""DestClockInfoList:DestClockInfo:ClockObject"": ""ACLK"", ""ReasonInfoList:ReasonInfo:ReasonCode"": ""NO_BLOCKING_METHOD"", ""SrcObject"": ""u_AESDMA_TOP/u_aesdma_top/u_AESDMA_SFR/r_dma_con2_bd_en/Q"", ""DestObject"": ""u_sram_wrfifo_cg/u_dont_touch_preicg/ECK"", ""AllSrcResets:SrcResetInfo:ResetObject"": ""RESETN_ACLK"", ""AllSrcResets:SrcResetInfo:ResetName"": ""RESETN_ACLK"", ""DestSyncResetInfoList:DestResetInfo:ResetName"": ""'no-reset'"", ""SrcClockInfoList:SrcClockInfo:ClockDomainId"": ""1"", ""SrcClockInfoList:SrcClockInfo:ClockName"": ""CLK_PRCM_ACLK"", ""SrcClockInfoList:SrcClockInfo:ClockObject"": ""ACLK"", ""Module"": ""BOS_AESDMA""}","waive_violation -add {RDC_CLOCK_CORRUPT_OBSERVED_138}  -comment {This warning is that output clock of clock gating cell should be active and reset is deasserted. This is confirmed by designer.}  -filter {(RdcSourceResets:ResetName == ""RESETN_ACLK"") AND (RdcDestResets:DestResetInfo:ResetName == ""'no-reset'"") AND (DestClockInfoList:DestClockInfo:ClockDomainId == ""1"") AND (DestClockInfoList:DestClockInfo:ClockName == ""CLK_PRCM_ACLK"") AND (DestClockInfoList:DestClockInfo:ClockObject == ""ACLK"") AND (ReasonInfoList:ReasonInfo:ReasonCode == ""NO_BLOCKING_METHOD"") AND (SrcObject == ""u_AESDMA_TOP/u_aesdma_top/u_AESDMA_SFR/r_dma_con2_bd_en/Q"") AND (DestObject == ""u_sram_wrfifo_cg/u_dont_touch_preicg/ECK"") AND (AllSrcResets:SrcResetInfo:ResetObject == ""RESETN_ACLK"") AND (AllSrcResets:SrcResetInfo:ResetName == ""RESETN_ACLK"") AND (DestSyncResetInfoList:DestResetInfo:ResetName == ""'no-reset'"") AND (SrcClockInfoList:SrcClockInfo:ClockDomainId == ""1"") AND (SrcClockInfoList:SrcClockInfo:ClockName == ""CLK_PRCM_ACLK"") AND (SrcClockInfoList:SrcClockInfo:ClockObject == ""ACLK"") AND (Module == ""BOS_AESDMA"")}  -app { rdc } -tag { RDC_CLOCK_CORRUPT_OBSERVED } -user { minsy0731 } -timestamp { 12-06-2025 13:42:45 }"
RDC_CLOCK_CORRUPT_OBSERVED_139,ACTIVE,1,RDC_CLOCK_CORRUPT_OBSERVED,This warning is that output clock of clock gating cell should be active and reset is deasserted. This is confirmed by designer.,minsy0731,12-06-2025 13:42:45,"{""RdcSourceResets:ResetName"": ""RESETN_ACLK"", ""RdcDestResets:DestResetInfo:ResetName"": ""'no-reset'"", ""DestClockInfoList:DestClockInfo:ClockDomainId"": ""1"", ""DestClockInfoList:DestClockInfo:ClockName"": ""CLK_PRCM_ACLK"", ""DestClockInfoList:DestClockInfo:ClockObject"": ""ACLK"", ""ReasonInfoList:ReasonInfo:ReasonCode"": ""NO_BLOCKING_METHOD"", ""SrcObject"": ""u_AESDMA_TOP/u_aesdma_top/u_AESDMA_DATAGEN/u_AESDMA_PRBS_GEN_in_DATAGEN/u_REGFIFO_for_prbs/r_ex_cnt/Q"", ""DestObject"": ""u_sram_wrfifo_cg/u_dont_touch_preicg/ECK"", ""AllSrcResets:SrcResetInfo:ResetObject"": ""RESETN_ACLK"", ""AllSrcResets:SrcResetInfo:ResetName"": ""RESETN_ACLK"", ""DestSyncResetInfoList:DestResetInfo:ResetName"": ""'no-reset'"", ""SrcClockInfoList:SrcClockInfo:ClockDomainId"": ""1"", ""SrcClockInfoList:SrcClockInfo:ClockName"": ""CLK_PRCM_ACLK"", ""SrcClockInfoList:SrcClockInfo:ClockObject"": ""ACLK"", ""Module"": ""BOS_AESDMA""}","waive_violation -add {RDC_CLOCK_CORRUPT_OBSERVED_139}  -comment {This warning is that output clock of clock gating cell should be active and reset is deasserted. This is confirmed by designer.}  -filter {(RdcSourceResets:ResetName == ""RESETN_ACLK"") AND (RdcDestResets:DestResetInfo:ResetName == ""'no-reset'"") AND (DestClockInfoList:DestClockInfo:ClockDomainId == ""1"") AND (DestClockInfoList:DestClockInfo:ClockName == ""CLK_PRCM_ACLK"") AND (DestClockInfoList:DestClockInfo:ClockObject == ""ACLK"") AND (ReasonInfoList:ReasonInfo:ReasonCode == ""NO_BLOCKING_METHOD"") AND (SrcObject == ""u_AESDMA_TOP/u_aesdma_top/u_AESDMA_DATAGEN/u_AESDMA_PRBS_GEN_in_DATAGEN/u_REGFIFO_for_prbs/r_ex_cnt/Q"") AND (DestObject == ""u_sram_wrfifo_cg/u_dont_touch_preicg/ECK"") AND (AllSrcResets:SrcResetInfo:ResetObject == ""RESETN_ACLK"") AND (AllSrcResets:SrcResetInfo:ResetName == ""RESETN_ACLK"") AND (DestSyncResetInfoList:DestResetInfo:ResetName == ""'no-reset'"") AND (SrcClockInfoList:SrcClockInfo:ClockDomainId == ""1"") AND (SrcClockInfoList:SrcClockInfo:ClockName == ""CLK_PRCM_ACLK"") AND (SrcClockInfoList:SrcClockInfo:ClockObject == ""ACLK"") AND (Module == ""BOS_AESDMA"")}  -app { rdc } -tag { RDC_CLOCK_CORRUPT_OBSERVED } -user { minsy0731 } -timestamp { 12-06-2025 13:42:45 }"
RDC_CLOCK_CORRUPT_OBSERVED_140,ACTIVE,1,RDC_CLOCK_CORRUPT_OBSERVED,This warning is that output clock of clock gating cell should be active and reset is deasserted. This is confirmed by designer.,minsy0731,12-06-2025 13:42:45,"{""RdcSourceResets:ResetName"": ""RESETN_ACLK"", ""RdcDestResets:DestResetInfo:ResetName"": ""'no-reset'"", ""DestClockInfoList:DestClockInfo:ClockDomainId"": ""1"", ""DestClockInfoList:DestClockInfo:ClockName"": ""CLK_PRCM_ACLK"", ""DestClockInfoList:DestClockInfo:ClockObject"": ""ACLK"", ""ReasonInfoList:ReasonInfo:ReasonCode"": ""NO_BLOCKING_METHOD"", ""SrcObject"": ""u_AESDMA_TOP/u_aesdma_top/u_AESDMA_SFR/r_dma_con0_auto_clk_gating_disable/Q"", ""DestObject"": ""u_sram_wrfifo_cg/u_dont_touch_preicg/ECK"", ""AllSrcResets:SrcResetInfo:ResetObject"": ""RESETN_ACLK"", ""AllSrcResets:SrcResetInfo:ResetName"": ""RESETN_ACLK"", ""DestSyncResetInfoList:DestResetInfo:ResetName"": ""'no-reset'"", ""SrcClockInfoList:SrcClockInfo:ClockDomainId"": ""1"", ""SrcClockInfoList:SrcClockInfo:ClockName"": ""CLK_PRCM_ACLK"", ""SrcClockInfoList:SrcClockInfo:ClockObject"": ""ACLK"", ""Module"": ""BOS_AESDMA""}","waive_violation -add {RDC_CLOCK_CORRUPT_OBSERVED_140}  -comment {This warning is that output clock of clock gating cell should be active and reset is deasserted. This is confirmed by designer.}  -filter {(RdcSourceResets:ResetName == ""RESETN_ACLK"") AND (RdcDestResets:DestResetInfo:ResetName == ""'no-reset'"") AND (DestClockInfoList:DestClockInfo:ClockDomainId == ""1"") AND (DestClockInfoList:DestClockInfo:ClockName == ""CLK_PRCM_ACLK"") AND (DestClockInfoList:DestClockInfo:ClockObject == ""ACLK"") AND (ReasonInfoList:ReasonInfo:ReasonCode == ""NO_BLOCKING_METHOD"") AND (SrcObject == ""u_AESDMA_TOP/u_aesdma_top/u_AESDMA_SFR/r_dma_con0_auto_clk_gating_disable/Q"") AND (DestObject == ""u_sram_wrfifo_cg/u_dont_touch_preicg/ECK"") AND (AllSrcResets:SrcResetInfo:ResetObject == ""RESETN_ACLK"") AND (AllSrcResets:SrcResetInfo:ResetName == ""RESETN_ACLK"") AND (DestSyncResetInfoList:DestResetInfo:ResetName == ""'no-reset'"") AND (SrcClockInfoList:SrcClockInfo:ClockDomainId == ""1"") AND (SrcClockInfoList:SrcClockInfo:ClockName == ""CLK_PRCM_ACLK"") AND (SrcClockInfoList:SrcClockInfo:ClockObject == ""ACLK"") AND (Module == ""BOS_AESDMA"")}  -app { rdc } -tag { RDC_CLOCK_CORRUPT_OBSERVED } -user { minsy0731 } -timestamp { 12-06-2025 13:42:45 }"
RDC_CLOCK_CORRUPT_OBSERVED_141,ACTIVE,1,RDC_CLOCK_CORRUPT_OBSERVED,This warning is that output clock of clock gating cell should be active and reset is deasserted. This is confirmed by designer.,minsy0731,12-06-2025 13:42:45,"{""RdcSourceResets:ResetName"": ""RESETN_ACLK"", ""RdcDestResets:DestResetInfo:ResetName"": ""'no-reset'"", ""DestClockInfoList:DestClockInfo:ClockDomainId"": ""1"", ""DestClockInfoList:DestClockInfo:ClockName"": ""CLK_PRCM_ACLK"", ""DestClockInfoList:DestClockInfo:ClockObject"": ""ACLK"", ""ReasonInfoList:ReasonInfo:ReasonCode"": ""NO_BLOCKING_METHOD"", ""SrcObject"": ""u_AESDMA_TOP/u_aesdma_top/u_AESDMA_WRCORE/u_AESDMA_DMA_WR_FIFO/r_cnt/Q[4:0]"", ""DestObject"": ""u_sram_wrfifo_cg/u_dont_touch_preicg/ECK"", ""AllSrcResets:SrcResetInfo:ResetObject"": ""RESETN_ACLK"", ""AllSrcResets:SrcResetInfo:ResetName"": ""RESETN_ACLK"", ""DestSyncResetInfoList:DestResetInfo:ResetName"": ""'no-reset'"", ""SrcClockInfoList:SrcClockInfo:ClockDomainId"": ""1"", ""SrcClockInfoList:SrcClockInfo:ClockName"": ""CLK_PRCM_ACLK"", ""SrcClockInfoList:SrcClockInfo:ClockObject"": ""ACLK"", ""Module"": ""BOS_AESDMA""}","waive_violation -add {RDC_CLOCK_CORRUPT_OBSERVED_141}  -comment {This warning is that output clock of clock gating cell should be active and reset is deasserted. This is confirmed by designer.}  -filter {(RdcSourceResets:ResetName == ""RESETN_ACLK"") AND (RdcDestResets:DestResetInfo:ResetName == ""'no-reset'"") AND (DestClockInfoList:DestClockInfo:ClockDomainId == ""1"") AND (DestClockInfoList:DestClockInfo:ClockName == ""CLK_PRCM_ACLK"") AND (DestClockInfoList:DestClockInfo:ClockObject == ""ACLK"") AND (ReasonInfoList:ReasonInfo:ReasonCode == ""NO_BLOCKING_METHOD"") AND (SrcObject == ""u_AESDMA_TOP/u_aesdma_top/u_AESDMA_WRCORE/u_AESDMA_DMA_WR_FIFO/r_cnt/Q[4:0]"") AND (DestObject == ""u_sram_wrfifo_cg/u_dont_touch_preicg/ECK"") AND (AllSrcResets:SrcResetInfo:ResetObject == ""RESETN_ACLK"") AND (AllSrcResets:SrcResetInfo:ResetName == ""RESETN_ACLK"") AND (DestSyncResetInfoList:DestResetInfo:ResetName == ""'no-reset'"") AND (SrcClockInfoList:SrcClockInfo:ClockDomainId == ""1"") AND (SrcClockInfoList:SrcClockInfo:ClockName == ""CLK_PRCM_ACLK"") AND (SrcClockInfoList:SrcClockInfo:ClockObject == ""ACLK"") AND (Module == ""BOS_AESDMA"")}  -app { rdc } -tag { RDC_CLOCK_CORRUPT_OBSERVED } -user { minsy0731 } -timestamp { 12-06-2025 13:42:45 }"
RDC_CLOCK_CORRUPT_OBSERVED_142,ACTIVE,1,RDC_CLOCK_CORRUPT_OBSERVED,This warning is that output clock of clock gating cell should be active and reset is deasserted. This is confirmed by designer.,minsy0731,12-06-2025 13:42:45,"{""RdcSourceResets:ResetName"": ""RESETN_ACLK"", ""RdcDestResets:DestResetInfo:ResetName"": ""'no-reset'"", ""DestClockInfoList:DestClockInfo:ClockDomainId"": ""1"", ""DestClockInfoList:DestClockInfo:ClockName"": ""CLK_PRCM_ACLK"", ""DestClockInfoList:DestClockInfo:ClockObject"": ""ACLK"", ""ReasonInfoList:ReasonInfo:ReasonCode"": ""NO_BLOCKING_METHOD"", ""SrcObject"": ""r_sram_wrfifo_clk_en_1d/Q"", ""DestObject"": ""u_sram_wrfifo_cg/u_dont_touch_preicg/ECK"", ""AllSrcResets:SrcResetInfo:ResetObject"": ""RESETN_ACLK"", ""AllSrcResets:SrcResetInfo:ResetName"": ""RESETN_ACLK"", ""DestSyncResetInfoList:DestResetInfo:ResetName"": ""'no-reset'"", ""SrcClockInfoList:SrcClockInfo:ClockDomainId"": ""1"", ""SrcClockInfoList:SrcClockInfo:ClockName"": ""CLK_PRCM_ACLK"", ""SrcClockInfoList:SrcClockInfo:ClockObject"": ""ACLK"", ""Module"": ""BOS_AESDMA""}","waive_violation -add {RDC_CLOCK_CORRUPT_OBSERVED_142}  -comment {This warning is that output clock of clock gating cell should be active and reset is deasserted. This is confirmed by designer.}  -filter {(RdcSourceResets:ResetName == ""RESETN_ACLK"") AND (RdcDestResets:DestResetInfo:ResetName == ""'no-reset'"") AND (DestClockInfoList:DestClockInfo:ClockDomainId == ""1"") AND (DestClockInfoList:DestClockInfo:ClockName == ""CLK_PRCM_ACLK"") AND (DestClockInfoList:DestClockInfo:ClockObject == ""ACLK"") AND (ReasonInfoList:ReasonInfo:ReasonCode == ""NO_BLOCKING_METHOD"") AND (SrcObject == ""r_sram_wrfifo_clk_en_1d/Q"") AND (DestObject == ""u_sram_wrfifo_cg/u_dont_touch_preicg/ECK"") AND (AllSrcResets:SrcResetInfo:ResetObject == ""RESETN_ACLK"") AND (AllSrcResets:SrcResetInfo:ResetName == ""RESETN_ACLK"") AND (DestSyncResetInfoList:DestResetInfo:ResetName == ""'no-reset'"") AND (SrcClockInfoList:SrcClockInfo:ClockDomainId == ""1"") AND (SrcClockInfoList:SrcClockInfo:ClockName == ""CLK_PRCM_ACLK"") AND (SrcClockInfoList:SrcClockInfo:ClockObject == ""ACLK"") AND (Module == ""BOS_AESDMA"")}  -app { rdc } -tag { RDC_CLOCK_CORRUPT_OBSERVED } -user { minsy0731 } -timestamp { 12-06-2025 13:42:45 }"
RDC_CLOCK_CORRUPT_OBSERVED_143,ACTIVE,1,RDC_CLOCK_CORRUPT_OBSERVED,This warning is that output clock of clock gating cell should be active and reset is deasserted. This is confirmed by designer.,minsy0731,12-06-2025 13:42:45,"{""RdcSourceResets:ResetName"": ""RESETN_ACLK"", ""RdcDestResets:DestResetInfo:ResetName"": ""'no-reset'"", ""DestClockInfoList:DestClockInfo:ClockDomainId"": ""1"", ""DestClockInfoList:DestClockInfo:ClockName"": ""CLK_PRCM_ACLK"", ""DestClockInfoList:DestClockInfo:ClockObject"": ""ACLK"", ""ReasonInfoList:ReasonInfo:ReasonCode"": ""NO_BLOCKING_METHOD"", ""SrcObject"": ""u_AESDMA_TOP/u_aesdma_top/u_AESDMA_AXI_FIFO/u_RCH_SYNC_FIFO/mem/Q[1:0][136:131]"", ""DestObject"": ""u_sram_rob_cg/u_dont_touch_preicg/ECK"", ""AllSrcResets:SrcResetInfo:ResetObject"": ""RESETN_ACLK"", ""AllSrcResets:SrcResetInfo:ResetName"": ""RESETN_ACLK"", ""DestSyncResetInfoList:DestResetInfo:ResetName"": ""'no-reset'"", ""SrcClockInfoList:SrcClockInfo:ClockDomainId"": ""1"", ""SrcClockInfoList:SrcClockInfo:ClockName"": ""CLK_PRCM_ACLK"", ""SrcClockInfoList:SrcClockInfo:ClockObject"": ""ACLK"", ""Module"": ""BOS_AESDMA""}","waive_violation -add {RDC_CLOCK_CORRUPT_OBSERVED_143}  -comment {This warning is that output clock of clock gating cell should be active and reset is deasserted. This is confirmed by designer.}  -filter {(RdcSourceResets:ResetName == ""RESETN_ACLK"") AND (RdcDestResets:DestResetInfo:ResetName == ""'no-reset'"") AND (DestClockInfoList:DestClockInfo:ClockDomainId == ""1"") AND (DestClockInfoList:DestClockInfo:ClockName == ""CLK_PRCM_ACLK"") AND (DestClockInfoList:DestClockInfo:ClockObject == ""ACLK"") AND (ReasonInfoList:ReasonInfo:ReasonCode == ""NO_BLOCKING_METHOD"") AND (SrcObject == ""u_AESDMA_TOP/u_aesdma_top/u_AESDMA_AXI_FIFO/u_RCH_SYNC_FIFO/mem/Q[1:0][136:131]"") AND (DestObject == ""u_sram_rob_cg/u_dont_touch_preicg/ECK"") AND (AllSrcResets:SrcResetInfo:ResetObject == ""RESETN_ACLK"") AND (AllSrcResets:SrcResetInfo:ResetName == ""RESETN_ACLK"") AND (DestSyncResetInfoList:DestResetInfo:ResetName == ""'no-reset'"") AND (SrcClockInfoList:SrcClockInfo:ClockDomainId == ""1"") AND (SrcClockInfoList:SrcClockInfo:ClockName == ""CLK_PRCM_ACLK"") AND (SrcClockInfoList:SrcClockInfo:ClockObject == ""ACLK"") AND (Module == ""BOS_AESDMA"")}  -app { rdc } -tag { RDC_CLOCK_CORRUPT_OBSERVED } -user { minsy0731 } -timestamp { 12-06-2025 13:42:45 }"
RDC_CLOCK_CORRUPT_OBSERVED_144,ACTIVE,1,RDC_CLOCK_CORRUPT_OBSERVED,This warning is that output clock of clock gating cell should be active and reset is deasserted. This is confirmed by designer.,minsy0731,12-06-2025 13:42:45,"{""RdcSourceResets:ResetName"": ""RESETN_ACLK"", ""RdcDestResets:DestResetInfo:ResetName"": ""'no-reset'"", ""DestClockInfoList:DestClockInfo:ClockDomainId"": ""1"", ""DestClockInfoList:DestClockInfo:ClockName"": ""CLK_PRCM_ACLK"", ""DestClockInfoList:DestClockInfo:ClockObject"": ""ACLK"", ""ReasonInfoList:ReasonInfo:ReasonCode"": ""NO_BLOCKING_METHOD"", ""SrcObject"": ""u_AESDMA_TOP/u_aesdma_top/u_AESDMA_AXI_FIFO/u_RCH_SYNC_FIFO/w_cnt/Q[0]"", ""DestObject"": ""u_sram_rob_cg/u_dont_touch_preicg/ECK"", ""AllSrcResets:SrcResetInfo:ResetObject"": ""RESETN_ACLK"", ""AllSrcResets:SrcResetInfo:ResetName"": ""RESETN_ACLK"", ""DestSyncResetInfoList:DestResetInfo:ResetName"": ""'no-reset'"", ""SrcClockInfoList:SrcClockInfo:ClockDomainId"": ""1"", ""SrcClockInfoList:SrcClockInfo:ClockName"": ""CLK_PRCM_ACLK"", ""SrcClockInfoList:SrcClockInfo:ClockObject"": ""ACLK"", ""Module"": ""BOS_AESDMA""}","waive_violation -add {RDC_CLOCK_CORRUPT_OBSERVED_144}  -comment {This warning is that output clock of clock gating cell should be active and reset is deasserted. This is confirmed by designer.}  -filter {(RdcSourceResets:ResetName == ""RESETN_ACLK"") AND (RdcDestResets:DestResetInfo:ResetName == ""'no-reset'"") AND (DestClockInfoList:DestClockInfo:ClockDomainId == ""1"") AND (DestClockInfoList:DestClockInfo:ClockName == ""CLK_PRCM_ACLK"") AND (DestClockInfoList:DestClockInfo:ClockObject == ""ACLK"") AND (ReasonInfoList:ReasonInfo:ReasonCode == ""NO_BLOCKING_METHOD"") AND (SrcObject == ""u_AESDMA_TOP/u_aesdma_top/u_AESDMA_AXI_FIFO/u_RCH_SYNC_FIFO/w_cnt/Q[0]"") AND (DestObject == ""u_sram_rob_cg/u_dont_touch_preicg/ECK"") AND (AllSrcResets:SrcResetInfo:ResetObject == ""RESETN_ACLK"") AND (AllSrcResets:SrcResetInfo:ResetName == ""RESETN_ACLK"") AND (DestSyncResetInfoList:DestResetInfo:ResetName == ""'no-reset'"") AND (SrcClockInfoList:SrcClockInfo:ClockDomainId == ""1"") AND (SrcClockInfoList:SrcClockInfo:ClockName == ""CLK_PRCM_ACLK"") AND (SrcClockInfoList:SrcClockInfo:ClockObject == ""ACLK"") AND (Module == ""BOS_AESDMA"")}  -app { rdc } -tag { RDC_CLOCK_CORRUPT_OBSERVED } -user { minsy0731 } -timestamp { 12-06-2025 13:42:45 }"
RDC_CLOCK_CORRUPT_OBSERVED_145,ACTIVE,1,RDC_CLOCK_CORRUPT_OBSERVED,This warning is that output clock of clock gating cell should be active and reset is deasserted. This is confirmed by designer.,minsy0731,12-06-2025 13:42:45,"{""RdcSourceResets:ResetName"": ""RESETN_ACLK"", ""RdcDestResets:DestResetInfo:ResetName"": ""'no-reset'"", ""DestClockInfoList:DestClockInfo:ClockDomainId"": ""1"", ""DestClockInfoList:DestClockInfo:ClockName"": ""CLK_PRCM_ACLK"", ""DestClockInfoList:DestClockInfo:ClockObject"": ""ACLK"", ""ReasonInfoList:ReasonInfo:ReasonCode"": ""NO_BLOCKING_METHOD"", ""SrcObject"": ""u_AESDMA_TOP/u_aesdma_top/u_AESDMA_RDCORE/u_AESDMA_REORDER_BUF/u_REGFIFO/r_cnt/Q[1:0]"", ""DestObject"": ""u_sram_rob_cg/u_dont_touch_preicg/ECK"", ""AllSrcResets:SrcResetInfo:ResetObject"": ""RESETN_ACLK"", ""AllSrcResets:SrcResetInfo:ResetName"": ""RESETN_ACLK"", ""DestSyncResetInfoList:DestResetInfo:ResetName"": ""'no-reset'"", ""SrcClockInfoList:SrcClockInfo:ClockDomainId"": ""1"", ""SrcClockInfoList:SrcClockInfo:ClockName"": ""CLK_PRCM_ACLK"", ""SrcClockInfoList:SrcClockInfo:ClockObject"": ""ACLK"", ""Module"": ""BOS_AESDMA""}","waive_violation -add {RDC_CLOCK_CORRUPT_OBSERVED_145}  -comment {This warning is that output clock of clock gating cell should be active and reset is deasserted. This is confirmed by designer.}  -filter {(RdcSourceResets:ResetName == ""RESETN_ACLK"") AND (RdcDestResets:DestResetInfo:ResetName == ""'no-reset'"") AND (DestClockInfoList:DestClockInfo:ClockDomainId == ""1"") AND (DestClockInfoList:DestClockInfo:ClockName == ""CLK_PRCM_ACLK"") AND (DestClockInfoList:DestClockInfo:ClockObject == ""ACLK"") AND (ReasonInfoList:ReasonInfo:ReasonCode == ""NO_BLOCKING_METHOD"") AND (SrcObject == ""u_AESDMA_TOP/u_aesdma_top/u_AESDMA_RDCORE/u_AESDMA_REORDER_BUF/u_REGFIFO/r_cnt/Q[1:0]"") AND (DestObject == ""u_sram_rob_cg/u_dont_touch_preicg/ECK"") AND (AllSrcResets:SrcResetInfo:ResetObject == ""RESETN_ACLK"") AND (AllSrcResets:SrcResetInfo:ResetName == ""RESETN_ACLK"") AND (DestSyncResetInfoList:DestResetInfo:ResetName == ""'no-reset'"") AND (SrcClockInfoList:SrcClockInfo:ClockDomainId == ""1"") AND (SrcClockInfoList:SrcClockInfo:ClockName == ""CLK_PRCM_ACLK"") AND (SrcClockInfoList:SrcClockInfo:ClockObject == ""ACLK"") AND (Module == ""BOS_AESDMA"")}  -app { rdc } -tag { RDC_CLOCK_CORRUPT_OBSERVED } -user { minsy0731 } -timestamp { 12-06-2025 13:42:45 }"
RDC_CLOCK_CORRUPT_OBSERVED_146,ACTIVE,1,RDC_CLOCK_CORRUPT_OBSERVED,This warning is that output clock of clock gating cell should be active and reset is deasserted. This is confirmed by designer.,minsy0731,12-06-2025 13:42:45,"{""RdcSourceResets:ResetName"": ""RESETN_ACLK"", ""RdcDestResets:DestResetInfo:ResetName"": ""'no-reset'"", ""DestClockInfoList:DestClockInfo:ClockDomainId"": ""1"", ""DestClockInfoList:DestClockInfo:ClockName"": ""CLK_PRCM_ACLK"", ""DestClockInfoList:DestClockInfo:ClockObject"": ""ACLK"", ""ReasonInfoList:ReasonInfo:ReasonCode"": ""NO_BLOCKING_METHOD"", ""SrcObject"": ""u_AESDMA_TOP/u_aesdma_top/u_AESDMA_RDCORE/u_AESDMA_REORDER_BUF/u_REGFIFO/r_ex_cnt/Q"", ""DestObject"": ""u_sram_rob_cg/u_dont_touch_preicg/ECK"", ""AllSrcResets:SrcResetInfo:ResetObject"": ""RESETN_ACLK"", ""AllSrcResets:SrcResetInfo:ResetName"": ""RESETN_ACLK"", ""DestSyncResetInfoList:DestResetInfo:ResetName"": ""'no-reset'"", ""SrcClockInfoList:SrcClockInfo:ClockDomainId"": ""1"", ""SrcClockInfoList:SrcClockInfo:ClockName"": ""CLK_PRCM_ACLK"", ""SrcClockInfoList:SrcClockInfo:ClockObject"": ""ACLK"", ""Module"": ""BOS_AESDMA""}","waive_violation -add {RDC_CLOCK_CORRUPT_OBSERVED_146}  -comment {This warning is that output clock of clock gating cell should be active and reset is deasserted. This is confirmed by designer.}  -filter {(RdcSourceResets:ResetName == ""RESETN_ACLK"") AND (RdcDestResets:DestResetInfo:ResetName == ""'no-reset'"") AND (DestClockInfoList:DestClockInfo:ClockDomainId == ""1"") AND (DestClockInfoList:DestClockInfo:ClockName == ""CLK_PRCM_ACLK"") AND (DestClockInfoList:DestClockInfo:ClockObject == ""ACLK"") AND (ReasonInfoList:ReasonInfo:ReasonCode == ""NO_BLOCKING_METHOD"") AND (SrcObject == ""u_AESDMA_TOP/u_aesdma_top/u_AESDMA_RDCORE/u_AESDMA_REORDER_BUF/u_REGFIFO/r_ex_cnt/Q"") AND (DestObject == ""u_sram_rob_cg/u_dont_touch_preicg/ECK"") AND (AllSrcResets:SrcResetInfo:ResetObject == ""RESETN_ACLK"") AND (AllSrcResets:SrcResetInfo:ResetName == ""RESETN_ACLK"") AND (DestSyncResetInfoList:DestResetInfo:ResetName == ""'no-reset'"") AND (SrcClockInfoList:SrcClockInfo:ClockDomainId == ""1"") AND (SrcClockInfoList:SrcClockInfo:ClockName == ""CLK_PRCM_ACLK"") AND (SrcClockInfoList:SrcClockInfo:ClockObject == ""ACLK"") AND (Module == ""BOS_AESDMA"")}  -app { rdc } -tag { RDC_CLOCK_CORRUPT_OBSERVED } -user { minsy0731 } -timestamp { 12-06-2025 13:42:45 }"
RDC_CLOCK_CORRUPT_OBSERVED_147,ACTIVE,1,RDC_CLOCK_CORRUPT_OBSERVED,This warning is that output clock of clock gating cell should be active and reset is deasserted. This is confirmed by designer.,minsy0731,12-06-2025 13:42:45,"{""RdcSourceResets:ResetName"": ""RESETN_ACLK"", ""RdcDestResets:DestResetInfo:ResetName"": ""'no-reset'"", ""DestClockInfoList:DestClockInfo:ClockDomainId"": ""1"", ""DestClockInfoList:DestClockInfo:ClockName"": ""CLK_PRCM_ACLK"", ""DestClockInfoList:DestClockInfo:ClockObject"": ""ACLK"", ""ReasonInfoList:ReasonInfo:ReasonCode"": ""NO_BLOCKING_METHOD"", ""SrcObject"": ""u_AESDMA_TOP/u_aesdma_top/u_AESDMA_RDCORE/u_AESDMA_REORDER_BUF/rd_table[31].table_entry_valid"", ""DestObject"": ""u_sram_rob_cg/u_dont_touch_preicg/ECK"", ""AllSrcResets:SrcResetInfo:ResetObject"": ""RESETN_ACLK"", ""AllSrcResets:SrcResetInfo:ResetName"": ""RESETN_ACLK"", ""DestSyncResetInfoList:DestResetInfo:ResetName"": ""'no-reset'"", ""SrcClockInfoList:SrcClockInfo:ClockDomainId"": ""1"", ""SrcClockInfoList:SrcClockInfo:ClockName"": ""CLK_PRCM_ACLK"", ""SrcClockInfoList:SrcClockInfo:ClockObject"": ""ACLK"", ""Module"": ""BOS_AESDMA""}","waive_violation -add {RDC_CLOCK_CORRUPT_OBSERVED_147}  -comment {This warning is that output clock of clock gating cell should be active and reset is deasserted. This is confirmed by designer.}  -filter {(RdcSourceResets:ResetName == ""RESETN_ACLK"") AND (RdcDestResets:DestResetInfo:ResetName == ""'no-reset'"") AND (DestClockInfoList:DestClockInfo:ClockDomainId == ""1"") AND (DestClockInfoList:DestClockInfo:ClockName == ""CLK_PRCM_ACLK"") AND (DestClockInfoList:DestClockInfo:ClockObject == ""ACLK"") AND (ReasonInfoList:ReasonInfo:ReasonCode == ""NO_BLOCKING_METHOD"") AND (SrcObject == ""u_AESDMA_TOP/u_aesdma_top/u_AESDMA_RDCORE/u_AESDMA_REORDER_BUF/rd_table[31].table_entry_valid"") AND (DestObject == ""u_sram_rob_cg/u_dont_touch_preicg/ECK"") AND (AllSrcResets:SrcResetInfo:ResetObject == ""RESETN_ACLK"") AND (AllSrcResets:SrcResetInfo:ResetName == ""RESETN_ACLK"") AND (DestSyncResetInfoList:DestResetInfo:ResetName == ""'no-reset'"") AND (SrcClockInfoList:SrcClockInfo:ClockDomainId == ""1"") AND (SrcClockInfoList:SrcClockInfo:ClockName == ""CLK_PRCM_ACLK"") AND (SrcClockInfoList:SrcClockInfo:ClockObject == ""ACLK"") AND (Module == ""BOS_AESDMA"")}  -app { rdc } -tag { RDC_CLOCK_CORRUPT_OBSERVED } -user { minsy0731 } -timestamp { 12-06-2025 13:42:45 }"
RDC_CLOCK_CORRUPT_OBSERVED_148,ACTIVE,1,RDC_CLOCK_CORRUPT_OBSERVED,This warning is that output clock of clock gating cell should be active and reset is deasserted. This is confirmed by designer.,minsy0731,12-06-2025 13:42:45,"{""RdcSourceResets:ResetName"": ""RESETN_ACLK"", ""RdcDestResets:DestResetInfo:ResetName"": ""'no-reset'"", ""DestClockInfoList:DestClockInfo:ClockDomainId"": ""1"", ""DestClockInfoList:DestClockInfo:ClockName"": ""CLK_PRCM_ACLK"", ""DestClockInfoList:DestClockInfo:ClockObject"": ""ACLK"", ""ReasonInfoList:ReasonInfo:ReasonCode"": ""NO_BLOCKING_METHOD"", ""SrcObject"": ""u_AESDMA_TOP/u_aesdma_top/u_AESDMA_RDCORE/u_AESDMA_REORDER_BUF/rd_table[30].id[4:0]"", ""DestObject"": ""u_sram_rob_cg/u_dont_touch_preicg/ECK"", ""AllSrcResets:SrcResetInfo:ResetObject"": ""RESETN_ACLK"", ""AllSrcResets:SrcResetInfo:ResetName"": ""RESETN_ACLK"", ""DestSyncResetInfoList:DestResetInfo:ResetName"": ""'no-reset'"", ""SrcClockInfoList:SrcClockInfo:ClockDomainId"": ""1"", ""SrcClockInfoList:SrcClockInfo:ClockName"": ""CLK_PRCM_ACLK"", ""SrcClockInfoList:SrcClockInfo:ClockObject"": ""ACLK"", ""Module"": ""BOS_AESDMA""}","waive_violation -add {RDC_CLOCK_CORRUPT_OBSERVED_148}  -comment {This warning is that output clock of clock gating cell should be active and reset is deasserted. This is confirmed by designer.}  -filter {(RdcSourceResets:ResetName == ""RESETN_ACLK"") AND (RdcDestResets:DestResetInfo:ResetName == ""'no-reset'"") AND (DestClockInfoList:DestClockInfo:ClockDomainId == ""1"") AND (DestClockInfoList:DestClockInfo:ClockName == ""CLK_PRCM_ACLK"") AND (DestClockInfoList:DestClockInfo:ClockObject == ""ACLK"") AND (ReasonInfoList:ReasonInfo:ReasonCode == ""NO_BLOCKING_METHOD"") AND (SrcObject == ""u_AESDMA_TOP/u_aesdma_top/u_AESDMA_RDCORE/u_AESDMA_REORDER_BUF/rd_table[30].id[4:0]"") AND (DestObject == ""u_sram_rob_cg/u_dont_touch_preicg/ECK"") AND (AllSrcResets:SrcResetInfo:ResetObject == ""RESETN_ACLK"") AND (AllSrcResets:SrcResetInfo:ResetName == ""RESETN_ACLK"") AND (DestSyncResetInfoList:DestResetInfo:ResetName == ""'no-reset'"") AND (SrcClockInfoList:SrcClockInfo:ClockDomainId == ""1"") AND (SrcClockInfoList:SrcClockInfo:ClockName == ""CLK_PRCM_ACLK"") AND (SrcClockInfoList:SrcClockInfo:ClockObject == ""ACLK"") AND (Module == ""BOS_AESDMA"")}  -app { rdc } -tag { RDC_CLOCK_CORRUPT_OBSERVED } -user { minsy0731 } -timestamp { 12-06-2025 13:42:45 }"
RDC_CLOCK_CORRUPT_OBSERVED_149,ACTIVE,1,RDC_CLOCK_CORRUPT_OBSERVED,This warning is that output clock of clock gating cell should be active and reset is deasserted. This is confirmed by designer.,minsy0731,12-06-2025 13:42:45,"{""RdcSourceResets:ResetName"": ""RESETN_ACLK"", ""RdcDestResets:DestResetInfo:ResetName"": ""'no-reset'"", ""DestClockInfoList:DestClockInfo:ClockDomainId"": ""1"", ""DestClockInfoList:DestClockInfo:ClockName"": ""CLK_PRCM_ACLK"", ""DestClockInfoList:DestClockInfo:ClockObject"": ""ACLK"", ""ReasonInfoList:ReasonInfo:ReasonCode"": ""NO_BLOCKING_METHOD"", ""SrcObject"": ""u_AESDMA_TOP/u_aesdma_top/u_AESDMA_RDCORE/u_AESDMA_REORDER_BUF/rd_table[30].table_entry_valid"", ""DestObject"": ""u_sram_rob_cg/u_dont_touch_preicg/ECK"", ""AllSrcResets:SrcResetInfo:ResetObject"": ""RESETN_ACLK"", ""AllSrcResets:SrcResetInfo:ResetName"": ""RESETN_ACLK"", ""DestSyncResetInfoList:DestResetInfo:ResetName"": ""'no-reset'"", ""SrcClockInfoList:SrcClockInfo:ClockDomainId"": ""1"", ""SrcClockInfoList:SrcClockInfo:ClockName"": ""CLK_PRCM_ACLK"", ""SrcClockInfoList:SrcClockInfo:ClockObject"": ""ACLK"", ""Module"": ""BOS_AESDMA""}","waive_violation -add {RDC_CLOCK_CORRUPT_OBSERVED_149}  -comment {This warning is that output clock of clock gating cell should be active and reset is deasserted. This is confirmed by designer.}  -filter {(RdcSourceResets:ResetName == ""RESETN_ACLK"") AND (RdcDestResets:DestResetInfo:ResetName == ""'no-reset'"") AND (DestClockInfoList:DestClockInfo:ClockDomainId == ""1"") AND (DestClockInfoList:DestClockInfo:ClockName == ""CLK_PRCM_ACLK"") AND (DestClockInfoList:DestClockInfo:ClockObject == ""ACLK"") AND (ReasonInfoList:ReasonInfo:ReasonCode == ""NO_BLOCKING_METHOD"") AND (SrcObject == ""u_AESDMA_TOP/u_aesdma_top/u_AESDMA_RDCORE/u_AESDMA_REORDER_BUF/rd_table[30].table_entry_valid"") AND (DestObject == ""u_sram_rob_cg/u_dont_touch_preicg/ECK"") AND (AllSrcResets:SrcResetInfo:ResetObject == ""RESETN_ACLK"") AND (AllSrcResets:SrcResetInfo:ResetName == ""RESETN_ACLK"") AND (DestSyncResetInfoList:DestResetInfo:ResetName == ""'no-reset'"") AND (SrcClockInfoList:SrcClockInfo:ClockDomainId == ""1"") AND (SrcClockInfoList:SrcClockInfo:ClockName == ""CLK_PRCM_ACLK"") AND (SrcClockInfoList:SrcClockInfo:ClockObject == ""ACLK"") AND (Module == ""BOS_AESDMA"")}  -app { rdc } -tag { RDC_CLOCK_CORRUPT_OBSERVED } -user { minsy0731 } -timestamp { 12-06-2025 13:42:45 }"
RDC_CLOCK_CORRUPT_OBSERVED_150,ACTIVE,1,RDC_CLOCK_CORRUPT_OBSERVED,This warning is that output clock of clock gating cell should be active and reset is deasserted. This is confirmed by designer.,minsy0731,12-06-2025 13:42:45,"{""RdcSourceResets:ResetName"": ""RESETN_ACLK"", ""RdcDestResets:DestResetInfo:ResetName"": ""'no-reset'"", ""DestClockInfoList:DestClockInfo:ClockDomainId"": ""1"", ""DestClockInfoList:DestClockInfo:ClockName"": ""CLK_PRCM_ACLK"", ""DestClockInfoList:DestClockInfo:ClockObject"": ""ACLK"", ""ReasonInfoList:ReasonInfo:ReasonCode"": ""NO_BLOCKING_METHOD"", ""SrcObject"": ""u_AESDMA_TOP/u_aesdma_top/u_AESDMA_RDCORE/u_AESDMA_REORDER_BUF/rd_table[29].id[4:0]"", ""DestObject"": ""u_sram_rob_cg/u_dont_touch_preicg/ECK"", ""AllSrcResets:SrcResetInfo:ResetObject"": ""RESETN_ACLK"", ""AllSrcResets:SrcResetInfo:ResetName"": ""RESETN_ACLK"", ""DestSyncResetInfoList:DestResetInfo:ResetName"": ""'no-reset'"", ""SrcClockInfoList:SrcClockInfo:ClockDomainId"": ""1"", ""SrcClockInfoList:SrcClockInfo:ClockName"": ""CLK_PRCM_ACLK"", ""SrcClockInfoList:SrcClockInfo:ClockObject"": ""ACLK"", ""Module"": ""BOS_AESDMA""}","waive_violation -add {RDC_CLOCK_CORRUPT_OBSERVED_150}  -comment {This warning is that output clock of clock gating cell should be active and reset is deasserted. This is confirmed by designer.}  -filter {(RdcSourceResets:ResetName == ""RESETN_ACLK"") AND (RdcDestResets:DestResetInfo:ResetName == ""'no-reset'"") AND (DestClockInfoList:DestClockInfo:ClockDomainId == ""1"") AND (DestClockInfoList:DestClockInfo:ClockName == ""CLK_PRCM_ACLK"") AND (DestClockInfoList:DestClockInfo:ClockObject == ""ACLK"") AND (ReasonInfoList:ReasonInfo:ReasonCode == ""NO_BLOCKING_METHOD"") AND (SrcObject == ""u_AESDMA_TOP/u_aesdma_top/u_AESDMA_RDCORE/u_AESDMA_REORDER_BUF/rd_table[29].id[4:0]"") AND (DestObject == ""u_sram_rob_cg/u_dont_touch_preicg/ECK"") AND (AllSrcResets:SrcResetInfo:ResetObject == ""RESETN_ACLK"") AND (AllSrcResets:SrcResetInfo:ResetName == ""RESETN_ACLK"") AND (DestSyncResetInfoList:DestResetInfo:ResetName == ""'no-reset'"") AND (SrcClockInfoList:SrcClockInfo:ClockDomainId == ""1"") AND (SrcClockInfoList:SrcClockInfo:ClockName == ""CLK_PRCM_ACLK"") AND (SrcClockInfoList:SrcClockInfo:ClockObject == ""ACLK"") AND (Module == ""BOS_AESDMA"")}  -app { rdc } -tag { RDC_CLOCK_CORRUPT_OBSERVED } -user { minsy0731 } -timestamp { 12-06-2025 13:42:45 }"
RDC_CLOCK_CORRUPT_OBSERVED_151,ACTIVE,1,RDC_CLOCK_CORRUPT_OBSERVED,This warning is that output clock of clock gating cell should be active and reset is deasserted. This is confirmed by designer.,minsy0731,12-06-2025 13:42:45,"{""RdcSourceResets:ResetName"": ""RESETN_ACLK"", ""RdcDestResets:DestResetInfo:ResetName"": ""'no-reset'"", ""DestClockInfoList:DestClockInfo:ClockDomainId"": ""1"", ""DestClockInfoList:DestClockInfo:ClockName"": ""CLK_PRCM_ACLK"", ""DestClockInfoList:DestClockInfo:ClockObject"": ""ACLK"", ""ReasonInfoList:ReasonInfo:ReasonCode"": ""NO_BLOCKING_METHOD"", ""SrcObject"": ""u_AESDMA_TOP/u_aesdma_top/u_AESDMA_RDCORE/u_AESDMA_REORDER_BUF/rd_table[28].id[4:0]"", ""DestObject"": ""u_sram_rob_cg/u_dont_touch_preicg/ECK"", ""AllSrcResets:SrcResetInfo:ResetObject"": ""RESETN_ACLK"", ""AllSrcResets:SrcResetInfo:ResetName"": ""RESETN_ACLK"", ""DestSyncResetInfoList:DestResetInfo:ResetName"": ""'no-reset'"", ""SrcClockInfoList:SrcClockInfo:ClockDomainId"": ""1"", ""SrcClockInfoList:SrcClockInfo:ClockName"": ""CLK_PRCM_ACLK"", ""SrcClockInfoList:SrcClockInfo:ClockObject"": ""ACLK"", ""Module"": ""BOS_AESDMA""}","waive_violation -add {RDC_CLOCK_CORRUPT_OBSERVED_151}  -comment {This warning is that output clock of clock gating cell should be active and reset is deasserted. This is confirmed by designer.}  -filter {(RdcSourceResets:ResetName == ""RESETN_ACLK"") AND (RdcDestResets:DestResetInfo:ResetName == ""'no-reset'"") AND (DestClockInfoList:DestClockInfo:ClockDomainId == ""1"") AND (DestClockInfoList:DestClockInfo:ClockName == ""CLK_PRCM_ACLK"") AND (DestClockInfoList:DestClockInfo:ClockObject == ""ACLK"") AND (ReasonInfoList:ReasonInfo:ReasonCode == ""NO_BLOCKING_METHOD"") AND (SrcObject == ""u_AESDMA_TOP/u_aesdma_top/u_AESDMA_RDCORE/u_AESDMA_REORDER_BUF/rd_table[28].id[4:0]"") AND (DestObject == ""u_sram_rob_cg/u_dont_touch_preicg/ECK"") AND (AllSrcResets:SrcResetInfo:ResetObject == ""RESETN_ACLK"") AND (AllSrcResets:SrcResetInfo:ResetName == ""RESETN_ACLK"") AND (DestSyncResetInfoList:DestResetInfo:ResetName == ""'no-reset'"") AND (SrcClockInfoList:SrcClockInfo:ClockDomainId == ""1"") AND (SrcClockInfoList:SrcClockInfo:ClockName == ""CLK_PRCM_ACLK"") AND (SrcClockInfoList:SrcClockInfo:ClockObject == ""ACLK"") AND (Module == ""BOS_AESDMA"")}  -app { rdc } -tag { RDC_CLOCK_CORRUPT_OBSERVED } -user { minsy0731 } -timestamp { 12-06-2025 13:42:45 }"
RDC_CLOCK_CORRUPT_OBSERVED_152,ACTIVE,1,RDC_CLOCK_CORRUPT_OBSERVED,This warning is that output clock of clock gating cell should be active and reset is deasserted. This is confirmed by designer.,minsy0731,12-06-2025 13:42:45,"{""RdcSourceResets:ResetName"": ""RESETN_ACLK"", ""RdcDestResets:DestResetInfo:ResetName"": ""'no-reset'"", ""DestClockInfoList:DestClockInfo:ClockDomainId"": ""1"", ""DestClockInfoList:DestClockInfo:ClockName"": ""CLK_PRCM_ACLK"", ""DestClockInfoList:DestClockInfo:ClockObject"": ""ACLK"", ""ReasonInfoList:ReasonInfo:ReasonCode"": ""NO_BLOCKING_METHOD"", ""SrcObject"": ""u_AESDMA_TOP/u_aesdma_top/u_AESDMA_RDCORE/u_AESDMA_REORDER_BUF/rd_table[27].id[4:0]"", ""DestObject"": ""u_sram_rob_cg/u_dont_touch_preicg/ECK"", ""AllSrcResets:SrcResetInfo:ResetObject"": ""RESETN_ACLK"", ""AllSrcResets:SrcResetInfo:ResetName"": ""RESETN_ACLK"", ""DestSyncResetInfoList:DestResetInfo:ResetName"": ""'no-reset'"", ""SrcClockInfoList:SrcClockInfo:ClockDomainId"": ""1"", ""SrcClockInfoList:SrcClockInfo:ClockName"": ""CLK_PRCM_ACLK"", ""SrcClockInfoList:SrcClockInfo:ClockObject"": ""ACLK"", ""Module"": ""BOS_AESDMA""}","waive_violation -add {RDC_CLOCK_CORRUPT_OBSERVED_152}  -comment {This warning is that output clock of clock gating cell should be active and reset is deasserted. This is confirmed by designer.}  -filter {(RdcSourceResets:ResetName == ""RESETN_ACLK"") AND (RdcDestResets:DestResetInfo:ResetName == ""'no-reset'"") AND (DestClockInfoList:DestClockInfo:ClockDomainId == ""1"") AND (DestClockInfoList:DestClockInfo:ClockName == ""CLK_PRCM_ACLK"") AND (DestClockInfoList:DestClockInfo:ClockObject == ""ACLK"") AND (ReasonInfoList:ReasonInfo:ReasonCode == ""NO_BLOCKING_METHOD"") AND (SrcObject == ""u_AESDMA_TOP/u_aesdma_top/u_AESDMA_RDCORE/u_AESDMA_REORDER_BUF/rd_table[27].id[4:0]"") AND (DestObject == ""u_sram_rob_cg/u_dont_touch_preicg/ECK"") AND (AllSrcResets:SrcResetInfo:ResetObject == ""RESETN_ACLK"") AND (AllSrcResets:SrcResetInfo:ResetName == ""RESETN_ACLK"") AND (DestSyncResetInfoList:DestResetInfo:ResetName == ""'no-reset'"") AND (SrcClockInfoList:SrcClockInfo:ClockDomainId == ""1"") AND (SrcClockInfoList:SrcClockInfo:ClockName == ""CLK_PRCM_ACLK"") AND (SrcClockInfoList:SrcClockInfo:ClockObject == ""ACLK"") AND (Module == ""BOS_AESDMA"")}  -app { rdc } -tag { RDC_CLOCK_CORRUPT_OBSERVED } -user { minsy0731 } -timestamp { 12-06-2025 13:42:45 }"
RDC_CLOCK_CORRUPT_OBSERVED_153,ACTIVE,1,RDC_CLOCK_CORRUPT_OBSERVED,This warning is that output clock of clock gating cell should be active and reset is deasserted. This is confirmed by designer.,minsy0731,12-06-2025 13:42:45,"{""RdcSourceResets:ResetName"": ""RESETN_ACLK"", ""RdcDestResets:DestResetInfo:ResetName"": ""'no-reset'"", ""DestClockInfoList:DestClockInfo:ClockDomainId"": ""1"", ""DestClockInfoList:DestClockInfo:ClockName"": ""CLK_PRCM_ACLK"", ""DestClockInfoList:DestClockInfo:ClockObject"": ""ACLK"", ""ReasonInfoList:ReasonInfo:ReasonCode"": ""NO_BLOCKING_METHOD"", ""SrcObject"": ""u_AESDMA_TOP/u_aesdma_top/u_AESDMA_RDCORE/u_AESDMA_REORDER_BUF/rd_table[27].table_entry_valid"", ""DestObject"": ""u_sram_rob_cg/u_dont_touch_preicg/ECK"", ""AllSrcResets:SrcResetInfo:ResetObject"": ""RESETN_ACLK"", ""AllSrcResets:SrcResetInfo:ResetName"": ""RESETN_ACLK"", ""DestSyncResetInfoList:DestResetInfo:ResetName"": ""'no-reset'"", ""SrcClockInfoList:SrcClockInfo:ClockDomainId"": ""1"", ""SrcClockInfoList:SrcClockInfo:ClockName"": ""CLK_PRCM_ACLK"", ""SrcClockInfoList:SrcClockInfo:ClockObject"": ""ACLK"", ""Module"": ""BOS_AESDMA""}","waive_violation -add {RDC_CLOCK_CORRUPT_OBSERVED_153}  -comment {This warning is that output clock of clock gating cell should be active and reset is deasserted. This is confirmed by designer.}  -filter {(RdcSourceResets:ResetName == ""RESETN_ACLK"") AND (RdcDestResets:DestResetInfo:ResetName == ""'no-reset'"") AND (DestClockInfoList:DestClockInfo:ClockDomainId == ""1"") AND (DestClockInfoList:DestClockInfo:ClockName == ""CLK_PRCM_ACLK"") AND (DestClockInfoList:DestClockInfo:ClockObject == ""ACLK"") AND (ReasonInfoList:ReasonInfo:ReasonCode == ""NO_BLOCKING_METHOD"") AND (SrcObject == ""u_AESDMA_TOP/u_aesdma_top/u_AESDMA_RDCORE/u_AESDMA_REORDER_BUF/rd_table[27].table_entry_valid"") AND (DestObject == ""u_sram_rob_cg/u_dont_touch_preicg/ECK"") AND (AllSrcResets:SrcResetInfo:ResetObject == ""RESETN_ACLK"") AND (AllSrcResets:SrcResetInfo:ResetName == ""RESETN_ACLK"") AND (DestSyncResetInfoList:DestResetInfo:ResetName == ""'no-reset'"") AND (SrcClockInfoList:SrcClockInfo:ClockDomainId == ""1"") AND (SrcClockInfoList:SrcClockInfo:ClockName == ""CLK_PRCM_ACLK"") AND (SrcClockInfoList:SrcClockInfo:ClockObject == ""ACLK"") AND (Module == ""BOS_AESDMA"")}  -app { rdc } -tag { RDC_CLOCK_CORRUPT_OBSERVED } -user { minsy0731 } -timestamp { 12-06-2025 13:42:45 }"
RDC_CLOCK_CORRUPT_OBSERVED_154,ACTIVE,1,RDC_CLOCK_CORRUPT_OBSERVED,This warning is that output clock of clock gating cell should be active and reset is deasserted. This is confirmed by designer.,minsy0731,12-06-2025 13:42:45,"{""RdcSourceResets:ResetName"": ""RESETN_ACLK"", ""RdcDestResets:DestResetInfo:ResetName"": ""'no-reset'"", ""DestClockInfoList:DestClockInfo:ClockDomainId"": ""1"", ""DestClockInfoList:DestClockInfo:ClockName"": ""CLK_PRCM_ACLK"", ""DestClockInfoList:DestClockInfo:ClockObject"": ""ACLK"", ""ReasonInfoList:ReasonInfo:ReasonCode"": ""NO_BLOCKING_METHOD"", ""SrcObject"": ""u_AESDMA_TOP/u_aesdma_top/u_AESDMA_RDCORE/u_AESDMA_REORDER_BUF/rd_table[25].table_entry_valid"", ""DestObject"": ""u_sram_rob_cg/u_dont_touch_preicg/ECK"", ""AllSrcResets:SrcResetInfo:ResetObject"": ""RESETN_ACLK"", ""AllSrcResets:SrcResetInfo:ResetName"": ""RESETN_ACLK"", ""DestSyncResetInfoList:DestResetInfo:ResetName"": ""'no-reset'"", ""SrcClockInfoList:SrcClockInfo:ClockDomainId"": ""1"", ""SrcClockInfoList:SrcClockInfo:ClockName"": ""CLK_PRCM_ACLK"", ""SrcClockInfoList:SrcClockInfo:ClockObject"": ""ACLK"", ""Module"": ""BOS_AESDMA""}","waive_violation -add {RDC_CLOCK_CORRUPT_OBSERVED_154}  -comment {This warning is that output clock of clock gating cell should be active and reset is deasserted. This is confirmed by designer.}  -filter {(RdcSourceResets:ResetName == ""RESETN_ACLK"") AND (RdcDestResets:DestResetInfo:ResetName == ""'no-reset'"") AND (DestClockInfoList:DestClockInfo:ClockDomainId == ""1"") AND (DestClockInfoList:DestClockInfo:ClockName == ""CLK_PRCM_ACLK"") AND (DestClockInfoList:DestClockInfo:ClockObject == ""ACLK"") AND (ReasonInfoList:ReasonInfo:ReasonCode == ""NO_BLOCKING_METHOD"") AND (SrcObject == ""u_AESDMA_TOP/u_aesdma_top/u_AESDMA_RDCORE/u_AESDMA_REORDER_BUF/rd_table[25].table_entry_valid"") AND (DestObject == ""u_sram_rob_cg/u_dont_touch_preicg/ECK"") AND (AllSrcResets:SrcResetInfo:ResetObject == ""RESETN_ACLK"") AND (AllSrcResets:SrcResetInfo:ResetName == ""RESETN_ACLK"") AND (DestSyncResetInfoList:DestResetInfo:ResetName == ""'no-reset'"") AND (SrcClockInfoList:SrcClockInfo:ClockDomainId == ""1"") AND (SrcClockInfoList:SrcClockInfo:ClockName == ""CLK_PRCM_ACLK"") AND (SrcClockInfoList:SrcClockInfo:ClockObject == ""ACLK"") AND (Module == ""BOS_AESDMA"")}  -app { rdc } -tag { RDC_CLOCK_CORRUPT_OBSERVED } -user { minsy0731 } -timestamp { 12-06-2025 13:42:45 }"
RDC_CLOCK_CORRUPT_OBSERVED_155,ACTIVE,1,RDC_CLOCK_CORRUPT_OBSERVED,This warning is that output clock of clock gating cell should be active and reset is deasserted. This is confirmed by designer.,minsy0731,12-06-2025 13:42:45,"{""RdcSourceResets:ResetName"": ""RESETN_ACLK"", ""RdcDestResets:DestResetInfo:ResetName"": ""'no-reset'"", ""DestClockInfoList:DestClockInfo:ClockDomainId"": ""1"", ""DestClockInfoList:DestClockInfo:ClockName"": ""CLK_PRCM_ACLK"", ""DestClockInfoList:DestClockInfo:ClockObject"": ""ACLK"", ""ReasonInfoList:ReasonInfo:ReasonCode"": ""NO_BLOCKING_METHOD"", ""SrcObject"": ""u_AESDMA_TOP/u_aesdma_top/u_AESDMA_RDCORE/u_AESDMA_REORDER_BUF/rd_table[24].id[4:0]"", ""DestObject"": ""u_sram_rob_cg/u_dont_touch_preicg/ECK"", ""AllSrcResets:SrcResetInfo:ResetObject"": ""RESETN_ACLK"", ""AllSrcResets:SrcResetInfo:ResetName"": ""RESETN_ACLK"", ""DestSyncResetInfoList:DestResetInfo:ResetName"": ""'no-reset'"", ""SrcClockInfoList:SrcClockInfo:ClockDomainId"": ""1"", ""SrcClockInfoList:SrcClockInfo:ClockName"": ""CLK_PRCM_ACLK"", ""SrcClockInfoList:SrcClockInfo:ClockObject"": ""ACLK"", ""Module"": ""BOS_AESDMA""}","waive_violation -add {RDC_CLOCK_CORRUPT_OBSERVED_155}  -comment {This warning is that output clock of clock gating cell should be active and reset is deasserted. This is confirmed by designer.}  -filter {(RdcSourceResets:ResetName == ""RESETN_ACLK"") AND (RdcDestResets:DestResetInfo:ResetName == ""'no-reset'"") AND (DestClockInfoList:DestClockInfo:ClockDomainId == ""1"") AND (DestClockInfoList:DestClockInfo:ClockName == ""CLK_PRCM_ACLK"") AND (DestClockInfoList:DestClockInfo:ClockObject == ""ACLK"") AND (ReasonInfoList:ReasonInfo:ReasonCode == ""NO_BLOCKING_METHOD"") AND (SrcObject == ""u_AESDMA_TOP/u_aesdma_top/u_AESDMA_RDCORE/u_AESDMA_REORDER_BUF/rd_table[24].id[4:0]"") AND (DestObject == ""u_sram_rob_cg/u_dont_touch_preicg/ECK"") AND (AllSrcResets:SrcResetInfo:ResetObject == ""RESETN_ACLK"") AND (AllSrcResets:SrcResetInfo:ResetName == ""RESETN_ACLK"") AND (DestSyncResetInfoList:DestResetInfo:ResetName == ""'no-reset'"") AND (SrcClockInfoList:SrcClockInfo:ClockDomainId == ""1"") AND (SrcClockInfoList:SrcClockInfo:ClockName == ""CLK_PRCM_ACLK"") AND (SrcClockInfoList:SrcClockInfo:ClockObject == ""ACLK"") AND (Module == ""BOS_AESDMA"")}  -app { rdc } -tag { RDC_CLOCK_CORRUPT_OBSERVED } -user { minsy0731 } -timestamp { 12-06-2025 13:42:45 }"
RDC_CLOCK_CORRUPT_OBSERVED_156,ACTIVE,1,RDC_CLOCK_CORRUPT_OBSERVED,This warning is that output clock of clock gating cell should be active and reset is deasserted. This is confirmed by designer.,minsy0731,12-06-2025 13:42:45,"{""RdcSourceResets:ResetName"": ""RESETN_ACLK"", ""RdcDestResets:DestResetInfo:ResetName"": ""'no-reset'"", ""DestClockInfoList:DestClockInfo:ClockDomainId"": ""1"", ""DestClockInfoList:DestClockInfo:ClockName"": ""CLK_PRCM_ACLK"", ""DestClockInfoList:DestClockInfo:ClockObject"": ""ACLK"", ""ReasonInfoList:ReasonInfo:ReasonCode"": ""NO_BLOCKING_METHOD"", ""SrcObject"": ""u_AESDMA_TOP/u_aesdma_top/u_AESDMA_RDCORE/u_AESDMA_REORDER_BUF/rd_table[23].table_entry_valid"", ""DestObject"": ""u_sram_rob_cg/u_dont_touch_preicg/ECK"", ""AllSrcResets:SrcResetInfo:ResetObject"": ""RESETN_ACLK"", ""AllSrcResets:SrcResetInfo:ResetName"": ""RESETN_ACLK"", ""DestSyncResetInfoList:DestResetInfo:ResetName"": ""'no-reset'"", ""SrcClockInfoList:SrcClockInfo:ClockDomainId"": ""1"", ""SrcClockInfoList:SrcClockInfo:ClockName"": ""CLK_PRCM_ACLK"", ""SrcClockInfoList:SrcClockInfo:ClockObject"": ""ACLK"", ""Module"": ""BOS_AESDMA""}","waive_violation -add {RDC_CLOCK_CORRUPT_OBSERVED_156}  -comment {This warning is that output clock of clock gating cell should be active and reset is deasserted. This is confirmed by designer.}  -filter {(RdcSourceResets:ResetName == ""RESETN_ACLK"") AND (RdcDestResets:DestResetInfo:ResetName == ""'no-reset'"") AND (DestClockInfoList:DestClockInfo:ClockDomainId == ""1"") AND (DestClockInfoList:DestClockInfo:ClockName == ""CLK_PRCM_ACLK"") AND (DestClockInfoList:DestClockInfo:ClockObject == ""ACLK"") AND (ReasonInfoList:ReasonInfo:ReasonCode == ""NO_BLOCKING_METHOD"") AND (SrcObject == ""u_AESDMA_TOP/u_aesdma_top/u_AESDMA_RDCORE/u_AESDMA_REORDER_BUF/rd_table[23].table_entry_valid"") AND (DestObject == ""u_sram_rob_cg/u_dont_touch_preicg/ECK"") AND (AllSrcResets:SrcResetInfo:ResetObject == ""RESETN_ACLK"") AND (AllSrcResets:SrcResetInfo:ResetName == ""RESETN_ACLK"") AND (DestSyncResetInfoList:DestResetInfo:ResetName == ""'no-reset'"") AND (SrcClockInfoList:SrcClockInfo:ClockDomainId == ""1"") AND (SrcClockInfoList:SrcClockInfo:ClockName == ""CLK_PRCM_ACLK"") AND (SrcClockInfoList:SrcClockInfo:ClockObject == ""ACLK"") AND (Module == ""BOS_AESDMA"")}  -app { rdc } -tag { RDC_CLOCK_CORRUPT_OBSERVED } -user { minsy0731 } -timestamp { 12-06-2025 13:42:45 }"
RDC_CLOCK_CORRUPT_OBSERVED_157,ACTIVE,1,RDC_CLOCK_CORRUPT_OBSERVED,This warning is that output clock of clock gating cell should be active and reset is deasserted. This is confirmed by designer.,minsy0731,12-06-2025 13:42:45,"{""RdcSourceResets:ResetName"": ""RESETN_ACLK"", ""RdcDestResets:DestResetInfo:ResetName"": ""'no-reset'"", ""DestClockInfoList:DestClockInfo:ClockDomainId"": ""1"", ""DestClockInfoList:DestClockInfo:ClockName"": ""CLK_PRCM_ACLK"", ""DestClockInfoList:DestClockInfo:ClockObject"": ""ACLK"", ""ReasonInfoList:ReasonInfo:ReasonCode"": ""NO_BLOCKING_METHOD"", ""SrcObject"": ""u_AESDMA_TOP/u_aesdma_top/u_AESDMA_RDCORE/u_AESDMA_REORDER_BUF/rd_table[22].table_entry_valid"", ""DestObject"": ""u_sram_rob_cg/u_dont_touch_preicg/ECK"", ""AllSrcResets:SrcResetInfo:ResetObject"": ""RESETN_ACLK"", ""AllSrcResets:SrcResetInfo:ResetName"": ""RESETN_ACLK"", ""DestSyncResetInfoList:DestResetInfo:ResetName"": ""'no-reset'"", ""SrcClockInfoList:SrcClockInfo:ClockDomainId"": ""1"", ""SrcClockInfoList:SrcClockInfo:ClockName"": ""CLK_PRCM_ACLK"", ""SrcClockInfoList:SrcClockInfo:ClockObject"": ""ACLK"", ""Module"": ""BOS_AESDMA""}","waive_violation -add {RDC_CLOCK_CORRUPT_OBSERVED_157}  -comment {This warning is that output clock of clock gating cell should be active and reset is deasserted. This is confirmed by designer.}  -filter {(RdcSourceResets:ResetName == ""RESETN_ACLK"") AND (RdcDestResets:DestResetInfo:ResetName == ""'no-reset'"") AND (DestClockInfoList:DestClockInfo:ClockDomainId == ""1"") AND (DestClockInfoList:DestClockInfo:ClockName == ""CLK_PRCM_ACLK"") AND (DestClockInfoList:DestClockInfo:ClockObject == ""ACLK"") AND (ReasonInfoList:ReasonInfo:ReasonCode == ""NO_BLOCKING_METHOD"") AND (SrcObject == ""u_AESDMA_TOP/u_aesdma_top/u_AESDMA_RDCORE/u_AESDMA_REORDER_BUF/rd_table[22].table_entry_valid"") AND (DestObject == ""u_sram_rob_cg/u_dont_touch_preicg/ECK"") AND (AllSrcResets:SrcResetInfo:ResetObject == ""RESETN_ACLK"") AND (AllSrcResets:SrcResetInfo:ResetName == ""RESETN_ACLK"") AND (DestSyncResetInfoList:DestResetInfo:ResetName == ""'no-reset'"") AND (SrcClockInfoList:SrcClockInfo:ClockDomainId == ""1"") AND (SrcClockInfoList:SrcClockInfo:ClockName == ""CLK_PRCM_ACLK"") AND (SrcClockInfoList:SrcClockInfo:ClockObject == ""ACLK"") AND (Module == ""BOS_AESDMA"")}  -app { rdc } -tag { RDC_CLOCK_CORRUPT_OBSERVED } -user { minsy0731 } -timestamp { 12-06-2025 13:42:45 }"
RDC_CLOCK_CORRUPT_OBSERVED_158,ACTIVE,1,RDC_CLOCK_CORRUPT_OBSERVED,This warning is that output clock of clock gating cell should be active and reset is deasserted. This is confirmed by designer.,minsy0731,12-06-2025 13:42:45,"{""RdcSourceResets:ResetName"": ""RESETN_ACLK"", ""RdcDestResets:DestResetInfo:ResetName"": ""'no-reset'"", ""DestClockInfoList:DestClockInfo:ClockDomainId"": ""1"", ""DestClockInfoList:DestClockInfo:ClockName"": ""CLK_PRCM_ACLK"", ""DestClockInfoList:DestClockInfo:ClockObject"": ""ACLK"", ""ReasonInfoList:ReasonInfo:ReasonCode"": ""NO_BLOCKING_METHOD"", ""SrcObject"": ""u_AESDMA_TOP/u_aesdma_top/u_AESDMA_RDCORE/u_AESDMA_REORDER_BUF/rd_table[21].table_entry_valid"", ""DestObject"": ""u_sram_rob_cg/u_dont_touch_preicg/ECK"", ""AllSrcResets:SrcResetInfo:ResetObject"": ""RESETN_ACLK"", ""AllSrcResets:SrcResetInfo:ResetName"": ""RESETN_ACLK"", ""DestSyncResetInfoList:DestResetInfo:ResetName"": ""'no-reset'"", ""SrcClockInfoList:SrcClockInfo:ClockDomainId"": ""1"", ""SrcClockInfoList:SrcClockInfo:ClockName"": ""CLK_PRCM_ACLK"", ""SrcClockInfoList:SrcClockInfo:ClockObject"": ""ACLK"", ""Module"": ""BOS_AESDMA""}","waive_violation -add {RDC_CLOCK_CORRUPT_OBSERVED_158}  -comment {This warning is that output clock of clock gating cell should be active and reset is deasserted. This is confirmed by designer.}  -filter {(RdcSourceResets:ResetName == ""RESETN_ACLK"") AND (RdcDestResets:DestResetInfo:ResetName == ""'no-reset'"") AND (DestClockInfoList:DestClockInfo:ClockDomainId == ""1"") AND (DestClockInfoList:DestClockInfo:ClockName == ""CLK_PRCM_ACLK"") AND (DestClockInfoList:DestClockInfo:ClockObject == ""ACLK"") AND (ReasonInfoList:ReasonInfo:ReasonCode == ""NO_BLOCKING_METHOD"") AND (SrcObject == ""u_AESDMA_TOP/u_aesdma_top/u_AESDMA_RDCORE/u_AESDMA_REORDER_BUF/rd_table[21].table_entry_valid"") AND (DestObject == ""u_sram_rob_cg/u_dont_touch_preicg/ECK"") AND (AllSrcResets:SrcResetInfo:ResetObject == ""RESETN_ACLK"") AND (AllSrcResets:SrcResetInfo:ResetName == ""RESETN_ACLK"") AND (DestSyncResetInfoList:DestResetInfo:ResetName == ""'no-reset'"") AND (SrcClockInfoList:SrcClockInfo:ClockDomainId == ""1"") AND (SrcClockInfoList:SrcClockInfo:ClockName == ""CLK_PRCM_ACLK"") AND (SrcClockInfoList:SrcClockInfo:ClockObject == ""ACLK"") AND (Module == ""BOS_AESDMA"")}  -app { rdc } -tag { RDC_CLOCK_CORRUPT_OBSERVED } -user { minsy0731 } -timestamp { 12-06-2025 13:42:45 }"
RDC_CLOCK_CORRUPT_OBSERVED_159,ACTIVE,1,RDC_CLOCK_CORRUPT_OBSERVED,This warning is that output clock of clock gating cell should be active and reset is deasserted. This is confirmed by designer.,minsy0731,12-06-2025 13:42:45,"{""RdcSourceResets:ResetName"": ""RESETN_ACLK"", ""RdcDestResets:DestResetInfo:ResetName"": ""'no-reset'"", ""DestClockInfoList:DestClockInfo:ClockDomainId"": ""1"", ""DestClockInfoList:DestClockInfo:ClockName"": ""CLK_PRCM_ACLK"", ""DestClockInfoList:DestClockInfo:ClockObject"": ""ACLK"", ""ReasonInfoList:ReasonInfo:ReasonCode"": ""NO_BLOCKING_METHOD"", ""SrcObject"": ""u_AESDMA_TOP/u_aesdma_top/u_AESDMA_RDCORE/u_AESDMA_REORDER_BUF/rd_table[20].id[4:0]"", ""DestObject"": ""u_sram_rob_cg/u_dont_touch_preicg/ECK"", ""AllSrcResets:SrcResetInfo:ResetObject"": ""RESETN_ACLK"", ""AllSrcResets:SrcResetInfo:ResetName"": ""RESETN_ACLK"", ""DestSyncResetInfoList:DestResetInfo:ResetName"": ""'no-reset'"", ""SrcClockInfoList:SrcClockInfo:ClockDomainId"": ""1"", ""SrcClockInfoList:SrcClockInfo:ClockName"": ""CLK_PRCM_ACLK"", ""SrcClockInfoList:SrcClockInfo:ClockObject"": ""ACLK"", ""Module"": ""BOS_AESDMA""}","waive_violation -add {RDC_CLOCK_CORRUPT_OBSERVED_159}  -comment {This warning is that output clock of clock gating cell should be active and reset is deasserted. This is confirmed by designer.}  -filter {(RdcSourceResets:ResetName == ""RESETN_ACLK"") AND (RdcDestResets:DestResetInfo:ResetName == ""'no-reset'"") AND (DestClockInfoList:DestClockInfo:ClockDomainId == ""1"") AND (DestClockInfoList:DestClockInfo:ClockName == ""CLK_PRCM_ACLK"") AND (DestClockInfoList:DestClockInfo:ClockObject == ""ACLK"") AND (ReasonInfoList:ReasonInfo:ReasonCode == ""NO_BLOCKING_METHOD"") AND (SrcObject == ""u_AESDMA_TOP/u_aesdma_top/u_AESDMA_RDCORE/u_AESDMA_REORDER_BUF/rd_table[20].id[4:0]"") AND (DestObject == ""u_sram_rob_cg/u_dont_touch_preicg/ECK"") AND (AllSrcResets:SrcResetInfo:ResetObject == ""RESETN_ACLK"") AND (AllSrcResets:SrcResetInfo:ResetName == ""RESETN_ACLK"") AND (DestSyncResetInfoList:DestResetInfo:ResetName == ""'no-reset'"") AND (SrcClockInfoList:SrcClockInfo:ClockDomainId == ""1"") AND (SrcClockInfoList:SrcClockInfo:ClockName == ""CLK_PRCM_ACLK"") AND (SrcClockInfoList:SrcClockInfo:ClockObject == ""ACLK"") AND (Module == ""BOS_AESDMA"")}  -app { rdc } -tag { RDC_CLOCK_CORRUPT_OBSERVED } -user { minsy0731 } -timestamp { 12-06-2025 13:42:45 }"
RDC_CLOCK_CORRUPT_OBSERVED_160,ACTIVE,1,RDC_CLOCK_CORRUPT_OBSERVED,This warning is that output clock of clock gating cell should be active and reset is deasserted. This is confirmed by designer.,minsy0731,12-06-2025 13:39:37,"{""RdcSourceResets:ResetName"": ""RESETN_ACLK"", ""RdcDestResets:DestResetInfo:ResetName"": ""'no-reset'"", ""DestClockInfoList:DestClockInfo:ClockDomainId"": ""1"", ""ReasonInfoList:ReasonInfo:ReasonCode"": ""NO_BLOCKING_METHOD"", ""SrcObject"": ""u_AESDMA_TOP/u_aesdma_top/u_AESDMA_RDCORE/u_AESDMA_REORDER_BUF/rd_table[18].id[4:0]"", ""DestObject"": ""u_sram_rob_cg/u_dont_touch_preicg/ECK"", ""AllSrcResets:SrcResetInfo:ResetObject"": ""RESETN_ACLK"", ""AllSrcResets:SrcResetInfo:ResetName"": ""RESETN_ACLK"", ""DestSyncResetInfoList:DestResetInfo:ResetName"": ""'no-reset'"", ""SrcClockInfoList:SrcClockInfo:ClockDomainId"": ""1"", ""SrcClockInfoList:SrcClockInfo:ClockName"": ""CLK_PRCM_ACLK"", ""SrcClockInfoList:SrcClockInfo:ClockObject"": ""ACLK"", ""Module"": ""BOS_AESDMA""}","waive_violation -add {RDC_CLOCK_CORRUPT_OBSERVED_160}  -comment {This warning is that output clock of clock gating cell should be active and reset is deasserted. This is confirmed by designer.}  -filter {(RdcSourceResets:ResetName == ""RESETN_ACLK"") AND (RdcDestResets:DestResetInfo:ResetName == ""'no-reset'"") AND (DestClockInfoList:DestClockInfo:ClockDomainId == ""1"") AND (ReasonInfoList:ReasonInfo:ReasonCode == ""NO_BLOCKING_METHOD"") AND (SrcObject == ""u_AESDMA_TOP/u_aesdma_top/u_AESDMA_RDCORE/u_AESDMA_REORDER_BUF/rd_table[18].id[4:0]"") AND (DestObject == ""u_sram_rob_cg/u_dont_touch_preicg/ECK"") AND (AllSrcResets:SrcResetInfo:ResetObject == ""RESETN_ACLK"") AND (AllSrcResets:SrcResetInfo:ResetName == ""RESETN_ACLK"") AND (DestSyncResetInfoList:DestResetInfo:ResetName == ""'no-reset'"") AND (SrcClockInfoList:SrcClockInfo:ClockDomainId == ""1"") AND (SrcClockInfoList:SrcClockInfo:ClockName == ""CLK_PRCM_ACLK"") AND (SrcClockInfoList:SrcClockInfo:ClockObject == ""ACLK"") AND (Module == ""BOS_AESDMA"")}  -app { rdc } -tag { RDC_CLOCK_CORRUPT_OBSERVED } -user { minsy0731 } -timestamp { 12-06-2025 13:39:37 }"
RDC_CLOCK_CORRUPT_OBSERVED_161,ACTIVE,1,RDC_CLOCK_CORRUPT_OBSERVED,This warning is that output clock of clock gating cell should be active and reset is deasserted. This is confirmed by designer.,minsy0731,12-06-2025 13:42:45,"{""RdcSourceResets:ResetName"": ""RESETN_ACLK"", ""RdcDestResets:DestResetInfo:ResetName"": ""'no-reset'"", ""DestClockInfoList:DestClockInfo:ClockDomainId"": ""1"", ""DestClockInfoList:DestClockInfo:ClockName"": ""CLK_PRCM_ACLK"", ""DestClockInfoList:DestClockInfo:ClockObject"": ""ACLK"", ""ReasonInfoList:ReasonInfo:ReasonCode"": ""NO_BLOCKING_METHOD"", ""SrcObject"": ""u_AESDMA_TOP/u_aesdma_top/u_AESDMA_RDCORE/u_AESDMA_REORDER_BUF/rd_table[28].table_entry_valid"", ""DestObject"": ""u_sram_rob_cg/u_dont_touch_preicg/ECK"", ""AllSrcResets:SrcResetInfo:ResetObject"": ""RESETN_ACLK"", ""AllSrcResets:SrcResetInfo:ResetName"": ""RESETN_ACLK"", ""DestSyncResetInfoList:DestResetInfo:ResetName"": ""'no-reset'"", ""SrcClockInfoList:SrcClockInfo:ClockDomainId"": ""1"", ""SrcClockInfoList:SrcClockInfo:ClockName"": ""CLK_PRCM_ACLK"", ""SrcClockInfoList:SrcClockInfo:ClockObject"": ""ACLK"", ""Module"": ""BOS_AESDMA""}","waive_violation -add {RDC_CLOCK_CORRUPT_OBSERVED_161}  -comment {This warning is that output clock of clock gating cell should be active and reset is deasserted. This is confirmed by designer.}  -filter {(RdcSourceResets:ResetName == ""RESETN_ACLK"") AND (RdcDestResets:DestResetInfo:ResetName == ""'no-reset'"") AND (DestClockInfoList:DestClockInfo:ClockDomainId == ""1"") AND (DestClockInfoList:DestClockInfo:ClockName == ""CLK_PRCM_ACLK"") AND (DestClockInfoList:DestClockInfo:ClockObject == ""ACLK"") AND (ReasonInfoList:ReasonInfo:ReasonCode == ""NO_BLOCKING_METHOD"") AND (SrcObject == ""u_AESDMA_TOP/u_aesdma_top/u_AESDMA_RDCORE/u_AESDMA_REORDER_BUF/rd_table[28].table_entry_valid"") AND (DestObject == ""u_sram_rob_cg/u_dont_touch_preicg/ECK"") AND (AllSrcResets:SrcResetInfo:ResetObject == ""RESETN_ACLK"") AND (AllSrcResets:SrcResetInfo:ResetName == ""RESETN_ACLK"") AND (DestSyncResetInfoList:DestResetInfo:ResetName == ""'no-reset'"") AND (SrcClockInfoList:SrcClockInfo:ClockDomainId == ""1"") AND (SrcClockInfoList:SrcClockInfo:ClockName == ""CLK_PRCM_ACLK"") AND (SrcClockInfoList:SrcClockInfo:ClockObject == ""ACLK"") AND (Module == ""BOS_AESDMA"")}  -app { rdc } -tag { RDC_CLOCK_CORRUPT_OBSERVED } -user { minsy0731 } -timestamp { 12-06-2025 13:42:45 }"
RDC_CLOCK_CORRUPT_OBSERVED_162,ACTIVE,1,RDC_CLOCK_CORRUPT_OBSERVED,This warning is that output clock of clock gating cell should be active and reset is deasserted. This is confirmed by designer.,minsy0731,12-06-2025 13:42:45,"{""RdcSourceResets:ResetName"": ""RESETN_ACLK"", ""RdcDestResets:DestResetInfo:ResetName"": ""'no-reset'"", ""DestClockInfoList:DestClockInfo:ClockDomainId"": ""1"", ""DestClockInfoList:DestClockInfo:ClockName"": ""CLK_PRCM_ACLK"", ""DestClockInfoList:DestClockInfo:ClockObject"": ""ACLK"", ""ReasonInfoList:ReasonInfo:ReasonCode"": ""NO_BLOCKING_METHOD"", ""SrcObject"": ""u_AESDMA_TOP/u_aesdma_top/u_AESDMA_RDCORE/u_AESDMA_REORDER_BUF/rd_table[17].id[4:0]"", ""DestObject"": ""u_sram_rob_cg/u_dont_touch_preicg/ECK"", ""AllSrcResets:SrcResetInfo:ResetObject"": ""RESETN_ACLK"", ""AllSrcResets:SrcResetInfo:ResetName"": ""RESETN_ACLK"", ""DestSyncResetInfoList:DestResetInfo:ResetName"": ""'no-reset'"", ""SrcClockInfoList:SrcClockInfo:ClockDomainId"": ""1"", ""SrcClockInfoList:SrcClockInfo:ClockName"": ""CLK_PRCM_ACLK"", ""SrcClockInfoList:SrcClockInfo:ClockObject"": ""ACLK"", ""Module"": ""BOS_AESDMA""}","waive_violation -add {RDC_CLOCK_CORRUPT_OBSERVED_162}  -comment {This warning is that output clock of clock gating cell should be active and reset is deasserted. This is confirmed by designer.}  -filter {(RdcSourceResets:ResetName == ""RESETN_ACLK"") AND (RdcDestResets:DestResetInfo:ResetName == ""'no-reset'"") AND (DestClockInfoList:DestClockInfo:ClockDomainId == ""1"") AND (DestClockInfoList:DestClockInfo:ClockName == ""CLK_PRCM_ACLK"") AND (DestClockInfoList:DestClockInfo:ClockObject == ""ACLK"") AND (ReasonInfoList:ReasonInfo:ReasonCode == ""NO_BLOCKING_METHOD"") AND (SrcObject == ""u_AESDMA_TOP/u_aesdma_top/u_AESDMA_RDCORE/u_AESDMA_REORDER_BUF/rd_table[17].id[4:0]"") AND (DestObject == ""u_sram_rob_cg/u_dont_touch_preicg/ECK"") AND (AllSrcResets:SrcResetInfo:ResetObject == ""RESETN_ACLK"") AND (AllSrcResets:SrcResetInfo:ResetName == ""RESETN_ACLK"") AND (DestSyncResetInfoList:DestResetInfo:ResetName == ""'no-reset'"") AND (SrcClockInfoList:SrcClockInfo:ClockDomainId == ""1"") AND (SrcClockInfoList:SrcClockInfo:ClockName == ""CLK_PRCM_ACLK"") AND (SrcClockInfoList:SrcClockInfo:ClockObject == ""ACLK"") AND (Module == ""BOS_AESDMA"")}  -app { rdc } -tag { RDC_CLOCK_CORRUPT_OBSERVED } -user { minsy0731 } -timestamp { 12-06-2025 13:42:45 }"
RDC_CLOCK_CORRUPT_OBSERVED_163,ACTIVE,1,RDC_CLOCK_CORRUPT_OBSERVED,This warning is that output clock of clock gating cell should be active and reset is deasserted. This is confirmed by designer.,minsy0731,12-06-2025 13:42:45,"{""RdcSourceResets:ResetName"": ""RESETN_ACLK"", ""RdcDestResets:DestResetInfo:ResetName"": ""'no-reset'"", ""DestClockInfoList:DestClockInfo:ClockDomainId"": ""1"", ""DestClockInfoList:DestClockInfo:ClockName"": ""CLK_PRCM_ACLK"", ""DestClockInfoList:DestClockInfo:ClockObject"": ""ACLK"", ""ReasonInfoList:ReasonInfo:ReasonCode"": ""NO_BLOCKING_METHOD"", ""SrcObject"": ""u_AESDMA_TOP/u_aesdma_top/u_AESDMA_AXI_FIFO/u_RCH_SYNC_FIFO/r_cnt/Q[0]"", ""DestObject"": ""u_sram_rob_cg/u_dont_touch_preicg/ECK"", ""AllSrcResets:SrcResetInfo:ResetObject"": ""RESETN_ACLK"", ""AllSrcResets:SrcResetInfo:ResetName"": ""RESETN_ACLK"", ""DestSyncResetInfoList:DestResetInfo:ResetName"": ""'no-reset'"", ""SrcClockInfoList:SrcClockInfo:ClockDomainId"": ""1"", ""SrcClockInfoList:SrcClockInfo:ClockName"": ""CLK_PRCM_ACLK"", ""SrcClockInfoList:SrcClockInfo:ClockObject"": ""ACLK"", ""Module"": ""BOS_AESDMA""}","waive_violation -add {RDC_CLOCK_CORRUPT_OBSERVED_163}  -comment {This warning is that output clock of clock gating cell should be active and reset is deasserted. This is confirmed by designer.}  -filter {(RdcSourceResets:ResetName == ""RESETN_ACLK"") AND (RdcDestResets:DestResetInfo:ResetName == ""'no-reset'"") AND (DestClockInfoList:DestClockInfo:ClockDomainId == ""1"") AND (DestClockInfoList:DestClockInfo:ClockName == ""CLK_PRCM_ACLK"") AND (DestClockInfoList:DestClockInfo:ClockObject == ""ACLK"") AND (ReasonInfoList:ReasonInfo:ReasonCode == ""NO_BLOCKING_METHOD"") AND (SrcObject == ""u_AESDMA_TOP/u_aesdma_top/u_AESDMA_AXI_FIFO/u_RCH_SYNC_FIFO/r_cnt/Q[0]"") AND (DestObject == ""u_sram_rob_cg/u_dont_touch_preicg/ECK"") AND (AllSrcResets:SrcResetInfo:ResetObject == ""RESETN_ACLK"") AND (AllSrcResets:SrcResetInfo:ResetName == ""RESETN_ACLK"") AND (DestSyncResetInfoList:DestResetInfo:ResetName == ""'no-reset'"") AND (SrcClockInfoList:SrcClockInfo:ClockDomainId == ""1"") AND (SrcClockInfoList:SrcClockInfo:ClockName == ""CLK_PRCM_ACLK"") AND (SrcClockInfoList:SrcClockInfo:ClockObject == ""ACLK"") AND (Module == ""BOS_AESDMA"")}  -app { rdc } -tag { RDC_CLOCK_CORRUPT_OBSERVED } -user { minsy0731 } -timestamp { 12-06-2025 13:42:45 }"
RDC_CLOCK_CORRUPT_OBSERVED_164,ACTIVE,1,RDC_CLOCK_CORRUPT_OBSERVED,This warning is that output clock of clock gating cell should be active and reset is deasserted. This is confirmed by designer.,minsy0731,12-06-2025 13:42:45,"{""RdcSourceResets:ResetName"": ""RESETN_ACLK"", ""RdcDestResets:DestResetInfo:ResetName"": ""'no-reset'"", ""DestClockInfoList:DestClockInfo:ClockDomainId"": ""1"", ""DestClockInfoList:DestClockInfo:ClockName"": ""CLK_PRCM_ACLK"", ""DestClockInfoList:DestClockInfo:ClockObject"": ""ACLK"", ""ReasonInfoList:ReasonInfo:ReasonCode"": ""NO_BLOCKING_METHOD"", ""SrcObject"": ""u_AESDMA_TOP/u_aesdma_top/u_AESDMA_RDCORE/u_AESDMA_REORDER_BUF/u_REGFIFO/w_cnt/Q[1:0]"", ""DestObject"": ""u_sram_rob_cg/u_dont_touch_preicg/ECK"", ""AllSrcResets:SrcResetInfo:ResetObject"": ""RESETN_ACLK"", ""AllSrcResets:SrcResetInfo:ResetName"": ""RESETN_ACLK"", ""DestSyncResetInfoList:DestResetInfo:ResetName"": ""'no-reset'"", ""SrcClockInfoList:SrcClockInfo:ClockDomainId"": ""1"", ""SrcClockInfoList:SrcClockInfo:ClockName"": ""CLK_PRCM_ACLK"", ""SrcClockInfoList:SrcClockInfo:ClockObject"": ""ACLK"", ""Module"": ""BOS_AESDMA""}","waive_violation -add {RDC_CLOCK_CORRUPT_OBSERVED_164}  -comment {This warning is that output clock of clock gating cell should be active and reset is deasserted. This is confirmed by designer.}  -filter {(RdcSourceResets:ResetName == ""RESETN_ACLK"") AND (RdcDestResets:DestResetInfo:ResetName == ""'no-reset'"") AND (DestClockInfoList:DestClockInfo:ClockDomainId == ""1"") AND (DestClockInfoList:DestClockInfo:ClockName == ""CLK_PRCM_ACLK"") AND (DestClockInfoList:DestClockInfo:ClockObject == ""ACLK"") AND (ReasonInfoList:ReasonInfo:ReasonCode == ""NO_BLOCKING_METHOD"") AND (SrcObject == ""u_AESDMA_TOP/u_aesdma_top/u_AESDMA_RDCORE/u_AESDMA_REORDER_BUF/u_REGFIFO/w_cnt/Q[1:0]"") AND (DestObject == ""u_sram_rob_cg/u_dont_touch_preicg/ECK"") AND (AllSrcResets:SrcResetInfo:ResetObject == ""RESETN_ACLK"") AND (AllSrcResets:SrcResetInfo:ResetName == ""RESETN_ACLK"") AND (DestSyncResetInfoList:DestResetInfo:ResetName == ""'no-reset'"") AND (SrcClockInfoList:SrcClockInfo:ClockDomainId == ""1"") AND (SrcClockInfoList:SrcClockInfo:ClockName == ""CLK_PRCM_ACLK"") AND (SrcClockInfoList:SrcClockInfo:ClockObject == ""ACLK"") AND (Module == ""BOS_AESDMA"")}  -app { rdc } -tag { RDC_CLOCK_CORRUPT_OBSERVED } -user { minsy0731 } -timestamp { 12-06-2025 13:42:45 }"
RDC_CLOCK_CORRUPT_OBSERVED_165,ACTIVE,1,RDC_CLOCK_CORRUPT_OBSERVED,This warning is that output clock of clock gating cell should be active and reset is deasserted. This is confirmed by designer.,minsy0731,12-06-2025 13:42:45,"{""RdcSourceResets:ResetName"": ""RESETN_ACLK"", ""RdcDestResets:DestResetInfo:ResetName"": ""'no-reset'"", ""DestClockInfoList:DestClockInfo:ClockDomainId"": ""1"", ""DestClockInfoList:DestClockInfo:ClockName"": ""CLK_PRCM_ACLK"", ""DestClockInfoList:DestClockInfo:ClockObject"": ""ACLK"", ""ReasonInfoList:ReasonInfo:ReasonCode"": ""NO_BLOCKING_METHOD"", ""SrcObject"": ""u_AESDMA_TOP/u_aesdma_top/u_AESDMA_RDCORE/u_AESDMA_REORDER_BUF/rd_table[31].id[4:0]"", ""DestObject"": ""u_sram_rob_cg/u_dont_touch_preicg/ECK"", ""AllSrcResets:SrcResetInfo:ResetObject"": ""RESETN_ACLK"", ""AllSrcResets:SrcResetInfo:ResetName"": ""RESETN_ACLK"", ""DestSyncResetInfoList:DestResetInfo:ResetName"": ""'no-reset'"", ""SrcClockInfoList:SrcClockInfo:ClockDomainId"": ""1"", ""SrcClockInfoList:SrcClockInfo:ClockName"": ""CLK_PRCM_ACLK"", ""SrcClockInfoList:SrcClockInfo:ClockObject"": ""ACLK"", ""Module"": ""BOS_AESDMA""}","waive_violation -add {RDC_CLOCK_CORRUPT_OBSERVED_165}  -comment {This warning is that output clock of clock gating cell should be active and reset is deasserted. This is confirmed by designer.}  -filter {(RdcSourceResets:ResetName == ""RESETN_ACLK"") AND (RdcDestResets:DestResetInfo:ResetName == ""'no-reset'"") AND (DestClockInfoList:DestClockInfo:ClockDomainId == ""1"") AND (DestClockInfoList:DestClockInfo:ClockName == ""CLK_PRCM_ACLK"") AND (DestClockInfoList:DestClockInfo:ClockObject == ""ACLK"") AND (ReasonInfoList:ReasonInfo:ReasonCode == ""NO_BLOCKING_METHOD"") AND (SrcObject == ""u_AESDMA_TOP/u_aesdma_top/u_AESDMA_RDCORE/u_AESDMA_REORDER_BUF/rd_table[31].id[4:0]"") AND (DestObject == ""u_sram_rob_cg/u_dont_touch_preicg/ECK"") AND (AllSrcResets:SrcResetInfo:ResetObject == ""RESETN_ACLK"") AND (AllSrcResets:SrcResetInfo:ResetName == ""RESETN_ACLK"") AND (DestSyncResetInfoList:DestResetInfo:ResetName == ""'no-reset'"") AND (SrcClockInfoList:SrcClockInfo:ClockDomainId == ""1"") AND (SrcClockInfoList:SrcClockInfo:ClockName == ""CLK_PRCM_ACLK"") AND (SrcClockInfoList:SrcClockInfo:ClockObject == ""ACLK"") AND (Module == ""BOS_AESDMA"")}  -app { rdc } -tag { RDC_CLOCK_CORRUPT_OBSERVED } -user { minsy0731 } -timestamp { 12-06-2025 13:42:45 }"
RDC_CLOCK_CORRUPT_OBSERVED_166,ACTIVE,1,RDC_CLOCK_CORRUPT_OBSERVED,This warning is that output clock of clock gating cell should be active and reset is deasserted. This is confirmed by designer.,minsy0731,12-06-2025 13:42:45,"{""RdcSourceResets:ResetName"": ""RESETN_ACLK"", ""RdcDestResets:DestResetInfo:ResetName"": ""'no-reset'"", ""DestClockInfoList:DestClockInfo:ClockDomainId"": ""1"", ""DestClockInfoList:DestClockInfo:ClockName"": ""CLK_PRCM_ACLK"", ""DestClockInfoList:DestClockInfo:ClockObject"": ""ACLK"", ""ReasonInfoList:ReasonInfo:ReasonCode"": ""NO_BLOCKING_METHOD"", ""SrcObject"": ""u_AESDMA_TOP/u_aesdma_top/u_AESDMA_RDCORE/u_AESDMA_REORDER_BUF/rd_table[17].table_entry_valid"", ""DestObject"": ""u_sram_rob_cg/u_dont_touch_preicg/ECK"", ""AllSrcResets:SrcResetInfo:ResetObject"": ""RESETN_ACLK"", ""AllSrcResets:SrcResetInfo:ResetName"": ""RESETN_ACLK"", ""DestSyncResetInfoList:DestResetInfo:ResetName"": ""'no-reset'"", ""SrcClockInfoList:SrcClockInfo:ClockDomainId"": ""1"", ""SrcClockInfoList:SrcClockInfo:ClockName"": ""CLK_PRCM_ACLK"", ""SrcClockInfoList:SrcClockInfo:ClockObject"": ""ACLK"", ""Module"": ""BOS_AESDMA""}","waive_violation -add {RDC_CLOCK_CORRUPT_OBSERVED_166}  -comment {This warning is that output clock of clock gating cell should be active and reset is deasserted. This is confirmed by designer.}  -filter {(RdcSourceResets:ResetName == ""RESETN_ACLK"") AND (RdcDestResets:DestResetInfo:ResetName == ""'no-reset'"") AND (DestClockInfoList:DestClockInfo:ClockDomainId == ""1"") AND (DestClockInfoList:DestClockInfo:ClockName == ""CLK_PRCM_ACLK"") AND (DestClockInfoList:DestClockInfo:ClockObject == ""ACLK"") AND (ReasonInfoList:ReasonInfo:ReasonCode == ""NO_BLOCKING_METHOD"") AND (SrcObject == ""u_AESDMA_TOP/u_aesdma_top/u_AESDMA_RDCORE/u_AESDMA_REORDER_BUF/rd_table[17].table_entry_valid"") AND (DestObject == ""u_sram_rob_cg/u_dont_touch_preicg/ECK"") AND (AllSrcResets:SrcResetInfo:ResetObject == ""RESETN_ACLK"") AND (AllSrcResets:SrcResetInfo:ResetName == ""RESETN_ACLK"") AND (DestSyncResetInfoList:DestResetInfo:ResetName == ""'no-reset'"") AND (SrcClockInfoList:SrcClockInfo:ClockDomainId == ""1"") AND (SrcClockInfoList:SrcClockInfo:ClockName == ""CLK_PRCM_ACLK"") AND (SrcClockInfoList:SrcClockInfo:ClockObject == ""ACLK"") AND (Module == ""BOS_AESDMA"")}  -app { rdc } -tag { RDC_CLOCK_CORRUPT_OBSERVED } -user { minsy0731 } -timestamp { 12-06-2025 13:42:45 }"
RDC_CLOCK_CORRUPT_OBSERVED_167,ACTIVE,1,RDC_CLOCK_CORRUPT_OBSERVED,This warning is that output clock of clock gating cell should be active and reset is deasserted. This is confirmed by designer.,minsy0731,12-06-2025 13:42:45,"{""RdcSourceResets:ResetName"": ""RESETN_ACLK"", ""RdcDestResets:DestResetInfo:ResetName"": ""'no-reset'"", ""DestClockInfoList:DestClockInfo:ClockDomainId"": ""1"", ""DestClockInfoList:DestClockInfo:ClockName"": ""CLK_PRCM_ACLK"", ""DestClockInfoList:DestClockInfo:ClockObject"": ""ACLK"", ""ReasonInfoList:ReasonInfo:ReasonCode"": ""NO_BLOCKING_METHOD"", ""SrcObject"": ""u_AESDMA_TOP/u_aesdma_top/u_AESDMA_RDCORE/u_AESDMA_REORDER_BUF/rd_table[16].id[4:0]"", ""DestObject"": ""u_sram_rob_cg/u_dont_touch_preicg/ECK"", ""AllSrcResets:SrcResetInfo:ResetObject"": ""RESETN_ACLK"", ""AllSrcResets:SrcResetInfo:ResetName"": ""RESETN_ACLK"", ""DestSyncResetInfoList:DestResetInfo:ResetName"": ""'no-reset'"", ""SrcClockInfoList:SrcClockInfo:ClockDomainId"": ""1"", ""SrcClockInfoList:SrcClockInfo:ClockName"": ""CLK_PRCM_ACLK"", ""SrcClockInfoList:SrcClockInfo:ClockObject"": ""ACLK"", ""Module"": ""BOS_AESDMA""}","waive_violation -add {RDC_CLOCK_CORRUPT_OBSERVED_167}  -comment {This warning is that output clock of clock gating cell should be active and reset is deasserted. This is confirmed by designer.}  -filter {(RdcSourceResets:ResetName == ""RESETN_ACLK"") AND (RdcDestResets:DestResetInfo:ResetName == ""'no-reset'"") AND (DestClockInfoList:DestClockInfo:ClockDomainId == ""1"") AND (DestClockInfoList:DestClockInfo:ClockName == ""CLK_PRCM_ACLK"") AND (DestClockInfoList:DestClockInfo:ClockObject == ""ACLK"") AND (ReasonInfoList:ReasonInfo:ReasonCode == ""NO_BLOCKING_METHOD"") AND (SrcObject == ""u_AESDMA_TOP/u_aesdma_top/u_AESDMA_RDCORE/u_AESDMA_REORDER_BUF/rd_table[16].id[4:0]"") AND (DestObject == ""u_sram_rob_cg/u_dont_touch_preicg/ECK"") AND (AllSrcResets:SrcResetInfo:ResetObject == ""RESETN_ACLK"") AND (AllSrcResets:SrcResetInfo:ResetName == ""RESETN_ACLK"") AND (DestSyncResetInfoList:DestResetInfo:ResetName == ""'no-reset'"") AND (SrcClockInfoList:SrcClockInfo:ClockDomainId == ""1"") AND (SrcClockInfoList:SrcClockInfo:ClockName == ""CLK_PRCM_ACLK"") AND (SrcClockInfoList:SrcClockInfo:ClockObject == ""ACLK"") AND (Module == ""BOS_AESDMA"")}  -app { rdc } -tag { RDC_CLOCK_CORRUPT_OBSERVED } -user { minsy0731 } -timestamp { 12-06-2025 13:42:45 }"
RDC_CLOCK_CORRUPT_OBSERVED_167_2,REDUNDANT,0,RDC_CLOCK_CORRUPT_OBSERVED,No reset at CG cell,pnson,24-06-2026 17:46:49,"{""RdcSourceResets:ResetName"": ""RESETN_ACLK"", ""RdcDestResets:DestResetInfo:ResetName"": ""'no-reset'"", ""DestClockInfoList:DestClockInfo:ClockDomainId"": ""1"", ""DestClockInfoList:DestClockInfo:ClockName"": ""CLK_PRCM_ACLK"", ""DestClockInfoList:DestClockInfo:ClockObject"": ""ACLK"", ""ReasonInfoList:ReasonInfo:ReasonCode"": ""NO_BLOCKING_METHOD"", ""ReasonInfoList:ReasonInfo:ReasonCodeMsg"": ""[ERROR] No valid blocking scheme found"", ""SrcObject"": ""u_fierr_ecc_e2_sram_rob/sync_inst[0].genblk1.genblk1.u_dont_touch_sync_dff2/Q"", ""DestObject"": ""u_sram_rob_cg/u_dont_touch_preicg/ECK"", ""SrcObjectType"": ""library-cell"", ""DestObjectType"": ""clock-gating-cell"", ""AllSrcResets:SrcResetInfo:ResetObject"": ""RESETN_ACLK"", ""AllSrcResets:SrcResetInfo:ResetName"": ""RESETN_ACLK"", ""DestSyncResetInfoList:DestResetInfo:ResetName"": ""'no-reset'"", ""SrcClockInfoList:SrcClockInfo:ClockDomainId"": ""1"", ""SrcClockInfoList:SrcClockInfo:ClockName"": ""CLK_PRCM_ACLK"", ""SrcClockInfoList:SrcClockInfo:ClockObject"": ""ACLK"", ""ContainerInstance"": ""BOS_AESDMA"", ""Module"": ""BOS_AESDMA""}","waive_violation -add {RDC_CLOCK_CORRUPT_OBSERVED_167_2}  -comment {No reset at CG cell}  -filter {(RdcSourceResets:ResetName == ""RESETN_ACLK"") AND (RdcDestResets:DestResetInfo:ResetName == ""'no-reset'"") AND (DestClockInfoList:DestClockInfo:ClockDomainId == ""1"") AND (DestClockInfoList:DestClockInfo:ClockName == ""CLK_PRCM_ACLK"") AND (DestClockInfoList:DestClockInfo:ClockObject == ""ACLK"") AND (ReasonInfoList:ReasonInfo:ReasonCode == ""NO_BLOCKING_METHOD"") AND (ReasonInfoList:ReasonInfo:ReasonCodeMsg == ""[ERROR] No valid blocking scheme found"") AND (SrcObject == ""u_fierr_ecc_e2_sram_rob/sync_inst[0].genblk1.genblk1.u_dont_touch_sync_dff2/Q"") AND (DestObject == ""u_sram_rob_cg/u_dont_touch_preicg/ECK"") AND (SrcObjectType == ""library-cell"") AND (DestObjectType == ""clock-gating-cell"") AND (AllSrcResets:SrcResetInfo:ResetObject == ""RESETN_ACLK"") AND (AllSrcResets:SrcResetInfo:ResetName == ""RESETN_ACLK"") AND (DestSyncResetInfoList:DestResetInfo:ResetName == ""'no-reset'"") AND (SrcClockInfoList:SrcClockInfo:ClockDomainId == ""1"") AND (SrcClockInfoList:SrcClockInfo:ClockName == ""CLK_PRCM_ACLK"") AND (SrcClockInfoList:SrcClockInfo:ClockObject == ""ACLK"") AND (ContainerInstance == ""BOS_AESDMA"") AND (Module == ""BOS_AESDMA"")}  -app { rdc } -tag { RDC_CLOCK_CORRUPT_OBSERVED } -user { pnson } -timestamp { 24-06-2026 17:46:49 }"
RDC_CLOCK_CORRUPT_OBSERVED_168,ACTIVE,1,RDC_CLOCK_CORRUPT_OBSERVED,This warning is that output clock of clock gating cell should be active and reset is deasserted. This is confirmed by designer.,minsy0731,12-06-2025 13:42:45,"{""RdcSourceResets:ResetName"": ""RESETN_ACLK"", ""RdcDestResets:DestResetInfo:ResetName"": ""'no-reset'"", ""DestClockInfoList:DestClockInfo:ClockDomainId"": ""1"", ""DestClockInfoList:DestClockInfo:ClockName"": ""CLK_PRCM_ACLK"", ""DestClockInfoList:DestClockInfo:ClockObject"": ""ACLK"", ""ReasonInfoList:ReasonInfo:ReasonCode"": ""NO_BLOCKING_METHOD"", ""SrcObject"": ""u_AESDMA_TOP/u_aesdma_top/u_AESDMA_RDCORE/u_AESDMA_REORDER_BUF/rd_table[16].table_entry_valid"", ""DestObject"": ""u_sram_rob_cg/u_dont_touch_preicg/ECK"", ""AllSrcResets:SrcResetInfo:ResetObject"": ""RESETN_ACLK"", ""AllSrcResets:SrcResetInfo:ResetName"": ""RESETN_ACLK"", ""DestSyncResetInfoList:DestResetInfo:ResetName"": ""'no-reset'"", ""SrcClockInfoList:SrcClockInfo:ClockDomainId"": ""1"", ""SrcClockInfoList:SrcClockInfo:ClockName"": ""CLK_PRCM_ACLK"", ""SrcClockInfoList:SrcClockInfo:ClockObject"": ""ACLK"", ""Module"": ""BOS_AESDMA""}","waive_violation -add {RDC_CLOCK_CORRUPT_OBSERVED_168}  -comment {This warning is that output clock of clock gating cell should be active and reset is deasserted. This is confirmed by designer.}  -filter {(RdcSourceResets:ResetName == ""RESETN_ACLK"") AND (RdcDestResets:DestResetInfo:ResetName == ""'no-reset'"") AND (DestClockInfoList:DestClockInfo:ClockDomainId == ""1"") AND (DestClockInfoList:DestClockInfo:ClockName == ""CLK_PRCM_ACLK"") AND (DestClockInfoList:DestClockInfo:ClockObject == ""ACLK"") AND (ReasonInfoList:ReasonInfo:ReasonCode == ""NO_BLOCKING_METHOD"") AND (SrcObject == ""u_AESDMA_TOP/u_aesdma_top/u_AESDMA_RDCORE/u_AESDMA_REORDER_BUF/rd_table[16].table_entry_valid"") AND (DestObject == ""u_sram_rob_cg/u_dont_touch_preicg/ECK"") AND (AllSrcResets:SrcResetInfo:ResetObject == ""RESETN_ACLK"") AND (AllSrcResets:SrcResetInfo:ResetName == ""RESETN_ACLK"") AND (DestSyncResetInfoList:DestResetInfo:ResetName == ""'no-reset'"") AND (SrcClockInfoList:SrcClockInfo:ClockDomainId == ""1"") AND (SrcClockInfoList:SrcClockInfo:ClockName == ""CLK_PRCM_ACLK"") AND (SrcClockInfoList:SrcClockInfo:ClockObject == ""ACLK"") AND (Module == ""BOS_AESDMA"")}  -app { rdc } -tag { RDC_CLOCK_CORRUPT_OBSERVED } -user { minsy0731 } -timestamp { 12-06-2025 13:42:45 }"
RDC_CLOCK_CORRUPT_OBSERVED_169,ACTIVE,1,RDC_CLOCK_CORRUPT_OBSERVED,This warning is that output clock of clock gating cell should be active and reset is deasserted. This is confirmed by designer.,minsy0731,12-06-2025 13:42:45,"{""RdcSourceResets:ResetName"": ""RESETN_ACLK"", ""RdcDestResets:DestResetInfo:ResetName"": ""'no-reset'"", ""DestClockInfoList:DestClockInfo:ClockDomainId"": ""1"", ""DestClockInfoList:DestClockInfo:ClockName"": ""CLK_PRCM_ACLK"", ""DestClockInfoList:DestClockInfo:ClockObject"": ""ACLK"", ""ReasonInfoList:ReasonInfo:ReasonCode"": ""NO_BLOCKING_METHOD"", ""SrcObject"": ""u_AESDMA_TOP/u_aesdma_top/u_AESDMA_RDCORE/u_AESDMA_REORDER_BUF/rd_table[21].id[4:0]"", ""DestObject"": ""u_sram_rob_cg/u_dont_touch_preicg/ECK"", ""AllSrcResets:SrcResetInfo:ResetObject"": ""RESETN_ACLK"", ""AllSrcResets:SrcResetInfo:ResetName"": ""RESETN_ACLK"", ""DestSyncResetInfoList:DestResetInfo:ResetName"": ""'no-reset'"", ""SrcClockInfoList:SrcClockInfo:ClockDomainId"": ""1"", ""SrcClockInfoList:SrcClockInfo:ClockName"": ""CLK_PRCM_ACLK"", ""SrcClockInfoList:SrcClockInfo:ClockObject"": ""ACLK"", ""Module"": ""BOS_AESDMA""}","waive_violation -add {RDC_CLOCK_CORRUPT_OBSERVED_169}  -comment {This warning is that output clock of clock gating cell should be active and reset is deasserted. This is confirmed by designer.}  -filter {(RdcSourceResets:ResetName == ""RESETN_ACLK"") AND (RdcDestResets:DestResetInfo:ResetName == ""'no-reset'"") AND (DestClockInfoList:DestClockInfo:ClockDomainId == ""1"") AND (DestClockInfoList:DestClockInfo:ClockName == ""CLK_PRCM_ACLK"") AND (DestClockInfoList:DestClockInfo:ClockObject == ""ACLK"") AND (ReasonInfoList:ReasonInfo:ReasonCode == ""NO_BLOCKING_METHOD"") AND (SrcObject == ""u_AESDMA_TOP/u_aesdma_top/u_AESDMA_RDCORE/u_AESDMA_REORDER_BUF/rd_table[21].id[4:0]"") AND (DestObject == ""u_sram_rob_cg/u_dont_touch_preicg/ECK"") AND (AllSrcResets:SrcResetInfo:ResetObject == ""RESETN_ACLK"") AND (AllSrcResets:SrcResetInfo:ResetName == ""RESETN_ACLK"") AND (DestSyncResetInfoList:DestResetInfo:ResetName == ""'no-reset'"") AND (SrcClockInfoList:SrcClockInfo:ClockDomainId == ""1"") AND (SrcClockInfoList:SrcClockInfo:ClockName == ""CLK_PRCM_ACLK"") AND (SrcClockInfoList:SrcClockInfo:ClockObject == ""ACLK"") AND (Module == ""BOS_AESDMA"")}  -app { rdc } -tag { RDC_CLOCK_CORRUPT_OBSERVED } -user { minsy0731 } -timestamp { 12-06-2025 13:42:45 }"
RDC_CLOCK_CORRUPT_OBSERVED_170,ACTIVE,1,RDC_CLOCK_CORRUPT_OBSERVED,This warning is that output clock of clock gating cell should be active and reset is deasserted. This is confirmed by designer.,minsy0731,12-06-2025 13:42:45,"{""RdcSourceResets:ResetName"": ""RESETN_ACLK"", ""RdcDestResets:DestResetInfo:ResetName"": ""'no-reset'"", ""DestClockInfoList:DestClockInfo:ClockDomainId"": ""1"", ""DestClockInfoList:DestClockInfo:ClockName"": ""CLK_PRCM_ACLK"", ""DestClockInfoList:DestClockInfo:ClockObject"": ""ACLK"", ""ReasonInfoList:ReasonInfo:ReasonCode"": ""NO_BLOCKING_METHOD"", ""SrcObject"": ""u_AESDMA_TOP/u_aesdma_top/u_AESDMA_RDCORE/u_AESDMA_REORDER_BUF/rd_table[15].id[4:0]"", ""DestObject"": ""u_sram_rob_cg/u_dont_touch_preicg/ECK"", ""AllSrcResets:SrcResetInfo:ResetObject"": ""RESETN_ACLK"", ""AllSrcResets:SrcResetInfo:ResetName"": ""RESETN_ACLK"", ""DestSyncResetInfoList:DestResetInfo:ResetName"": ""'no-reset'"", ""SrcClockInfoList:SrcClockInfo:ClockDomainId"": ""1"", ""SrcClockInfoList:SrcClockInfo:ClockName"": ""CLK_PRCM_ACLK"", ""SrcClockInfoList:SrcClockInfo:ClockObject"": ""ACLK"", ""Module"": ""BOS_AESDMA""}","waive_violation -add {RDC_CLOCK_CORRUPT_OBSERVED_170}  -comment {This warning is that output clock of clock gating cell should be active and reset is deasserted. This is confirmed by designer.}  -filter {(RdcSourceResets:ResetName == ""RESETN_ACLK"") AND (RdcDestResets:DestResetInfo:ResetName == ""'no-reset'"") AND (DestClockInfoList:DestClockInfo:ClockDomainId == ""1"") AND (DestClockInfoList:DestClockInfo:ClockName == ""CLK_PRCM_ACLK"") AND (DestClockInfoList:DestClockInfo:ClockObject == ""ACLK"") AND (ReasonInfoList:ReasonInfo:ReasonCode == ""NO_BLOCKING_METHOD"") AND (SrcObject == ""u_AESDMA_TOP/u_aesdma_top/u_AESDMA_RDCORE/u_AESDMA_REORDER_BUF/rd_table[15].id[4:0]"") AND (DestObject == ""u_sram_rob_cg/u_dont_touch_preicg/ECK"") AND (AllSrcResets:SrcResetInfo:ResetObject == ""RESETN_ACLK"") AND (AllSrcResets:SrcResetInfo:ResetName == ""RESETN_ACLK"") AND (DestSyncResetInfoList:DestResetInfo:ResetName == ""'no-reset'"") AND (SrcClockInfoList:SrcClockInfo:ClockDomainId == ""1"") AND (SrcClockInfoList:SrcClockInfo:ClockName == ""CLK_PRCM_ACLK"") AND (SrcClockInfoList:SrcClockInfo:ClockObject == ""ACLK"") AND (Module == ""BOS_AESDMA"")}  -app { rdc } -tag { RDC_CLOCK_CORRUPT_OBSERVED } -user { minsy0731 } -timestamp { 12-06-2025 13:42:45 }"
RDC_CLOCK_CORRUPT_OBSERVED_170_2,REDUNDANT,0,RDC_CLOCK_CORRUPT_OBSERVED,No reset at CG cell,pnson,24-06-2026 17:46:49,"{""RdcSourceResets:ResetName"": ""RESETN_ACLK"", ""RdcDestResets:DestResetInfo:ResetName"": ""'no-reset'"", ""DestClockInfoList:DestClockInfo:ClockDomainId"": ""1"", ""DestClockInfoList:DestClockInfo:ClockName"": ""CLK_PRCM_ACLK"", ""DestClockInfoList:DestClockInfo:ClockObject"": ""ACLK"", ""ReasonInfoList:ReasonInfo:ReasonCode"": ""NO_BLOCKING_METHOD"", ""ReasonInfoList:ReasonInfo:ReasonCodeMsg"": ""[ERROR] No valid blocking scheme found"", ""SrcObject"": ""u_fierr_ecc_dec_dcls_sram_rob/sync_inst[0].genblk1.genblk1.u_dont_touch_sync_dff2/Q"", ""DestObject"": ""u_sram_rob_cg/u_dont_touch_preicg/ECK"", ""SrcObjectType"": ""library-cell"", ""DestObjectType"": ""clock-gating-cell"", ""AllSrcResets:SrcResetInfo:ResetObject"": ""RESETN_ACLK"", ""AllSrcResets:SrcResetInfo:ResetName"": ""RESETN_ACLK"", ""DestSyncResetInfoList:DestResetInfo:ResetName"": ""'no-reset'"", ""SrcClockInfoList:SrcClockInfo:ClockDomainId"": ""1"", ""SrcClockInfoList:SrcClockInfo:ClockName"": ""CLK_PRCM_ACLK"", ""SrcClockInfoList:SrcClockInfo:ClockObject"": ""ACLK"", ""ContainerInstance"": ""BOS_AESDMA"", ""Module"": ""BOS_AESDMA""}","waive_violation -add {RDC_CLOCK_CORRUPT_OBSERVED_170_2}  -comment {No reset at CG cell}  -filter {(RdcSourceResets:ResetName == ""RESETN_ACLK"") AND (RdcDestResets:DestResetInfo:ResetName == ""'no-reset'"") AND (DestClockInfoList:DestClockInfo:ClockDomainId == ""1"") AND (DestClockInfoList:DestClockInfo:ClockName == ""CLK_PRCM_ACLK"") AND (DestClockInfoList:DestClockInfo:ClockObject == ""ACLK"") AND (ReasonInfoList:ReasonInfo:ReasonCode == ""NO_BLOCKING_METHOD"") AND (ReasonInfoList:ReasonInfo:ReasonCodeMsg == ""[ERROR] No valid blocking scheme found"") AND (SrcObject == ""u_fierr_ecc_dec_dcls_sram_rob/sync_inst[0].genblk1.genblk1.u_dont_touch_sync_dff2/Q"") AND (DestObject == ""u_sram_rob_cg/u_dont_touch_preicg/ECK"") AND (SrcObjectType == ""library-cell"") AND (DestObjectType == ""clock-gating-cell"") AND (AllSrcResets:SrcResetInfo:ResetObject == ""RESETN_ACLK"") AND (AllSrcResets:SrcResetInfo:ResetName == ""RESETN_ACLK"") AND (DestSyncResetInfoList:DestResetInfo:ResetName == ""'no-reset'"") AND (SrcClockInfoList:SrcClockInfo:ClockDomainId == ""1"") AND (SrcClockInfoList:SrcClockInfo:ClockName == ""CLK_PRCM_ACLK"") AND (SrcClockInfoList:SrcClockInfo:ClockObject == ""ACLK"") AND (ContainerInstance == ""BOS_AESDMA"") AND (Module == ""BOS_AESDMA"")}  -app { rdc } -tag { RDC_CLOCK_CORRUPT_OBSERVED } -user { pnson } -timestamp { 24-06-2026 17:46:49 }"
RDC_CLOCK_CORRUPT_OBSERVED_171,ACTIVE,1,RDC_CLOCK_CORRUPT_OBSERVED,This warning is that output clock of clock gating cell should be active and reset is deasserted. This is confirmed by designer.,minsy0731,12-06-2025 13:42:45,"{""RdcSourceResets:ResetName"": ""RESETN_ACLK"", ""RdcDestResets:DestResetInfo:ResetName"": ""'no-reset'"", ""DestClockInfoList:DestClockInfo:ClockDomainId"": ""1"", ""DestClockInfoList:DestClockInfo:ClockName"": ""CLK_PRCM_ACLK"", ""DestClockInfoList:DestClockInfo:ClockObject"": ""ACLK"", ""ReasonInfoList:ReasonInfo:ReasonCode"": ""NO_BLOCKING_METHOD"", ""SrcObject"": ""u_AESDMA_TOP/u_aesdma_top/u_AESDMA_RDCORE/u_AESDMA_REORDER_BUF/rd_table[26].id[4:0]"", ""DestObject"": ""u_sram_rob_cg/u_dont_touch_preicg/ECK"", ""AllSrcResets:SrcResetInfo:ResetObject"": ""RESETN_ACLK"", ""AllSrcResets:SrcResetInfo:ResetName"": ""RESETN_ACLK"", ""DestSyncResetInfoList:DestResetInfo:ResetName"": ""'no-reset'"", ""SrcClockInfoList:SrcClockInfo:ClockDomainId"": ""1"", ""SrcClockInfoList:SrcClockInfo:ClockName"": ""CLK_PRCM_ACLK"", ""SrcClockInfoList:SrcClockInfo:ClockObject"": ""ACLK"", ""Module"": ""BOS_AESDMA""}","waive_violation -add {RDC_CLOCK_CORRUPT_OBSERVED_171}  -comment {This warning is that output clock of clock gating cell should be active and reset is deasserted. This is confirmed by designer.}  -filter {(RdcSourceResets:ResetName == ""RESETN_ACLK"") AND (RdcDestResets:DestResetInfo:ResetName == ""'no-reset'"") AND (DestClockInfoList:DestClockInfo:ClockDomainId == ""1"") AND (DestClockInfoList:DestClockInfo:ClockName == ""CLK_PRCM_ACLK"") AND (DestClockInfoList:DestClockInfo:ClockObject == ""ACLK"") AND (ReasonInfoList:ReasonInfo:ReasonCode == ""NO_BLOCKING_METHOD"") AND (SrcObject == ""u_AESDMA_TOP/u_aesdma_top/u_AESDMA_RDCORE/u_AESDMA_REORDER_BUF/rd_table[26].id[4:0]"") AND (DestObject == ""u_sram_rob_cg/u_dont_touch_preicg/ECK"") AND (AllSrcResets:SrcResetInfo:ResetObject == ""RESETN_ACLK"") AND (AllSrcResets:SrcResetInfo:ResetName == ""RESETN_ACLK"") AND (DestSyncResetInfoList:DestResetInfo:ResetName == ""'no-reset'"") AND (SrcClockInfoList:SrcClockInfo:ClockDomainId == ""1"") AND (SrcClockInfoList:SrcClockInfo:ClockName == ""CLK_PRCM_ACLK"") AND (SrcClockInfoList:SrcClockInfo:ClockObject == ""ACLK"") AND (Module == ""BOS_AESDMA"")}  -app { rdc } -tag { RDC_CLOCK_CORRUPT_OBSERVED } -user { minsy0731 } -timestamp { 12-06-2025 13:42:45 }"
RDC_CLOCK_CORRUPT_OBSERVED_172,ACTIVE,1,RDC_CLOCK_CORRUPT_OBSERVED,This warning is that output clock of clock gating cell should be active and reset is deasserted. This is confirmed by designer.,minsy0731,12-06-2025 13:42:45,"{""RdcSourceResets:ResetName"": ""RESETN_ACLK"", ""RdcDestResets:DestResetInfo:ResetName"": ""'no-reset'"", ""DestClockInfoList:DestClockInfo:ClockDomainId"": ""1"", ""DestClockInfoList:DestClockInfo:ClockName"": ""CLK_PRCM_ACLK"", ""DestClockInfoList:DestClockInfo:ClockObject"": ""ACLK"", ""ReasonInfoList:ReasonInfo:ReasonCode"": ""NO_BLOCKING_METHOD"", ""SrcObject"": ""u_AESDMA_TOP/u_aesdma_top/u_AESDMA_RDCORE/u_AESDMA_REORDER_BUF/rd_table[14].id[4:0]"", ""DestObject"": ""u_sram_rob_cg/u_dont_touch_preicg/ECK"", ""AllSrcResets:SrcResetInfo:ResetObject"": ""RESETN_ACLK"", ""AllSrcResets:SrcResetInfo:ResetName"": ""RESETN_ACLK"", ""DestSyncResetInfoList:DestResetInfo:ResetName"": ""'no-reset'"", ""SrcClockInfoList:SrcClockInfo:ClockDomainId"": ""1"", ""SrcClockInfoList:SrcClockInfo:ClockName"": ""CLK_PRCM_ACLK"", ""SrcClockInfoList:SrcClockInfo:ClockObject"": ""ACLK"", ""Module"": ""BOS_AESDMA""}","waive_violation -add {RDC_CLOCK_CORRUPT_OBSERVED_172}  -comment {This warning is that output clock of clock gating cell should be active and reset is deasserted. This is confirmed by designer.}  -filter {(RdcSourceResets:ResetName == ""RESETN_ACLK"") AND (RdcDestResets:DestResetInfo:ResetName == ""'no-reset'"") AND (DestClockInfoList:DestClockInfo:ClockDomainId == ""1"") AND (DestClockInfoList:DestClockInfo:ClockName == ""CLK_PRCM_ACLK"") AND (DestClockInfoList:DestClockInfo:ClockObject == ""ACLK"") AND (ReasonInfoList:ReasonInfo:ReasonCode == ""NO_BLOCKING_METHOD"") AND (SrcObject == ""u_AESDMA_TOP/u_aesdma_top/u_AESDMA_RDCORE/u_AESDMA_REORDER_BUF/rd_table[14].id[4:0]"") AND (DestObject == ""u_sram_rob_cg/u_dont_touch_preicg/ECK"") AND (AllSrcResets:SrcResetInfo:ResetObject == ""RESETN_ACLK"") AND (AllSrcResets:SrcResetInfo:ResetName == ""RESETN_ACLK"") AND (DestSyncResetInfoList:DestResetInfo:ResetName == ""'no-reset'"") AND (SrcClockInfoList:SrcClockInfo:ClockDomainId == ""1"") AND (SrcClockInfoList:SrcClockInfo:ClockName == ""CLK_PRCM_ACLK"") AND (SrcClockInfoList:SrcClockInfo:ClockObject == ""ACLK"") AND (Module == ""BOS_AESDMA"")}  -app { rdc } -tag { RDC_CLOCK_CORRUPT_OBSERVED } -user { minsy0731 } -timestamp { 12-06-2025 13:42:45 }"
RDC_CLOCK_CORRUPT_OBSERVED_173,ACTIVE,1,RDC_CLOCK_CORRUPT_OBSERVED,This warning is that output clock of clock gating cell should be active and reset is deasserted. This is confirmed by designer.,minsy0731,12-06-2025 13:42:45,"{""RdcSourceResets:ResetName"": ""RESETN_ACLK"", ""RdcDestResets:DestResetInfo:ResetName"": ""'no-reset'"", ""DestClockInfoList:DestClockInfo:ClockDomainId"": ""1"", ""DestClockInfoList:DestClockInfo:ClockName"": ""CLK_PRCM_ACLK"", ""DestClockInfoList:DestClockInfo:ClockObject"": ""ACLK"", ""ReasonInfoList:ReasonInfo:ReasonCode"": ""NO_BLOCKING_METHOD"", ""SrcObject"": ""u_AESDMA_TOP/u_aesdma_top/u_AESDMA_RDCORE/u_AESDMA_REORDER_BUF/rd_table[14].table_entry_valid"", ""DestObject"": ""u_sram_rob_cg/u_dont_touch_preicg/ECK"", ""AllSrcResets:SrcResetInfo:ResetObject"": ""RESETN_ACLK"", ""AllSrcResets:SrcResetInfo:ResetName"": ""RESETN_ACLK"", ""DestSyncResetInfoList:DestResetInfo:ResetName"": ""'no-reset'"", ""SrcClockInfoList:SrcClockInfo:ClockDomainId"": ""1"", ""SrcClockInfoList:SrcClockInfo:ClockName"": ""CLK_PRCM_ACLK"", ""SrcClockInfoList:SrcClockInfo:ClockObject"": ""ACLK"", ""Module"": ""BOS_AESDMA""}","waive_violation -add {RDC_CLOCK_CORRUPT_OBSERVED_173}  -comment {This warning is that output clock of clock gating cell should be active and reset is deasserted. This is confirmed by designer.}  -filter {(RdcSourceResets:ResetName == ""RESETN_ACLK"") AND (RdcDestResets:DestResetInfo:ResetName == ""'no-reset'"") AND (DestClockInfoList:DestClockInfo:ClockDomainId == ""1"") AND (DestClockInfoList:DestClockInfo:ClockName == ""CLK_PRCM_ACLK"") AND (DestClockInfoList:DestClockInfo:ClockObject == ""ACLK"") AND (ReasonInfoList:ReasonInfo:ReasonCode == ""NO_BLOCKING_METHOD"") AND (SrcObject == ""u_AESDMA_TOP/u_aesdma_top/u_AESDMA_RDCORE/u_AESDMA_REORDER_BUF/rd_table[14].table_entry_valid"") AND (DestObject == ""u_sram_rob_cg/u_dont_touch_preicg/ECK"") AND (AllSrcResets:SrcResetInfo:ResetObject == ""RESETN_ACLK"") AND (AllSrcResets:SrcResetInfo:ResetName == ""RESETN_ACLK"") AND (DestSyncResetInfoList:DestResetInfo:ResetName == ""'no-reset'"") AND (SrcClockInfoList:SrcClockInfo:ClockDomainId == ""1"") AND (SrcClockInfoList:SrcClockInfo:ClockName == ""CLK_PRCM_ACLK"") AND (SrcClockInfoList:SrcClockInfo:ClockObject == ""ACLK"") AND (Module == ""BOS_AESDMA"")}  -app { rdc } -tag { RDC_CLOCK_CORRUPT_OBSERVED } -user { minsy0731 } -timestamp { 12-06-2025 13:42:45 }"
RDC_CLOCK_CORRUPT_OBSERVED_173_2,REDUNDANT,0,RDC_CLOCK_CORRUPT_OBSERVED,No reset at CG cell,pnson,24-06-2026 17:46:49,"{""RdcSourceResets:ResetName"": ""RESETN_ACLK"", ""RdcDestResets:DestResetInfo:ResetName"": ""'no-reset'"", ""DestClockInfoList:DestClockInfo:ClockDomainId"": ""1"", ""DestClockInfoList:DestClockInfo:ClockName"": ""CLK_PRCM_ACLK"", ""DestClockInfoList:DestClockInfo:ClockObject"": ""ACLK"", ""ReasonInfoList:ReasonInfo:ReasonCode"": ""NO_BLOCKING_METHOD"", ""ReasonInfoList:ReasonInfo:ReasonCodeMsg"": ""[ERROR] No valid blocking scheme found"", ""SrcObject"": ""u_fierr_ecc_e1_sram_rob/sync_inst[0].genblk1.genblk1.u_dont_touch_sync_dff2/Q"", ""DestObject"": ""u_sram_rob_cg/u_dont_touch_preicg/ECK"", ""SrcObjectType"": ""library-cell"", ""DestObjectType"": ""clock-gating-cell"", ""AllSrcResets:SrcResetInfo:ResetObject"": ""RESETN_ACLK"", ""AllSrcResets:SrcResetInfo:ResetName"": ""RESETN_ACLK"", ""DestSyncResetInfoList:DestResetInfo:ResetName"": ""'no-reset'"", ""SrcClockInfoList:SrcClockInfo:ClockDomainId"": ""1"", ""SrcClockInfoList:SrcClockInfo:ClockName"": ""CLK_PRCM_ACLK"", ""SrcClockInfoList:SrcClockInfo:ClockObject"": ""ACLK"", ""ContainerInstance"": ""BOS_AESDMA"", ""Module"": ""BOS_AESDMA""}","waive_violation -add {RDC_CLOCK_CORRUPT_OBSERVED_173_2}  -comment {No reset at CG cell}  -filter {(RdcSourceResets:ResetName == ""RESETN_ACLK"") AND (RdcDestResets:DestResetInfo:ResetName == ""'no-reset'"") AND (DestClockInfoList:DestClockInfo:ClockDomainId == ""1"") AND (DestClockInfoList:DestClockInfo:ClockName == ""CLK_PRCM_ACLK"") AND (DestClockInfoList:DestClockInfo:ClockObject == ""ACLK"") AND (ReasonInfoList:ReasonInfo:ReasonCode == ""NO_BLOCKING_METHOD"") AND (ReasonInfoList:ReasonInfo:ReasonCodeMsg == ""[ERROR] No valid blocking scheme found"") AND (SrcObject == ""u_fierr_ecc_e1_sram_rob/sync_inst[0].genblk1.genblk1.u_dont_touch_sync_dff2/Q"") AND (DestObject == ""u_sram_rob_cg/u_dont_touch_preicg/ECK"") AND (SrcObjectType == ""library-cell"") AND (DestObjectType == ""clock-gating-cell"") AND (AllSrcResets:SrcResetInfo:ResetObject == ""RESETN_ACLK"") AND (AllSrcResets:SrcResetInfo:ResetName == ""RESETN_ACLK"") AND (DestSyncResetInfoList:DestResetInfo:ResetName == ""'no-reset'"") AND (SrcClockInfoList:SrcClockInfo:ClockDomainId == ""1"") AND (SrcClockInfoList:SrcClockInfo:ClockName == ""CLK_PRCM_ACLK"") AND (SrcClockInfoList:SrcClockInfo:ClockObject == ""ACLK"") AND (ContainerInstance == ""BOS_AESDMA"") AND (Module == ""BOS_AESDMA"")}  -app { rdc } -tag { RDC_CLOCK_CORRUPT_OBSERVED } -user { pnson } -timestamp { 24-06-2026 17:46:49 }"
RDC_CLOCK_CORRUPT_OBSERVED_174,REDUNDANT,0,RDC_CLOCK_CORRUPT_OBSERVED,This warning is that output clock of clock gating cell should be active and reset is deasserted. This is confirmed by designer.,minsy0731,12-06-2025 13:42:45,"{""RdcSourceResets:ResetName"": ""RESETN_ACLK"", ""RdcDestResets:DestResetInfo:ResetName"": ""'no-reset'"", ""DestClockInfoList:DestClockInfo:ClockDomainId"": ""1"", ""DestClockInfoList:DestClockInfo:ClockName"": ""CLK_PRCM_ACLK"", ""DestClockInfoList:DestClockInfo:ClockObject"": ""ACLK"", ""ReasonInfoList:ReasonInfo:ReasonCode"": ""NO_BLOCKING_METHOD"", ""SrcObject"": ""u_AESDMA_TOP/u_aesdma_top/u_AESDMA_RDCORE/u_AESDMA_REORDER_BUF/rd_table[13].id[4:0]"", ""DestObject"": ""u_sram_rob_cg/u_dont_touch_preicg/ECK"", ""AllSrcResets:SrcResetInfo:ResetObject"": ""RESETN_ACLK"", ""AllSrcResets:SrcResetInfo:ResetName"": ""RESETN_ACLK"", ""DestSyncResetInfoList:DestResetInfo:ResetName"": ""'no-reset'"", ""SrcClockInfoList:SrcClockInfo:ClockDomainId"": ""1"", ""SrcClockInfoList:SrcClockInfo:ClockName"": ""CLK_PRCM_ACLK"", ""SrcClockInfoList:SrcClockInfo:ClockObject"": ""ACLK"", ""Module"": ""BOS_AESDMA""}","waive_violation -add {RDC_CLOCK_CORRUPT_OBSERVED_174}  -comment {This warning is that output clock of clock gating cell should be active and reset is deasserted. This is confirmed by designer.}  -filter {(RdcSourceResets:ResetName == ""RESETN_ACLK"") AND (RdcDestResets:DestResetInfo:ResetName == ""'no-reset'"") AND (DestClockInfoList:DestClockInfo:ClockDomainId == ""1"") AND (DestClockInfoList:DestClockInfo:ClockName == ""CLK_PRCM_ACLK"") AND (DestClockInfoList:DestClockInfo:ClockObject == ""ACLK"") AND (ReasonInfoList:ReasonInfo:ReasonCode == ""NO_BLOCKING_METHOD"") AND (SrcObject == ""u_AESDMA_TOP/u_aesdma_top/u_AESDMA_RDCORE/u_AESDMA_REORDER_BUF/rd_table[13].id[4:0]"") AND (DestObject == ""u_sram_rob_cg/u_dont_touch_preicg/ECK"") AND (AllSrcResets:SrcResetInfo:ResetObject == ""RESETN_ACLK"") AND (AllSrcResets:SrcResetInfo:ResetName == ""RESETN_ACLK"") AND (DestSyncResetInfoList:DestResetInfo:ResetName == ""'no-reset'"") AND (SrcClockInfoList:SrcClockInfo:ClockDomainId == ""1"") AND (SrcClockInfoList:SrcClockInfo:ClockName == ""CLK_PRCM_ACLK"") AND (SrcClockInfoList:SrcClockInfo:ClockObject == ""ACLK"") AND (Module == ""BOS_AESDMA"")}  -app { rdc } -tag { RDC_CLOCK_CORRUPT_OBSERVED } -user { minsy0731 } -timestamp { 12-06-2025 13:42:45 }"
RDC_CLOCK_CORRUPT_OBSERVED_175,ACTIVE,1,RDC_CLOCK_CORRUPT_OBSERVED,This warning is that output clock of clock gating cell should be active and reset is deasserted. This is confirmed by designer.,minsy0731,12-06-2025 13:42:45,"{""RdcSourceResets:ResetName"": ""RESETN_ACLK"", ""RdcDestResets:DestResetInfo:ResetName"": ""'no-reset'"", ""DestClockInfoList:DestClockInfo:ClockDomainId"": ""1"", ""DestClockInfoList:DestClockInfo:ClockName"": ""CLK_PRCM_ACLK"", ""DestClockInfoList:DestClockInfo:ClockObject"": ""ACLK"", ""ReasonInfoList:ReasonInfo:ReasonCode"": ""NO_BLOCKING_METHOD"", ""SrcObject"": ""u_AESDMA_TOP/u_aesdma_top/u_AESDMA_RDCORE/u_AESDMA_REORDER_BUF/rd_table[13].table_entry_valid"", ""DestObject"": ""u_sram_rob_cg/u_dont_touch_preicg/ECK"", ""AllSrcResets:SrcResetInfo:ResetObject"": ""RESETN_ACLK"", ""AllSrcResets:SrcResetInfo:ResetName"": ""RESETN_ACLK"", ""DestSyncResetInfoList:DestResetInfo:ResetName"": ""'no-reset'"", ""SrcClockInfoList:SrcClockInfo:ClockDomainId"": ""1"", ""SrcClockInfoList:SrcClockInfo:ClockName"": ""CLK_PRCM_ACLK"", ""SrcClockInfoList:SrcClockInfo:ClockObject"": ""ACLK"", ""Module"": ""BOS_AESDMA""}","waive_violation -add {RDC_CLOCK_CORRUPT_OBSERVED_175}  -comment {This warning is that output clock of clock gating cell should be active and reset is deasserted. This is confirmed by designer.}  -filter {(RdcSourceResets:ResetName == ""RESETN_ACLK"") AND (RdcDestResets:DestResetInfo:ResetName == ""'no-reset'"") AND (DestClockInfoList:DestClockInfo:ClockDomainId == ""1"") AND (DestClockInfoList:DestClockInfo:ClockName == ""CLK_PRCM_ACLK"") AND (DestClockInfoList:DestClockInfo:ClockObject == ""ACLK"") AND (ReasonInfoList:ReasonInfo:ReasonCode == ""NO_BLOCKING_METHOD"") AND (SrcObject == ""u_AESDMA_TOP/u_aesdma_top/u_AESDMA_RDCORE/u_AESDMA_REORDER_BUF/rd_table[13].table_entry_valid"") AND (DestObject == ""u_sram_rob_cg/u_dont_touch_preicg/ECK"") AND (AllSrcResets:SrcResetInfo:ResetObject == ""RESETN_ACLK"") AND (AllSrcResets:SrcResetInfo:ResetName == ""RESETN_ACLK"") AND (DestSyncResetInfoList:DestResetInfo:ResetName == ""'no-reset'"") AND (SrcClockInfoList:SrcClockInfo:ClockDomainId == ""1"") AND (SrcClockInfoList:SrcClockInfo:ClockName == ""CLK_PRCM_ACLK"") AND (SrcClockInfoList:SrcClockInfo:ClockObject == ""ACLK"") AND (Module == ""BOS_AESDMA"")}  -app { rdc } -tag { RDC_CLOCK_CORRUPT_OBSERVED } -user { minsy0731 } -timestamp { 12-06-2025 13:42:45 }"
RDC_CLOCK_CORRUPT_OBSERVED_176,REDUNDANT,0,RDC_CLOCK_CORRUPT_OBSERVED,This warning is that output clock of clock gating cell should be active and reset is deasserted. This is confirmed by designer.,minsy0731,12-06-2025 13:42:45,"{""RdcSourceResets:ResetName"": ""RESETN_ACLK"", ""RdcDestResets:DestResetInfo:ResetName"": ""'no-reset'"", ""DestClockInfoList:DestClockInfo:ClockDomainId"": ""1"", ""DestClockInfoList:DestClockInfo:ClockName"": ""CLK_PRCM_ACLK"", ""DestClockInfoList:DestClockInfo:ClockObject"": ""ACLK"", ""ReasonInfoList:ReasonInfo:ReasonCode"": ""NO_BLOCKING_METHOD"", ""SrcObject"": ""u_AESDMA_TOP/u_aesdma_top/u_AESDMA_RDCORE/u_AESDMA_REORDER_BUF/rd_table[12].id[4:0]"", ""DestObject"": ""u_sram_rob_cg/u_dont_touch_preicg/ECK"", ""AllSrcResets:SrcResetInfo:ResetObject"": ""RESETN_ACLK"", ""AllSrcResets:SrcResetInfo:ResetName"": ""RESETN_ACLK"", ""DestSyncResetInfoList:DestResetInfo:ResetName"": ""'no-reset'"", ""SrcClockInfoList:SrcClockInfo:ClockDomainId"": ""1"", ""SrcClockInfoList:SrcClockInfo:ClockName"": ""CLK_PRCM_ACLK"", ""SrcClockInfoList:SrcClockInfo:ClockObject"": ""ACLK"", ""Module"": ""BOS_AESDMA""}","waive_violation -add {RDC_CLOCK_CORRUPT_OBSERVED_176}  -comment {This warning is that output clock of clock gating cell should be active and reset is deasserted. This is confirmed by designer.}  -filter {(RdcSourceResets:ResetName == ""RESETN_ACLK"") AND (RdcDestResets:DestResetInfo:ResetName == ""'no-reset'"") AND (DestClockInfoList:DestClockInfo:ClockDomainId == ""1"") AND (DestClockInfoList:DestClockInfo:ClockName == ""CLK_PRCM_ACLK"") AND (DestClockInfoList:DestClockInfo:ClockObject == ""ACLK"") AND (ReasonInfoList:ReasonInfo:ReasonCode == ""NO_BLOCKING_METHOD"") AND (SrcObject == ""u_AESDMA_TOP/u_aesdma_top/u_AESDMA_RDCORE/u_AESDMA_REORDER_BUF/rd_table[12].id[4:0]"") AND (DestObject == ""u_sram_rob_cg/u_dont_touch_preicg/ECK"") AND (AllSrcResets:SrcResetInfo:ResetObject == ""RESETN_ACLK"") AND (AllSrcResets:SrcResetInfo:ResetName == ""RESETN_ACLK"") AND (DestSyncResetInfoList:DestResetInfo:ResetName == ""'no-reset'"") AND (SrcClockInfoList:SrcClockInfo:ClockDomainId == ""1"") AND (SrcClockInfoList:SrcClockInfo:ClockName == ""CLK_PRCM_ACLK"") AND (SrcClockInfoList:SrcClockInfo:ClockObject == ""ACLK"") AND (Module == ""BOS_AESDMA"")}  -app { rdc } -tag { RDC_CLOCK_CORRUPT_OBSERVED } -user { minsy0731 } -timestamp { 12-06-2025 13:42:45 }"
RDC_CLOCK_CORRUPT_OBSERVED_177,ACTIVE,1,RDC_CLOCK_CORRUPT_OBSERVED,This warning is that output clock of clock gating cell should be active and reset is deasserted. This is confirmed by designer.,minsy0731,12-06-2025 13:42:45,"{""RdcSourceResets:ResetName"": ""RESETN_ACLK"", ""RdcDestResets:DestResetInfo:ResetName"": ""'no-reset'"", ""DestClockInfoList:DestClockInfo:ClockDomainId"": ""1"", ""DestClockInfoList:DestClockInfo:ClockName"": ""CLK_PRCM_ACLK"", ""DestClockInfoList:DestClockInfo:ClockObject"": ""ACLK"", ""ReasonInfoList:ReasonInfo:ReasonCode"": ""NO_BLOCKING_METHOD"", ""SrcObject"": ""u_AESDMA_TOP/u_aesdma_top/u_AESDMA_RDCORE/u_AESDMA_REORDER_BUF/rd_table[20].table_entry_valid"", ""DestObject"": ""u_sram_rob_cg/u_dont_touch_preicg/ECK"", ""AllSrcResets:SrcResetInfo:ResetObject"": ""RESETN_ACLK"", ""AllSrcResets:SrcResetInfo:ResetName"": ""RESETN_ACLK"", ""DestSyncResetInfoList:DestResetInfo:ResetName"": ""'no-reset'"", ""SrcClockInfoList:SrcClockInfo:ClockDomainId"": ""1"", ""SrcClockInfoList:SrcClockInfo:ClockName"": ""CLK_PRCM_ACLK"", ""SrcClockInfoList:SrcClockInfo:ClockObject"": ""ACLK"", ""Module"": ""BOS_AESDMA""}","waive_violation -add {RDC_CLOCK_CORRUPT_OBSERVED_177}  -comment {This warning is that output clock of clock gating cell should be active and reset is deasserted. This is confirmed by designer.}  -filter {(RdcSourceResets:ResetName == ""RESETN_ACLK"") AND (RdcDestResets:DestResetInfo:ResetName == ""'no-reset'"") AND (DestClockInfoList:DestClockInfo:ClockDomainId == ""1"") AND (DestClockInfoList:DestClockInfo:ClockName == ""CLK_PRCM_ACLK"") AND (DestClockInfoList:DestClockInfo:ClockObject == ""ACLK"") AND (ReasonInfoList:ReasonInfo:ReasonCode == ""NO_BLOCKING_METHOD"") AND (SrcObject == ""u_AESDMA_TOP/u_aesdma_top/u_AESDMA_RDCORE/u_AESDMA_REORDER_BUF/rd_table[20].table_entry_valid"") AND (DestObject == ""u_sram_rob_cg/u_dont_touch_preicg/ECK"") AND (AllSrcResets:SrcResetInfo:ResetObject == ""RESETN_ACLK"") AND (AllSrcResets:SrcResetInfo:ResetName == ""RESETN_ACLK"") AND (DestSyncResetInfoList:DestResetInfo:ResetName == ""'no-reset'"") AND (SrcClockInfoList:SrcClockInfo:ClockDomainId == ""1"") AND (SrcClockInfoList:SrcClockInfo:ClockName == ""CLK_PRCM_ACLK"") AND (SrcClockInfoList:SrcClockInfo:ClockObject == ""ACLK"") AND (Module == ""BOS_AESDMA"")}  -app { rdc } -tag { RDC_CLOCK_CORRUPT_OBSERVED } -user { minsy0731 } -timestamp { 12-06-2025 13:42:45 }"
RDC_CLOCK_CORRUPT_OBSERVED_178,ACTIVE,1,RDC_CLOCK_CORRUPT_OBSERVED,This warning is that output clock of clock gating cell should be active and reset is deasserted. This is confirmed by designer.,minsy0731,12-06-2025 13:42:45,"{""RdcSourceResets:ResetName"": ""RESETN_ACLK"", ""RdcDestResets:DestResetInfo:ResetName"": ""'no-reset'"", ""DestClockInfoList:DestClockInfo:ClockDomainId"": ""1"", ""DestClockInfoList:DestClockInfo:ClockName"": ""CLK_PRCM_ACLK"", ""DestClockInfoList:DestClockInfo:ClockObject"": ""ACLK"", ""ReasonInfoList:ReasonInfo:ReasonCode"": ""NO_BLOCKING_METHOD"", ""SrcObject"": ""u_AESDMA_TOP/u_aesdma_top/u_AESDMA_RDCORE/u_AESDMA_REORDER_BUF/rd_table[11].table_entry_valid"", ""DestObject"": ""u_sram_rob_cg/u_dont_touch_preicg/ECK"", ""AllSrcResets:SrcResetInfo:ResetObject"": ""RESETN_ACLK"", ""AllSrcResets:SrcResetInfo:ResetName"": ""RESETN_ACLK"", ""DestSyncResetInfoList:DestResetInfo:ResetName"": ""'no-reset'"", ""SrcClockInfoList:SrcClockInfo:ClockDomainId"": ""1"", ""SrcClockInfoList:SrcClockInfo:ClockName"": ""CLK_PRCM_ACLK"", ""SrcClockInfoList:SrcClockInfo:ClockObject"": ""ACLK"", ""Module"": ""BOS_AESDMA""}","waive_violation -add {RDC_CLOCK_CORRUPT_OBSERVED_178}  -comment {This warning is that output clock of clock gating cell should be active and reset is deasserted. This is confirmed by designer.}  -filter {(RdcSourceResets:ResetName == ""RESETN_ACLK"") AND (RdcDestResets:DestResetInfo:ResetName == ""'no-reset'"") AND (DestClockInfoList:DestClockInfo:ClockDomainId == ""1"") AND (DestClockInfoList:DestClockInfo:ClockName == ""CLK_PRCM_ACLK"") AND (DestClockInfoList:DestClockInfo:ClockObject == ""ACLK"") AND (ReasonInfoList:ReasonInfo:ReasonCode == ""NO_BLOCKING_METHOD"") AND (SrcObject == ""u_AESDMA_TOP/u_aesdma_top/u_AESDMA_RDCORE/u_AESDMA_REORDER_BUF/rd_table[11].table_entry_valid"") AND (DestObject == ""u_sram_rob_cg/u_dont_touch_preicg/ECK"") AND (AllSrcResets:SrcResetInfo:ResetObject == ""RESETN_ACLK"") AND (AllSrcResets:SrcResetInfo:ResetName == ""RESETN_ACLK"") AND (DestSyncResetInfoList:DestResetInfo:ResetName == ""'no-reset'"") AND (SrcClockInfoList:SrcClockInfo:ClockDomainId == ""1"") AND (SrcClockInfoList:SrcClockInfo:ClockName == ""CLK_PRCM_ACLK"") AND (SrcClockInfoList:SrcClockInfo:ClockObject == ""ACLK"") AND (Module == ""BOS_AESDMA"")}  -app { rdc } -tag { RDC_CLOCK_CORRUPT_OBSERVED } -user { minsy0731 } -timestamp { 12-06-2025 13:42:45 }"
RDC_CLOCK_CORRUPT_OBSERVED_179,ACTIVE,1,RDC_CLOCK_CORRUPT_OBSERVED,This warning is that output clock of clock gating cell should be active and reset is deasserted. This is confirmed by designer.,minsy0731,12-06-2025 13:42:45,"{""RdcSourceResets:ResetName"": ""RESETN_ACLK"", ""RdcDestResets:DestResetInfo:ResetName"": ""'no-reset'"", ""DestClockInfoList:DestClockInfo:ClockDomainId"": ""1"", ""DestClockInfoList:DestClockInfo:ClockName"": ""CLK_PRCM_ACLK"", ""DestClockInfoList:DestClockInfo:ClockObject"": ""ACLK"", ""ReasonInfoList:ReasonInfo:ReasonCode"": ""NO_BLOCKING_METHOD"", ""SrcObject"": ""u_AESDMA_TOP/u_aesdma_top/u_AESDMA_RDCORE/u_AESDMA_REORDER_BUF/rd_table[10].id[4:0]"", ""DestObject"": ""u_sram_rob_cg/u_dont_touch_preicg/ECK"", ""AllSrcResets:SrcResetInfo:ResetObject"": ""RESETN_ACLK"", ""AllSrcResets:SrcResetInfo:ResetName"": ""RESETN_ACLK"", ""DestSyncResetInfoList:DestResetInfo:ResetName"": ""'no-reset'"", ""SrcClockInfoList:SrcClockInfo:ClockDomainId"": ""1"", ""SrcClockInfoList:SrcClockInfo:ClockName"": ""CLK_PRCM_ACLK"", ""SrcClockInfoList:SrcClockInfo:ClockObject"": ""ACLK"", ""Module"": ""BOS_AESDMA""}","waive_violation -add {RDC_CLOCK_CORRUPT_OBSERVED_179}  -comment {This warning is that output clock of clock gating cell should be active and reset is deasserted. This is confirmed by designer.}  -filter {(RdcSourceResets:ResetName == ""RESETN_ACLK"") AND (RdcDestResets:DestResetInfo:ResetName == ""'no-reset'"") AND (DestClockInfoList:DestClockInfo:ClockDomainId == ""1"") AND (DestClockInfoList:DestClockInfo:ClockName == ""CLK_PRCM_ACLK"") AND (DestClockInfoList:DestClockInfo:ClockObject == ""ACLK"") AND (ReasonInfoList:ReasonInfo:ReasonCode == ""NO_BLOCKING_METHOD"") AND (SrcObject == ""u_AESDMA_TOP/u_aesdma_top/u_AESDMA_RDCORE/u_AESDMA_REORDER_BUF/rd_table[10].id[4:0]"") AND (DestObject == ""u_sram_rob_cg/u_dont_touch_preicg/ECK"") AND (AllSrcResets:SrcResetInfo:ResetObject == ""RESETN_ACLK"") AND (AllSrcResets:SrcResetInfo:ResetName == ""RESETN_ACLK"") AND (DestSyncResetInfoList:DestResetInfo:ResetName == ""'no-reset'"") AND (SrcClockInfoList:SrcClockInfo:ClockDomainId == ""1"") AND (SrcClockInfoList:SrcClockInfo:ClockName == ""CLK_PRCM_ACLK"") AND (SrcClockInfoList:SrcClockInfo:ClockObject == ""ACLK"") AND (Module == ""BOS_AESDMA"")}  -app { rdc } -tag { RDC_CLOCK_CORRUPT_OBSERVED } -user { minsy0731 } -timestamp { 12-06-2025 13:42:45 }"
RDC_CLOCK_CORRUPT_OBSERVED_180,ACTIVE,1,RDC_CLOCK_CORRUPT_OBSERVED,This warning is that output clock of clock gating cell should be active and reset is deasserted. This is confirmed by designer.,minsy0731,12-06-2025 13:42:45,"{""RdcSourceResets:ResetName"": ""RESETN_ACLK"", ""RdcDestResets:DestResetInfo:ResetName"": ""'no-reset'"", ""DestClockInfoList:DestClockInfo:ClockDomainId"": ""1"", ""DestClockInfoList:DestClockInfo:ClockName"": ""CLK_PRCM_ACLK"", ""DestClockInfoList:DestClockInfo:ClockObject"": ""ACLK"", ""ReasonInfoList:ReasonInfo:ReasonCode"": ""NO_BLOCKING_METHOD"", ""SrcObject"": ""u_AESDMA_TOP/u_aesdma_top/u_AESDMA_RDCORE/u_AESDMA_REORDER_BUF/rd_table[12].table_entry_valid"", ""DestObject"": ""u_sram_rob_cg/u_dont_touch_preicg/ECK"", ""AllSrcResets:SrcResetInfo:ResetObject"": ""RESETN_ACLK"", ""AllSrcResets:SrcResetInfo:ResetName"": ""RESETN_ACLK"", ""DestSyncResetInfoList:DestResetInfo:ResetName"": ""'no-reset'"", ""SrcClockInfoList:SrcClockInfo:ClockDomainId"": ""1"", ""SrcClockInfoList:SrcClockInfo:ClockName"": ""CLK_PRCM_ACLK"", ""SrcClockInfoList:SrcClockInfo:ClockObject"": ""ACLK"", ""Module"": ""BOS_AESDMA""}","waive_violation -add {RDC_CLOCK_CORRUPT_OBSERVED_180}  -comment {This warning is that output clock of clock gating cell should be active and reset is deasserted. This is confirmed by designer.}  -filter {(RdcSourceResets:ResetName == ""RESETN_ACLK"") AND (RdcDestResets:DestResetInfo:ResetName == ""'no-reset'"") AND (DestClockInfoList:DestClockInfo:ClockDomainId == ""1"") AND (DestClockInfoList:DestClockInfo:ClockName == ""CLK_PRCM_ACLK"") AND (DestClockInfoList:DestClockInfo:ClockObject == ""ACLK"") AND (ReasonInfoList:ReasonInfo:ReasonCode == ""NO_BLOCKING_METHOD"") AND (SrcObject == ""u_AESDMA_TOP/u_aesdma_top/u_AESDMA_RDCORE/u_AESDMA_REORDER_BUF/rd_table[12].table_entry_valid"") AND (DestObject == ""u_sram_rob_cg/u_dont_touch_preicg/ECK"") AND (AllSrcResets:SrcResetInfo:ResetObject == ""RESETN_ACLK"") AND (AllSrcResets:SrcResetInfo:ResetName == ""RESETN_ACLK"") AND (DestSyncResetInfoList:DestResetInfo:ResetName == ""'no-reset'"") AND (SrcClockInfoList:SrcClockInfo:ClockDomainId == ""1"") AND (SrcClockInfoList:SrcClockInfo:ClockName == ""CLK_PRCM_ACLK"") AND (SrcClockInfoList:SrcClockInfo:ClockObject == ""ACLK"") AND (Module == ""BOS_AESDMA"")}  -app { rdc } -tag { RDC_CLOCK_CORRUPT_OBSERVED } -user { minsy0731 } -timestamp { 12-06-2025 13:42:45 }"
RDC_CLOCK_CORRUPT_OBSERVED_181,ACTIVE,1,RDC_CLOCK_CORRUPT_OBSERVED,This warning is that output clock of clock gating cell should be active and reset is deasserted. This is confirmed by designer.,minsy0731,12-06-2025 13:42:45,"{""RdcSourceResets:ResetName"": ""RESETN_ACLK"", ""RdcDestResets:DestResetInfo:ResetName"": ""'no-reset'"", ""DestClockInfoList:DestClockInfo:ClockDomainId"": ""1"", ""DestClockInfoList:DestClockInfo:ClockName"": ""CLK_PRCM_ACLK"", ""DestClockInfoList:DestClockInfo:ClockObject"": ""ACLK"", ""ReasonInfoList:ReasonInfo:ReasonCode"": ""NO_BLOCKING_METHOD"", ""SrcObject"": ""u_AESDMA_TOP/u_aesdma_top/u_AESDMA_RDCORE/u_AESDMA_REORDER_BUF/rd_table[10].table_entry_valid"", ""DestObject"": ""u_sram_rob_cg/u_dont_touch_preicg/ECK"", ""AllSrcResets:SrcResetInfo:ResetObject"": ""RESETN_ACLK"", ""AllSrcResets:SrcResetInfo:ResetName"": ""RESETN_ACLK"", ""DestSyncResetInfoList:DestResetInfo:ResetName"": ""'no-reset'"", ""SrcClockInfoList:SrcClockInfo:ClockDomainId"": ""1"", ""SrcClockInfoList:SrcClockInfo:ClockName"": ""CLK_PRCM_ACLK"", ""SrcClockInfoList:SrcClockInfo:ClockObject"": ""ACLK"", ""Module"": ""BOS_AESDMA""}","waive_violation -add {RDC_CLOCK_CORRUPT_OBSERVED_181}  -comment {This warning is that output clock of clock gating cell should be active and reset is deasserted. This is confirmed by designer.}  -filter {(RdcSourceResets:ResetName == ""RESETN_ACLK"") AND (RdcDestResets:DestResetInfo:ResetName == ""'no-reset'"") AND (DestClockInfoList:DestClockInfo:ClockDomainId == ""1"") AND (DestClockInfoList:DestClockInfo:ClockName == ""CLK_PRCM_ACLK"") AND (DestClockInfoList:DestClockInfo:ClockObject == ""ACLK"") AND (ReasonInfoList:ReasonInfo:ReasonCode == ""NO_BLOCKING_METHOD"") AND (SrcObject == ""u_AESDMA_TOP/u_aesdma_top/u_AESDMA_RDCORE/u_AESDMA_REORDER_BUF/rd_table[10].table_entry_valid"") AND (DestObject == ""u_sram_rob_cg/u_dont_touch_preicg/ECK"") AND (AllSrcResets:SrcResetInfo:ResetObject == ""RESETN_ACLK"") AND (AllSrcResets:SrcResetInfo:ResetName == ""RESETN_ACLK"") AND (DestSyncResetInfoList:DestResetInfo:ResetName == ""'no-reset'"") AND (SrcClockInfoList:SrcClockInfo:ClockDomainId == ""1"") AND (SrcClockInfoList:SrcClockInfo:ClockName == ""CLK_PRCM_ACLK"") AND (SrcClockInfoList:SrcClockInfo:ClockObject == ""ACLK"") AND (Module == ""BOS_AESDMA"")}  -app { rdc } -tag { RDC_CLOCK_CORRUPT_OBSERVED } -user { minsy0731 } -timestamp { 12-06-2025 13:42:45 }"
RDC_CLOCK_CORRUPT_OBSERVED_182,ACTIVE,1,RDC_CLOCK_CORRUPT_OBSERVED,This warning is that output clock of clock gating cell should be active and reset is deasserted. This is confirmed by designer.,minsy0731,12-06-2025 13:42:45,"{""RdcSourceResets:ResetName"": ""RESETN_ACLK"", ""RdcDestResets:DestResetInfo:ResetName"": ""'no-reset'"", ""DestClockInfoList:DestClockInfo:ClockDomainId"": ""1"", ""DestClockInfoList:DestClockInfo:ClockName"": ""CLK_PRCM_ACLK"", ""DestClockInfoList:DestClockInfo:ClockObject"": ""ACLK"", ""ReasonInfoList:ReasonInfo:ReasonCode"": ""NO_BLOCKING_METHOD"", ""SrcObject"": ""u_AESDMA_TOP/u_aesdma_top/u_AESDMA_RDCORE/u_AESDMA_REORDER_BUF/rd_table[25].id[4:0]"", ""DestObject"": ""u_sram_rob_cg/u_dont_touch_preicg/ECK"", ""AllSrcResets:SrcResetInfo:ResetObject"": ""RESETN_ACLK"", ""AllSrcResets:SrcResetInfo:ResetName"": ""RESETN_ACLK"", ""DestSyncResetInfoList:DestResetInfo:ResetName"": ""'no-reset'"", ""SrcClockInfoList:SrcClockInfo:ClockDomainId"": ""1"", ""SrcClockInfoList:SrcClockInfo:ClockName"": ""CLK_PRCM_ACLK"", ""SrcClockInfoList:SrcClockInfo:ClockObject"": ""ACLK"", ""Module"": ""BOS_AESDMA""}","waive_violation -add {RDC_CLOCK_CORRUPT_OBSERVED_182}  -comment {This warning is that output clock of clock gating cell should be active and reset is deasserted. This is confirmed by designer.}  -filter {(RdcSourceResets:ResetName == ""RESETN_ACLK"") AND (RdcDestResets:DestResetInfo:ResetName == ""'no-reset'"") AND (DestClockInfoList:DestClockInfo:ClockDomainId == ""1"") AND (DestClockInfoList:DestClockInfo:ClockName == ""CLK_PRCM_ACLK"") AND (DestClockInfoList:DestClockInfo:ClockObject == ""ACLK"") AND (ReasonInfoList:ReasonInfo:ReasonCode == ""NO_BLOCKING_METHOD"") AND (SrcObject == ""u_AESDMA_TOP/u_aesdma_top/u_AESDMA_RDCORE/u_AESDMA_REORDER_BUF/rd_table[25].id[4:0]"") AND (DestObject == ""u_sram_rob_cg/u_dont_touch_preicg/ECK"") AND (AllSrcResets:SrcResetInfo:ResetObject == ""RESETN_ACLK"") AND (AllSrcResets:SrcResetInfo:ResetName == ""RESETN_ACLK"") AND (DestSyncResetInfoList:DestResetInfo:ResetName == ""'no-reset'"") AND (SrcClockInfoList:SrcClockInfo:ClockDomainId == ""1"") AND (SrcClockInfoList:SrcClockInfo:ClockName == ""CLK_PRCM_ACLK"") AND (SrcClockInfoList:SrcClockInfo:ClockObject == ""ACLK"") AND (Module == ""BOS_AESDMA"")}  -app { rdc } -tag { RDC_CLOCK_CORRUPT_OBSERVED } -user { minsy0731 } -timestamp { 12-06-2025 13:42:45 }"
RDC_CLOCK_CORRUPT_OBSERVED_183,ACTIVE,1,RDC_CLOCK_CORRUPT_OBSERVED,This warning is that output clock of clock gating cell should be active and reset is deasserted. This is confirmed by designer.,minsy0731,12-06-2025 13:42:45,"{""RdcSourceResets:ResetName"": ""RESETN_ACLK"", ""RdcDestResets:DestResetInfo:ResetName"": ""'no-reset'"", ""DestClockInfoList:DestClockInfo:ClockDomainId"": ""1"", ""DestClockInfoList:DestClockInfo:ClockName"": ""CLK_PRCM_ACLK"", ""DestClockInfoList:DestClockInfo:ClockObject"": ""ACLK"", ""ReasonInfoList:ReasonInfo:ReasonCode"": ""NO_BLOCKING_METHOD"", ""SrcObject"": ""u_AESDMA_TOP/u_aesdma_top/u_AESDMA_RDCORE/u_AESDMA_REORDER_BUF/u_REGFIFO/w_ex_cnt/Q"", ""DestObject"": ""u_sram_rob_cg/u_dont_touch_preicg/ECK"", ""AllSrcResets:SrcResetInfo:ResetObject"": ""RESETN_ACLK"", ""AllSrcResets:SrcResetInfo:ResetName"": ""RESETN_ACLK"", ""DestSyncResetInfoList:DestResetInfo:ResetName"": ""'no-reset'"", ""SrcClockInfoList:SrcClockInfo:ClockDomainId"": ""1"", ""SrcClockInfoList:SrcClockInfo:ClockName"": ""CLK_PRCM_ACLK"", ""SrcClockInfoList:SrcClockInfo:ClockObject"": ""ACLK"", ""Module"": ""BOS_AESDMA""}","waive_violation -add {RDC_CLOCK_CORRUPT_OBSERVED_183}  -comment {This warning is that output clock of clock gating cell should be active and reset is deasserted. This is confirmed by designer.}  -filter {(RdcSourceResets:ResetName == ""RESETN_ACLK"") AND (RdcDestResets:DestResetInfo:ResetName == ""'no-reset'"") AND (DestClockInfoList:DestClockInfo:ClockDomainId == ""1"") AND (DestClockInfoList:DestClockInfo:ClockName == ""CLK_PRCM_ACLK"") AND (DestClockInfoList:DestClockInfo:ClockObject == ""ACLK"") AND (ReasonInfoList:ReasonInfo:ReasonCode == ""NO_BLOCKING_METHOD"") AND (SrcObject == ""u_AESDMA_TOP/u_aesdma_top/u_AESDMA_RDCORE/u_AESDMA_REORDER_BUF/u_REGFIFO/w_ex_cnt/Q"") AND (DestObject == ""u_sram_rob_cg/u_dont_touch_preicg/ECK"") AND (AllSrcResets:SrcResetInfo:ResetObject == ""RESETN_ACLK"") AND (AllSrcResets:SrcResetInfo:ResetName == ""RESETN_ACLK"") AND (DestSyncResetInfoList:DestResetInfo:ResetName == ""'no-reset'"") AND (SrcClockInfoList:SrcClockInfo:ClockDomainId == ""1"") AND (SrcClockInfoList:SrcClockInfo:ClockName == ""CLK_PRCM_ACLK"") AND (SrcClockInfoList:SrcClockInfo:ClockObject == ""ACLK"") AND (Module == ""BOS_AESDMA"")}  -app { rdc } -tag { RDC_CLOCK_CORRUPT_OBSERVED } -user { minsy0731 } -timestamp { 12-06-2025 13:42:45 }"
RDC_CLOCK_CORRUPT_OBSERVED_184,ACTIVE,1,RDC_CLOCK_CORRUPT_OBSERVED,This warning is that output clock of clock gating cell should be active and reset is deasserted. This is confirmed by designer.,minsy0731,12-06-2025 13:42:45,"{""RdcSourceResets:ResetName"": ""RESETN_ACLK"", ""RdcDestResets:DestResetInfo:ResetName"": ""'no-reset'"", ""DestClockInfoList:DestClockInfo:ClockDomainId"": ""1"", ""DestClockInfoList:DestClockInfo:ClockName"": ""CLK_PRCM_ACLK"", ""DestClockInfoList:DestClockInfo:ClockObject"": ""ACLK"", ""ReasonInfoList:ReasonInfo:ReasonCode"": ""NO_BLOCKING_METHOD"", ""SrcObject"": ""u_AESDMA_TOP/u_aesdma_top/u_AESDMA_RDCORE/u_AESDMA_REORDER_BUF/rd_table[8].table_entry_valid"", ""DestObject"": ""u_sram_rob_cg/u_dont_touch_preicg/ECK"", ""AllSrcResets:SrcResetInfo:ResetObject"": ""RESETN_ACLK"", ""AllSrcResets:SrcResetInfo:ResetName"": ""RESETN_ACLK"", ""DestSyncResetInfoList:DestResetInfo:ResetName"": ""'no-reset'"", ""SrcClockInfoList:SrcClockInfo:ClockDomainId"": ""1"", ""SrcClockInfoList:SrcClockInfo:ClockName"": ""CLK_PRCM_ACLK"", ""SrcClockInfoList:SrcClockInfo:ClockObject"": ""ACLK"", ""Module"": ""BOS_AESDMA""}","waive_violation -add {RDC_CLOCK_CORRUPT_OBSERVED_184}  -comment {This warning is that output clock of clock gating cell should be active and reset is deasserted. This is confirmed by designer.}  -filter {(RdcSourceResets:ResetName == ""RESETN_ACLK"") AND (RdcDestResets:DestResetInfo:ResetName == ""'no-reset'"") AND (DestClockInfoList:DestClockInfo:ClockDomainId == ""1"") AND (DestClockInfoList:DestClockInfo:ClockName == ""CLK_PRCM_ACLK"") AND (DestClockInfoList:DestClockInfo:ClockObject == ""ACLK"") AND (ReasonInfoList:ReasonInfo:ReasonCode == ""NO_BLOCKING_METHOD"") AND (SrcObject == ""u_AESDMA_TOP/u_aesdma_top/u_AESDMA_RDCORE/u_AESDMA_REORDER_BUF/rd_table[8].table_entry_valid"") AND (DestObject == ""u_sram_rob_cg/u_dont_touch_preicg/ECK"") AND (AllSrcResets:SrcResetInfo:ResetObject == ""RESETN_ACLK"") AND (AllSrcResets:SrcResetInfo:ResetName == ""RESETN_ACLK"") AND (DestSyncResetInfoList:DestResetInfo:ResetName == ""'no-reset'"") AND (SrcClockInfoList:SrcClockInfo:ClockDomainId == ""1"") AND (SrcClockInfoList:SrcClockInfo:ClockName == ""CLK_PRCM_ACLK"") AND (SrcClockInfoList:SrcClockInfo:ClockObject == ""ACLK"") AND (Module == ""BOS_AESDMA"")}  -app { rdc } -tag { RDC_CLOCK_CORRUPT_OBSERVED } -user { minsy0731 } -timestamp { 12-06-2025 13:42:45 }"
RDC_CLOCK_CORRUPT_OBSERVED_185,ACTIVE,1,RDC_CLOCK_CORRUPT_OBSERVED,This warning is that output clock of clock gating cell should be active and reset is deasserted. This is confirmed by designer.,minsy0731,12-06-2025 13:42:45,"{""RdcSourceResets:ResetName"": ""RESETN_ACLK"", ""RdcDestResets:DestResetInfo:ResetName"": ""'no-reset'"", ""DestClockInfoList:DestClockInfo:ClockDomainId"": ""1"", ""DestClockInfoList:DestClockInfo:ClockName"": ""CLK_PRCM_ACLK"", ""DestClockInfoList:DestClockInfo:ClockObject"": ""ACLK"", ""ReasonInfoList:ReasonInfo:ReasonCode"": ""NO_BLOCKING_METHOD"", ""SrcObject"": ""u_AESDMA_TOP/u_aesdma_top/u_AESDMA_RDCORE/u_AESDMA_REORDER_BUF/rd_table[7].id[4:0]"", ""DestObject"": ""u_sram_rob_cg/u_dont_touch_preicg/ECK"", ""AllSrcResets:SrcResetInfo:ResetObject"": ""RESETN_ACLK"", ""AllSrcResets:SrcResetInfo:ResetName"": ""RESETN_ACLK"", ""DestSyncResetInfoList:DestResetInfo:ResetName"": ""'no-reset'"", ""SrcClockInfoList:SrcClockInfo:ClockDomainId"": ""1"", ""SrcClockInfoList:SrcClockInfo:ClockName"": ""CLK_PRCM_ACLK"", ""SrcClockInfoList:SrcClockInfo:ClockObject"": ""ACLK"", ""Module"": ""BOS_AESDMA""}","waive_violation -add {RDC_CLOCK_CORRUPT_OBSERVED_185}  -comment {This warning is that output clock of clock gating cell should be active and reset is deasserted. This is confirmed by designer.}  -filter {(RdcSourceResets:ResetName == ""RESETN_ACLK"") AND (RdcDestResets:DestResetInfo:ResetName == ""'no-reset'"") AND (DestClockInfoList:DestClockInfo:ClockDomainId == ""1"") AND (DestClockInfoList:DestClockInfo:ClockName == ""CLK_PRCM_ACLK"") AND (DestClockInfoList:DestClockInfo:ClockObject == ""ACLK"") AND (ReasonInfoList:ReasonInfo:ReasonCode == ""NO_BLOCKING_METHOD"") AND (SrcObject == ""u_AESDMA_TOP/u_aesdma_top/u_AESDMA_RDCORE/u_AESDMA_REORDER_BUF/rd_table[7].id[4:0]"") AND (DestObject == ""u_sram_rob_cg/u_dont_touch_preicg/ECK"") AND (AllSrcResets:SrcResetInfo:ResetObject == ""RESETN_ACLK"") AND (AllSrcResets:SrcResetInfo:ResetName == ""RESETN_ACLK"") AND (DestSyncResetInfoList:DestResetInfo:ResetName == ""'no-reset'"") AND (SrcClockInfoList:SrcClockInfo:ClockDomainId == ""1"") AND (SrcClockInfoList:SrcClockInfo:ClockName == ""CLK_PRCM_ACLK"") AND (SrcClockInfoList:SrcClockInfo:ClockObject == ""ACLK"") AND (Module == ""BOS_AESDMA"")}  -app { rdc } -tag { RDC_CLOCK_CORRUPT_OBSERVED } -user { minsy0731 } -timestamp { 12-06-2025 13:42:45 }"
RDC_CLOCK_CORRUPT_OBSERVED_186,ACTIVE,1,RDC_CLOCK_CORRUPT_OBSERVED,This warning is that output clock of clock gating cell should be active and reset is deasserted. This is confirmed by designer.,minsy0731,12-06-2025 13:42:45,"{""RdcSourceResets:ResetName"": ""RESETN_ACLK"", ""RdcDestResets:DestResetInfo:ResetName"": ""'no-reset'"", ""DestClockInfoList:DestClockInfo:ClockDomainId"": ""1"", ""DestClockInfoList:DestClockInfo:ClockName"": ""CLK_PRCM_ACLK"", ""DestClockInfoList:DestClockInfo:ClockObject"": ""ACLK"", ""ReasonInfoList:ReasonInfo:ReasonCode"": ""NO_BLOCKING_METHOD"", ""SrcObject"": ""u_AESDMA_TOP/u_aesdma_top/u_AESDMA_RDCORE/u_AESDMA_REORDER_BUF/rd_table[11].id[4:0]"", ""DestObject"": ""u_sram_rob_cg/u_dont_touch_preicg/ECK"", ""AllSrcResets:SrcResetInfo:ResetObject"": ""RESETN_ACLK"", ""AllSrcResets:SrcResetInfo:ResetName"": ""RESETN_ACLK"", ""DestSyncResetInfoList:DestResetInfo:ResetName"": ""'no-reset'"", ""SrcClockInfoList:SrcClockInfo:ClockDomainId"": ""1"", ""SrcClockInfoList:SrcClockInfo:ClockName"": ""CLK_PRCM_ACLK"", ""SrcClockInfoList:SrcClockInfo:ClockObject"": ""ACLK"", ""Module"": ""BOS_AESDMA""}","waive_violation -add {RDC_CLOCK_CORRUPT_OBSERVED_186}  -comment {This warning is that output clock of clock gating cell should be active and reset is deasserted. This is confirmed by designer.}  -filter {(RdcSourceResets:ResetName == ""RESETN_ACLK"") AND (RdcDestResets:DestResetInfo:ResetName == ""'no-reset'"") AND (DestClockInfoList:DestClockInfo:ClockDomainId == ""1"") AND (DestClockInfoList:DestClockInfo:ClockName == ""CLK_PRCM_ACLK"") AND (DestClockInfoList:DestClockInfo:ClockObject == ""ACLK"") AND (ReasonInfoList:ReasonInfo:ReasonCode == ""NO_BLOCKING_METHOD"") AND (SrcObject == ""u_AESDMA_TOP/u_aesdma_top/u_AESDMA_RDCORE/u_AESDMA_REORDER_BUF/rd_table[11].id[4:0]"") AND (DestObject == ""u_sram_rob_cg/u_dont_touch_preicg/ECK"") AND (AllSrcResets:SrcResetInfo:ResetObject == ""RESETN_ACLK"") AND (AllSrcResets:SrcResetInfo:ResetName == ""RESETN_ACLK"") AND (DestSyncResetInfoList:DestResetInfo:ResetName == ""'no-reset'"") AND (SrcClockInfoList:SrcClockInfo:ClockDomainId == ""1"") AND (SrcClockInfoList:SrcClockInfo:ClockName == ""CLK_PRCM_ACLK"") AND (SrcClockInfoList:SrcClockInfo:ClockObject == ""ACLK"") AND (Module == ""BOS_AESDMA"")}  -app { rdc } -tag { RDC_CLOCK_CORRUPT_OBSERVED } -user { minsy0731 } -timestamp { 12-06-2025 13:42:45 }"
RDC_CLOCK_CORRUPT_OBSERVED_187,ACTIVE,1,RDC_CLOCK_CORRUPT_OBSERVED,This warning is that output clock of clock gating cell should be active and reset is deasserted. This is confirmed by designer.,minsy0731,12-06-2025 13:42:45,"{""RdcSourceResets:ResetName"": ""RESETN_ACLK"", ""RdcDestResets:DestResetInfo:ResetName"": ""'no-reset'"", ""DestClockInfoList:DestClockInfo:ClockDomainId"": ""1"", ""DestClockInfoList:DestClockInfo:ClockName"": ""CLK_PRCM_ACLK"", ""DestClockInfoList:DestClockInfo:ClockObject"": ""ACLK"", ""ReasonInfoList:ReasonInfo:ReasonCode"": ""NO_BLOCKING_METHOD"", ""SrcObject"": ""u_AESDMA_TOP/u_aesdma_top/u_AESDMA_RDCORE/u_AESDMA_REORDER_BUF/rd_table[7].table_entry_valid"", ""DestObject"": ""u_sram_rob_cg/u_dont_touch_preicg/ECK"", ""AllSrcResets:SrcResetInfo:ResetObject"": ""RESETN_ACLK"", ""AllSrcResets:SrcResetInfo:ResetName"": ""RESETN_ACLK"", ""DestSyncResetInfoList:DestResetInfo:ResetName"": ""'no-reset'"", ""SrcClockInfoList:SrcClockInfo:ClockDomainId"": ""1"", ""SrcClockInfoList:SrcClockInfo:ClockName"": ""CLK_PRCM_ACLK"", ""SrcClockInfoList:SrcClockInfo:ClockObject"": ""ACLK"", ""Module"": ""BOS_AESDMA""}","waive_violation -add {RDC_CLOCK_CORRUPT_OBSERVED_187}  -comment {This warning is that output clock of clock gating cell should be active and reset is deasserted. This is confirmed by designer.}  -filter {(RdcSourceResets:ResetName == ""RESETN_ACLK"") AND (RdcDestResets:DestResetInfo:ResetName == ""'no-reset'"") AND (DestClockInfoList:DestClockInfo:ClockDomainId == ""1"") AND (DestClockInfoList:DestClockInfo:ClockName == ""CLK_PRCM_ACLK"") AND (DestClockInfoList:DestClockInfo:ClockObject == ""ACLK"") AND (ReasonInfoList:ReasonInfo:ReasonCode == ""NO_BLOCKING_METHOD"") AND (SrcObject == ""u_AESDMA_TOP/u_aesdma_top/u_AESDMA_RDCORE/u_AESDMA_REORDER_BUF/rd_table[7].table_entry_valid"") AND (DestObject == ""u_sram_rob_cg/u_dont_touch_preicg/ECK"") AND (AllSrcResets:SrcResetInfo:ResetObject == ""RESETN_ACLK"") AND (AllSrcResets:SrcResetInfo:ResetName == ""RESETN_ACLK"") AND (DestSyncResetInfoList:DestResetInfo:ResetName == ""'no-reset'"") AND (SrcClockInfoList:SrcClockInfo:ClockDomainId == ""1"") AND (SrcClockInfoList:SrcClockInfo:ClockName == ""CLK_PRCM_ACLK"") AND (SrcClockInfoList:SrcClockInfo:ClockObject == ""ACLK"") AND (Module == ""BOS_AESDMA"")}  -app { rdc } -tag { RDC_CLOCK_CORRUPT_OBSERVED } -user { minsy0731 } -timestamp { 12-06-2025 13:42:45 }"
RDC_CLOCK_CORRUPT_OBSERVED_188,ACTIVE,1,RDC_CLOCK_CORRUPT_OBSERVED,This warning is that output clock of clock gating cell should be active and reset is deasserted. This is confirmed by designer.,minsy0731,12-06-2025 13:42:45,"{""RdcSourceResets:ResetName"": ""RESETN_ACLK"", ""RdcDestResets:DestResetInfo:ResetName"": ""'no-reset'"", ""DestClockInfoList:DestClockInfo:ClockDomainId"": ""1"", ""DestClockInfoList:DestClockInfo:ClockName"": ""CLK_PRCM_ACLK"", ""DestClockInfoList:DestClockInfo:ClockObject"": ""ACLK"", ""ReasonInfoList:ReasonInfo:ReasonCode"": ""NO_BLOCKING_METHOD"", ""SrcObject"": ""u_AESDMA_TOP/u_aesdma_top/u_AESDMA_RDCORE/u_AESDMA_REORDER_BUF/rd_table[9].table_entry_valid"", ""DestObject"": ""u_sram_rob_cg/u_dont_touch_preicg/ECK"", ""AllSrcResets:SrcResetInfo:ResetObject"": ""RESETN_ACLK"", ""AllSrcResets:SrcResetInfo:ResetName"": ""RESETN_ACLK"", ""DestSyncResetInfoList:DestResetInfo:ResetName"": ""'no-reset'"", ""SrcClockInfoList:SrcClockInfo:ClockDomainId"": ""1"", ""SrcClockInfoList:SrcClockInfo:ClockName"": ""CLK_PRCM_ACLK"", ""SrcClockInfoList:SrcClockInfo:ClockObject"": ""ACLK"", ""Module"": ""BOS_AESDMA""}","waive_violation -add {RDC_CLOCK_CORRUPT_OBSERVED_188}  -comment {This warning is that output clock of clock gating cell should be active and reset is deasserted. This is confirmed by designer.}  -filter {(RdcSourceResets:ResetName == ""RESETN_ACLK"") AND (RdcDestResets:DestResetInfo:ResetName == ""'no-reset'"") AND (DestClockInfoList:DestClockInfo:ClockDomainId == ""1"") AND (DestClockInfoList:DestClockInfo:ClockName == ""CLK_PRCM_ACLK"") AND (DestClockInfoList:DestClockInfo:ClockObject == ""ACLK"") AND (ReasonInfoList:ReasonInfo:ReasonCode == ""NO_BLOCKING_METHOD"") AND (SrcObject == ""u_AESDMA_TOP/u_aesdma_top/u_AESDMA_RDCORE/u_AESDMA_REORDER_BUF/rd_table[9].table_entry_valid"") AND (DestObject == ""u_sram_rob_cg/u_dont_touch_preicg/ECK"") AND (AllSrcResets:SrcResetInfo:ResetObject == ""RESETN_ACLK"") AND (AllSrcResets:SrcResetInfo:ResetName == ""RESETN_ACLK"") AND (DestSyncResetInfoList:DestResetInfo:ResetName == ""'no-reset'"") AND (SrcClockInfoList:SrcClockInfo:ClockDomainId == ""1"") AND (SrcClockInfoList:SrcClockInfo:ClockName == ""CLK_PRCM_ACLK"") AND (SrcClockInfoList:SrcClockInfo:ClockObject == ""ACLK"") AND (Module == ""BOS_AESDMA"")}  -app { rdc } -tag { RDC_CLOCK_CORRUPT_OBSERVED } -user { minsy0731 } -timestamp { 12-06-2025 13:42:45 }"
RDC_CLOCK_CORRUPT_OBSERVED_189,ACTIVE,1,RDC_CLOCK_CORRUPT_OBSERVED,This warning is that output clock of clock gating cell should be active and reset is deasserted. This is confirmed by designer.,minsy0731,12-06-2025 13:42:45,"{""RdcSourceResets:ResetName"": ""RESETN_ACLK"", ""RdcDestResets:DestResetInfo:ResetName"": ""'no-reset'"", ""DestClockInfoList:DestClockInfo:ClockDomainId"": ""1"", ""DestClockInfoList:DestClockInfo:ClockName"": ""CLK_PRCM_ACLK"", ""DestClockInfoList:DestClockInfo:ClockObject"": ""ACLK"", ""ReasonInfoList:ReasonInfo:ReasonCode"": ""NO_BLOCKING_METHOD"", ""SrcObject"": ""u_AESDMA_TOP/u_aesdma_top/u_AESDMA_RDCORE/u_AESDMA_REORDER_BUF/rd_table[5].table_entry_valid"", ""DestObject"": ""u_sram_rob_cg/u_dont_touch_preicg/ECK"", ""AllSrcResets:SrcResetInfo:ResetObject"": ""RESETN_ACLK"", ""AllSrcResets:SrcResetInfo:ResetName"": ""RESETN_ACLK"", ""DestSyncResetInfoList:DestResetInfo:ResetName"": ""'no-reset'"", ""SrcClockInfoList:SrcClockInfo:ClockDomainId"": ""1"", ""SrcClockInfoList:SrcClockInfo:ClockName"": ""CLK_PRCM_ACLK"", ""SrcClockInfoList:SrcClockInfo:ClockObject"": ""ACLK"", ""Module"": ""BOS_AESDMA""}","waive_violation -add {RDC_CLOCK_CORRUPT_OBSERVED_189}  -comment {This warning is that output clock of clock gating cell should be active and reset is deasserted. This is confirmed by designer.}  -filter {(RdcSourceResets:ResetName == ""RESETN_ACLK"") AND (RdcDestResets:DestResetInfo:ResetName == ""'no-reset'"") AND (DestClockInfoList:DestClockInfo:ClockDomainId == ""1"") AND (DestClockInfoList:DestClockInfo:ClockName == ""CLK_PRCM_ACLK"") AND (DestClockInfoList:DestClockInfo:ClockObject == ""ACLK"") AND (ReasonInfoList:ReasonInfo:ReasonCode == ""NO_BLOCKING_METHOD"") AND (SrcObject == ""u_AESDMA_TOP/u_aesdma_top/u_AESDMA_RDCORE/u_AESDMA_REORDER_BUF/rd_table[5].table_entry_valid"") AND (DestObject == ""u_sram_rob_cg/u_dont_touch_preicg/ECK"") AND (AllSrcResets:SrcResetInfo:ResetObject == ""RESETN_ACLK"") AND (AllSrcResets:SrcResetInfo:ResetName == ""RESETN_ACLK"") AND (DestSyncResetInfoList:DestResetInfo:ResetName == ""'no-reset'"") AND (SrcClockInfoList:SrcClockInfo:ClockDomainId == ""1"") AND (SrcClockInfoList:SrcClockInfo:ClockName == ""CLK_PRCM_ACLK"") AND (SrcClockInfoList:SrcClockInfo:ClockObject == ""ACLK"") AND (Module == ""BOS_AESDMA"")}  -app { rdc } -tag { RDC_CLOCK_CORRUPT_OBSERVED } -user { minsy0731 } -timestamp { 12-06-2025 13:42:45 }"
RDC_CLOCK_CORRUPT_OBSERVED_190,REDUNDANT,0,RDC_CLOCK_CORRUPT_OBSERVED,This warning is that output clock of clock gating cell should be active and reset is deasserted. This is confirmed by designer.,minsy0731,12-06-2025 13:42:45,"{""RdcSourceResets:ResetName"": ""RESETN_ACLK"", ""RdcDestResets:DestResetInfo:ResetName"": ""'no-reset'"", ""DestClockInfoList:DestClockInfo:ClockDomainId"": ""1"", ""DestClockInfoList:DestClockInfo:ClockName"": ""CLK_PRCM_ACLK"", ""DestClockInfoList:DestClockInfo:ClockObject"": ""ACLK"", ""ReasonInfoList:ReasonInfo:ReasonCode"": ""NO_BLOCKING_METHOD"", ""SrcObject"": ""u_AESDMA_TOP/u_aesdma_top/u_AESDMA_RDCORE/u_AESDMA_REORDER_BUF/rd_table[23].id[4:0]"", ""DestObject"": ""u_sram_rob_cg/u_dont_touch_preicg/ECK"", ""AllSrcResets:SrcResetInfo:ResetObject"": ""RESETN_ACLK"", ""AllSrcResets:SrcResetInfo:ResetName"": ""RESETN_ACLK"", ""DestSyncResetInfoList:DestResetInfo:ResetName"": ""'no-reset'"", ""SrcClockInfoList:SrcClockInfo:ClockDomainId"": ""1"", ""SrcClockInfoList:SrcClockInfo:ClockName"": ""CLK_PRCM_ACLK"", ""SrcClockInfoList:SrcClockInfo:ClockObject"": ""ACLK"", ""Module"": ""BOS_AESDMA""}","waive_violation -add {RDC_CLOCK_CORRUPT_OBSERVED_190}  -comment {This warning is that output clock of clock gating cell should be active and reset is deasserted. This is confirmed by designer.}  -filter {(RdcSourceResets:ResetName == ""RESETN_ACLK"") AND (RdcDestResets:DestResetInfo:ResetName == ""'no-reset'"") AND (DestClockInfoList:DestClockInfo:ClockDomainId == ""1"") AND (DestClockInfoList:DestClockInfo:ClockName == ""CLK_PRCM_ACLK"") AND (DestClockInfoList:DestClockInfo:ClockObject == ""ACLK"") AND (ReasonInfoList:ReasonInfo:ReasonCode == ""NO_BLOCKING_METHOD"") AND (SrcObject == ""u_AESDMA_TOP/u_aesdma_top/u_AESDMA_RDCORE/u_AESDMA_REORDER_BUF/rd_table[23].id[4:0]"") AND (DestObject == ""u_sram_rob_cg/u_dont_touch_preicg/ECK"") AND (AllSrcResets:SrcResetInfo:ResetObject == ""RESETN_ACLK"") AND (AllSrcResets:SrcResetInfo:ResetName == ""RESETN_ACLK"") AND (DestSyncResetInfoList:DestResetInfo:ResetName == ""'no-reset'"") AND (SrcClockInfoList:SrcClockInfo:ClockDomainId == ""1"") AND (SrcClockInfoList:SrcClockInfo:ClockName == ""CLK_PRCM_ACLK"") AND (SrcClockInfoList:SrcClockInfo:ClockObject == ""ACLK"") AND (Module == ""BOS_AESDMA"")}  -app { rdc } -tag { RDC_CLOCK_CORRUPT_OBSERVED } -user { minsy0731 } -timestamp { 12-06-2025 13:42:45 }"
RDC_CLOCK_CORRUPT_OBSERVED_190_2,REDUNDANT,0,RDC_CLOCK_CORRUPT_OBSERVED,Logic not needed when IP is reset,pnson,12-05-2026 21:51:59,"{""RdcSourceResets:ResetName"": ""RESETN_ACLK"", ""RdcDestResets:DestResetInfo:ResetName"": ""'no-reset'"", ""DestClockInfoList:DestClockInfo:ClockDomainId"": ""1"", ""DestClockInfoList:DestClockInfo:ClockName"": ""CLK_PRCM_ACLK"", ""DestClockInfoList:DestClockInfo:ClockObject"": ""ACLK"", ""ReasonInfoList:ReasonInfo:ReasonCode"": ""NO_BLOCKING_METHOD"", ""ReasonInfoList:ReasonInfo:ReasonCodeMsg"": ""[ERROR] No valid blocking scheme found"", ""SrcObject"": ""u_enerr_ecc_dec_dcls_sram_rob/sync_inst[0].genblk1.genblk1.u_dont_touch_sync_dff2/Q"", ""DestObject"": ""u_sram_rob_cg/u_dont_touch_preicg/ECK"", ""SrcObjectType"": ""library-cell"", ""DestObjectType"": ""clock-gating-cell"", ""AllSrcResets:SrcResetInfo:ResetObject"": ""RESETN_ACLK"", ""AllSrcResets:SrcResetInfo:ResetName"": ""RESETN_ACLK"", ""DestSyncResetInfoList:DestResetInfo:ResetName"": ""'no-reset'"", ""SrcClockInfoList:SrcClockInfo:ClockDomainId"": ""1"", ""SrcClockInfoList:SrcClockInfo:ClockName"": ""CLK_PRCM_ACLK"", ""SrcClockInfoList:SrcClockInfo:ClockObject"": ""ACLK"", ""ContainerInstance"": ""BOS_AESDMA"", ""Module"": ""BOS_AESDMA""}","waive_violation -add {RDC_CLOCK_CORRUPT_OBSERVED_190_2}  -comment {Logic not needed when IP is reset}  -filter {(RdcSourceResets:ResetName == ""RESETN_ACLK"") AND (RdcDestResets:DestResetInfo:ResetName == ""'no-reset'"") AND (DestClockInfoList:DestClockInfo:ClockDomainId == ""1"") AND (DestClockInfoList:DestClockInfo:ClockName == ""CLK_PRCM_ACLK"") AND (DestClockInfoList:DestClockInfo:ClockObject == ""ACLK"") AND (ReasonInfoList:ReasonInfo:ReasonCode == ""NO_BLOCKING_METHOD"") AND (ReasonInfoList:ReasonInfo:ReasonCodeMsg == ""[ERROR] No valid blocking scheme found"") AND (SrcObject == ""u_enerr_ecc_dec_dcls_sram_rob/sync_inst[0].genblk1.genblk1.u_dont_touch_sync_dff2/Q"") AND (DestObject == ""u_sram_rob_cg/u_dont_touch_preicg/ECK"") AND (SrcObjectType == ""library-cell"") AND (DestObjectType == ""clock-gating-cell"") AND (AllSrcResets:SrcResetInfo:ResetObject == ""RESETN_ACLK"") AND (AllSrcResets:SrcResetInfo:ResetName == ""RESETN_ACLK"") AND (DestSyncResetInfoList:DestResetInfo:ResetName == ""'no-reset'"") AND (SrcClockInfoList:SrcClockInfo:ClockDomainId == ""1"") AND (SrcClockInfoList:SrcClockInfo:ClockName == ""CLK_PRCM_ACLK"") AND (SrcClockInfoList:SrcClockInfo:ClockObject == ""ACLK"") AND (ContainerInstance == ""BOS_AESDMA"") AND (Module == ""BOS_AESDMA"")}  -app { rdc } -tag { RDC_CLOCK_CORRUPT_OBSERVED } -user { pnson } -timestamp { 12-05-2026 21:51:59 }"
RDC_CLOCK_CORRUPT_OBSERVED_191,REDUNDANT,0,RDC_CLOCK_CORRUPT_OBSERVED,This warning is that output clock of clock gating cell should be active and reset is deasserted. This is confirmed by designer.,minsy0731,12-06-2025 13:42:45,"{""RdcSourceResets:ResetName"": ""RESETN_ACLK"", ""RdcDestResets:DestResetInfo:ResetName"": ""'no-reset'"", ""DestClockInfoList:DestClockInfo:ClockDomainId"": ""1"", ""DestClockInfoList:DestClockInfo:ClockName"": ""CLK_PRCM_ACLK"", ""DestClockInfoList:DestClockInfo:ClockObject"": ""ACLK"", ""ReasonInfoList:ReasonInfo:ReasonCode"": ""NO_BLOCKING_METHOD"", ""SrcObject"": ""u_AESDMA_TOP/u_aesdma_top/u_AESDMA_RDCORE/u_AESDMA_REORDER_BUF/rd_table[19].id[4:0]"", ""DestObject"": ""u_sram_rob_cg/u_dont_touch_preicg/ECK"", ""AllSrcResets:SrcResetInfo:ResetObject"": ""RESETN_ACLK"", ""AllSrcResets:SrcResetInfo:ResetName"": ""RESETN_ACLK"", ""DestSyncResetInfoList:DestResetInfo:ResetName"": ""'no-reset'"", ""SrcClockInfoList:SrcClockInfo:ClockDomainId"": ""1"", ""SrcClockInfoList:SrcClockInfo:ClockName"": ""CLK_PRCM_ACLK"", ""SrcClockInfoList:SrcClockInfo:ClockObject"": ""ACLK"", ""Module"": ""BOS_AESDMA""}","waive_violation -add {RDC_CLOCK_CORRUPT_OBSERVED_191}  -comment {This warning is that output clock of clock gating cell should be active and reset is deasserted. This is confirmed by designer.}  -filter {(RdcSourceResets:ResetName == ""RESETN_ACLK"") AND (RdcDestResets:DestResetInfo:ResetName == ""'no-reset'"") AND (DestClockInfoList:DestClockInfo:ClockDomainId == ""1"") AND (DestClockInfoList:DestClockInfo:ClockName == ""CLK_PRCM_ACLK"") AND (DestClockInfoList:DestClockInfo:ClockObject == ""ACLK"") AND (ReasonInfoList:ReasonInfo:ReasonCode == ""NO_BLOCKING_METHOD"") AND (SrcObject == ""u_AESDMA_TOP/u_aesdma_top/u_AESDMA_RDCORE/u_AESDMA_REORDER_BUF/rd_table[19].id[4:0]"") AND (DestObject == ""u_sram_rob_cg/u_dont_touch_preicg/ECK"") AND (AllSrcResets:SrcResetInfo:ResetObject == ""RESETN_ACLK"") AND (AllSrcResets:SrcResetInfo:ResetName == ""RESETN_ACLK"") AND (DestSyncResetInfoList:DestResetInfo:ResetName == ""'no-reset'"") AND (SrcClockInfoList:SrcClockInfo:ClockDomainId == ""1"") AND (SrcClockInfoList:SrcClockInfo:ClockName == ""CLK_PRCM_ACLK"") AND (SrcClockInfoList:SrcClockInfo:ClockObject == ""ACLK"") AND (Module == ""BOS_AESDMA"")}  -app { rdc } -tag { RDC_CLOCK_CORRUPT_OBSERVED } -user { minsy0731 } -timestamp { 12-06-2025 13:42:45 }"
RDC_CLOCK_CORRUPT_OBSERVED_192,REDUNDANT,0,RDC_CLOCK_CORRUPT_OBSERVED,This warning is that output clock of clock gating cell should be active and reset is deasserted. This is confirmed by designer.,minsy0731,12-06-2025 13:42:45,"{""RdcSourceResets:ResetName"": ""RESETN_ACLK"", ""RdcDestResets:DestResetInfo:ResetName"": ""'no-reset'"", ""DestClockInfoList:DestClockInfo:ClockDomainId"": ""1"", ""DestClockInfoList:DestClockInfo:ClockName"": ""CLK_PRCM_ACLK"", ""DestClockInfoList:DestClockInfo:ClockObject"": ""ACLK"", ""ReasonInfoList:ReasonInfo:ReasonCode"": ""NO_BLOCKING_METHOD"", ""SrcObject"": ""u_AESDMA_TOP/u_aesdma_top/u_AESDMA_RDCORE/u_AESDMA_REORDER_BUF/rd_table[5].id[4:0]"", ""DestObject"": ""u_sram_rob_cg/u_dont_touch_preicg/ECK"", ""AllSrcResets:SrcResetInfo:ResetObject"": ""RESETN_ACLK"", ""AllSrcResets:SrcResetInfo:ResetName"": ""RESETN_ACLK"", ""DestSyncResetInfoList:DestResetInfo:ResetName"": ""'no-reset'"", ""SrcClockInfoList:SrcClockInfo:ClockDomainId"": ""1"", ""SrcClockInfoList:SrcClockInfo:ClockName"": ""CLK_PRCM_ACLK"", ""SrcClockInfoList:SrcClockInfo:ClockObject"": ""ACLK"", ""Module"": ""BOS_AESDMA""}","waive_violation -add {RDC_CLOCK_CORRUPT_OBSERVED_192}  -comment {This warning is that output clock of clock gating cell should be active and reset is deasserted. This is confirmed by designer.}  -filter {(RdcSourceResets:ResetName == ""RESETN_ACLK"") AND (RdcDestResets:DestResetInfo:ResetName == ""'no-reset'"") AND (DestClockInfoList:DestClockInfo:ClockDomainId == ""1"") AND (DestClockInfoList:DestClockInfo:ClockName == ""CLK_PRCM_ACLK"") AND (DestClockInfoList:DestClockInfo:ClockObject == ""ACLK"") AND (ReasonInfoList:ReasonInfo:ReasonCode == ""NO_BLOCKING_METHOD"") AND (SrcObject == ""u_AESDMA_TOP/u_aesdma_top/u_AESDMA_RDCORE/u_AESDMA_REORDER_BUF/rd_table[5].id[4:0]"") AND (DestObject == ""u_sram_rob_cg/u_dont_touch_preicg/ECK"") AND (AllSrcResets:SrcResetInfo:ResetObject == ""RESETN_ACLK"") AND (AllSrcResets:SrcResetInfo:ResetName == ""RESETN_ACLK"") AND (DestSyncResetInfoList:DestResetInfo:ResetName == ""'no-reset'"") AND (SrcClockInfoList:SrcClockInfo:ClockDomainId == ""1"") AND (SrcClockInfoList:SrcClockInfo:ClockName == ""CLK_PRCM_ACLK"") AND (SrcClockInfoList:SrcClockInfo:ClockObject == ""ACLK"") AND (Module == ""BOS_AESDMA"")}  -app { rdc } -tag { RDC_CLOCK_CORRUPT_OBSERVED } -user { minsy0731 } -timestamp { 12-06-2025 13:42:45 }"
RDC_CLOCK_CORRUPT_OBSERVED_193,REDUNDANT,0,RDC_CLOCK_CORRUPT_OBSERVED,This warning is that output clock of clock gating cell should be active and reset is deasserted. This is confirmed by designer.,minsy0731,12-06-2025 13:42:45,"{""RdcSourceResets:ResetName"": ""RESETN_ACLK"", ""RdcDestResets:DestResetInfo:ResetName"": ""'no-reset'"", ""DestClockInfoList:DestClockInfo:ClockDomainId"": ""1"", ""DestClockInfoList:DestClockInfo:ClockName"": ""CLK_PRCM_ACLK"", ""DestClockInfoList:DestClockInfo:ClockObject"": ""ACLK"", ""ReasonInfoList:ReasonInfo:ReasonCode"": ""NO_BLOCKING_METHOD"", ""SrcObject"": ""u_AESDMA_TOP/u_aesdma_top/u_AESDMA_RDCORE/u_AESDMA_REORDER_BUF/rd_table[24].table_entry_valid"", ""DestObject"": ""u_sram_rob_cg/u_dont_touch_preicg/ECK"", ""AllSrcResets:SrcResetInfo:ResetObject"": ""RESETN_ACLK"", ""AllSrcResets:SrcResetInfo:ResetName"": ""RESETN_ACLK"", ""DestSyncResetInfoList:DestResetInfo:ResetName"": ""'no-reset'"", ""SrcClockInfoList:SrcClockInfo:ClockDomainId"": ""1"", ""SrcClockInfoList:SrcClockInfo:ClockName"": ""CLK_PRCM_ACLK"", ""SrcClockInfoList:SrcClockInfo:ClockObject"": ""ACLK"", ""Module"": ""BOS_AESDMA""}","waive_violation -add {RDC_CLOCK_CORRUPT_OBSERVED_193}  -comment {This warning is that output clock of clock gating cell should be active and reset is deasserted. This is confirmed by designer.}  -filter {(RdcSourceResets:ResetName == ""RESETN_ACLK"") AND (RdcDestResets:DestResetInfo:ResetName == ""'no-reset'"") AND (DestClockInfoList:DestClockInfo:ClockDomainId == ""1"") AND (DestClockInfoList:DestClockInfo:ClockName == ""CLK_PRCM_ACLK"") AND (DestClockInfoList:DestClockInfo:ClockObject == ""ACLK"") AND (ReasonInfoList:ReasonInfo:ReasonCode == ""NO_BLOCKING_METHOD"") AND (SrcObject == ""u_AESDMA_TOP/u_aesdma_top/u_AESDMA_RDCORE/u_AESDMA_REORDER_BUF/rd_table[24].table_entry_valid"") AND (DestObject == ""u_sram_rob_cg/u_dont_touch_preicg/ECK"") AND (AllSrcResets:SrcResetInfo:ResetObject == ""RESETN_ACLK"") AND (AllSrcResets:SrcResetInfo:ResetName == ""RESETN_ACLK"") AND (DestSyncResetInfoList:DestResetInfo:ResetName == ""'no-reset'"") AND (SrcClockInfoList:SrcClockInfo:ClockDomainId == ""1"") AND (SrcClockInfoList:SrcClockInfo:ClockName == ""CLK_PRCM_ACLK"") AND (SrcClockInfoList:SrcClockInfo:ClockObject == ""ACLK"") AND (Module == ""BOS_AESDMA"")}  -app { rdc } -tag { RDC_CLOCK_CORRUPT_OBSERVED } -user { minsy0731 } -timestamp { 12-06-2025 13:42:45 }"
RDC_CLOCK_CORRUPT_OBSERVED_194,REDUNDANT,0,RDC_CLOCK_CORRUPT_OBSERVED,This warning is that output clock of clock gating cell should be active and reset is deasserted. This is confirmed by designer.,minsy0731,12-06-2025 13:42:45,"{""RdcSourceResets:ResetName"": ""RESETN_ACLK"", ""RdcDestResets:DestResetInfo:ResetName"": ""'no-reset'"", ""DestClockInfoList:DestClockInfo:ClockDomainId"": ""1"", ""DestClockInfoList:DestClockInfo:ClockName"": ""CLK_PRCM_ACLK"", ""DestClockInfoList:DestClockInfo:ClockObject"": ""ACLK"", ""ReasonInfoList:ReasonInfo:ReasonCode"": ""NO_BLOCKING_METHOD"", ""SrcObject"": ""u_AESDMA_TOP/u_aesdma_top/u_AESDMA_RDCORE/u_AESDMA_REORDER_BUF/rd_table[4].table_entry_valid"", ""DestObject"": ""u_sram_rob_cg/u_dont_touch_preicg/ECK"", ""AllSrcResets:SrcResetInfo:ResetObject"": ""RESETN_ACLK"", ""AllSrcResets:SrcResetInfo:ResetName"": ""RESETN_ACLK"", ""DestSyncResetInfoList:DestResetInfo:ResetName"": ""'no-reset'"", ""SrcClockInfoList:SrcClockInfo:ClockDomainId"": ""1"", ""SrcClockInfoList:SrcClockInfo:ClockName"": ""CLK_PRCM_ACLK"", ""SrcClockInfoList:SrcClockInfo:ClockObject"": ""ACLK"", ""Module"": ""BOS_AESDMA""}","waive_violation -add {RDC_CLOCK_CORRUPT_OBSERVED_194}  -comment {This warning is that output clock of clock gating cell should be active and reset is deasserted. This is confirmed by designer.}  -filter {(RdcSourceResets:ResetName == ""RESETN_ACLK"") AND (RdcDestResets:DestResetInfo:ResetName == ""'no-reset'"") AND (DestClockInfoList:DestClockInfo:ClockDomainId == ""1"") AND (DestClockInfoList:DestClockInfo:ClockName == ""CLK_PRCM_ACLK"") AND (DestClockInfoList:DestClockInfo:ClockObject == ""ACLK"") AND (ReasonInfoList:ReasonInfo:ReasonCode == ""NO_BLOCKING_METHOD"") AND (SrcObject == ""u_AESDMA_TOP/u_aesdma_top/u_AESDMA_RDCORE/u_AESDMA_REORDER_BUF/rd_table[4].table_entry_valid"") AND (DestObject == ""u_sram_rob_cg/u_dont_touch_preicg/ECK"") AND (AllSrcResets:SrcResetInfo:ResetObject == ""RESETN_ACLK"") AND (AllSrcResets:SrcResetInfo:ResetName == ""RESETN_ACLK"") AND (DestSyncResetInfoList:DestResetInfo:ResetName == ""'no-reset'"") AND (SrcClockInfoList:SrcClockInfo:ClockDomainId == ""1"") AND (SrcClockInfoList:SrcClockInfo:ClockName == ""CLK_PRCM_ACLK"") AND (SrcClockInfoList:SrcClockInfo:ClockObject == ""ACLK"") AND (Module == ""BOS_AESDMA"")}  -app { rdc } -tag { RDC_CLOCK_CORRUPT_OBSERVED } -user { minsy0731 } -timestamp { 12-06-2025 13:42:45 }"
RDC_CLOCK_CORRUPT_OBSERVED_194_2,REDUNDANT,0,RDC_CLOCK_CORRUPT_OBSERVED,Logic not needed when IP is reset,pnson,12-05-2026 21:51:59,"{""RdcSourceResets:ResetName"": ""RESETN_ACLK"", ""RdcDestResets:DestResetInfo:ResetName"": ""'no-reset'"", ""DestClockInfoList:DestClockInfo:ClockDomainId"": ""1"", ""DestClockInfoList:DestClockInfo:ClockName"": ""CLK_PRCM_ACLK"", ""DestClockInfoList:DestClockInfo:ClockObject"": ""ACLK"", ""ReasonInfoList:ReasonInfo:ReasonCode"": ""NO_BLOCKING_METHOD"", ""ReasonInfoList:ReasonInfo:ReasonCodeMsg"": ""[ERROR] No valid blocking scheme found"", ""SrcObject"": ""u_enerr_ecc_e2_sram_rob/sync_inst[0].genblk1.genblk1.u_dont_touch_sync_dff2/Q"", ""DestObject"": ""u_sram_rob_cg/u_dont_touch_preicg/ECK"", ""SrcObjectType"": ""library-cell"", ""DestObjectType"": ""clock-gating-cell"", ""AllSrcResets:SrcResetInfo:ResetObject"": ""RESETN_ACLK"", ""AllSrcResets:SrcResetInfo:ResetName"": ""RESETN_ACLK"", ""DestSyncResetInfoList:DestResetInfo:ResetName"": ""'no-reset'"", ""SrcClockInfoList:SrcClockInfo:ClockDomainId"": ""1"", ""SrcClockInfoList:SrcClockInfo:ClockName"": ""CLK_PRCM_ACLK"", ""SrcClockInfoList:SrcClockInfo:ClockObject"": ""ACLK"", ""ContainerInstance"": ""BOS_AESDMA"", ""Module"": ""BOS_AESDMA""}","waive_violation -add {RDC_CLOCK_CORRUPT_OBSERVED_194_2}  -comment {Logic not needed when IP is reset}  -filter {(RdcSourceResets:ResetName == ""RESETN_ACLK"") AND (RdcDestResets:DestResetInfo:ResetName == ""'no-reset'"") AND (DestClockInfoList:DestClockInfo:ClockDomainId == ""1"") AND (DestClockInfoList:DestClockInfo:ClockName == ""CLK_PRCM_ACLK"") AND (DestClockInfoList:DestClockInfo:ClockObject == ""ACLK"") AND (ReasonInfoList:ReasonInfo:ReasonCode == ""NO_BLOCKING_METHOD"") AND (ReasonInfoList:ReasonInfo:ReasonCodeMsg == ""[ERROR] No valid blocking scheme found"") AND (SrcObject == ""u_enerr_ecc_e2_sram_rob/sync_inst[0].genblk1.genblk1.u_dont_touch_sync_dff2/Q"") AND (DestObject == ""u_sram_rob_cg/u_dont_touch_preicg/ECK"") AND (SrcObjectType == ""library-cell"") AND (DestObjectType == ""clock-gating-cell"") AND (AllSrcResets:SrcResetInfo:ResetObject == ""RESETN_ACLK"") AND (AllSrcResets:SrcResetInfo:ResetName == ""RESETN_ACLK"") AND (DestSyncResetInfoList:DestResetInfo:ResetName == ""'no-reset'"") AND (SrcClockInfoList:SrcClockInfo:ClockDomainId == ""1"") AND (SrcClockInfoList:SrcClockInfo:ClockName == ""CLK_PRCM_ACLK"") AND (SrcClockInfoList:SrcClockInfo:ClockObject == ""ACLK"") AND (ContainerInstance == ""BOS_AESDMA"") AND (Module == ""BOS_AESDMA"")}  -app { rdc } -tag { RDC_CLOCK_CORRUPT_OBSERVED } -user { pnson } -timestamp { 12-05-2026 21:51:59 }"
RDC_CLOCK_CORRUPT_OBSERVED_195,REDUNDANT,0,RDC_CLOCK_CORRUPT_OBSERVED,This warning is that output clock of clock gating cell should be active and reset is deasserted. This is confirmed by designer.,minsy0731,12-06-2025 13:42:45,"{""RdcSourceResets:ResetName"": ""RESETN_ACLK"", ""RdcDestResets:DestResetInfo:ResetName"": ""'no-reset'"", ""DestClockInfoList:DestClockInfo:ClockDomainId"": ""1"", ""DestClockInfoList:DestClockInfo:ClockName"": ""CLK_PRCM_ACLK"", ""DestClockInfoList:DestClockInfo:ClockObject"": ""ACLK"", ""ReasonInfoList:ReasonInfo:ReasonCode"": ""NO_BLOCKING_METHOD"", ""SrcObject"": ""u_AESDMA_TOP/u_aesdma_top/u_AESDMA_RDCORE/u_AESDMA_REORDER_BUF/rd_table[3].id[4:0]"", ""DestObject"": ""u_sram_rob_cg/u_dont_touch_preicg/ECK"", ""AllSrcResets:SrcResetInfo:ResetObject"": ""RESETN_ACLK"", ""AllSrcResets:SrcResetInfo:ResetName"": ""RESETN_ACLK"", ""DestSyncResetInfoList:DestResetInfo:ResetName"": ""'no-reset'"", ""SrcClockInfoList:SrcClockInfo:ClockDomainId"": ""1"", ""SrcClockInfoList:SrcClockInfo:ClockName"": ""CLK_PRCM_ACLK"", ""SrcClockInfoList:SrcClockInfo:ClockObject"": ""ACLK"", ""Module"": ""BOS_AESDMA""}","waive_violation -add {RDC_CLOCK_CORRUPT_OBSERVED_195}  -comment {This warning is that output clock of clock gating cell should be active and reset is deasserted. This is confirmed by designer.}  -filter {(RdcSourceResets:ResetName == ""RESETN_ACLK"") AND (RdcDestResets:DestResetInfo:ResetName == ""'no-reset'"") AND (DestClockInfoList:DestClockInfo:ClockDomainId == ""1"") AND (DestClockInfoList:DestClockInfo:ClockName == ""CLK_PRCM_ACLK"") AND (DestClockInfoList:DestClockInfo:ClockObject == ""ACLK"") AND (ReasonInfoList:ReasonInfo:ReasonCode == ""NO_BLOCKING_METHOD"") AND (SrcObject == ""u_AESDMA_TOP/u_aesdma_top/u_AESDMA_RDCORE/u_AESDMA_REORDER_BUF/rd_table[3].id[4:0]"") AND (DestObject == ""u_sram_rob_cg/u_dont_touch_preicg/ECK"") AND (AllSrcResets:SrcResetInfo:ResetObject == ""RESETN_ACLK"") AND (AllSrcResets:SrcResetInfo:ResetName == ""RESETN_ACLK"") AND (DestSyncResetInfoList:DestResetInfo:ResetName == ""'no-reset'"") AND (SrcClockInfoList:SrcClockInfo:ClockDomainId == ""1"") AND (SrcClockInfoList:SrcClockInfo:ClockName == ""CLK_PRCM_ACLK"") AND (SrcClockInfoList:SrcClockInfo:ClockObject == ""ACLK"") AND (Module == ""BOS_AESDMA"")}  -app { rdc } -tag { RDC_CLOCK_CORRUPT_OBSERVED } -user { minsy0731 } -timestamp { 12-06-2025 13:42:45 }"
RDC_CLOCK_CORRUPT_OBSERVED_196,REDUNDANT,0,RDC_CLOCK_CORRUPT_OBSERVED,This warning is that output clock of clock gating cell should be active and reset is deasserted. This is confirmed by designer.,minsy0731,12-06-2025 13:42:45,"{""RdcSourceResets:ResetName"": ""RESETN_ACLK"", ""RdcDestResets:DestResetInfo:ResetName"": ""'no-reset'"", ""DestClockInfoList:DestClockInfo:ClockDomainId"": ""1"", ""DestClockInfoList:DestClockInfo:ClockName"": ""CLK_PRCM_ACLK"", ""DestClockInfoList:DestClockInfo:ClockObject"": ""ACLK"", ""ReasonInfoList:ReasonInfo:ReasonCode"": ""NO_BLOCKING_METHOD"", ""SrcObject"": ""u_AESDMA_TOP/u_aesdma_top/u_AESDMA_RDCORE/u_AESDMA_REORDER_BUF/rd_table[3].table_entry_valid"", ""DestObject"": ""u_sram_rob_cg/u_dont_touch_preicg/ECK"", ""AllSrcResets:SrcResetInfo:ResetObject"": ""RESETN_ACLK"", ""AllSrcResets:SrcResetInfo:ResetName"": ""RESETN_ACLK"", ""DestSyncResetInfoList:DestResetInfo:ResetName"": ""'no-reset'"", ""SrcClockInfoList:SrcClockInfo:ClockDomainId"": ""1"", ""SrcClockInfoList:SrcClockInfo:ClockName"": ""CLK_PRCM_ACLK"", ""SrcClockInfoList:SrcClockInfo:ClockObject"": ""ACLK"", ""Module"": ""BOS_AESDMA""}","waive_violation -add {RDC_CLOCK_CORRUPT_OBSERVED_196}  -comment {This warning is that output clock of clock gating cell should be active and reset is deasserted. This is confirmed by designer.}  -filter {(RdcSourceResets:ResetName == ""RESETN_ACLK"") AND (RdcDestResets:DestResetInfo:ResetName == ""'no-reset'"") AND (DestClockInfoList:DestClockInfo:ClockDomainId == ""1"") AND (DestClockInfoList:DestClockInfo:ClockName == ""CLK_PRCM_ACLK"") AND (DestClockInfoList:DestClockInfo:ClockObject == ""ACLK"") AND (ReasonInfoList:ReasonInfo:ReasonCode == ""NO_BLOCKING_METHOD"") AND (SrcObject == ""u_AESDMA_TOP/u_aesdma_top/u_AESDMA_RDCORE/u_AESDMA_REORDER_BUF/rd_table[3].table_entry_valid"") AND (DestObject == ""u_sram_rob_cg/u_dont_touch_preicg/ECK"") AND (AllSrcResets:SrcResetInfo:ResetObject == ""RESETN_ACLK"") AND (AllSrcResets:SrcResetInfo:ResetName == ""RESETN_ACLK"") AND (DestSyncResetInfoList:DestResetInfo:ResetName == ""'no-reset'"") AND (SrcClockInfoList:SrcClockInfo:ClockDomainId == ""1"") AND (SrcClockInfoList:SrcClockInfo:ClockName == ""CLK_PRCM_ACLK"") AND (SrcClockInfoList:SrcClockInfo:ClockObject == ""ACLK"") AND (Module == ""BOS_AESDMA"")}  -app { rdc } -tag { RDC_CLOCK_CORRUPT_OBSERVED } -user { minsy0731 } -timestamp { 12-06-2025 13:42:45 }"
RDC_CLOCK_CORRUPT_OBSERVED_197,REDUNDANT,0,RDC_CLOCK_CORRUPT_OBSERVED,This warning is that output clock of clock gating cell should be active and reset is deasserted. This is confirmed by designer.,minsy0731,12-06-2025 13:42:45,"{""RdcSourceResets:ResetName"": ""RESETN_ACLK"", ""RdcDestResets:DestResetInfo:ResetName"": ""'no-reset'"", ""DestClockInfoList:DestClockInfo:ClockDomainId"": ""1"", ""DestClockInfoList:DestClockInfo:ClockName"": ""CLK_PRCM_ACLK"", ""DestClockInfoList:DestClockInfo:ClockObject"": ""ACLK"", ""ReasonInfoList:ReasonInfo:ReasonCode"": ""NO_BLOCKING_METHOD"", ""SrcObject"": ""u_AESDMA_TOP/u_aesdma_top/u_AESDMA_RDCORE/u_AESDMA_REORDER_BUF/rd_table[19].table_entry_valid"", ""DestObject"": ""u_sram_rob_cg/u_dont_touch_preicg/ECK"", ""AllSrcResets:SrcResetInfo:ResetObject"": ""RESETN_ACLK"", ""AllSrcResets:SrcResetInfo:ResetName"": ""RESETN_ACLK"", ""DestSyncResetInfoList:DestResetInfo:ResetName"": ""'no-reset'"", ""SrcClockInfoList:SrcClockInfo:ClockDomainId"": ""1"", ""SrcClockInfoList:SrcClockInfo:ClockName"": ""CLK_PRCM_ACLK"", ""SrcClockInfoList:SrcClockInfo:ClockObject"": ""ACLK"", ""Module"": ""BOS_AESDMA""}","waive_violation -add {RDC_CLOCK_CORRUPT_OBSERVED_197}  -comment {This warning is that output clock of clock gating cell should be active and reset is deasserted. This is confirmed by designer.}  -filter {(RdcSourceResets:ResetName == ""RESETN_ACLK"") AND (RdcDestResets:DestResetInfo:ResetName == ""'no-reset'"") AND (DestClockInfoList:DestClockInfo:ClockDomainId == ""1"") AND (DestClockInfoList:DestClockInfo:ClockName == ""CLK_PRCM_ACLK"") AND (DestClockInfoList:DestClockInfo:ClockObject == ""ACLK"") AND (ReasonInfoList:ReasonInfo:ReasonCode == ""NO_BLOCKING_METHOD"") AND (SrcObject == ""u_AESDMA_TOP/u_aesdma_top/u_AESDMA_RDCORE/u_AESDMA_REORDER_BUF/rd_table[19].table_entry_valid"") AND (DestObject == ""u_sram_rob_cg/u_dont_touch_preicg/ECK"") AND (AllSrcResets:SrcResetInfo:ResetObject == ""RESETN_ACLK"") AND (AllSrcResets:SrcResetInfo:ResetName == ""RESETN_ACLK"") AND (DestSyncResetInfoList:DestResetInfo:ResetName == ""'no-reset'"") AND (SrcClockInfoList:SrcClockInfo:ClockDomainId == ""1"") AND (SrcClockInfoList:SrcClockInfo:ClockName == ""CLK_PRCM_ACLK"") AND (SrcClockInfoList:SrcClockInfo:ClockObject == ""ACLK"") AND (Module == ""BOS_AESDMA"")}  -app { rdc } -tag { RDC_CLOCK_CORRUPT_OBSERVED } -user { minsy0731 } -timestamp { 12-06-2025 13:42:45 }"
RDC_CLOCK_CORRUPT_OBSERVED_198,REDUNDANT,0,RDC_CLOCK_CORRUPT_OBSERVED,This warning is that output clock of clock gating cell should be active and reset is deasserted. This is confirmed by designer.,minsy0731,12-06-2025 13:42:45,"{""RdcSourceResets:ResetName"": ""RESETN_ACLK"", ""RdcDestResets:DestResetInfo:ResetName"": ""'no-reset'"", ""DestClockInfoList:DestClockInfo:ClockDomainId"": ""1"", ""DestClockInfoList:DestClockInfo:ClockName"": ""CLK_PRCM_ACLK"", ""DestClockInfoList:DestClockInfo:ClockObject"": ""ACLK"", ""ReasonInfoList:ReasonInfo:ReasonCode"": ""NO_BLOCKING_METHOD"", ""SrcObject"": ""u_AESDMA_TOP/u_aesdma_top/u_AESDMA_RDCORE/u_AESDMA_REORDER_BUF/rd_table[1].table_entry_valid"", ""DestObject"": ""u_sram_rob_cg/u_dont_touch_preicg/ECK"", ""AllSrcResets:SrcResetInfo:ResetObject"": ""RESETN_ACLK"", ""AllSrcResets:SrcResetInfo:ResetName"": ""RESETN_ACLK"", ""DestSyncResetInfoList:DestResetInfo:ResetName"": ""'no-reset'"", ""SrcClockInfoList:SrcClockInfo:ClockDomainId"": ""1"", ""SrcClockInfoList:SrcClockInfo:ClockName"": ""CLK_PRCM_ACLK"", ""SrcClockInfoList:SrcClockInfo:ClockObject"": ""ACLK"", ""Module"": ""BOS_AESDMA""}","waive_violation -add {RDC_CLOCK_CORRUPT_OBSERVED_198}  -comment {This warning is that output clock of clock gating cell should be active and reset is deasserted. This is confirmed by designer.}  -filter {(RdcSourceResets:ResetName == ""RESETN_ACLK"") AND (RdcDestResets:DestResetInfo:ResetName == ""'no-reset'"") AND (DestClockInfoList:DestClockInfo:ClockDomainId == ""1"") AND (DestClockInfoList:DestClockInfo:ClockName == ""CLK_PRCM_ACLK"") AND (DestClockInfoList:DestClockInfo:ClockObject == ""ACLK"") AND (ReasonInfoList:ReasonInfo:ReasonCode == ""NO_BLOCKING_METHOD"") AND (SrcObject == ""u_AESDMA_TOP/u_aesdma_top/u_AESDMA_RDCORE/u_AESDMA_REORDER_BUF/rd_table[1].table_entry_valid"") AND (DestObject == ""u_sram_rob_cg/u_dont_touch_preicg/ECK"") AND (AllSrcResets:SrcResetInfo:ResetObject == ""RESETN_ACLK"") AND (AllSrcResets:SrcResetInfo:ResetName == ""RESETN_ACLK"") AND (DestSyncResetInfoList:DestResetInfo:ResetName == ""'no-reset'"") AND (SrcClockInfoList:SrcClockInfo:ClockDomainId == ""1"") AND (SrcClockInfoList:SrcClockInfo:ClockName == ""CLK_PRCM_ACLK"") AND (SrcClockInfoList:SrcClockInfo:ClockObject == ""ACLK"") AND (Module == ""BOS_AESDMA"")}  -app { rdc } -tag { RDC_CLOCK_CORRUPT_OBSERVED } -user { minsy0731 } -timestamp { 12-06-2025 13:42:45 }"
RDC_CLOCK_CORRUPT_OBSERVED_199,REDUNDANT,0,RDC_CLOCK_CORRUPT_OBSERVED,This warning is that output clock of clock gating cell should be active and reset is deasserted. This is confirmed by designer.,minsy0731,12-06-2025 13:42:45,"{""RdcSourceResets:ResetName"": ""RESETN_ACLK"", ""RdcDestResets:DestResetInfo:ResetName"": ""'no-reset'"", ""DestClockInfoList:DestClockInfo:ClockDomainId"": ""1"", ""DestClockInfoList:DestClockInfo:ClockName"": ""CLK_PRCM_ACLK"", ""DestClockInfoList:DestClockInfo:ClockObject"": ""ACLK"", ""ReasonInfoList:ReasonInfo:ReasonCode"": ""NO_BLOCKING_METHOD"", ""SrcObject"": ""u_AESDMA_TOP/u_aesdma_top/u_AESDMA_RDCORE/u_AESDMA_REORDER_BUF/rd_table[0].id[4:0]"", ""DestObject"": ""u_sram_rob_cg/u_dont_touch_preicg/ECK"", ""AllSrcResets:SrcResetInfo:ResetObject"": ""RESETN_ACLK"", ""AllSrcResets:SrcResetInfo:ResetName"": ""RESETN_ACLK"", ""DestSyncResetInfoList:DestResetInfo:ResetName"": ""'no-reset'"", ""SrcClockInfoList:SrcClockInfo:ClockDomainId"": ""1"", ""SrcClockInfoList:SrcClockInfo:ClockName"": ""CLK_PRCM_ACLK"", ""SrcClockInfoList:SrcClockInfo:ClockObject"": ""ACLK"", ""Module"": ""BOS_AESDMA""}","waive_violation -add {RDC_CLOCK_CORRUPT_OBSERVED_199}  -comment {This warning is that output clock of clock gating cell should be active and reset is deasserted. This is confirmed by designer.}  -filter {(RdcSourceResets:ResetName == ""RESETN_ACLK"") AND (RdcDestResets:DestResetInfo:ResetName == ""'no-reset'"") AND (DestClockInfoList:DestClockInfo:ClockDomainId == ""1"") AND (DestClockInfoList:DestClockInfo:ClockName == ""CLK_PRCM_ACLK"") AND (DestClockInfoList:DestClockInfo:ClockObject == ""ACLK"") AND (ReasonInfoList:ReasonInfo:ReasonCode == ""NO_BLOCKING_METHOD"") AND (SrcObject == ""u_AESDMA_TOP/u_aesdma_top/u_AESDMA_RDCORE/u_AESDMA_REORDER_BUF/rd_table[0].id[4:0]"") AND (DestObject == ""u_sram_rob_cg/u_dont_touch_preicg/ECK"") AND (AllSrcResets:SrcResetInfo:ResetObject == ""RESETN_ACLK"") AND (AllSrcResets:SrcResetInfo:ResetName == ""RESETN_ACLK"") AND (DestSyncResetInfoList:DestResetInfo:ResetName == ""'no-reset'"") AND (SrcClockInfoList:SrcClockInfo:ClockDomainId == ""1"") AND (SrcClockInfoList:SrcClockInfo:ClockName == ""CLK_PRCM_ACLK"") AND (SrcClockInfoList:SrcClockInfo:ClockObject == ""ACLK"") AND (Module == ""BOS_AESDMA"")}  -app { rdc } -tag { RDC_CLOCK_CORRUPT_OBSERVED } -user { minsy0731 } -timestamp { 12-06-2025 13:42:45 }"
RDC_CLOCK_CORRUPT_OBSERVED_200,REDUNDANT,0,RDC_CLOCK_CORRUPT_OBSERVED,This warning is that output clock of clock gating cell should be active and reset is deasserted. This is confirmed by designer.,minsy0731,12-06-2025 13:42:45,"{""RdcSourceResets:ResetName"": ""RESETN_ACLK"", ""RdcDestResets:DestResetInfo:ResetName"": ""'no-reset'"", ""DestClockInfoList:DestClockInfo:ClockDomainId"": ""1"", ""DestClockInfoList:DestClockInfo:ClockName"": ""CLK_PRCM_ACLK"", ""DestClockInfoList:DestClockInfo:ClockObject"": ""ACLK"", ""ReasonInfoList:ReasonInfo:ReasonCode"": ""NO_BLOCKING_METHOD"", ""SrcObject"": ""u_AESDMA_TOP/u_aesdma_top/u_AESDMA_RDCORE/u_AESDMA_REORDER_BUF/rd_table[22].id[4:0]"", ""DestObject"": ""u_sram_rob_cg/u_dont_touch_preicg/ECK"", ""AllSrcResets:SrcResetInfo:ResetObject"": ""RESETN_ACLK"", ""AllSrcResets:SrcResetInfo:ResetName"": ""RESETN_ACLK"", ""DestSyncResetInfoList:DestResetInfo:ResetName"": ""'no-reset'"", ""SrcClockInfoList:SrcClockInfo:ClockDomainId"": ""1"", ""SrcClockInfoList:SrcClockInfo:ClockName"": ""CLK_PRCM_ACLK"", ""SrcClockInfoList:SrcClockInfo:ClockObject"": ""ACLK"", ""Module"": ""BOS_AESDMA""}","waive_violation -add {RDC_CLOCK_CORRUPT_OBSERVED_200}  -comment {This warning is that output clock of clock gating cell should be active and reset is deasserted. This is confirmed by designer.}  -filter {(RdcSourceResets:ResetName == ""RESETN_ACLK"") AND (RdcDestResets:DestResetInfo:ResetName == ""'no-reset'"") AND (DestClockInfoList:DestClockInfo:ClockDomainId == ""1"") AND (DestClockInfoList:DestClockInfo:ClockName == ""CLK_PRCM_ACLK"") AND (DestClockInfoList:DestClockInfo:ClockObject == ""ACLK"") AND (ReasonInfoList:ReasonInfo:ReasonCode == ""NO_BLOCKING_METHOD"") AND (SrcObject == ""u_AESDMA_TOP/u_aesdma_top/u_AESDMA_RDCORE/u_AESDMA_REORDER_BUF/rd_table[22].id[4:0]"") AND (DestObject == ""u_sram_rob_cg/u_dont_touch_preicg/ECK"") AND (AllSrcResets:SrcResetInfo:ResetObject == ""RESETN_ACLK"") AND (AllSrcResets:SrcResetInfo:ResetName == ""RESETN_ACLK"") AND (DestSyncResetInfoList:DestResetInfo:ResetName == ""'no-reset'"") AND (SrcClockInfoList:SrcClockInfo:ClockDomainId == ""1"") AND (SrcClockInfoList:SrcClockInfo:ClockName == ""CLK_PRCM_ACLK"") AND (SrcClockInfoList:SrcClockInfo:ClockObject == ""ACLK"") AND (Module == ""BOS_AESDMA"")}  -app { rdc } -tag { RDC_CLOCK_CORRUPT_OBSERVED } -user { minsy0731 } -timestamp { 12-06-2025 13:42:45 }"
RDC_CLOCK_CORRUPT_OBSERVED_201,REDUNDANT,0,RDC_CLOCK_CORRUPT_OBSERVED,This warning is that output clock of clock gating cell should be active and reset is deasserted. This is confirmed by designer.,minsy0731,12-06-2025 13:42:45,"{""RdcSourceResets:ResetName"": ""RESETN_ACLK"", ""RdcDestResets:DestResetInfo:ResetName"": ""'no-reset'"", ""DestClockInfoList:DestClockInfo:ClockDomainId"": ""1"", ""DestClockInfoList:DestClockInfo:ClockName"": ""CLK_PRCM_ACLK"", ""DestClockInfoList:DestClockInfo:ClockObject"": ""ACLK"", ""ReasonInfoList:ReasonInfo:ReasonCode"": ""NO_BLOCKING_METHOD"", ""SrcObject"": ""u_AESDMA_TOP/u_aesdma_top/u_AESDMA_RDCORE/u_AESDMA_REORDER_BUF/rd_table[6].id[4:0]"", ""DestObject"": ""u_sram_rob_cg/u_dont_touch_preicg/ECK"", ""AllSrcResets:SrcResetInfo:ResetObject"": ""RESETN_ACLK"", ""AllSrcResets:SrcResetInfo:ResetName"": ""RESETN_ACLK"", ""DestSyncResetInfoList:DestResetInfo:ResetName"": ""'no-reset'"", ""SrcClockInfoList:SrcClockInfo:ClockDomainId"": ""1"", ""SrcClockInfoList:SrcClockInfo:ClockName"": ""CLK_PRCM_ACLK"", ""SrcClockInfoList:SrcClockInfo:ClockObject"": ""ACLK"", ""Module"": ""BOS_AESDMA""}","waive_violation -add {RDC_CLOCK_CORRUPT_OBSERVED_201}  -comment {This warning is that output clock of clock gating cell should be active and reset is deasserted. This is confirmed by designer.}  -filter {(RdcSourceResets:ResetName == ""RESETN_ACLK"") AND (RdcDestResets:DestResetInfo:ResetName == ""'no-reset'"") AND (DestClockInfoList:DestClockInfo:ClockDomainId == ""1"") AND (DestClockInfoList:DestClockInfo:ClockName == ""CLK_PRCM_ACLK"") AND (DestClockInfoList:DestClockInfo:ClockObject == ""ACLK"") AND (ReasonInfoList:ReasonInfo:ReasonCode == ""NO_BLOCKING_METHOD"") AND (SrcObject == ""u_AESDMA_TOP/u_aesdma_top/u_AESDMA_RDCORE/u_AESDMA_REORDER_BUF/rd_table[6].id[4:0]"") AND (DestObject == ""u_sram_rob_cg/u_dont_touch_preicg/ECK"") AND (AllSrcResets:SrcResetInfo:ResetObject == ""RESETN_ACLK"") AND (AllSrcResets:SrcResetInfo:ResetName == ""RESETN_ACLK"") AND (DestSyncResetInfoList:DestResetInfo:ResetName == ""'no-reset'"") AND (SrcClockInfoList:SrcClockInfo:ClockDomainId == ""1"") AND (SrcClockInfoList:SrcClockInfo:ClockName == ""CLK_PRCM_ACLK"") AND (SrcClockInfoList:SrcClockInfo:ClockObject == ""ACLK"") AND (Module == ""BOS_AESDMA"")}  -app { rdc } -tag { RDC_CLOCK_CORRUPT_OBSERVED } -user { minsy0731 } -timestamp { 12-06-2025 13:42:45 }"
RDC_CLOCK_CORRUPT_OBSERVED_201_2,REDUNDANT,0,RDC_CLOCK_CORRUPT_OBSERVED,Logic not needed when IP is reset,pnson,12-05-2026 21:51:59,"{""RdcSourceResets:ResetName"": ""RESETN_ACLK"", ""RdcDestResets:DestResetInfo:ResetName"": ""'no-reset'"", ""DestClockInfoList:DestClockInfo:ClockDomainId"": ""1"", ""DestClockInfoList:DestClockInfo:ClockName"": ""CLK_PRCM_ACLK"", ""DestClockInfoList:DestClockInfo:ClockObject"": ""ACLK"", ""ReasonInfoList:ReasonInfo:ReasonCode"": ""NO_BLOCKING_METHOD"", ""ReasonInfoList:ReasonInfo:ReasonCodeMsg"": ""[ERROR] No valid blocking scheme found"", ""SrcObject"": ""u_enerr_ecc_e1_sram_rob/sync_inst[0].genblk1.genblk1.u_dont_touch_sync_dff2/Q"", ""DestObject"": ""u_sram_rob_cg/u_dont_touch_preicg/ECK"", ""SrcObjectType"": ""library-cell"", ""DestObjectType"": ""clock-gating-cell"", ""AllSrcResets:SrcResetInfo:ResetObject"": ""RESETN_ACLK"", ""AllSrcResets:SrcResetInfo:ResetName"": ""RESETN_ACLK"", ""DestSyncResetInfoList:DestResetInfo:ResetName"": ""'no-reset'"", ""SrcClockInfoList:SrcClockInfo:ClockDomainId"": ""1"", ""SrcClockInfoList:SrcClockInfo:ClockName"": ""CLK_PRCM_ACLK"", ""SrcClockInfoList:SrcClockInfo:ClockObject"": ""ACLK"", ""ContainerInstance"": ""BOS_AESDMA"", ""Module"": ""BOS_AESDMA""}","waive_violation -add {RDC_CLOCK_CORRUPT_OBSERVED_201_2}  -comment {Logic not needed when IP is reset}  -filter {(RdcSourceResets:ResetName == ""RESETN_ACLK"") AND (RdcDestResets:DestResetInfo:ResetName == ""'no-reset'"") AND (DestClockInfoList:DestClockInfo:ClockDomainId == ""1"") AND (DestClockInfoList:DestClockInfo:ClockName == ""CLK_PRCM_ACLK"") AND (DestClockInfoList:DestClockInfo:ClockObject == ""ACLK"") AND (ReasonInfoList:ReasonInfo:ReasonCode == ""NO_BLOCKING_METHOD"") AND (ReasonInfoList:ReasonInfo:ReasonCodeMsg == ""[ERROR] No valid blocking scheme found"") AND (SrcObject == ""u_enerr_ecc_e1_sram_rob/sync_inst[0].genblk1.genblk1.u_dont_touch_sync_dff2/Q"") AND (DestObject == ""u_sram_rob_cg/u_dont_touch_preicg/ECK"") AND (SrcObjectType == ""library-cell"") AND (DestObjectType == ""clock-gating-cell"") AND (AllSrcResets:SrcResetInfo:ResetObject == ""RESETN_ACLK"") AND (AllSrcResets:SrcResetInfo:ResetName == ""RESETN_ACLK"") AND (DestSyncResetInfoList:DestResetInfo:ResetName == ""'no-reset'"") AND (SrcClockInfoList:SrcClockInfo:ClockDomainId == ""1"") AND (SrcClockInfoList:SrcClockInfo:ClockName == ""CLK_PRCM_ACLK"") AND (SrcClockInfoList:SrcClockInfo:ClockObject == ""ACLK"") AND (ContainerInstance == ""BOS_AESDMA"") AND (Module == ""BOS_AESDMA"")}  -app { rdc } -tag { RDC_CLOCK_CORRUPT_OBSERVED } -user { pnson } -timestamp { 12-05-2026 21:51:59 }"
RDC_CLOCK_CORRUPT_OBSERVED_202,REDUNDANT,0,RDC_CLOCK_CORRUPT_OBSERVED,This warning is that output clock of clock gating cell should be active and reset is deasserted. This is confirmed by designer.,minsy0731,12-06-2025 13:42:45,"{""RdcSourceResets:ResetName"": ""RESETN_ACLK"", ""RdcDestResets:DestResetInfo:ResetName"": ""'no-reset'"", ""DestClockInfoList:DestClockInfo:ClockDomainId"": ""1"", ""DestClockInfoList:DestClockInfo:ClockName"": ""CLK_PRCM_ACLK"", ""DestClockInfoList:DestClockInfo:ClockObject"": ""ACLK"", ""ReasonInfoList:ReasonInfo:ReasonCode"": ""NO_BLOCKING_METHOD"", ""SrcObject"": ""u_AESDMA_TOP/u_aesdma_top/u_AESDMA_AXI_FIFO/u_RCH_SYNC_FIFO/r_ex_cnt/Q"", ""DestObject"": ""u_sram_rob_cg/u_dont_touch_preicg/ECK"", ""AllSrcResets:SrcResetInfo:ResetObject"": ""RESETN_ACLK"", ""AllSrcResets:SrcResetInfo:ResetName"": ""RESETN_ACLK"", ""DestSyncResetInfoList:DestResetInfo:ResetName"": ""'no-reset'"", ""SrcClockInfoList:SrcClockInfo:ClockDomainId"": ""1"", ""SrcClockInfoList:SrcClockInfo:ClockName"": ""CLK_PRCM_ACLK"", ""SrcClockInfoList:SrcClockInfo:ClockObject"": ""ACLK"", ""Module"": ""BOS_AESDMA""}","waive_violation -add {RDC_CLOCK_CORRUPT_OBSERVED_202}  -comment {This warning is that output clock of clock gating cell should be active and reset is deasserted. This is confirmed by designer.}  -filter {(RdcSourceResets:ResetName == ""RESETN_ACLK"") AND (RdcDestResets:DestResetInfo:ResetName == ""'no-reset'"") AND (DestClockInfoList:DestClockInfo:ClockDomainId == ""1"") AND (DestClockInfoList:DestClockInfo:ClockName == ""CLK_PRCM_ACLK"") AND (DestClockInfoList:DestClockInfo:ClockObject == ""ACLK"") AND (ReasonInfoList:ReasonInfo:ReasonCode == ""NO_BLOCKING_METHOD"") AND (SrcObject == ""u_AESDMA_TOP/u_aesdma_top/u_AESDMA_AXI_FIFO/u_RCH_SYNC_FIFO/r_ex_cnt/Q"") AND (DestObject == ""u_sram_rob_cg/u_dont_touch_preicg/ECK"") AND (AllSrcResets:SrcResetInfo:ResetObject == ""RESETN_ACLK"") AND (AllSrcResets:SrcResetInfo:ResetName == ""RESETN_ACLK"") AND (DestSyncResetInfoList:DestResetInfo:ResetName == ""'no-reset'"") AND (SrcClockInfoList:SrcClockInfo:ClockDomainId == ""1"") AND (SrcClockInfoList:SrcClockInfo:ClockName == ""CLK_PRCM_ACLK"") AND (SrcClockInfoList:SrcClockInfo:ClockObject == ""ACLK"") AND (Module == ""BOS_AESDMA"")}  -app { rdc } -tag { RDC_CLOCK_CORRUPT_OBSERVED } -user { minsy0731 } -timestamp { 12-06-2025 13:42:45 }"
RDC_CLOCK_CORRUPT_OBSERVED_202_2,REDUNDANT,0,RDC_CLOCK_CORRUPT_OBSERVED,Logic not needed when IP is reset,pnson,12-05-2026 21:54:11,"{""RdcSourceResets:ResetName"": ""RESETN_PCLK"", ""RdcDestResets:DestResetInfo:ResetName"": ""'no-reset'"", ""DestClockInfoList:DestClockInfo:ClockDomainId"": ""2"", ""DestClockInfoList:DestClockInfo:ClockName"": ""CLK_PRCM_PCLK"", ""DestClockInfoList:DestClockInfo:ClockObject"": ""PCLK"", ""ReasonInfoList:ReasonInfo:ReasonCode"": ""NO_BLOCKING_METHOD"", ""ReasonInfoList:ReasonInfo:ReasonCodeMsg"": ""[ERROR] No valid blocking scheme found"", ""SrcObject"": ""gN1B0ApbASB.u_apbasyncbridgeslv_aesdma/u_slv_core/u_lpislave_clks/u_css600_lpislave_fsm/state/Q[2:0]"", ""DestObject"": ""gN1B0ApbASB.u_apbasyncbridgeslv_aesdma/u_clk_gate/u_bos_soc_cg/u_dont_touch_preicg/ECK"", ""SrcObjectType"": ""flop"", ""DestObjectType"": ""clock-gating-cell"", ""AllSrcResets:SrcResetInfo:ResetObject"": ""RESETN_PCLK"", ""AllSrcResets:SrcResetInfo:ResetName"": ""RESETN_PCLK"", ""DestSyncResetInfoList:DestResetInfo:ResetName"": ""'no-reset'"", ""SrcClockInfoList:SrcClockInfo:ClockDomainId"": ""2"", ""SrcClockInfoList:SrcClockInfo:ClockName"": ""CLK_PRCM_PCLK"", ""SrcClockInfoList:SrcClockInfo:ClockObject"": ""PCLK"", ""ContainerInstance"": ""gN1B0ApbASB.u_apbasyncbridgeslv_aesdma"", ""Module"": ""css600_apbasyncbridgeslv""}","waive_violation -add {RDC_CLOCK_CORRUPT_OBSERVED_202_2}  -comment {Logic not needed when IP is reset}  -filter {(RdcSourceResets:ResetName == ""RESETN_PCLK"") AND (RdcDestResets:DestResetInfo:ResetName == ""'no-reset'"") AND (DestClockInfoList:DestClockInfo:ClockDomainId == ""2"") AND (DestClockInfoList:DestClockInfo:ClockName == ""CLK_PRCM_PCLK"") AND (DestClockInfoList:DestClockInfo:ClockObject == ""PCLK"") AND (ReasonInfoList:ReasonInfo:ReasonCode == ""NO_BLOCKING_METHOD"") AND (ReasonInfoList:ReasonInfo:ReasonCodeMsg == ""[ERROR] No valid blocking scheme found"") AND (SrcObject == ""gN1B0ApbASB.u_apbasyncbridgeslv_aesdma/u_slv_core/u_lpislave_clks/u_css600_lpislave_fsm/state/Q[2:0]"") AND (DestObject == ""gN1B0ApbASB.u_apbasyncbridgeslv_aesdma/u_clk_gate/u_bos_soc_cg/u_dont_touch_preicg/ECK"") AND (SrcObjectType == ""flop"") AND (DestObjectType == ""clock-gating-cell"") AND (AllSrcResets:SrcResetInfo:ResetObject == ""RESETN_PCLK"") AND (AllSrcResets:SrcResetInfo:ResetName == ""RESETN_PCLK"") AND (DestSyncResetInfoList:DestResetInfo:ResetName == ""'no-reset'"") AND (SrcClockInfoList:SrcClockInfo:ClockDomainId == ""2"") AND (SrcClockInfoList:SrcClockInfo:ClockName == ""CLK_PRCM_PCLK"") AND (SrcClockInfoList:SrcClockInfo:ClockObject == ""PCLK"") AND (ContainerInstance == ""gN1B0ApbASB.u_apbasyncbridgeslv_aesdma"") AND (Module == ""css600_apbasyncbridgeslv"")}  -app { rdc } -tag { RDC_CLOCK_CORRUPT_OBSERVED } -user { pnson } -timestamp { 12-05-2026 21:54:11 }"
RDC_CLOCK_CORRUPT_OBSERVED_203,REDUNDANT,0,RDC_CLOCK_CORRUPT_OBSERVED,This warning is that output clock of clock gating cell should be active and reset is deasserted. This is confirmed by designer.,minsy0731,12-06-2025 13:42:45,"{""RdcSourceResets:ResetName"": ""RESETN_ACLK"", ""RdcDestResets:DestResetInfo:ResetName"": ""'no-reset'"", ""DestClockInfoList:DestClockInfo:ClockDomainId"": ""1"", ""DestClockInfoList:DestClockInfo:ClockName"": ""CLK_PRCM_ACLK"", ""DestClockInfoList:DestClockInfo:ClockObject"": ""ACLK"", ""ReasonInfoList:ReasonInfo:ReasonCode"": ""NO_BLOCKING_METHOD"", ""SrcObject"": ""u_AESDMA_TOP/u_aesdma_top/u_AESDMA_RDCORE/u_AESDMA_REORDER_BUF/rd_table[15].table_entry_valid"", ""DestObject"": ""u_sram_rob_cg/u_dont_touch_preicg/ECK"", ""AllSrcResets:SrcResetInfo:ResetObject"": ""RESETN_ACLK"", ""AllSrcResets:SrcResetInfo:ResetName"": ""RESETN_ACLK"", ""DestSyncResetInfoList:DestResetInfo:ResetName"": ""'no-reset'"", ""SrcClockInfoList:SrcClockInfo:ClockDomainId"": ""1"", ""SrcClockInfoList:SrcClockInfo:ClockName"": ""CLK_PRCM_ACLK"", ""SrcClockInfoList:SrcClockInfo:ClockObject"": ""ACLK"", ""Module"": ""BOS_AESDMA""}","waive_violation -add {RDC_CLOCK_CORRUPT_OBSERVED_203}  -comment {This warning is that output clock of clock gating cell should be active and reset is deasserted. This is confirmed by designer.}  -filter {(RdcSourceResets:ResetName == ""RESETN_ACLK"") AND (RdcDestResets:DestResetInfo:ResetName == ""'no-reset'"") AND (DestClockInfoList:DestClockInfo:ClockDomainId == ""1"") AND (DestClockInfoList:DestClockInfo:ClockName == ""CLK_PRCM_ACLK"") AND (DestClockInfoList:DestClockInfo:ClockObject == ""ACLK"") AND (ReasonInfoList:ReasonInfo:ReasonCode == ""NO_BLOCKING_METHOD"") AND (SrcObject == ""u_AESDMA_TOP/u_aesdma_top/u_AESDMA_RDCORE/u_AESDMA_REORDER_BUF/rd_table[15].table_entry_valid"") AND (DestObject == ""u_sram_rob_cg/u_dont_touch_preicg/ECK"") AND (AllSrcResets:SrcResetInfo:ResetObject == ""RESETN_ACLK"") AND (AllSrcResets:SrcResetInfo:ResetName == ""RESETN_ACLK"") AND (DestSyncResetInfoList:DestResetInfo:ResetName == ""'no-reset'"") AND (SrcClockInfoList:SrcClockInfo:ClockDomainId == ""1"") AND (SrcClockInfoList:SrcClockInfo:ClockName == ""CLK_PRCM_ACLK"") AND (SrcClockInfoList:SrcClockInfo:ClockObject == ""ACLK"") AND (Module == ""BOS_AESDMA"")}  -app { rdc } -tag { RDC_CLOCK_CORRUPT_OBSERVED } -user { minsy0731 } -timestamp { 12-06-2025 13:42:45 }"
RDC_CLOCK_CORRUPT_OBSERVED_203_2,REDUNDANT,0,RDC_CLOCK_CORRUPT_OBSERVED,Logic not needed when IP is reset,pnson,12-05-2026 21:54:11,"{""RdcSourceResets:ResetName"": ""RESETN_PCLK"", ""RdcDestResets:DestResetInfo:ResetName"": ""'no-reset'"", ""DestClockInfoList:DestClockInfo:ClockDomainId"": ""2"", ""DestClockInfoList:DestClockInfo:ClockName"": ""CLK_PRCM_PCLK"", ""DestClockInfoList:DestClockInfo:ClockObject"": ""PCLK"", ""ReasonInfoList:ReasonInfo:ReasonCode"": ""NO_BLOCKING_METHOD"", ""ReasonInfoList:ReasonInfo:ReasonCodeMsg"": ""[ERROR] No valid blocking scheme found"", ""SrcObject"": ""gN1B0ApbASB.u_apbasyncbridgeslv_aesdma/u_clk_qreq_sync/u_BOS_SOC_SYNCHSR/sync_inst[0].genblk1.genblk1.u_dont_touch_sync_dff2/Q"", ""DestObject"": ""gN1B0ApbASB.u_apbasyncbridgeslv_aesdma/u_clk_gate/u_bos_soc_cg/u_dont_touch_preicg/ECK"", ""SrcObjectType"": ""library-cell"", ""DestObjectType"": ""clock-gating-cell"", ""AllSrcResets:SrcResetInfo:ResetObject"": ""RESETN_PCLK"", ""AllSrcResets:SrcResetInfo:ResetName"": ""RESETN_PCLK"", ""DestSyncResetInfoList:DestResetInfo:ResetName"": ""'no-reset'"", ""SrcClockInfoList:SrcClockInfo:ClockDomainId"": ""2"", ""SrcClockInfoList:SrcClockInfo:ClockName"": ""CLK_PRCM_PCLK"", ""SrcClockInfoList:SrcClockInfo:ClockObject"": ""PCLK"", ""ContainerInstance"": ""gN1B0ApbASB.u_apbasyncbridgeslv_aesdma"", ""Module"": ""css600_apbasyncbridgeslv""}","waive_violation -add {RDC_CLOCK_CORRUPT_OBSERVED_203_2}  -comment {Logic not needed when IP is reset}  -filter {(RdcSourceResets:ResetName == ""RESETN_PCLK"") AND (RdcDestResets:DestResetInfo:ResetName == ""'no-reset'"") AND (DestClockInfoList:DestClockInfo:ClockDomainId == ""2"") AND (DestClockInfoList:DestClockInfo:ClockName == ""CLK_PRCM_PCLK"") AND (DestClockInfoList:DestClockInfo:ClockObject == ""PCLK"") AND (ReasonInfoList:ReasonInfo:ReasonCode == ""NO_BLOCKING_METHOD"") AND (ReasonInfoList:ReasonInfo:ReasonCodeMsg == ""[ERROR] No valid blocking scheme found"") AND (SrcObject == ""gN1B0ApbASB.u_apbasyncbridgeslv_aesdma/u_clk_qreq_sync/u_BOS_SOC_SYNCHSR/sync_inst[0].genblk1.genblk1.u_dont_touch_sync_dff2/Q"") AND (DestObject == ""gN1B0ApbASB.u_apbasyncbridgeslv_aesdma/u_clk_gate/u_bos_soc_cg/u_dont_touch_preicg/ECK"") AND (SrcObjectType == ""library-cell"") AND (DestObjectType == ""clock-gating-cell"") AND (AllSrcResets:SrcResetInfo:ResetObject == ""RESETN_PCLK"") AND (AllSrcResets:SrcResetInfo:ResetName == ""RESETN_PCLK"") AND (DestSyncResetInfoList:DestResetInfo:ResetName == ""'no-reset'"") AND (SrcClockInfoList:SrcClockInfo:ClockDomainId == ""2"") AND (SrcClockInfoList:SrcClockInfo:ClockName == ""CLK_PRCM_PCLK"") AND (SrcClockInfoList:SrcClockInfo:ClockObject == ""PCLK"") AND (ContainerInstance == ""gN1B0ApbASB.u_apbasyncbridgeslv_aesdma"") AND (Module == ""css600_apbasyncbridgeslv"")}  -app { rdc } -tag { RDC_CLOCK_CORRUPT_OBSERVED } -user { pnson } -timestamp { 12-05-2026 21:54:11 }"
RDC_CLOCK_CORRUPT_OBSERVED_204,REDUNDANT,0,RDC_CLOCK_CORRUPT_OBSERVED,This warning is that output clock of clock gating cell should be active and reset is deasserted. This is confirmed by designer.,minsy0731,12-06-2025 13:42:45,"{""RdcSourceResets:ResetName"": ""RESETN_ACLK"", ""RdcDestResets:DestResetInfo:ResetName"": ""'no-reset'"", ""DestClockInfoList:DestClockInfo:ClockDomainId"": ""1"", ""DestClockInfoList:DestClockInfo:ClockName"": ""CLK_PRCM_ACLK"", ""DestClockInfoList:DestClockInfo:ClockObject"": ""ACLK"", ""ReasonInfoList:ReasonInfo:ReasonCode"": ""NO_BLOCKING_METHOD"", ""SrcObject"": ""u_AESDMA_TOP/u_aesdma_top/u_AESDMA_RDCORE/u_AESDMA_REORDER_BUF/rd_table[0].table_entry_valid"", ""DestObject"": ""u_sram_rob_cg/u_dont_touch_preicg/ECK"", ""AllSrcResets:SrcResetInfo:ResetObject"": ""RESETN_ACLK"", ""AllSrcResets:SrcResetInfo:ResetName"": ""RESETN_ACLK"", ""DestSyncResetInfoList:DestResetInfo:ResetName"": ""'no-reset'"", ""SrcClockInfoList:SrcClockInfo:ClockDomainId"": ""1"", ""SrcClockInfoList:SrcClockInfo:ClockName"": ""CLK_PRCM_ACLK"", ""SrcClockInfoList:SrcClockInfo:ClockObject"": ""ACLK"", ""Module"": ""BOS_AESDMA""}","waive_violation -add {RDC_CLOCK_CORRUPT_OBSERVED_204}  -comment {This warning is that output clock of clock gating cell should be active and reset is deasserted. This is confirmed by designer.}  -filter {(RdcSourceResets:ResetName == ""RESETN_ACLK"") AND (RdcDestResets:DestResetInfo:ResetName == ""'no-reset'"") AND (DestClockInfoList:DestClockInfo:ClockDomainId == ""1"") AND (DestClockInfoList:DestClockInfo:ClockName == ""CLK_PRCM_ACLK"") AND (DestClockInfoList:DestClockInfo:ClockObject == ""ACLK"") AND (ReasonInfoList:ReasonInfo:ReasonCode == ""NO_BLOCKING_METHOD"") AND (SrcObject == ""u_AESDMA_TOP/u_aesdma_top/u_AESDMA_RDCORE/u_AESDMA_REORDER_BUF/rd_table[0].table_entry_valid"") AND (DestObject == ""u_sram_rob_cg/u_dont_touch_preicg/ECK"") AND (AllSrcResets:SrcResetInfo:ResetObject == ""RESETN_ACLK"") AND (AllSrcResets:SrcResetInfo:ResetName == ""RESETN_ACLK"") AND (DestSyncResetInfoList:DestResetInfo:ResetName == ""'no-reset'"") AND (SrcClockInfoList:SrcClockInfo:ClockDomainId == ""1"") AND (SrcClockInfoList:SrcClockInfo:ClockName == ""CLK_PRCM_ACLK"") AND (SrcClockInfoList:SrcClockInfo:ClockObject == ""ACLK"") AND (Module == ""BOS_AESDMA"")}  -app { rdc } -tag { RDC_CLOCK_CORRUPT_OBSERVED } -user { minsy0731 } -timestamp { 12-06-2025 13:42:45 }"
RDC_CLOCK_CORRUPT_OBSERVED_204_2,REDUNDANT,0,RDC_CLOCK_CORRUPT_OBSERVED,Logic not needed when IP is reset,pnson,12-05-2026 21:53:44,"{""RdcSourceResets:ResetName"": ""RESETN_ACLK"", ""RdcDestResets:DestResetInfo:ResetName"": ""'no-reset'"", ""DestClockInfoList:DestClockInfo:ClockDomainId"": ""1"", ""DestClockInfoList:DestClockInfo:ClockName"": ""CLK_PRCM_ACLK"", ""DestClockInfoList:DestClockInfo:ClockObject"": ""ACLK"", ""ReasonInfoList:ReasonInfo:ReasonCode"": ""NO_BLOCKING_METHOD"", ""ReasonInfoList:ReasonInfo:ReasonCodeMsg"": ""[ERROR] No valid blocking scheme found"", ""SrcObject"": ""gN1B0ApbASB.u_apbasyncbridgemstr_aesdma/u_mstr_core/state/Q[1:0]"", ""DestObject"": ""gN1B0ApbASB.u_apbasyncbridgemstr_aesdma/u_clk_gate/u_bos_soc_cg/u_dont_touch_preicg/ECK"", ""SrcObjectType"": ""flop"", ""DestObjectType"": ""clock-gating-cell"", ""AllSrcResets:SrcResetInfo:ResetObject"": ""RESETN_ACLK"", ""AllSrcResets:SrcResetInfo:ResetName"": ""RESETN_ACLK"", ""DestSyncResetInfoList:DestResetInfo:ResetName"": ""'no-reset'"", ""SrcClockInfoList:SrcClockInfo:ClockDomainId"": ""1"", ""SrcClockInfoList:SrcClockInfo:ClockName"": ""CLK_PRCM_ACLK"", ""SrcClockInfoList:SrcClockInfo:ClockObject"": ""ACLK"", ""ContainerInstance"": ""gN1B0ApbASB.u_apbasyncbridgemstr_aesdma"", ""Module"": ""css600_apbasyncbridgemstr""}","waive_violation -add {RDC_CLOCK_CORRUPT_OBSERVED_204_2}  -comment {Logic not needed when IP is reset}  -filter {(RdcSourceResets:ResetName == ""RESETN_ACLK"") AND (RdcDestResets:DestResetInfo:ResetName == ""'no-reset'"") AND (DestClockInfoList:DestClockInfo:ClockDomainId == ""1"") AND (DestClockInfoList:DestClockInfo:ClockName == ""CLK_PRCM_ACLK"") AND (DestClockInfoList:DestClockInfo:ClockObject == ""ACLK"") AND (ReasonInfoList:ReasonInfo:ReasonCode == ""NO_BLOCKING_METHOD"") AND (ReasonInfoList:ReasonInfo:ReasonCodeMsg == ""[ERROR] No valid blocking scheme found"") AND (SrcObject == ""gN1B0ApbASB.u_apbasyncbridgemstr_aesdma/u_mstr_core/state/Q[1:0]"") AND (DestObject == ""gN1B0ApbASB.u_apbasyncbridgemstr_aesdma/u_clk_gate/u_bos_soc_cg/u_dont_touch_preicg/ECK"") AND (SrcObjectType == ""flop"") AND (DestObjectType == ""clock-gating-cell"") AND (AllSrcResets:SrcResetInfo:ResetObject == ""RESETN_ACLK"") AND (AllSrcResets:SrcResetInfo:ResetName == ""RESETN_ACLK"") AND (DestSyncResetInfoList:DestResetInfo:ResetName == ""'no-reset'"") AND (SrcClockInfoList:SrcClockInfo:ClockDomainId == ""1"") AND (SrcClockInfoList:SrcClockInfo:ClockName == ""CLK_PRCM_ACLK"") AND (SrcClockInfoList:SrcClockInfo:ClockObject == ""ACLK"") AND (ContainerInstance == ""gN1B0ApbASB.u_apbasyncbridgemstr_aesdma"") AND (Module == ""css600_apbasyncbridgemstr"")}  -app { rdc } -tag { RDC_CLOCK_CORRUPT_OBSERVED } -user { pnson } -timestamp { 12-05-2026 21:53:44 }"
RDC_CLOCK_CORRUPT_OBSERVED_205,REDUNDANT,0,RDC_CLOCK_CORRUPT_OBSERVED,This warning is that output clock of clock gating cell should be active and reset is deasserted. This is confirmed by designer.,minsy0731,12-06-2025 13:42:45,"{""RdcSourceResets:ResetName"": ""RESETN_ACLK"", ""RdcDestResets:DestResetInfo:ResetName"": ""'no-reset'"", ""DestClockInfoList:DestClockInfo:ClockDomainId"": ""1"", ""DestClockInfoList:DestClockInfo:ClockName"": ""CLK_PRCM_ACLK"", ""DestClockInfoList:DestClockInfo:ClockObject"": ""ACLK"", ""ReasonInfoList:ReasonInfo:ReasonCode"": ""NO_BLOCKING_METHOD"", ""SrcObject"": ""u_AESDMA_TOP/u_aesdma_top/u_AESDMA_RDCORE/u_AESDMA_REORDER_BUF/cur_last_processed_table_id/Q[4:0]"", ""DestObject"": ""u_sram_rob_cg/u_dont_touch_preicg/ECK"", ""AllSrcResets:SrcResetInfo:ResetObject"": ""RESETN_ACLK"", ""AllSrcResets:SrcResetInfo:ResetName"": ""RESETN_ACLK"", ""DestSyncResetInfoList:DestResetInfo:ResetName"": ""'no-reset'"", ""SrcClockInfoList:SrcClockInfo:ClockDomainId"": ""1"", ""SrcClockInfoList:SrcClockInfo:ClockName"": ""CLK_PRCM_ACLK"", ""SrcClockInfoList:SrcClockInfo:ClockObject"": ""ACLK"", ""Module"": ""BOS_AESDMA""}","waive_violation -add {RDC_CLOCK_CORRUPT_OBSERVED_205}  -comment {This warning is that output clock of clock gating cell should be active and reset is deasserted. This is confirmed by designer.}  -filter {(RdcSourceResets:ResetName == ""RESETN_ACLK"") AND (RdcDestResets:DestResetInfo:ResetName == ""'no-reset'"") AND (DestClockInfoList:DestClockInfo:ClockDomainId == ""1"") AND (DestClockInfoList:DestClockInfo:ClockName == ""CLK_PRCM_ACLK"") AND (DestClockInfoList:DestClockInfo:ClockObject == ""ACLK"") AND (ReasonInfoList:ReasonInfo:ReasonCode == ""NO_BLOCKING_METHOD"") AND (SrcObject == ""u_AESDMA_TOP/u_aesdma_top/u_AESDMA_RDCORE/u_AESDMA_REORDER_BUF/cur_last_processed_table_id/Q[4:0]"") AND (DestObject == ""u_sram_rob_cg/u_dont_touch_preicg/ECK"") AND (AllSrcResets:SrcResetInfo:ResetObject == ""RESETN_ACLK"") AND (AllSrcResets:SrcResetInfo:ResetName == ""RESETN_ACLK"") AND (DestSyncResetInfoList:DestResetInfo:ResetName == ""'no-reset'"") AND (SrcClockInfoList:SrcClockInfo:ClockDomainId == ""1"") AND (SrcClockInfoList:SrcClockInfo:ClockName == ""CLK_PRCM_ACLK"") AND (SrcClockInfoList:SrcClockInfo:ClockObject == ""ACLK"") AND (Module == ""BOS_AESDMA"")}  -app { rdc } -tag { RDC_CLOCK_CORRUPT_OBSERVED } -user { minsy0731 } -timestamp { 12-06-2025 13:42:45 }"
RDC_CLOCK_CORRUPT_OBSERVED_205_2,REDUNDANT,0,RDC_CLOCK_CORRUPT_OBSERVED,Logic not needed when IP is reset,pnson,12-05-2026 21:53:44,"{""RdcSourceResets:ResetName"": ""RESETN_ACLK"", ""RdcDestResets:DestResetInfo:ResetName"": ""'no-reset'"", ""DestClockInfoList:DestClockInfo:ClockDomainId"": ""1"", ""DestClockInfoList:DestClockInfo:ClockName"": ""CLK_PRCM_ACLK"", ""DestClockInfoList:DestClockInfo:ClockObject"": ""ACLK"", ""ReasonInfoList:ReasonInfo:ReasonCode"": ""NO_BLOCKING_METHOD"", ""ReasonInfoList:ReasonInfo:ReasonCodeMsg"": ""[ERROR] No valid blocking scheme found"", ""SrcObject"": ""gN1B0ApbASB.u_apbasyncbridgemstr_aesdma/u_clk_qreq_sync/u_BOS_SOC_SYNCHSR/sync_inst[0].genblk1.genblk1.u_dont_touch_sync_dff2/Q"", ""DestObject"": ""gN1B0ApbASB.u_apbasyncbridgemstr_aesdma/u_clk_gate/u_bos_soc_cg/u_dont_touch_preicg/ECK"", ""SrcObjectType"": ""library-cell"", ""DestObjectType"": ""clock-gating-cell"", ""AllSrcResets:SrcResetInfo:ResetObject"": ""RESETN_ACLK"", ""AllSrcResets:SrcResetInfo:ResetName"": ""RESETN_ACLK"", ""DestSyncResetInfoList:DestResetInfo:ResetName"": ""'no-reset'"", ""SrcClockInfoList:SrcClockInfo:ClockDomainId"": ""1"", ""SrcClockInfoList:SrcClockInfo:ClockName"": ""CLK_PRCM_ACLK"", ""SrcClockInfoList:SrcClockInfo:ClockObject"": ""ACLK"", ""ContainerInstance"": ""gN1B0ApbASB.u_apbasyncbridgemstr_aesdma"", ""Module"": ""css600_apbasyncbridgemstr""}","waive_violation -add {RDC_CLOCK_CORRUPT_OBSERVED_205_2}  -comment {Logic not needed when IP is reset}  -filter {(RdcSourceResets:ResetName == ""RESETN_ACLK"") AND (RdcDestResets:DestResetInfo:ResetName == ""'no-reset'"") AND (DestClockInfoList:DestClockInfo:ClockDomainId == ""1"") AND (DestClockInfoList:DestClockInfo:ClockName == ""CLK_PRCM_ACLK"") AND (DestClockInfoList:DestClockInfo:ClockObject == ""ACLK"") AND (ReasonInfoList:ReasonInfo:ReasonCode == ""NO_BLOCKING_METHOD"") AND (ReasonInfoList:ReasonInfo:ReasonCodeMsg == ""[ERROR] No valid blocking scheme found"") AND (SrcObject == ""gN1B0ApbASB.u_apbasyncbridgemstr_aesdma/u_clk_qreq_sync/u_BOS_SOC_SYNCHSR/sync_inst[0].genblk1.genblk1.u_dont_touch_sync_dff2/Q"") AND (DestObject == ""gN1B0ApbASB.u_apbasyncbridgemstr_aesdma/u_clk_gate/u_bos_soc_cg/u_dont_touch_preicg/ECK"") AND (SrcObjectType == ""library-cell"") AND (DestObjectType == ""clock-gating-cell"") AND (AllSrcResets:SrcResetInfo:ResetObject == ""RESETN_ACLK"") AND (AllSrcResets:SrcResetInfo:ResetName == ""RESETN_ACLK"") AND (DestSyncResetInfoList:DestResetInfo:ResetName == ""'no-reset'"") AND (SrcClockInfoList:SrcClockInfo:ClockDomainId == ""1"") AND (SrcClockInfoList:SrcClockInfo:ClockName == ""CLK_PRCM_ACLK"") AND (SrcClockInfoList:SrcClockInfo:ClockObject == ""ACLK"") AND (ContainerInstance == ""gN1B0ApbASB.u_apbasyncbridgemstr_aesdma"") AND (Module == ""css600_apbasyncbridgemstr"")}  -app { rdc } -tag { RDC_CLOCK_CORRUPT_OBSERVED } -user { pnson } -timestamp { 12-05-2026 21:53:44 }"
RDC_CLOCK_CORRUPT_OBSERVED_206,REDUNDANT,0,RDC_CLOCK_CORRUPT_OBSERVED,This warning is that output clock of clock gating cell should be active and reset is deasserted. This is confirmed by designer.,minsy0731,12-06-2025 13:42:45,"{""RdcSourceResets:ResetName"": ""RESETN_ACLK"", ""RdcDestResets:DestResetInfo:ResetName"": ""'no-reset'"", ""DestClockInfoList:DestClockInfo:ClockDomainId"": ""1"", ""DestClockInfoList:DestClockInfo:ClockName"": ""CLK_PRCM_ACLK"", ""DestClockInfoList:DestClockInfo:ClockObject"": ""ACLK"", ""ReasonInfoList:ReasonInfo:ReasonCode"": ""NO_BLOCKING_METHOD"", ""SrcObject"": ""u_AESDMA_TOP/u_aesdma_top/u_AESDMA_RDCORE/u_AESDMA_REORDER_BUF/rd_table[2].id[4:0]"", ""DestObject"": ""u_sram_rob_cg/u_dont_touch_preicg/ECK"", ""AllSrcResets:SrcResetInfo:ResetObject"": ""RESETN_ACLK"", ""AllSrcResets:SrcResetInfo:ResetName"": ""RESETN_ACLK"", ""DestSyncResetInfoList:DestResetInfo:ResetName"": ""'no-reset'"", ""SrcClockInfoList:SrcClockInfo:ClockDomainId"": ""1"", ""SrcClockInfoList:SrcClockInfo:ClockName"": ""CLK_PRCM_ACLK"", ""SrcClockInfoList:SrcClockInfo:ClockObject"": ""ACLK"", ""Module"": ""BOS_AESDMA""}","waive_violation -add {RDC_CLOCK_CORRUPT_OBSERVED_206}  -comment {This warning is that output clock of clock gating cell should be active and reset is deasserted. This is confirmed by designer.}  -filter {(RdcSourceResets:ResetName == ""RESETN_ACLK"") AND (RdcDestResets:DestResetInfo:ResetName == ""'no-reset'"") AND (DestClockInfoList:DestClockInfo:ClockDomainId == ""1"") AND (DestClockInfoList:DestClockInfo:ClockName == ""CLK_PRCM_ACLK"") AND (DestClockInfoList:DestClockInfo:ClockObject == ""ACLK"") AND (ReasonInfoList:ReasonInfo:ReasonCode == ""NO_BLOCKING_METHOD"") AND (SrcObject == ""u_AESDMA_TOP/u_aesdma_top/u_AESDMA_RDCORE/u_AESDMA_REORDER_BUF/rd_table[2].id[4:0]"") AND (DestObject == ""u_sram_rob_cg/u_dont_touch_preicg/ECK"") AND (AllSrcResets:SrcResetInfo:ResetObject == ""RESETN_ACLK"") AND (AllSrcResets:SrcResetInfo:ResetName == ""RESETN_ACLK"") AND (DestSyncResetInfoList:DestResetInfo:ResetName == ""'no-reset'"") AND (SrcClockInfoList:SrcClockInfo:ClockDomainId == ""1"") AND (SrcClockInfoList:SrcClockInfo:ClockName == ""CLK_PRCM_ACLK"") AND (SrcClockInfoList:SrcClockInfo:ClockObject == ""ACLK"") AND (Module == ""BOS_AESDMA"")}  -app { rdc } -tag { RDC_CLOCK_CORRUPT_OBSERVED } -user { minsy0731 } -timestamp { 12-06-2025 13:42:45 }"
RDC_CLOCK_CORRUPT_OBSERVED_206_2,REDUNDANT,0,RDC_CLOCK_CORRUPT_OBSERVED,Logic not needed when IP is reset,pnson,12-05-2026 21:53:44,"{""RdcSourceResets:ResetName"": ""RESETN_ACLK"", ""RdcDestResets:DestResetInfo:ResetName"": ""'no-reset'"", ""DestClockInfoList:DestClockInfo:ClockDomainId"": ""1"", ""DestClockInfoList:DestClockInfo:ClockName"": ""CLK_PRCM_ACLK"", ""DestClockInfoList:DestClockInfo:ClockObject"": ""ACLK"", ""ReasonInfoList:ReasonInfo:ReasonCode"": ""NO_BLOCKING_METHOD"", ""ReasonInfoList:ReasonInfo:ReasonCodeMsg"": ""[ERROR] No valid blocking scheme found"", ""SrcObject"": ""gN1B0ApbASB.u_apbasyncbridgemstr_aesdma/u_mstr_core/u_lpislave_clkm/u_css600_lpislave_fsm/state/Q[2:0]"", ""DestObject"": ""gN1B0ApbASB.u_apbasyncbridgemstr_aesdma/u_clk_gate/u_bos_soc_cg/u_dont_touch_preicg/ECK"", ""SrcObjectType"": ""flop"", ""DestObjectType"": ""clock-gating-cell"", ""AllSrcResets:SrcResetInfo:ResetObject"": ""RESETN_ACLK"", ""AllSrcResets:SrcResetInfo:ResetName"": ""RESETN_ACLK"", ""DestSyncResetInfoList:DestResetInfo:ResetName"": ""'no-reset'"", ""SrcClockInfoList:SrcClockInfo:ClockDomainId"": ""1"", ""SrcClockInfoList:SrcClockInfo:ClockName"": ""CLK_PRCM_ACLK"", ""SrcClockInfoList:SrcClockInfo:ClockObject"": ""ACLK"", ""ContainerInstance"": ""gN1B0ApbASB.u_apbasyncbridgemstr_aesdma"", ""Module"": ""css600_apbasyncbridgemstr""}","waive_violation -add {RDC_CLOCK_CORRUPT_OBSERVED_206_2}  -comment {Logic not needed when IP is reset}  -filter {(RdcSourceResets:ResetName == ""RESETN_ACLK"") AND (RdcDestResets:DestResetInfo:ResetName == ""'no-reset'"") AND (DestClockInfoList:DestClockInfo:ClockDomainId == ""1"") AND (DestClockInfoList:DestClockInfo:ClockName == ""CLK_PRCM_ACLK"") AND (DestClockInfoList:DestClockInfo:ClockObject == ""ACLK"") AND (ReasonInfoList:ReasonInfo:ReasonCode == ""NO_BLOCKING_METHOD"") AND (ReasonInfoList:ReasonInfo:ReasonCodeMsg == ""[ERROR] No valid blocking scheme found"") AND (SrcObject == ""gN1B0ApbASB.u_apbasyncbridgemstr_aesdma/u_mstr_core/u_lpislave_clkm/u_css600_lpislave_fsm/state/Q[2:0]"") AND (DestObject == ""gN1B0ApbASB.u_apbasyncbridgemstr_aesdma/u_clk_gate/u_bos_soc_cg/u_dont_touch_preicg/ECK"") AND (SrcObjectType == ""flop"") AND (DestObjectType == ""clock-gating-cell"") AND (AllSrcResets:SrcResetInfo:ResetObject == ""RESETN_ACLK"") AND (AllSrcResets:SrcResetInfo:ResetName == ""RESETN_ACLK"") AND (DestSyncResetInfoList:DestResetInfo:ResetName == ""'no-reset'"") AND (SrcClockInfoList:SrcClockInfo:ClockDomainId == ""1"") AND (SrcClockInfoList:SrcClockInfo:ClockName == ""CLK_PRCM_ACLK"") AND (SrcClockInfoList:SrcClockInfo:ClockObject == ""ACLK"") AND (ContainerInstance == ""gN1B0ApbASB.u_apbasyncbridgemstr_aesdma"") AND (Module == ""css600_apbasyncbridgemstr"")}  -app { rdc } -tag { RDC_CLOCK_CORRUPT_OBSERVED } -user { pnson } -timestamp { 12-05-2026 21:53:44 }"
RDC_CLOCK_CORRUPT_OBSERVED_207,REDUNDANT,0,RDC_CLOCK_CORRUPT_OBSERVED,This warning is that output clock of clock gating cell should be active and reset is deasserted. This is confirmed by designer.,minsy0731,12-06-2025 13:42:45,"{""RdcSourceResets:ResetName"": ""RESETN_ACLK"", ""RdcDestResets:DestResetInfo:ResetName"": ""'no-reset'"", ""DestClockInfoList:DestClockInfo:ClockDomainId"": ""1"", ""DestClockInfoList:DestClockInfo:ClockName"": ""CLK_PRCM_ACLK"", ""DestClockInfoList:DestClockInfo:ClockObject"": ""ACLK"", ""ReasonInfoList:ReasonInfo:ReasonCode"": ""NO_BLOCKING_METHOD"", ""SrcObject"": ""u_AESDMA_TOP/u_aesdma_top/u_AESDMA_RDCORE/u_AESDMA_REORDER_BUF/rd_table[6].table_entry_valid"", ""DestObject"": ""u_sram_rob_cg/u_dont_touch_preicg/ECK"", ""AllSrcResets:SrcResetInfo:ResetObject"": ""RESETN_ACLK"", ""AllSrcResets:SrcResetInfo:ResetName"": ""RESETN_ACLK"", ""DestSyncResetInfoList:DestResetInfo:ResetName"": ""'no-reset'"", ""SrcClockInfoList:SrcClockInfo:ClockDomainId"": ""1"", ""SrcClockInfoList:SrcClockInfo:ClockName"": ""CLK_PRCM_ACLK"", ""SrcClockInfoList:SrcClockInfo:ClockObject"": ""ACLK"", ""Module"": ""BOS_AESDMA""}","waive_violation -add {RDC_CLOCK_CORRUPT_OBSERVED_207}  -comment {This warning is that output clock of clock gating cell should be active and reset is deasserted. This is confirmed by designer.}  -filter {(RdcSourceResets:ResetName == ""RESETN_ACLK"") AND (RdcDestResets:DestResetInfo:ResetName == ""'no-reset'"") AND (DestClockInfoList:DestClockInfo:ClockDomainId == ""1"") AND (DestClockInfoList:DestClockInfo:ClockName == ""CLK_PRCM_ACLK"") AND (DestClockInfoList:DestClockInfo:ClockObject == ""ACLK"") AND (ReasonInfoList:ReasonInfo:ReasonCode == ""NO_BLOCKING_METHOD"") AND (SrcObject == ""u_AESDMA_TOP/u_aesdma_top/u_AESDMA_RDCORE/u_AESDMA_REORDER_BUF/rd_table[6].table_entry_valid"") AND (DestObject == ""u_sram_rob_cg/u_dont_touch_preicg/ECK"") AND (AllSrcResets:SrcResetInfo:ResetObject == ""RESETN_ACLK"") AND (AllSrcResets:SrcResetInfo:ResetName == ""RESETN_ACLK"") AND (DestSyncResetInfoList:DestResetInfo:ResetName == ""'no-reset'"") AND (SrcClockInfoList:SrcClockInfo:ClockDomainId == ""1"") AND (SrcClockInfoList:SrcClockInfo:ClockName == ""CLK_PRCM_ACLK"") AND (SrcClockInfoList:SrcClockInfo:ClockObject == ""ACLK"") AND (Module == ""BOS_AESDMA"")}  -app { rdc } -tag { RDC_CLOCK_CORRUPT_OBSERVED } -user { minsy0731 } -timestamp { 12-06-2025 13:42:45 }"
RDC_CLOCK_CORRUPT_OBSERVED_207_2,REDUNDANT,0,RDC_CLOCK_CORRUPT_OBSERVED,Logic not needed when IP is reset,pnson,12-05-2026 21:53:44,"{""RdcSourceResets:ResetName"": ""RESETN_ACLK"", ""RdcDestResets:DestResetInfo:ResetName"": ""'no-reset'"", ""DestClockInfoList:DestClockInfo:ClockDomainId"": ""1"", ""DestClockInfoList:DestClockInfo:ClockName"": ""CLK_PRCM_ACLK"", ""DestClockInfoList:DestClockInfo:ClockObject"": ""ACLK"", ""ReasonInfoList:ReasonInfo:ReasonCode"": ""NO_BLOCKING_METHOD"", ""ReasonInfoList:ReasonInfo:ReasonCodeMsg"": ""[ERROR] No valid blocking scheme found"", ""SrcObject"": ""gN1B0ApbASB.u_apbasyncbridgemstr_aesdma/u_req_sync/u_BOS_SOC_SYNCHSR/sync_inst[0].genblk1.genblk1.u_dont_touch_sync_dff2/Q"", ""DestObject"": ""gN1B0ApbASB.u_apbasyncbridgemstr_aesdma/u_clk_gate/u_bos_soc_cg/u_dont_touch_preicg/ECK"", ""SrcObjectType"": ""library-cell"", ""DestObjectType"": ""clock-gating-cell"", ""AllSrcResets:SrcResetInfo:ResetObject"": ""RESETN_ACLK"", ""AllSrcResets:SrcResetInfo:ResetName"": ""RESETN_ACLK"", ""DestSyncResetInfoList:DestResetInfo:ResetName"": ""'no-reset'"", ""SrcClockInfoList:SrcClockInfo:ClockDomainId"": ""1"", ""SrcClockInfoList:SrcClockInfo:ClockName"": ""CLK_PRCM_ACLK"", ""SrcClockInfoList:SrcClockInfo:ClockObject"": ""ACLK"", ""ContainerInstance"": ""gN1B0ApbASB.u_apbasyncbridgemstr_aesdma"", ""Module"": ""css600_apbasyncbridgemstr""}","waive_violation -add {RDC_CLOCK_CORRUPT_OBSERVED_207_2}  -comment {Logic not needed when IP is reset}  -filter {(RdcSourceResets:ResetName == ""RESETN_ACLK"") AND (RdcDestResets:DestResetInfo:ResetName == ""'no-reset'"") AND (DestClockInfoList:DestClockInfo:ClockDomainId == ""1"") AND (DestClockInfoList:DestClockInfo:ClockName == ""CLK_PRCM_ACLK"") AND (DestClockInfoList:DestClockInfo:ClockObject == ""ACLK"") AND (ReasonInfoList:ReasonInfo:ReasonCode == ""NO_BLOCKING_METHOD"") AND (ReasonInfoList:ReasonInfo:ReasonCodeMsg == ""[ERROR] No valid blocking scheme found"") AND (SrcObject == ""gN1B0ApbASB.u_apbasyncbridgemstr_aesdma/u_req_sync/u_BOS_SOC_SYNCHSR/sync_inst[0].genblk1.genblk1.u_dont_touch_sync_dff2/Q"") AND (DestObject == ""gN1B0ApbASB.u_apbasyncbridgemstr_aesdma/u_clk_gate/u_bos_soc_cg/u_dont_touch_preicg/ECK"") AND (SrcObjectType == ""library-cell"") AND (DestObjectType == ""clock-gating-cell"") AND (AllSrcResets:SrcResetInfo:ResetObject == ""RESETN_ACLK"") AND (AllSrcResets:SrcResetInfo:ResetName == ""RESETN_ACLK"") AND (DestSyncResetInfoList:DestResetInfo:ResetName == ""'no-reset'"") AND (SrcClockInfoList:SrcClockInfo:ClockDomainId == ""1"") AND (SrcClockInfoList:SrcClockInfo:ClockName == ""CLK_PRCM_ACLK"") AND (SrcClockInfoList:SrcClockInfo:ClockObject == ""ACLK"") AND (ContainerInstance == ""gN1B0ApbASB.u_apbasyncbridgemstr_aesdma"") AND (Module == ""css600_apbasyncbridgemstr"")}  -app { rdc } -tag { RDC_CLOCK_CORRUPT_OBSERVED } -user { pnson } -timestamp { 12-05-2026 21:53:44 }"
RDC_CLOCK_CORRUPT_OBSERVED_208,REDUNDANT,0,RDC_CLOCK_CORRUPT_OBSERVED,This warning is that output clock of clock gating cell should be active and reset is deasserted. This is confirmed by designer.,minsy0731,12-06-2025 13:42:45,"{""RdcSourceResets:ResetName"": ""RESETN_ACLK"", ""RdcDestResets:DestResetInfo:ResetName"": ""'no-reset'"", ""DestClockInfoList:DestClockInfo:ClockDomainId"": ""1"", ""DestClockInfoList:DestClockInfo:ClockName"": ""CLK_PRCM_ACLK"", ""DestClockInfoList:DestClockInfo:ClockObject"": ""ACLK"", ""ReasonInfoList:ReasonInfo:ReasonCode"": ""NO_BLOCKING_METHOD"", ""SrcObject"": ""u_AESDMA_TOP/u_aesdma_top/u_AESDMA_RDCORE/u_AESDMA_REORDER_BUF/r_cen_a_d1/Q"", ""DestObject"": ""u_sram_rob_cg/u_dont_touch_preicg/ECK"", ""AllSrcResets:SrcResetInfo:ResetObject"": ""RESETN_ACLK"", ""AllSrcResets:SrcResetInfo:ResetName"": ""RESETN_ACLK"", ""DestSyncResetInfoList:DestResetInfo:ResetName"": ""'no-reset'"", ""SrcClockInfoList:SrcClockInfo:ClockDomainId"": ""1"", ""SrcClockInfoList:SrcClockInfo:ClockName"": ""CLK_PRCM_ACLK"", ""SrcClockInfoList:SrcClockInfo:ClockObject"": ""ACLK"", ""Module"": ""BOS_AESDMA""}","waive_violation -add {RDC_CLOCK_CORRUPT_OBSERVED_208}  -comment {This warning is that output clock of clock gating cell should be active and reset is deasserted. This is confirmed by designer.}  -filter {(RdcSourceResets:ResetName == ""RESETN_ACLK"") AND (RdcDestResets:DestResetInfo:ResetName == ""'no-reset'"") AND (DestClockInfoList:DestClockInfo:ClockDomainId == ""1"") AND (DestClockInfoList:DestClockInfo:ClockName == ""CLK_PRCM_ACLK"") AND (DestClockInfoList:DestClockInfo:ClockObject == ""ACLK"") AND (ReasonInfoList:ReasonInfo:ReasonCode == ""NO_BLOCKING_METHOD"") AND (SrcObject == ""u_AESDMA_TOP/u_aesdma_top/u_AESDMA_RDCORE/u_AESDMA_REORDER_BUF/r_cen_a_d1/Q"") AND (DestObject == ""u_sram_rob_cg/u_dont_touch_preicg/ECK"") AND (AllSrcResets:SrcResetInfo:ResetObject == ""RESETN_ACLK"") AND (AllSrcResets:SrcResetInfo:ResetName == ""RESETN_ACLK"") AND (DestSyncResetInfoList:DestResetInfo:ResetName == ""'no-reset'"") AND (SrcClockInfoList:SrcClockInfo:ClockDomainId == ""1"") AND (SrcClockInfoList:SrcClockInfo:ClockName == ""CLK_PRCM_ACLK"") AND (SrcClockInfoList:SrcClockInfo:ClockObject == ""ACLK"") AND (Module == ""BOS_AESDMA"")}  -app { rdc } -tag { RDC_CLOCK_CORRUPT_OBSERVED } -user { minsy0731 } -timestamp { 12-06-2025 13:42:45 }"
RDC_CLOCK_CORRUPT_OBSERVED_209,REDUNDANT,0,RDC_CLOCK_CORRUPT_OBSERVED,This warning is that output clock of clock gating cell should be active and reset is deasserted. This is confirmed by designer.,minsy0731,12-06-2025 13:42:45,"{""RdcSourceResets:ResetName"": ""RESETN_ACLK"", ""RdcDestResets:DestResetInfo:ResetName"": ""'no-reset'"", ""DestClockInfoList:DestClockInfo:ClockDomainId"": ""1"", ""DestClockInfoList:DestClockInfo:ClockName"": ""CLK_PRCM_ACLK"", ""DestClockInfoList:DestClockInfo:ClockObject"": ""ACLK"", ""ReasonInfoList:ReasonInfo:ReasonCode"": ""NO_BLOCKING_METHOD"", ""SrcObject"": ""u_AESDMA_TOP/u_aesdma_top/u_AESDMA_RDCORE/u_AESDMA_REORDER_BUF/cur_sram_read_addr_end/Q[8:0]"", ""DestObject"": ""u_sram_rob_cg/u_dont_touch_preicg/ECK"", ""AllSrcResets:SrcResetInfo:ResetObject"": ""RESETN_ACLK"", ""AllSrcResets:SrcResetInfo:ResetName"": ""RESETN_ACLK"", ""DestSyncResetInfoList:DestResetInfo:ResetName"": ""'no-reset'"", ""SrcClockInfoList:SrcClockInfo:ClockDomainId"": ""1"", ""SrcClockInfoList:SrcClockInfo:ClockName"": ""CLK_PRCM_ACLK"", ""SrcClockInfoList:SrcClockInfo:ClockObject"": ""ACLK"", ""Module"": ""BOS_AESDMA""}","waive_violation -add {RDC_CLOCK_CORRUPT_OBSERVED_209}  -comment {This warning is that output clock of clock gating cell should be active and reset is deasserted. This is confirmed by designer.}  -filter {(RdcSourceResets:ResetName == ""RESETN_ACLK"") AND (RdcDestResets:DestResetInfo:ResetName == ""'no-reset'"") AND (DestClockInfoList:DestClockInfo:ClockDomainId == ""1"") AND (DestClockInfoList:DestClockInfo:ClockName == ""CLK_PRCM_ACLK"") AND (DestClockInfoList:DestClockInfo:ClockObject == ""ACLK"") AND (ReasonInfoList:ReasonInfo:ReasonCode == ""NO_BLOCKING_METHOD"") AND (SrcObject == ""u_AESDMA_TOP/u_aesdma_top/u_AESDMA_RDCORE/u_AESDMA_REORDER_BUF/cur_sram_read_addr_end/Q[8:0]"") AND (DestObject == ""u_sram_rob_cg/u_dont_touch_preicg/ECK"") AND (AllSrcResets:SrcResetInfo:ResetObject == ""RESETN_ACLK"") AND (AllSrcResets:SrcResetInfo:ResetName == ""RESETN_ACLK"") AND (DestSyncResetInfoList:DestResetInfo:ResetName == ""'no-reset'"") AND (SrcClockInfoList:SrcClockInfo:ClockDomainId == ""1"") AND (SrcClockInfoList:SrcClockInfo:ClockName == ""CLK_PRCM_ACLK"") AND (SrcClockInfoList:SrcClockInfo:ClockObject == ""ACLK"") AND (Module == ""BOS_AESDMA"")}  -app { rdc } -tag { RDC_CLOCK_CORRUPT_OBSERVED } -user { minsy0731 } -timestamp { 12-06-2025 13:42:45 }"
RDC_CLOCK_CORRUPT_OBSERVED_210,REDUNDANT,0,RDC_CLOCK_CORRUPT_OBSERVED,This warning is that output clock of clock gating cell should be active and reset is deasserted. This is confirmed by designer.,minsy0731,12-06-2025 13:42:45,"{""RdcSourceResets:ResetName"": ""RESETN_ACLK"", ""RdcDestResets:DestResetInfo:ResetName"": ""'no-reset'"", ""DestClockInfoList:DestClockInfo:ClockDomainId"": ""1"", ""DestClockInfoList:DestClockInfo:ClockName"": ""CLK_PRCM_ACLK"", ""DestClockInfoList:DestClockInfo:ClockObject"": ""ACLK"", ""ReasonInfoList:ReasonInfo:ReasonCode"": ""NO_BLOCKING_METHOD"", ""SrcObject"": ""u_AESDMA_TOP/u_aesdma_top/u_AESDMA_RDCORE/u_AESDMA_REORDER_BUF/rd_table[9].id[4:0]"", ""DestObject"": ""u_sram_rob_cg/u_dont_touch_preicg/ECK"", ""AllSrcResets:SrcResetInfo:ResetObject"": ""RESETN_ACLK"", ""AllSrcResets:SrcResetInfo:ResetName"": ""RESETN_ACLK"", ""DestSyncResetInfoList:DestResetInfo:ResetName"": ""'no-reset'"", ""SrcClockInfoList:SrcClockInfo:ClockDomainId"": ""1"", ""SrcClockInfoList:SrcClockInfo:ClockName"": ""CLK_PRCM_ACLK"", ""SrcClockInfoList:SrcClockInfo:ClockObject"": ""ACLK"", ""Module"": ""BOS_AESDMA""}","waive_violation -add {RDC_CLOCK_CORRUPT_OBSERVED_210}  -comment {This warning is that output clock of clock gating cell should be active and reset is deasserted. This is confirmed by designer.}  -filter {(RdcSourceResets:ResetName == ""RESETN_ACLK"") AND (RdcDestResets:DestResetInfo:ResetName == ""'no-reset'"") AND (DestClockInfoList:DestClockInfo:ClockDomainId == ""1"") AND (DestClockInfoList:DestClockInfo:ClockName == ""CLK_PRCM_ACLK"") AND (DestClockInfoList:DestClockInfo:ClockObject == ""ACLK"") AND (ReasonInfoList:ReasonInfo:ReasonCode == ""NO_BLOCKING_METHOD"") AND (SrcObject == ""u_AESDMA_TOP/u_aesdma_top/u_AESDMA_RDCORE/u_AESDMA_REORDER_BUF/rd_table[9].id[4:0]"") AND (DestObject == ""u_sram_rob_cg/u_dont_touch_preicg/ECK"") AND (AllSrcResets:SrcResetInfo:ResetObject == ""RESETN_ACLK"") AND (AllSrcResets:SrcResetInfo:ResetName == ""RESETN_ACLK"") AND (DestSyncResetInfoList:DestResetInfo:ResetName == ""'no-reset'"") AND (SrcClockInfoList:SrcClockInfo:ClockDomainId == ""1"") AND (SrcClockInfoList:SrcClockInfo:ClockName == ""CLK_PRCM_ACLK"") AND (SrcClockInfoList:SrcClockInfo:ClockObject == ""ACLK"") AND (Module == ""BOS_AESDMA"")}  -app { rdc } -tag { RDC_CLOCK_CORRUPT_OBSERVED } -user { minsy0731 } -timestamp { 12-06-2025 13:42:45 }"
RDC_CLOCK_CORRUPT_OBSERVED_211,REDUNDANT,0,RDC_CLOCK_CORRUPT_OBSERVED,This warning is that output clock of clock gating cell should be active and reset is deasserted. This is confirmed by designer.,minsy0731,12-06-2025 13:42:45,"{""RdcSourceResets:ResetName"": ""RESETN_ACLK"", ""RdcDestResets:DestResetInfo:ResetName"": ""'no-reset'"", ""DestClockInfoList:DestClockInfo:ClockDomainId"": ""1"", ""DestClockInfoList:DestClockInfo:ClockName"": ""CLK_PRCM_ACLK"", ""DestClockInfoList:DestClockInfo:ClockObject"": ""ACLK"", ""ReasonInfoList:ReasonInfo:ReasonCode"": ""NO_BLOCKING_METHOD"", ""SrcObject"": ""u_AESDMA_TOP/u_aesdma_top/u_AESDMA_RDCORE/u_AESDMA_REORDER_BUF/rd_table[18].table_entry_valid"", ""DestObject"": ""u_sram_rob_cg/u_dont_touch_preicg/ECK"", ""AllSrcResets:SrcResetInfo:ResetObject"": ""RESETN_ACLK"", ""AllSrcResets:SrcResetInfo:ResetName"": ""RESETN_ACLK"", ""DestSyncResetInfoList:DestResetInfo:ResetName"": ""'no-reset'"", ""SrcClockInfoList:SrcClockInfo:ClockDomainId"": ""1"", ""SrcClockInfoList:SrcClockInfo:ClockName"": ""CLK_PRCM_ACLK"", ""SrcClockInfoList:SrcClockInfo:ClockObject"": ""ACLK"", ""Module"": ""BOS_AESDMA""}","waive_violation -add {RDC_CLOCK_CORRUPT_OBSERVED_211}  -comment {This warning is that output clock of clock gating cell should be active and reset is deasserted. This is confirmed by designer.}  -filter {(RdcSourceResets:ResetName == ""RESETN_ACLK"") AND (RdcDestResets:DestResetInfo:ResetName == ""'no-reset'"") AND (DestClockInfoList:DestClockInfo:ClockDomainId == ""1"") AND (DestClockInfoList:DestClockInfo:ClockName == ""CLK_PRCM_ACLK"") AND (DestClockInfoList:DestClockInfo:ClockObject == ""ACLK"") AND (ReasonInfoList:ReasonInfo:ReasonCode == ""NO_BLOCKING_METHOD"") AND (SrcObject == ""u_AESDMA_TOP/u_aesdma_top/u_AESDMA_RDCORE/u_AESDMA_REORDER_BUF/rd_table[18].table_entry_valid"") AND (DestObject == ""u_sram_rob_cg/u_dont_touch_preicg/ECK"") AND (AllSrcResets:SrcResetInfo:ResetObject == ""RESETN_ACLK"") AND (AllSrcResets:SrcResetInfo:ResetName == ""RESETN_ACLK"") AND (DestSyncResetInfoList:DestResetInfo:ResetName == ""'no-reset'"") AND (SrcClockInfoList:SrcClockInfo:ClockDomainId == ""1"") AND (SrcClockInfoList:SrcClockInfo:ClockName == ""CLK_PRCM_ACLK"") AND (SrcClockInfoList:SrcClockInfo:ClockObject == ""ACLK"") AND (Module == ""BOS_AESDMA"")}  -app { rdc } -tag { RDC_CLOCK_CORRUPT_OBSERVED } -user { minsy0731 } -timestamp { 12-06-2025 13:42:45 }"
RDC_CLOCK_CORRUPT_OBSERVED_212,REDUNDANT,0,RDC_CLOCK_CORRUPT_OBSERVED,This warning is that output clock of clock gating cell should be active and reset is deasserted. This is confirmed by designer.,,,"{""RdcSourceResets:ResetName"": ""RESETN_ACLK"", ""RdcDestResets:DestResetInfo:ResetName"": ""'no-reset'"", ""DestClockInfoList:DestClockInfo:ClockDomainId"": ""1"", ""DestClockInfoList:DestClockInfo:ClockName"": ""CLK_PRCM_ACLK"", ""DestClockInfoList:DestClockInfo:ClockObject"": ""ACLK"", ""ReasonInfoList:ReasonInfo:ReasonCode"": ""NO_BLOCKING_METHOD"", ""SrcObject"": ""u_AESDMA_TOP/u_aesdma_top/u_AESDMA_AXI_FIFO/u_RCH_SYNC_FIFO/w_ex_cnt/Q"", ""DestObject"": ""u_sram_rob_cg/u_dont_touch_preicg/ECK"", ""AllSrcResets:SrcResetInfo:ResetObject"": ""RESETN_ACLK"", ""AllSrcResets:SrcResetInfo:ResetName"": ""RESETN_ACLK"", ""DestSyncResetInfoList:DestResetInfo:ResetName"": ""'no-reset'"", ""SrcClockInfoList:SrcClockInfo:ClockDomainId"": ""1"", ""SrcClockInfoList:SrcClockInfo:ClockName"": ""CLK_PRCM_ACLK"", ""SrcClockInfoList:SrcClockInfo:ClockObject"": ""ACLK"", ""Module"": ""BOS_AESDMA""}","waive_violation -add {RDC_CLOCK_CORRUPT_OBSERVED_212}  -comment {This warning is that output clock of clock gating cell should be active and reset is deasserted. This is confirmed by designer.}  -filter {(RdcSourceResets:ResetName == ""RESETN_ACLK"") AND (RdcDestResets:DestResetInfo:ResetName == ""'no-reset'"") AND (DestClockInfoList:DestClockInfo:ClockDomainId == ""1"") AND (DestClockInfoList:DestClockInfo:ClockName == ""CLK_PRCM_ACLK"") AND (DestClockInfoList:DestClockInfo:ClockObject == ""ACLK"") AND (ReasonInfoList:ReasonInfo:ReasonCode == ""NO_BLOCKING_METHOD"") AND (SrcObject == ""u_AESDMA_TOP/u_aesdma_top/u_AESDMA_AXI_FIFO/u_RCH_SYNC_FIFO/w_ex_cnt/Q"") AND (DestObject == ""u_sram_rob_cg/u_dont_touch_preicg/ECK"") AND (AllSrcResets:SrcResetInfo:ResetObject == ""RESETN_ACLK"") AND (AllSrcResets:SrcResetInfo:ResetName == ""RESETN_ACLK"") AND (DestSyncResetInfoList:DestResetInfo:ResetName == ""'no-reset'"") AND (SrcClockInfoList:SrcClockInfo:ClockDomainId == ""1"") AND (SrcClockInfoList:SrcClockInfo:ClockName == ""CLK_PRCM_ACLK"") AND (SrcClockInfoList:SrcClockInfo:ClockObject == ""ACLK"") AND (Module == ""BOS_AESDMA"")}  -user { minsy0731 }  -timestamp { 12-06-2025 13:42:45 }  -app { rdc } -tag { RDC_CLOCK_CORRUPT_OBSERVED }"
RDC_CLOCK_CORRUPT_OBSERVED_213,REDUNDANT,0,RDC_CLOCK_CORRUPT_OBSERVED,This warning is that output clock of clock gating cell should be active and reset is deasserted. This is confirmed by designer.,minsy0731,12-06-2025 13:42:45,"{""RdcSourceResets:ResetName"": ""RESETN_ACLK"", ""RdcDestResets:DestResetInfo:ResetName"": ""'no-reset'"", ""DestClockInfoList:DestClockInfo:ClockDomainId"": ""1"", ""DestClockInfoList:DestClockInfo:ClockName"": ""CLK_PRCM_ACLK"", ""DestClockInfoList:DestClockInfo:ClockObject"": ""ACLK"", ""ReasonInfoList:ReasonInfo:ReasonCode"": ""NO_BLOCKING_METHOD"", ""SrcObject"": ""u_AESDMA_TOP/u_aesdma_top/u_AESDMA_RDCORE/u_AESDMA_REORDER_BUF/r_sram_dout_d1_valid/Q"", ""DestObject"": ""u_sram_rob_cg/u_dont_touch_preicg/ECK"", ""AllSrcResets:SrcResetInfo:ResetObject"": ""RESETN_ACLK"", ""AllSrcResets:SrcResetInfo:ResetName"": ""RESETN_ACLK"", ""DestSyncResetInfoList:DestResetInfo:ResetName"": ""'no-reset'"", ""SrcClockInfoList:SrcClockInfo:ClockDomainId"": ""1"", ""SrcClockInfoList:SrcClockInfo:ClockName"": ""CLK_PRCM_ACLK"", ""SrcClockInfoList:SrcClockInfo:ClockObject"": ""ACLK"", ""Module"": ""BOS_AESDMA""}","waive_violation -add {RDC_CLOCK_CORRUPT_OBSERVED_213}  -comment {This warning is that output clock of clock gating cell should be active and reset is deasserted. This is confirmed by designer.}  -filter {(RdcSourceResets:ResetName == ""RESETN_ACLK"") AND (RdcDestResets:DestResetInfo:ResetName == ""'no-reset'"") AND (DestClockInfoList:DestClockInfo:ClockDomainId == ""1"") AND (DestClockInfoList:DestClockInfo:ClockName == ""CLK_PRCM_ACLK"") AND (DestClockInfoList:DestClockInfo:ClockObject == ""ACLK"") AND (ReasonInfoList:ReasonInfo:ReasonCode == ""NO_BLOCKING_METHOD"") AND (SrcObject == ""u_AESDMA_TOP/u_aesdma_top/u_AESDMA_RDCORE/u_AESDMA_REORDER_BUF/r_sram_dout_d1_valid/Q"") AND (DestObject == ""u_sram_rob_cg/u_dont_touch_preicg/ECK"") AND (AllSrcResets:SrcResetInfo:ResetObject == ""RESETN_ACLK"") AND (AllSrcResets:SrcResetInfo:ResetName == ""RESETN_ACLK"") AND (DestSyncResetInfoList:DestResetInfo:ResetName == ""'no-reset'"") AND (SrcClockInfoList:SrcClockInfo:ClockDomainId == ""1"") AND (SrcClockInfoList:SrcClockInfo:ClockName == ""CLK_PRCM_ACLK"") AND (SrcClockInfoList:SrcClockInfo:ClockObject == ""ACLK"") AND (Module == ""BOS_AESDMA"")}  -app { rdc } -tag { RDC_CLOCK_CORRUPT_OBSERVED } -user { minsy0731 } -timestamp { 12-06-2025 13:42:45 }"
RDC_CLOCK_CORRUPT_OBSERVED_214,REDUNDANT,0,RDC_CLOCK_CORRUPT_OBSERVED,This warning is that output clock of clock gating cell should be active and reset is deasserted. This is confirmed by designer.,minsy0731,12-06-2025 13:42:45,"{""RdcSourceResets:ResetName"": ""RESETN_ACLK"", ""RdcDestResets:DestResetInfo:ResetName"": ""'no-reset'"", ""DestClockInfoList:DestClockInfo:ClockDomainId"": ""1"", ""DestClockInfoList:DestClockInfo:ClockName"": ""CLK_PRCM_ACLK"", ""DestClockInfoList:DestClockInfo:ClockObject"": ""ACLK"", ""ReasonInfoList:ReasonInfo:ReasonCode"": ""NO_BLOCKING_METHOD"", ""SrcObject"": ""u_AESDMA_TOP/u_aesdma_top/u_AESDMA_RDCORE/u_AESDMA_REORDER_BUF/r_cnt/Q[8:0]"", ""DestObject"": ""u_sram_rob_cg/u_dont_touch_preicg/ECK"", ""AllSrcResets:SrcResetInfo:ResetObject"": ""RESETN_ACLK"", ""AllSrcResets:SrcResetInfo:ResetName"": ""RESETN_ACLK"", ""DestSyncResetInfoList:DestResetInfo:ResetName"": ""'no-reset'"", ""SrcClockInfoList:SrcClockInfo:ClockDomainId"": ""1"", ""SrcClockInfoList:SrcClockInfo:ClockName"": ""CLK_PRCM_ACLK"", ""SrcClockInfoList:SrcClockInfo:ClockObject"": ""ACLK"", ""Module"": ""BOS_AESDMA""}","waive_violation -add {RDC_CLOCK_CORRUPT_OBSERVED_214}  -comment {This warning is that output clock of clock gating cell should be active and reset is deasserted. This is confirmed by designer.}  -filter {(RdcSourceResets:ResetName == ""RESETN_ACLK"") AND (RdcDestResets:DestResetInfo:ResetName == ""'no-reset'"") AND (DestClockInfoList:DestClockInfo:ClockDomainId == ""1"") AND (DestClockInfoList:DestClockInfo:ClockName == ""CLK_PRCM_ACLK"") AND (DestClockInfoList:DestClockInfo:ClockObject == ""ACLK"") AND (ReasonInfoList:ReasonInfo:ReasonCode == ""NO_BLOCKING_METHOD"") AND (SrcObject == ""u_AESDMA_TOP/u_aesdma_top/u_AESDMA_RDCORE/u_AESDMA_REORDER_BUF/r_cnt/Q[8:0]"") AND (DestObject == ""u_sram_rob_cg/u_dont_touch_preicg/ECK"") AND (AllSrcResets:SrcResetInfo:ResetObject == ""RESETN_ACLK"") AND (AllSrcResets:SrcResetInfo:ResetName == ""RESETN_ACLK"") AND (DestSyncResetInfoList:DestResetInfo:ResetName == ""'no-reset'"") AND (SrcClockInfoList:SrcClockInfo:ClockDomainId == ""1"") AND (SrcClockInfoList:SrcClockInfo:ClockName == ""CLK_PRCM_ACLK"") AND (SrcClockInfoList:SrcClockInfo:ClockObject == ""ACLK"") AND (Module == ""BOS_AESDMA"")}  -app { rdc } -tag { RDC_CLOCK_CORRUPT_OBSERVED } -user { minsy0731 } -timestamp { 12-06-2025 13:42:45 }"
RDC_CLOCK_CORRUPT_OBSERVED_215,REDUNDANT,0,RDC_CLOCK_CORRUPT_OBSERVED,This warning is that output clock of clock gating cell should be active and reset is deasserted. This is confirmed by designer.,minsy0731,12-06-2025 13:42:45,"{""RdcSourceResets:ResetName"": ""RESETN_ACLK"", ""RdcDestResets:DestResetInfo:ResetName"": ""'no-reset'"", ""DestClockInfoList:DestClockInfo:ClockDomainId"": ""1"", ""DestClockInfoList:DestClockInfo:ClockName"": ""CLK_PRCM_ACLK"", ""DestClockInfoList:DestClockInfo:ClockObject"": ""ACLK"", ""ReasonInfoList:ReasonInfo:ReasonCode"": ""NO_BLOCKING_METHOD"", ""SrcObject"": ""u_AESDMA_TOP/u_aesdma_top/u_AESDMA_RDCORE/r_rdDataState/Q[3:0]"", ""DestObject"": ""u_sram_rob_cg/u_dont_touch_preicg/ECK"", ""AllSrcResets:SrcResetInfo:ResetObject"": ""RESETN_ACLK"", ""AllSrcResets:SrcResetInfo:ResetName"": ""RESETN_ACLK"", ""DestSyncResetInfoList:DestResetInfo:ResetName"": ""'no-reset'"", ""SrcClockInfoList:SrcClockInfo:ClockDomainId"": ""1"", ""SrcClockInfoList:SrcClockInfo:ClockName"": ""CLK_PRCM_ACLK"", ""SrcClockInfoList:SrcClockInfo:ClockObject"": ""ACLK"", ""Module"": ""BOS_AESDMA""}","waive_violation -add {RDC_CLOCK_CORRUPT_OBSERVED_215}  -comment {This warning is that output clock of clock gating cell should be active and reset is deasserted. This is confirmed by designer.}  -filter {(RdcSourceResets:ResetName == ""RESETN_ACLK"") AND (RdcDestResets:DestResetInfo:ResetName == ""'no-reset'"") AND (DestClockInfoList:DestClockInfo:ClockDomainId == ""1"") AND (DestClockInfoList:DestClockInfo:ClockName == ""CLK_PRCM_ACLK"") AND (DestClockInfoList:DestClockInfo:ClockObject == ""ACLK"") AND (ReasonInfoList:ReasonInfo:ReasonCode == ""NO_BLOCKING_METHOD"") AND (SrcObject == ""u_AESDMA_TOP/u_aesdma_top/u_AESDMA_RDCORE/r_rdDataState/Q[3:0]"") AND (DestObject == ""u_sram_rob_cg/u_dont_touch_preicg/ECK"") AND (AllSrcResets:SrcResetInfo:ResetObject == ""RESETN_ACLK"") AND (AllSrcResets:SrcResetInfo:ResetName == ""RESETN_ACLK"") AND (DestSyncResetInfoList:DestResetInfo:ResetName == ""'no-reset'"") AND (SrcClockInfoList:SrcClockInfo:ClockDomainId == ""1"") AND (SrcClockInfoList:SrcClockInfo:ClockName == ""CLK_PRCM_ACLK"") AND (SrcClockInfoList:SrcClockInfo:ClockObject == ""ACLK"") AND (Module == ""BOS_AESDMA"")}  -app { rdc } -tag { RDC_CLOCK_CORRUPT_OBSERVED } -user { minsy0731 } -timestamp { 12-06-2025 13:42:45 }"
RDC_CLOCK_CORRUPT_OBSERVED_216,REDUNDANT,0,RDC_CLOCK_CORRUPT_OBSERVED,This warning is that output clock of clock gating cell should be active and reset is deasserted. This is confirmed by designer.,minsy0731,12-06-2025 13:42:45,"{""RdcSourceResets:ResetName"": ""RESETN_ACLK"", ""RdcDestResets:DestResetInfo:ResetName"": ""'no-reset'"", ""DestClockInfoList:DestClockInfo:ClockDomainId"": ""1"", ""DestClockInfoList:DestClockInfo:ClockName"": ""CLK_PRCM_ACLK"", ""DestClockInfoList:DestClockInfo:ClockObject"": ""ACLK"", ""ReasonInfoList:ReasonInfo:ReasonCode"": ""NO_BLOCKING_METHOD"", ""SrcObject"": ""u_AESDMA_TOP/u_aesdma_top/u_AESDMA_RDCORE/u_AESDMA_REORDER_BUF/rd_table[26].table_entry_valid"", ""DestObject"": ""u_sram_rob_cg/u_dont_touch_preicg/ECK"", ""AllSrcResets:SrcResetInfo:ResetObject"": ""RESETN_ACLK"", ""AllSrcResets:SrcResetInfo:ResetName"": ""RESETN_ACLK"", ""DestSyncResetInfoList:DestResetInfo:ResetName"": ""'no-reset'"", ""SrcClockInfoList:SrcClockInfo:ClockDomainId"": ""1"", ""SrcClockInfoList:SrcClockInfo:ClockName"": ""CLK_PRCM_ACLK"", ""SrcClockInfoList:SrcClockInfo:ClockObject"": ""ACLK"", ""Module"": ""BOS_AESDMA""}","waive_violation -add {RDC_CLOCK_CORRUPT_OBSERVED_216}  -comment {This warning is that output clock of clock gating cell should be active and reset is deasserted. This is confirmed by designer.}  -filter {(RdcSourceResets:ResetName == ""RESETN_ACLK"") AND (RdcDestResets:DestResetInfo:ResetName == ""'no-reset'"") AND (DestClockInfoList:DestClockInfo:ClockDomainId == ""1"") AND (DestClockInfoList:DestClockInfo:ClockName == ""CLK_PRCM_ACLK"") AND (DestClockInfoList:DestClockInfo:ClockObject == ""ACLK"") AND (ReasonInfoList:ReasonInfo:ReasonCode == ""NO_BLOCKING_METHOD"") AND (SrcObject == ""u_AESDMA_TOP/u_aesdma_top/u_AESDMA_RDCORE/u_AESDMA_REORDER_BUF/rd_table[26].table_entry_valid"") AND (DestObject == ""u_sram_rob_cg/u_dont_touch_preicg/ECK"") AND (AllSrcResets:SrcResetInfo:ResetObject == ""RESETN_ACLK"") AND (AllSrcResets:SrcResetInfo:ResetName == ""RESETN_ACLK"") AND (DestSyncResetInfoList:DestResetInfo:ResetName == ""'no-reset'"") AND (SrcClockInfoList:SrcClockInfo:ClockDomainId == ""1"") AND (SrcClockInfoList:SrcClockInfo:ClockName == ""CLK_PRCM_ACLK"") AND (SrcClockInfoList:SrcClockInfo:ClockObject == ""ACLK"") AND (Module == ""BOS_AESDMA"")}  -app { rdc } -tag { RDC_CLOCK_CORRUPT_OBSERVED } -user { minsy0731 } -timestamp { 12-06-2025 13:42:45 }"
RDC_CLOCK_CORRUPT_OBSERVED_217,REDUNDANT,0,RDC_CLOCK_CORRUPT_OBSERVED,This warning is that output clock of clock gating cell should be active and reset is deasserted. This is confirmed by designer.,,,"{""RdcSourceResets:ResetName"": ""RESETN_ACLK"", ""RdcDestResets:DestResetInfo:ResetName"": ""'no-reset'"", ""DestClockInfoList:DestClockInfo:ClockDomainId"": ""1"", ""DestClockInfoList:DestClockInfo:ClockName"": ""CLK_PRCM_ACLK"", ""DestClockInfoList:DestClockInfo:ClockObject"": ""ACLK"", ""ReasonInfoList:ReasonInfo:ReasonCode"": ""NO_BLOCKING_METHOD"", ""SrcObject"": ""u_AESDMA_TOP/u_aesdma_top/u_AESDMA_RDCORE/u_AESDMA_REORDER_BUF/rd_table[8].id[4:0]"", ""DestObject"": ""u_sram_rob_cg/u_dont_touch_preicg/ECK"", ""AllSrcResets:SrcResetInfo:ResetObject"": ""RESETN_ACLK"", ""AllSrcResets:SrcResetInfo:ResetName"": ""RESETN_ACLK"", ""DestSyncResetInfoList:DestResetInfo:ResetName"": ""'no-reset'"", ""SrcClockInfoList:SrcClockInfo:ClockDomainId"": ""1"", ""SrcClockInfoList:SrcClockInfo:ClockName"": ""CLK_PRCM_ACLK"", ""SrcClockInfoList:SrcClockInfo:ClockObject"": ""ACLK"", ""Module"": ""BOS_AESDMA""}","waive_violation -add {RDC_CLOCK_CORRUPT_OBSERVED_217}  -comment {This warning is that output clock of clock gating cell should be active and reset is deasserted. This is confirmed by designer.}  -filter {(RdcSourceResets:ResetName == ""RESETN_ACLK"") AND (RdcDestResets:DestResetInfo:ResetName == ""'no-reset'"") AND (DestClockInfoList:DestClockInfo:ClockDomainId == ""1"") AND (DestClockInfoList:DestClockInfo:ClockName == ""CLK_PRCM_ACLK"") AND (DestClockInfoList:DestClockInfo:ClockObject == ""ACLK"") AND (ReasonInfoList:ReasonInfo:ReasonCode == ""NO_BLOCKING_METHOD"") AND (SrcObject == ""u_AESDMA_TOP/u_aesdma_top/u_AESDMA_RDCORE/u_AESDMA_REORDER_BUF/rd_table[8].id[4:0]"") AND (DestObject == ""u_sram_rob_cg/u_dont_touch_preicg/ECK"") AND (AllSrcResets:SrcResetInfo:ResetObject == ""RESETN_ACLK"") AND (AllSrcResets:SrcResetInfo:ResetName == ""RESETN_ACLK"") AND (DestSyncResetInfoList:DestResetInfo:ResetName == ""'no-reset'"") AND (SrcClockInfoList:SrcClockInfo:ClockDomainId == ""1"") AND (SrcClockInfoList:SrcClockInfo:ClockName == ""CLK_PRCM_ACLK"") AND (SrcClockInfoList:SrcClockInfo:ClockObject == ""ACLK"") AND (Module == ""BOS_AESDMA"")}  -user { minsy0731 }  -timestamp { 12-06-2025 13:42:45 }  -app { rdc } -tag { RDC_CLOCK_CORRUPT_OBSERVED }"
RDC_CLOCK_CORRUPT_OBSERVED_218,REDUNDANT,0,RDC_CLOCK_CORRUPT_OBSERVED,This warning is that output clock of clock gating cell should be active and reset is deasserted. This is confirmed by designer.,minsy0731,12-06-2025 13:42:45,"{""RdcSourceResets:ResetName"": ""RESETN_ACLK"", ""RdcDestResets:DestResetInfo:ResetName"": ""'no-reset'"", ""DestClockInfoList:DestClockInfo:ClockDomainId"": ""1"", ""DestClockInfoList:DestClockInfo:ClockName"": ""CLK_PRCM_ACLK"", ""DestClockInfoList:DestClockInfo:ClockObject"": ""ACLK"", ""ReasonInfoList:ReasonInfo:ReasonCode"": ""NO_BLOCKING_METHOD"", ""SrcObject"": ""u_AESDMA_TOP/u_aesdma_top/u_AESDMA_RDCORE/u_AESDMA_REORDER_BUF/rd_table[1].id[4:0]"", ""DestObject"": ""u_sram_rob_cg/u_dont_touch_preicg/ECK"", ""AllSrcResets:SrcResetInfo:ResetObject"": ""RESETN_ACLK"", ""AllSrcResets:SrcResetInfo:ResetName"": ""RESETN_ACLK"", ""DestSyncResetInfoList:DestResetInfo:ResetName"": ""'no-reset'"", ""SrcClockInfoList:SrcClockInfo:ClockDomainId"": ""1"", ""SrcClockInfoList:SrcClockInfo:ClockName"": ""CLK_PRCM_ACLK"", ""SrcClockInfoList:SrcClockInfo:ClockObject"": ""ACLK"", ""Module"": ""BOS_AESDMA""}","waive_violation -add {RDC_CLOCK_CORRUPT_OBSERVED_218}  -comment {This warning is that output clock of clock gating cell should be active and reset is deasserted. This is confirmed by designer.}  -filter {(RdcSourceResets:ResetName == ""RESETN_ACLK"") AND (RdcDestResets:DestResetInfo:ResetName == ""'no-reset'"") AND (DestClockInfoList:DestClockInfo:ClockDomainId == ""1"") AND (DestClockInfoList:DestClockInfo:ClockName == ""CLK_PRCM_ACLK"") AND (DestClockInfoList:DestClockInfo:ClockObject == ""ACLK"") AND (ReasonInfoList:ReasonInfo:ReasonCode == ""NO_BLOCKING_METHOD"") AND (SrcObject == ""u_AESDMA_TOP/u_aesdma_top/u_AESDMA_RDCORE/u_AESDMA_REORDER_BUF/rd_table[1].id[4:0]"") AND (DestObject == ""u_sram_rob_cg/u_dont_touch_preicg/ECK"") AND (AllSrcResets:SrcResetInfo:ResetObject == ""RESETN_ACLK"") AND (AllSrcResets:SrcResetInfo:ResetName == ""RESETN_ACLK"") AND (DestSyncResetInfoList:DestResetInfo:ResetName == ""'no-reset'"") AND (SrcClockInfoList:SrcClockInfo:ClockDomainId == ""1"") AND (SrcClockInfoList:SrcClockInfo:ClockName == ""CLK_PRCM_ACLK"") AND (SrcClockInfoList:SrcClockInfo:ClockObject == ""ACLK"") AND (Module == ""BOS_AESDMA"")}  -app { rdc } -tag { RDC_CLOCK_CORRUPT_OBSERVED } -user { minsy0731 } -timestamp { 12-06-2025 13:42:45 }"
RDC_CLOCK_CORRUPT_OBSERVED_219,REDUNDANT,0,RDC_CLOCK_CORRUPT_OBSERVED,This warning is that output clock of clock gating cell should be active and reset is deasserted. This is confirmed by designer.,minsy0731,12-06-2025 13:42:45,"{""RdcSourceResets:ResetName"": ""RESETN_ACLK"", ""RdcDestResets:DestResetInfo:ResetName"": ""'no-reset'"", ""DestClockInfoList:DestClockInfo:ClockDomainId"": ""1"", ""DestClockInfoList:DestClockInfo:ClockName"": ""CLK_PRCM_ACLK"", ""DestClockInfoList:DestClockInfo:ClockObject"": ""ACLK"", ""ReasonInfoList:ReasonInfo:ReasonCode"": ""NO_BLOCKING_METHOD"", ""SrcObject"": ""u_AESDMA_TOP/u_aesdma_top/u_AESDMA_RDCORE/u_AESDMA_REORDER_BUF/rd_table[29].table_entry_valid"", ""DestObject"": ""u_sram_rob_cg/u_dont_touch_preicg/ECK"", ""AllSrcResets:SrcResetInfo:ResetObject"": ""RESETN_ACLK"", ""AllSrcResets:SrcResetInfo:ResetName"": ""RESETN_ACLK"", ""DestSyncResetInfoList:DestResetInfo:ResetName"": ""'no-reset'"", ""SrcClockInfoList:SrcClockInfo:ClockDomainId"": ""1"", ""SrcClockInfoList:SrcClockInfo:ClockName"": ""CLK_PRCM_ACLK"", ""SrcClockInfoList:SrcClockInfo:ClockObject"": ""ACLK"", ""Module"": ""BOS_AESDMA""}","waive_violation -add {RDC_CLOCK_CORRUPT_OBSERVED_219}  -comment {This warning is that output clock of clock gating cell should be active and reset is deasserted. This is confirmed by designer.}  -filter {(RdcSourceResets:ResetName == ""RESETN_ACLK"") AND (RdcDestResets:DestResetInfo:ResetName == ""'no-reset'"") AND (DestClockInfoList:DestClockInfo:ClockDomainId == ""1"") AND (DestClockInfoList:DestClockInfo:ClockName == ""CLK_PRCM_ACLK"") AND (DestClockInfoList:DestClockInfo:ClockObject == ""ACLK"") AND (ReasonInfoList:ReasonInfo:ReasonCode == ""NO_BLOCKING_METHOD"") AND (SrcObject == ""u_AESDMA_TOP/u_aesdma_top/u_AESDMA_RDCORE/u_AESDMA_REORDER_BUF/rd_table[29].table_entry_valid"") AND (DestObject == ""u_sram_rob_cg/u_dont_touch_preicg/ECK"") AND (AllSrcResets:SrcResetInfo:ResetObject == ""RESETN_ACLK"") AND (AllSrcResets:SrcResetInfo:ResetName == ""RESETN_ACLK"") AND (DestSyncResetInfoList:DestResetInfo:ResetName == ""'no-reset'"") AND (SrcClockInfoList:SrcClockInfo:ClockDomainId == ""1"") AND (SrcClockInfoList:SrcClockInfo:ClockName == ""CLK_PRCM_ACLK"") AND (SrcClockInfoList:SrcClockInfo:ClockObject == ""ACLK"") AND (Module == ""BOS_AESDMA"")}  -app { rdc } -tag { RDC_CLOCK_CORRUPT_OBSERVED } -user { minsy0731 } -timestamp { 12-06-2025 13:42:45 }"
RDC_CLOCK_CORRUPT_OBSERVED_220,REDUNDANT,0,RDC_CLOCK_CORRUPT_OBSERVED,This warning is that output clock of clock gating cell should be active and reset is deasserted. This is confirmed by designer.,minsy0731,12-06-2025 13:42:45,"{""RdcSourceResets:ResetName"": ""RESETN_ACLK"", ""RdcDestResets:DestResetInfo:ResetName"": ""'no-reset'"", ""DestClockInfoList:DestClockInfo:ClockDomainId"": ""1"", ""DestClockInfoList:DestClockInfo:ClockName"": ""CLK_PRCM_ACLK"", ""DestClockInfoList:DestClockInfo:ClockObject"": ""ACLK"", ""ReasonInfoList:ReasonInfo:ReasonCode"": ""NO_BLOCKING_METHOD"", ""SrcObject"": ""u_AESDMA_TOP/u_aesdma_top/u_AESDMA_SFR/r_dma_con0_auto_clk_gating_disable/Q"", ""DestObject"": ""u_sram_rob_cg/u_dont_touch_preicg/ECK"", ""AllSrcResets:SrcResetInfo:ResetObject"": ""RESETN_ACLK"", ""AllSrcResets:SrcResetInfo:ResetName"": ""RESETN_ACLK"", ""DestSyncResetInfoList:DestResetInfo:ResetName"": ""'no-reset'"", ""SrcClockInfoList:SrcClockInfo:ClockDomainId"": ""1"", ""SrcClockInfoList:SrcClockInfo:ClockName"": ""CLK_PRCM_ACLK"", ""SrcClockInfoList:SrcClockInfo:ClockObject"": ""ACLK"", ""Module"": ""BOS_AESDMA""}","waive_violation -add {RDC_CLOCK_CORRUPT_OBSERVED_220}  -comment {This warning is that output clock of clock gating cell should be active and reset is deasserted. This is confirmed by designer.}  -filter {(RdcSourceResets:ResetName == ""RESETN_ACLK"") AND (RdcDestResets:DestResetInfo:ResetName == ""'no-reset'"") AND (DestClockInfoList:DestClockInfo:ClockDomainId == ""1"") AND (DestClockInfoList:DestClockInfo:ClockName == ""CLK_PRCM_ACLK"") AND (DestClockInfoList:DestClockInfo:ClockObject == ""ACLK"") AND (ReasonInfoList:ReasonInfo:ReasonCode == ""NO_BLOCKING_METHOD"") AND (SrcObject == ""u_AESDMA_TOP/u_aesdma_top/u_AESDMA_SFR/r_dma_con0_auto_clk_gating_disable/Q"") AND (DestObject == ""u_sram_rob_cg/u_dont_touch_preicg/ECK"") AND (AllSrcResets:SrcResetInfo:ResetObject == ""RESETN_ACLK"") AND (AllSrcResets:SrcResetInfo:ResetName == ""RESETN_ACLK"") AND (DestSyncResetInfoList:DestResetInfo:ResetName == ""'no-reset'"") AND (SrcClockInfoList:SrcClockInfo:ClockDomainId == ""1"") AND (SrcClockInfoList:SrcClockInfo:ClockName == ""CLK_PRCM_ACLK"") AND (SrcClockInfoList:SrcClockInfo:ClockObject == ""ACLK"") AND (Module == ""BOS_AESDMA"")}  -app { rdc } -tag { RDC_CLOCK_CORRUPT_OBSERVED } -user { minsy0731 } -timestamp { 12-06-2025 13:42:45 }"
RDC_CLOCK_CORRUPT_OBSERVED_221,REDUNDANT,0,RDC_CLOCK_CORRUPT_OBSERVED,This warning is that output clock of clock gating cell should be active and reset is deasserted. This is confirmed by designer.,minsy0731,12-06-2025 13:42:45,"{""RdcSourceResets:ResetName"": ""RESETN_ACLK"", ""RdcDestResets:DestResetInfo:ResetName"": ""'no-reset'"", ""DestClockInfoList:DestClockInfo:ClockDomainId"": ""1"", ""DestClockInfoList:DestClockInfo:ClockName"": ""CLK_PRCM_ACLK"", ""DestClockInfoList:DestClockInfo:ClockObject"": ""ACLK"", ""ReasonInfoList:ReasonInfo:ReasonCode"": ""NO_BLOCKING_METHOD"", ""SrcObject"": ""u_AESDMA_TOP/u_aesdma_top/u_AESDMA_RDCORE/u_AESDMA_REORDER_BUF/rd_table[4].id[4:0]"", ""DestObject"": ""u_sram_rob_cg/u_dont_touch_preicg/ECK"", ""AllSrcResets:SrcResetInfo:ResetObject"": ""RESETN_ACLK"", ""AllSrcResets:SrcResetInfo:ResetName"": ""RESETN_ACLK"", ""DestSyncResetInfoList:DestResetInfo:ResetName"": ""'no-reset'"", ""SrcClockInfoList:SrcClockInfo:ClockDomainId"": ""1"", ""SrcClockInfoList:SrcClockInfo:ClockName"": ""CLK_PRCM_ACLK"", ""SrcClockInfoList:SrcClockInfo:ClockObject"": ""ACLK"", ""Module"": ""BOS_AESDMA""}","waive_violation -add {RDC_CLOCK_CORRUPT_OBSERVED_221}  -comment {This warning is that output clock of clock gating cell should be active and reset is deasserted. This is confirmed by designer.}  -filter {(RdcSourceResets:ResetName == ""RESETN_ACLK"") AND (RdcDestResets:DestResetInfo:ResetName == ""'no-reset'"") AND (DestClockInfoList:DestClockInfo:ClockDomainId == ""1"") AND (DestClockInfoList:DestClockInfo:ClockName == ""CLK_PRCM_ACLK"") AND (DestClockInfoList:DestClockInfo:ClockObject == ""ACLK"") AND (ReasonInfoList:ReasonInfo:ReasonCode == ""NO_BLOCKING_METHOD"") AND (SrcObject == ""u_AESDMA_TOP/u_aesdma_top/u_AESDMA_RDCORE/u_AESDMA_REORDER_BUF/rd_table[4].id[4:0]"") AND (DestObject == ""u_sram_rob_cg/u_dont_touch_preicg/ECK"") AND (AllSrcResets:SrcResetInfo:ResetObject == ""RESETN_ACLK"") AND (AllSrcResets:SrcResetInfo:ResetName == ""RESETN_ACLK"") AND (DestSyncResetInfoList:DestResetInfo:ResetName == ""'no-reset'"") AND (SrcClockInfoList:SrcClockInfo:ClockDomainId == ""1"") AND (SrcClockInfoList:SrcClockInfo:ClockName == ""CLK_PRCM_ACLK"") AND (SrcClockInfoList:SrcClockInfo:ClockObject == ""ACLK"") AND (Module == ""BOS_AESDMA"")}  -app { rdc } -tag { RDC_CLOCK_CORRUPT_OBSERVED } -user { minsy0731 } -timestamp { 12-06-2025 13:42:45 }"
RDC_CLOCK_CORRUPT_OBSERVED_222,REDUNDANT,0,RDC_CLOCK_CORRUPT_OBSERVED,This warning is that output clock of clock gating cell should be active and reset is deasserted. This is confirmed by designer.,minsy0731,12-06-2025 13:42:45,"{""RdcSourceResets:ResetName"": ""RESETN_ACLK"", ""RdcDestResets:DestResetInfo:ResetName"": ""'no-reset'"", ""DestClockInfoList:DestClockInfo:ClockDomainId"": ""1"", ""DestClockInfoList:DestClockInfo:ClockName"": ""CLK_PRCM_ACLK"", ""DestClockInfoList:DestClockInfo:ClockObject"": ""ACLK"", ""ReasonInfoList:ReasonInfo:ReasonCode"": ""NO_BLOCKING_METHOD"", ""SrcObject"": ""u_AESDMA_TOP/u_aesdma_top/u_AESDMA_RDCORE/u_AESDMA_REORDER_BUF/rd_table[2].table_entry_valid"", ""DestObject"": ""u_sram_rob_cg/u_dont_touch_preicg/ECK"", ""AllSrcResets:SrcResetInfo:ResetObject"": ""RESETN_ACLK"", ""AllSrcResets:SrcResetInfo:ResetName"": ""RESETN_ACLK"", ""DestSyncResetInfoList:DestResetInfo:ResetName"": ""'no-reset'"", ""SrcClockInfoList:SrcClockInfo:ClockDomainId"": ""1"", ""SrcClockInfoList:SrcClockInfo:ClockName"": ""CLK_PRCM_ACLK"", ""SrcClockInfoList:SrcClockInfo:ClockObject"": ""ACLK"", ""Module"": ""BOS_AESDMA""}","waive_violation -add {RDC_CLOCK_CORRUPT_OBSERVED_222}  -comment {This warning is that output clock of clock gating cell should be active and reset is deasserted. This is confirmed by designer.}  -filter {(RdcSourceResets:ResetName == ""RESETN_ACLK"") AND (RdcDestResets:DestResetInfo:ResetName == ""'no-reset'"") AND (DestClockInfoList:DestClockInfo:ClockDomainId == ""1"") AND (DestClockInfoList:DestClockInfo:ClockName == ""CLK_PRCM_ACLK"") AND (DestClockInfoList:DestClockInfo:ClockObject == ""ACLK"") AND (ReasonInfoList:ReasonInfo:ReasonCode == ""NO_BLOCKING_METHOD"") AND (SrcObject == ""u_AESDMA_TOP/u_aesdma_top/u_AESDMA_RDCORE/u_AESDMA_REORDER_BUF/rd_table[2].table_entry_valid"") AND (DestObject == ""u_sram_rob_cg/u_dont_touch_preicg/ECK"") AND (AllSrcResets:SrcResetInfo:ResetObject == ""RESETN_ACLK"") AND (AllSrcResets:SrcResetInfo:ResetName == ""RESETN_ACLK"") AND (DestSyncResetInfoList:DestResetInfo:ResetName == ""'no-reset'"") AND (SrcClockInfoList:SrcClockInfo:ClockDomainId == ""1"") AND (SrcClockInfoList:SrcClockInfo:ClockName == ""CLK_PRCM_ACLK"") AND (SrcClockInfoList:SrcClockInfo:ClockObject == ""ACLK"") AND (Module == ""BOS_AESDMA"")}  -app { rdc } -tag { RDC_CLOCK_CORRUPT_OBSERVED } -user { minsy0731 } -timestamp { 12-06-2025 13:42:45 }"
RDC_CLOCK_CORRUPT_OBSERVED_223,REDUNDANT,0,RDC_CLOCK_CORRUPT_OBSERVED,This warning is that output clock of clock gating cell should be active and reset is deasserted. This is confirmed by designer.,minsy0731,12-06-2025 13:42:45,"{""RdcSourceResets:ResetName"": ""RESETN_ACLK"", ""RdcDestResets:DestResetInfo:ResetName"": ""'no-reset'"", ""DestClockInfoList:DestClockInfo:ClockDomainId"": ""1"", ""DestClockInfoList:DestClockInfo:ClockName"": ""CLK_PRCM_ACLK"", ""DestClockInfoList:DestClockInfo:ClockObject"": ""ACLK"", ""ReasonInfoList:ReasonInfo:ReasonCode"": ""NO_BLOCKING_METHOD"", ""SrcObject"": ""r_sram_rob_clk_en_1d/Q"", ""DestObject"": ""u_sram_rob_cg/u_dont_touch_preicg/ECK"", ""AllSrcResets:SrcResetInfo:ResetObject"": ""RESETN_ACLK"", ""AllSrcResets:SrcResetInfo:ResetName"": ""RESETN_ACLK"", ""DestSyncResetInfoList:DestResetInfo:ResetName"": ""'no-reset'"", ""SrcClockInfoList:SrcClockInfo:ClockDomainId"": ""1"", ""SrcClockInfoList:SrcClockInfo:ClockName"": ""CLK_PRCM_ACLK"", ""SrcClockInfoList:SrcClockInfo:ClockObject"": ""ACLK"", ""Module"": ""BOS_AESDMA""}","waive_violation -add {RDC_CLOCK_CORRUPT_OBSERVED_223}  -comment {This warning is that output clock of clock gating cell should be active and reset is deasserted. This is confirmed by designer.}  -filter {(RdcSourceResets:ResetName == ""RESETN_ACLK"") AND (RdcDestResets:DestResetInfo:ResetName == ""'no-reset'"") AND (DestClockInfoList:DestClockInfo:ClockDomainId == ""1"") AND (DestClockInfoList:DestClockInfo:ClockName == ""CLK_PRCM_ACLK"") AND (DestClockInfoList:DestClockInfo:ClockObject == ""ACLK"") AND (ReasonInfoList:ReasonInfo:ReasonCode == ""NO_BLOCKING_METHOD"") AND (SrcObject == ""r_sram_rob_clk_en_1d/Q"") AND (DestObject == ""u_sram_rob_cg/u_dont_touch_preicg/ECK"") AND (AllSrcResets:SrcResetInfo:ResetObject == ""RESETN_ACLK"") AND (AllSrcResets:SrcResetInfo:ResetName == ""RESETN_ACLK"") AND (DestSyncResetInfoList:DestResetInfo:ResetName == ""'no-reset'"") AND (SrcClockInfoList:SrcClockInfo:ClockDomainId == ""1"") AND (SrcClockInfoList:SrcClockInfo:ClockName == ""CLK_PRCM_ACLK"") AND (SrcClockInfoList:SrcClockInfo:ClockObject == ""ACLK"") AND (Module == ""BOS_AESDMA"")}  -app { rdc } -tag { RDC_CLOCK_CORRUPT_OBSERVED } -user { minsy0731 } -timestamp { 12-06-2025 13:42:45 }"
RDC_CLOCK_CORRUPT_OBSERVED_66,ACTIVE,1,RDC_CLOCK_CORRUPT_OBSERVED,This warning is that output clock of clock gating cell should be active and reset is deasserted. This is confirmed by designer.,minsy0731,12-06-2025 13:42:45,"{""RdcSourceResets:ResetName"": ""RESETN_ACLK"", ""RdcDestResets:DestResetInfo:ResetName"": ""'no-reset'"", ""DestClockInfoList:DestClockInfo:ClockDomainId"": ""1"", ""DestClockInfoList:DestClockInfo:ClockName"": ""CLK_PRCM_ACLK"", ""DestClockInfoList:DestClockInfo:ClockObject"": ""ACLK"", ""ReasonInfoList:ReasonInfo:ReasonCode"": ""NO_BLOCKING_METHOD"", ""SrcObject"": ""u_AESDMA_TOP/u_aesdma_top/u_AESDMA_SFR/r_dma_con2_dma_mode_sel/Q[1:0]"", ""DestObject"": ""u_gated_datagen_aclk/u_dont_touch_preicg/ECK"", ""AllSrcResets:SrcResetInfo:ResetObject"": ""RESETN_ACLK"", ""AllSrcResets:SrcResetInfo:ResetName"": ""RESETN_ACLK"", ""DestSyncResetInfoList:DestResetInfo:ResetName"": ""'no-reset'"", ""SrcClockInfoList:SrcClockInfo:ClockDomainId"": ""1"", ""SrcClockInfoList:SrcClockInfo:ClockName"": ""CLK_PRCM_ACLK"", ""SrcClockInfoList:SrcClockInfo:ClockObject"": ""ACLK"", ""Module"": ""BOS_AESDMA""}","waive_violation -add {RDC_CLOCK_CORRUPT_OBSERVED_66}  -comment {This warning is that output clock of clock gating cell should be active and reset is deasserted. This is confirmed by designer.}  -filter {(RdcSourceResets:ResetName == ""RESETN_ACLK"") AND (RdcDestResets:DestResetInfo:ResetName == ""'no-reset'"") AND (DestClockInfoList:DestClockInfo:ClockDomainId == ""1"") AND (DestClockInfoList:DestClockInfo:ClockName == ""CLK_PRCM_ACLK"") AND (DestClockInfoList:DestClockInfo:ClockObject == ""ACLK"") AND (ReasonInfoList:ReasonInfo:ReasonCode == ""NO_BLOCKING_METHOD"") AND (SrcObject == ""u_AESDMA_TOP/u_aesdma_top/u_AESDMA_SFR/r_dma_con2_dma_mode_sel/Q[1:0]"") AND (DestObject == ""u_gated_datagen_aclk/u_dont_touch_preicg/ECK"") AND (AllSrcResets:SrcResetInfo:ResetObject == ""RESETN_ACLK"") AND (AllSrcResets:SrcResetInfo:ResetName == ""RESETN_ACLK"") AND (DestSyncResetInfoList:DestResetInfo:ResetName == ""'no-reset'"") AND (SrcClockInfoList:SrcClockInfo:ClockDomainId == ""1"") AND (SrcClockInfoList:SrcClockInfo:ClockName == ""CLK_PRCM_ACLK"") AND (SrcClockInfoList:SrcClockInfo:ClockObject == ""ACLK"") AND (Module == ""BOS_AESDMA"")}  -app { rdc } -tag { RDC_CLOCK_CORRUPT_OBSERVED } -user { minsy0731 } -timestamp { 12-06-2025 13:42:45 }"
RDC_CLOCK_CORRUPT_OBSERVED_67,ACTIVE,1,RDC_CLOCK_CORRUPT_OBSERVED,This warning is that output clock of clock gating cell should be active and reset is deasserted. This is confirmed by designer.,minsy0731,12-06-2025 13:42:45,"{""RdcSourceResets:ResetName"": ""RESETN_ACLK"", ""RdcDestResets:DestResetInfo:ResetName"": ""'no-reset'"", ""DestClockInfoList:DestClockInfo:ClockDomainId"": ""1"", ""DestClockInfoList:DestClockInfo:ClockName"": ""CLK_PRCM_ACLK"", ""DestClockInfoList:DestClockInfo:ClockObject"": ""ACLK"", ""ReasonInfoList:ReasonInfo:ReasonCode"": ""NO_BLOCKING_METHOD"", ""SrcObject"": ""u_AESDMA_TOP/u_aesdma_top/u_AESDMA_SFR/r_dma_con2_doorbell_en/Q"", ""DestObject"": ""u_gated_sfr_pclk/u_dont_touch_preicg/ECK"", ""AllSrcResets:SrcResetInfo:ResetObject"": ""RESETN_ACLK"", ""AllSrcResets:SrcResetInfo:ResetName"": ""RESETN_ACLK"", ""DestSyncResetInfoList:DestResetInfo:ResetName"": ""'no-reset'"", ""SrcClockInfoList:SrcClockInfo:ClockDomainId"": ""1"", ""SrcClockInfoList:SrcClockInfo:ClockName"": ""CLK_PRCM_ACLK"", ""SrcClockInfoList:SrcClockInfo:ClockObject"": ""ACLK"", ""Module"": ""BOS_AESDMA""}","waive_violation -add {RDC_CLOCK_CORRUPT_OBSERVED_67}  -comment {This warning is that output clock of clock gating cell should be active and reset is deasserted. This is confirmed by designer.}  -filter {(RdcSourceResets:ResetName == ""RESETN_ACLK"") AND (RdcDestResets:DestResetInfo:ResetName == ""'no-reset'"") AND (DestClockInfoList:DestClockInfo:ClockDomainId == ""1"") AND (DestClockInfoList:DestClockInfo:ClockName == ""CLK_PRCM_ACLK"") AND (DestClockInfoList:DestClockInfo:ClockObject == ""ACLK"") AND (ReasonInfoList:ReasonInfo:ReasonCode == ""NO_BLOCKING_METHOD"") AND (SrcObject == ""u_AESDMA_TOP/u_aesdma_top/u_AESDMA_SFR/r_dma_con2_doorbell_en/Q"") AND (DestObject == ""u_gated_sfr_pclk/u_dont_touch_preicg/ECK"") AND (AllSrcResets:SrcResetInfo:ResetObject == ""RESETN_ACLK"") AND (AllSrcResets:SrcResetInfo:ResetName == ""RESETN_ACLK"") AND (DestSyncResetInfoList:DestResetInfo:ResetName == ""'no-reset'"") AND (SrcClockInfoList:SrcClockInfo:ClockDomainId == ""1"") AND (SrcClockInfoList:SrcClockInfo:ClockName == ""CLK_PRCM_ACLK"") AND (SrcClockInfoList:SrcClockInfo:ClockObject == ""ACLK"") AND (Module == ""BOS_AESDMA"")}  -app { rdc } -tag { RDC_CLOCK_CORRUPT_OBSERVED } -user { minsy0731 } -timestamp { 12-06-2025 13:42:45 }"
RDC_CLOCK_CORRUPT_OBSERVED_68,ACTIVE,1,RDC_CLOCK_CORRUPT_OBSERVED,This warning is that output clock of clock gating cell should be active and reset is deasserted. This is confirmed by designer.,minsy0731,12-06-2025 13:42:45,"{""RdcSourceResets:ResetName"": ""RESETN_ACLK"", ""RdcDestResets:DestResetInfo:ResetName"": ""'no-reset'"", ""DestClockInfoList:DestClockInfo:ClockDomainId"": ""1"", ""DestClockInfoList:DestClockInfo:ClockName"": ""CLK_PRCM_ACLK"", ""DestClockInfoList:DestClockInfo:ClockObject"": ""ACLK"", ""ReasonInfoList:ReasonInfo:ReasonCode"": ""NO_BLOCKING_METHOD"", ""SrcObject"": ""u_apbasyncbridgemstr_aesdma/u_mstr_core/u_lpislave_clkm/u_css600_lpislave_fsm/state/Q[2:0]"", ""DestObject"": ""u_apbasyncbridgemstr_aesdma/u_clk_gate/u_bos_soc_cg/u_dont_touch_preicg/ECK"", ""AllSrcResets:SrcResetInfo:ResetObject"": ""RESETN_ACLK"", ""AllSrcResets:SrcResetInfo:ResetName"": ""RESETN_ACLK"", ""DestSyncResetInfoList:DestResetInfo:ResetName"": ""'no-reset'"", ""SrcClockInfoList:SrcClockInfo:ClockDomainId"": ""1"", ""SrcClockInfoList:SrcClockInfo:ClockName"": ""CLK_PRCM_ACLK"", ""SrcClockInfoList:SrcClockInfo:ClockObject"": ""ACLK"", ""Module"": ""css600_apbasyncbridgemstr""}","waive_violation -add {RDC_CLOCK_CORRUPT_OBSERVED_68}  -comment {This warning is that output clock of clock gating cell should be active and reset is deasserted. This is confirmed by designer.}  -filter {(RdcSourceResets:ResetName == ""RESETN_ACLK"") AND (RdcDestResets:DestResetInfo:ResetName == ""'no-reset'"") AND (DestClockInfoList:DestClockInfo:ClockDomainId == ""1"") AND (DestClockInfoList:DestClockInfo:ClockName == ""CLK_PRCM_ACLK"") AND (DestClockInfoList:DestClockInfo:ClockObject == ""ACLK"") AND (ReasonInfoList:ReasonInfo:ReasonCode == ""NO_BLOCKING_METHOD"") AND (SrcObject == ""u_apbasyncbridgemstr_aesdma/u_mstr_core/u_lpislave_clkm/u_css600_lpislave_fsm/state/Q[2:0]"") AND (DestObject == ""u_apbasyncbridgemstr_aesdma/u_clk_gate/u_bos_soc_cg/u_dont_touch_preicg/ECK"") AND (AllSrcResets:SrcResetInfo:ResetObject == ""RESETN_ACLK"") AND (AllSrcResets:SrcResetInfo:ResetName == ""RESETN_ACLK"") AND (DestSyncResetInfoList:DestResetInfo:ResetName == ""'no-reset'"") AND (SrcClockInfoList:SrcClockInfo:ClockDomainId == ""1"") AND (SrcClockInfoList:SrcClockInfo:ClockName == ""CLK_PRCM_ACLK"") AND (SrcClockInfoList:SrcClockInfo:ClockObject == ""ACLK"") AND (Module == ""css600_apbasyncbridgemstr"")}  -app { rdc } -tag { RDC_CLOCK_CORRUPT_OBSERVED } -user { minsy0731 } -timestamp { 12-06-2025 13:42:45 }"
RDC_CLOCK_CORRUPT_OBSERVED_68_2,REDUNDANT,0,RDC_CLOCK_CORRUPT_OBSERVED,Logic not needed when IP is reset,pnson,12-05-2026 21:51:59,"{""RdcSourceResets:ResetName"": ""RESETN_ACLK"", ""RdcDestResets:DestResetInfo:ResetName"": ""'no-reset'"", ""DestClockInfoList:DestClockInfo:ClockDomainId"": ""1"", ""DestClockInfoList:DestClockInfo:ClockName"": ""CLK_PRCM_ACLK"", ""DestClockInfoList:DestClockInfo:ClockObject"": ""ACLK"", ""ReasonInfoList:ReasonInfo:ReasonCode"": ""NO_BLOCKING_METHOD"", ""ReasonInfoList:ReasonInfo:ReasonCodeMsg"": ""[ERROR] No valid blocking scheme found"", ""SrcObject"": ""u_enerr_dcls/sync_inst[0].genblk1.genblk1.u_dont_touch_sync_dff2/Q"", ""DestObject"": ""u_gated_sfr_pclk/u_dont_touch_preicg/ECK"", ""SrcObjectType"": ""library-cell"", ""DestObjectType"": ""clock-gating-cell"", ""AllSrcResets:SrcResetInfo:ResetObject"": ""RESETN_ACLK"", ""AllSrcResets:SrcResetInfo:ResetName"": ""RESETN_ACLK"", ""DestSyncResetInfoList:DestResetInfo:ResetName"": ""'no-reset'"", ""SrcClockInfoList:SrcClockInfo:ClockDomainId"": ""1"", ""SrcClockInfoList:SrcClockInfo:ClockName"": ""CLK_PRCM_ACLK"", ""SrcClockInfoList:SrcClockInfo:ClockObject"": ""ACLK"", ""ContainerInstance"": ""BOS_AESDMA"", ""Module"": ""BOS_AESDMA""}","waive_violation -add {RDC_CLOCK_CORRUPT_OBSERVED_68_2}  -comment {Logic not needed when IP is reset}  -filter {(RdcSourceResets:ResetName == ""RESETN_ACLK"") AND (RdcDestResets:DestResetInfo:ResetName == ""'no-reset'"") AND (DestClockInfoList:DestClockInfo:ClockDomainId == ""1"") AND (DestClockInfoList:DestClockInfo:ClockName == ""CLK_PRCM_ACLK"") AND (DestClockInfoList:DestClockInfo:ClockObject == ""ACLK"") AND (ReasonInfoList:ReasonInfo:ReasonCode == ""NO_BLOCKING_METHOD"") AND (ReasonInfoList:ReasonInfo:ReasonCodeMsg == ""[ERROR] No valid blocking scheme found"") AND (SrcObject == ""u_enerr_dcls/sync_inst[0].genblk1.genblk1.u_dont_touch_sync_dff2/Q"") AND (DestObject == ""u_gated_sfr_pclk/u_dont_touch_preicg/ECK"") AND (SrcObjectType == ""library-cell"") AND (DestObjectType == ""clock-gating-cell"") AND (AllSrcResets:SrcResetInfo:ResetObject == ""RESETN_ACLK"") AND (AllSrcResets:SrcResetInfo:ResetName == ""RESETN_ACLK"") AND (DestSyncResetInfoList:DestResetInfo:ResetName == ""'no-reset'"") AND (SrcClockInfoList:SrcClockInfo:ClockDomainId == ""1"") AND (SrcClockInfoList:SrcClockInfo:ClockName == ""CLK_PRCM_ACLK"") AND (SrcClockInfoList:SrcClockInfo:ClockObject == ""ACLK"") AND (ContainerInstance == ""BOS_AESDMA"") AND (Module == ""BOS_AESDMA"")}  -app { rdc } -tag { RDC_CLOCK_CORRUPT_OBSERVED } -user { pnson } -timestamp { 12-05-2026 21:51:59 }"
RDC_CLOCK_CORRUPT_OBSERVED_69,ACTIVE,1,RDC_CLOCK_CORRUPT_OBSERVED,This warning is that output clock of clock gating cell should be active and reset is deasserted. This is confirmed by designer.,minsy0731,12-06-2025 13:42:45,"{""RdcSourceResets:ResetName"": ""RESETN_ACLK"", ""RdcDestResets:DestResetInfo:ResetName"": ""'no-reset'"", ""DestClockInfoList:DestClockInfo:ClockDomainId"": ""1"", ""DestClockInfoList:DestClockInfo:ClockName"": ""CLK_PRCM_ACLK"", ""DestClockInfoList:DestClockInfo:ClockObject"": ""ACLK"", ""ReasonInfoList:ReasonInfo:ReasonCode"": ""NO_BLOCKING_METHOD"", ""SrcObject"": ""u_AESDMA_TOP/u_aesdma_top/u_AESDMA_SFR/r_dma_con2_dma_mode_sel/Q[1:0]"", ""DestObject"": ""u_gated_aescore_aclk/u_dont_touch_preicg/ECK"", ""AllSrcResets:SrcResetInfo:ResetObject"": ""RESETN_ACLK"", ""AllSrcResets:SrcResetInfo:ResetName"": ""RESETN_ACLK"", ""DestSyncResetInfoList:DestResetInfo:ResetName"": ""'no-reset'"", ""SrcClockInfoList:SrcClockInfo:ClockDomainId"": ""1"", ""SrcClockInfoList:SrcClockInfo:ClockName"": ""CLK_PRCM_ACLK"", ""SrcClockInfoList:SrcClockInfo:ClockObject"": ""ACLK"", ""Module"": ""BOS_AESDMA""}","waive_violation -add {RDC_CLOCK_CORRUPT_OBSERVED_69}  -comment {This warning is that output clock of clock gating cell should be active and reset is deasserted. This is confirmed by designer.}  -filter {(RdcSourceResets:ResetName == ""RESETN_ACLK"") AND (RdcDestResets:DestResetInfo:ResetName == ""'no-reset'"") AND (DestClockInfoList:DestClockInfo:ClockDomainId == ""1"") AND (DestClockInfoList:DestClockInfo:ClockName == ""CLK_PRCM_ACLK"") AND (DestClockInfoList:DestClockInfo:ClockObject == ""ACLK"") AND (ReasonInfoList:ReasonInfo:ReasonCode == ""NO_BLOCKING_METHOD"") AND (SrcObject == ""u_AESDMA_TOP/u_aesdma_top/u_AESDMA_SFR/r_dma_con2_dma_mode_sel/Q[1:0]"") AND (DestObject == ""u_gated_aescore_aclk/u_dont_touch_preicg/ECK"") AND (AllSrcResets:SrcResetInfo:ResetObject == ""RESETN_ACLK"") AND (AllSrcResets:SrcResetInfo:ResetName == ""RESETN_ACLK"") AND (DestSyncResetInfoList:DestResetInfo:ResetName == ""'no-reset'"") AND (SrcClockInfoList:SrcClockInfo:ClockDomainId == ""1"") AND (SrcClockInfoList:SrcClockInfo:ClockName == ""CLK_PRCM_ACLK"") AND (SrcClockInfoList:SrcClockInfo:ClockObject == ""ACLK"") AND (Module == ""BOS_AESDMA"")}  -app { rdc } -tag { RDC_CLOCK_CORRUPT_OBSERVED } -user { minsy0731 } -timestamp { 12-06-2025 13:42:45 }"
RDC_CLOCK_CORRUPT_OBSERVED_70,ACTIVE,1,RDC_CLOCK_CORRUPT_OBSERVED,This warning is that output clock of clock gating cell should be active and reset is deasserted. This is confirmed by designer.,minsy0731,12-06-2025 13:42:45,"{""RdcSourceResets:ResetName"": ""RESETN_ACLK"", ""RdcDestResets:DestResetInfo:ResetName"": ""'no-reset'"", ""DestClockInfoList:DestClockInfo:ClockDomainId"": ""1"", ""DestClockInfoList:DestClockInfo:ClockName"": ""CLK_PRCM_ACLK"", ""DestClockInfoList:DestClockInfo:ClockObject"": ""ACLK"", ""ReasonInfoList:ReasonInfo:ReasonCode"": ""NO_BLOCKING_METHOD"", ""SrcObject"": ""u_apbasyncbridgemstr_aesdma/u_mstr_core/state/Q[1:0]"", ""DestObject"": ""u_apbasyncbridgemstr_aesdma/u_clk_gate/u_bos_soc_cg/u_dont_touch_preicg/ECK"", ""AllSrcResets:SrcResetInfo:ResetObject"": ""RESETN_ACLK"", ""AllSrcResets:SrcResetInfo:ResetName"": ""RESETN_ACLK"", ""DestSyncResetInfoList:DestResetInfo:ResetName"": ""'no-reset'"", ""SrcClockInfoList:SrcClockInfo:ClockDomainId"": ""1"", ""SrcClockInfoList:SrcClockInfo:ClockName"": ""CLK_PRCM_ACLK"", ""SrcClockInfoList:SrcClockInfo:ClockObject"": ""ACLK"", ""Module"": ""css600_apbasyncbridgemstr""}","waive_violation -add {RDC_CLOCK_CORRUPT_OBSERVED_70}  -comment {This warning is that output clock of clock gating cell should be active and reset is deasserted. This is confirmed by designer.}  -filter {(RdcSourceResets:ResetName == ""RESETN_ACLK"") AND (RdcDestResets:DestResetInfo:ResetName == ""'no-reset'"") AND (DestClockInfoList:DestClockInfo:ClockDomainId == ""1"") AND (DestClockInfoList:DestClockInfo:ClockName == ""CLK_PRCM_ACLK"") AND (DestClockInfoList:DestClockInfo:ClockObject == ""ACLK"") AND (ReasonInfoList:ReasonInfo:ReasonCode == ""NO_BLOCKING_METHOD"") AND (SrcObject == ""u_apbasyncbridgemstr_aesdma/u_mstr_core/state/Q[1:0]"") AND (DestObject == ""u_apbasyncbridgemstr_aesdma/u_clk_gate/u_bos_soc_cg/u_dont_touch_preicg/ECK"") AND (AllSrcResets:SrcResetInfo:ResetObject == ""RESETN_ACLK"") AND (AllSrcResets:SrcResetInfo:ResetName == ""RESETN_ACLK"") AND (DestSyncResetInfoList:DestResetInfo:ResetName == ""'no-reset'"") AND (SrcClockInfoList:SrcClockInfo:ClockDomainId == ""1"") AND (SrcClockInfoList:SrcClockInfo:ClockName == ""CLK_PRCM_ACLK"") AND (SrcClockInfoList:SrcClockInfo:ClockObject == ""ACLK"") AND (Module == ""css600_apbasyncbridgemstr"")}  -app { rdc } -tag { RDC_CLOCK_CORRUPT_OBSERVED } -user { minsy0731 } -timestamp { 12-06-2025 13:42:45 }"
RDC_CLOCK_CORRUPT_OBSERVED_71,ACTIVE,1,RDC_CLOCK_CORRUPT_OBSERVED,This warning is that output clock of clock gating cell should be active and reset is deasserted. This is confirmed by designer.,minsy0731,12-06-2025 13:42:45,"{""RdcSourceResets:ResetName"": ""RESETN_ACLK"", ""RdcDestResets:DestResetInfo:ResetName"": ""'no-reset'"", ""DestClockInfoList:DestClockInfo:ClockDomainId"": ""1"", ""DestClockInfoList:DestClockInfo:ClockName"": ""CLK_PRCM_ACLK"", ""DestClockInfoList:DestClockInfo:ClockObject"": ""ACLK"", ""ReasonInfoList:ReasonInfo:ReasonCode"": ""NO_BLOCKING_METHOD"", ""SrcObject"": ""u_AESDMA_TOP/u_aesdma_top/u_AESDMA_SFR/r_dma_con2_doorbell_en/Q"", ""DestObject"": ""u_gated_core_aclk/u_dont_touch_preicg/ECK"", ""AllSrcResets:SrcResetInfo:ResetObject"": ""RESETN_ACLK"", ""AllSrcResets:SrcResetInfo:ResetName"": ""RESETN_ACLK"", ""DestSyncResetInfoList:DestResetInfo:ResetName"": ""'no-reset'"", ""SrcClockInfoList:SrcClockInfo:ClockDomainId"": ""1"", ""SrcClockInfoList:SrcClockInfo:ClockName"": ""CLK_PRCM_ACLK"", ""SrcClockInfoList:SrcClockInfo:ClockObject"": ""ACLK"", ""Module"": ""BOS_AESDMA""}","waive_violation -add {RDC_CLOCK_CORRUPT_OBSERVED_71}  -comment {This warning is that output clock of clock gating cell should be active and reset is deasserted. This is confirmed by designer.}  -filter {(RdcSourceResets:ResetName == ""RESETN_ACLK"") AND (RdcDestResets:DestResetInfo:ResetName == ""'no-reset'"") AND (DestClockInfoList:DestClockInfo:ClockDomainId == ""1"") AND (DestClockInfoList:DestClockInfo:ClockName == ""CLK_PRCM_ACLK"") AND (DestClockInfoList:DestClockInfo:ClockObject == ""ACLK"") AND (ReasonInfoList:ReasonInfo:ReasonCode == ""NO_BLOCKING_METHOD"") AND (SrcObject == ""u_AESDMA_TOP/u_aesdma_top/u_AESDMA_SFR/r_dma_con2_doorbell_en/Q"") AND (DestObject == ""u_gated_core_aclk/u_dont_touch_preicg/ECK"") AND (AllSrcResets:SrcResetInfo:ResetObject == ""RESETN_ACLK"") AND (AllSrcResets:SrcResetInfo:ResetName == ""RESETN_ACLK"") AND (DestSyncResetInfoList:DestResetInfo:ResetName == ""'no-reset'"") AND (SrcClockInfoList:SrcClockInfo:ClockDomainId == ""1"") AND (SrcClockInfoList:SrcClockInfo:ClockName == ""CLK_PRCM_ACLK"") AND (SrcClockInfoList:SrcClockInfo:ClockObject == ""ACLK"") AND (Module == ""BOS_AESDMA"")}  -app { rdc } -tag { RDC_CLOCK_CORRUPT_OBSERVED } -user { minsy0731 } -timestamp { 12-06-2025 13:42:45 }"
RDC_CLOCK_CORRUPT_OBSERVED_72,ACTIVE,1,RDC_CLOCK_CORRUPT_OBSERVED,This warning is that output clock of clock gating cell should be active and reset is deasserted. This is confirmed by designer.,minsy0731,12-06-2025 13:42:45,"{""RdcSourceResets:ResetName"": ""RESETN_ACLK"", ""RdcDestResets:DestResetInfo:ResetName"": ""'no-reset'"", ""DestClockInfoList:DestClockInfo:ClockDomainId"": ""1"", ""DestClockInfoList:DestClockInfo:ClockName"": ""CLK_PRCM_ACLK"", ""DestClockInfoList:DestClockInfo:ClockObject"": ""ACLK"", ""ReasonInfoList:ReasonInfo:ReasonCode"": ""NO_BLOCKING_METHOD"", ""SrcObject"": ""u_AESDMA_TOP/u_aesdma_top/u_AESDMA_SFR/r_dma_con2_bd_en/Q"", ""DestObject"": ""u_gated_aescore_aclk/u_dont_touch_preicg/ECK"", ""AllSrcResets:SrcResetInfo:ResetObject"": ""RESETN_ACLK"", ""AllSrcResets:SrcResetInfo:ResetName"": ""RESETN_ACLK"", ""DestSyncResetInfoList:DestResetInfo:ResetName"": ""'no-reset'"", ""SrcClockInfoList:SrcClockInfo:ClockDomainId"": ""1"", ""SrcClockInfoList:SrcClockInfo:ClockName"": ""CLK_PRCM_ACLK"", ""SrcClockInfoList:SrcClockInfo:ClockObject"": ""ACLK"", ""Module"": ""BOS_AESDMA""}","waive_violation -add {RDC_CLOCK_CORRUPT_OBSERVED_72}  -comment {This warning is that output clock of clock gating cell should be active and reset is deasserted. This is confirmed by designer.}  -filter {(RdcSourceResets:ResetName == ""RESETN_ACLK"") AND (RdcDestResets:DestResetInfo:ResetName == ""'no-reset'"") AND (DestClockInfoList:DestClockInfo:ClockDomainId == ""1"") AND (DestClockInfoList:DestClockInfo:ClockName == ""CLK_PRCM_ACLK"") AND (DestClockInfoList:DestClockInfo:ClockObject == ""ACLK"") AND (ReasonInfoList:ReasonInfo:ReasonCode == ""NO_BLOCKING_METHOD"") AND (SrcObject == ""u_AESDMA_TOP/u_aesdma_top/u_AESDMA_SFR/r_dma_con2_bd_en/Q"") AND (DestObject == ""u_gated_aescore_aclk/u_dont_touch_preicg/ECK"") AND (AllSrcResets:SrcResetInfo:ResetObject == ""RESETN_ACLK"") AND (AllSrcResets:SrcResetInfo:ResetName == ""RESETN_ACLK"") AND (DestSyncResetInfoList:DestResetInfo:ResetName == ""'no-reset'"") AND (SrcClockInfoList:SrcClockInfo:ClockDomainId == ""1"") AND (SrcClockInfoList:SrcClockInfo:ClockName == ""CLK_PRCM_ACLK"") AND (SrcClockInfoList:SrcClockInfo:ClockObject == ""ACLK"") AND (Module == ""BOS_AESDMA"")}  -app { rdc } -tag { RDC_CLOCK_CORRUPT_OBSERVED } -user { minsy0731 } -timestamp { 12-06-2025 13:42:45 }"
RDC_CLOCK_CORRUPT_OBSERVED_73,ACTIVE,1,RDC_CLOCK_CORRUPT_OBSERVED,This warning is that output clock of clock gating cell should be active and reset is deasserted. This is confirmed by designer.,minsy0731,12-06-2025 13:42:45,"{""RdcSourceResets:ResetName"": ""RESETN_ACLK"", ""RdcDestResets:DestResetInfo:ResetName"": ""'no-reset'"", ""DestClockInfoList:DestClockInfo:ClockDomainId"": ""1"", ""DestClockInfoList:DestClockInfo:ClockName"": ""CLK_PRCM_ACLK"", ""DestClockInfoList:DestClockInfo:ClockObject"": ""ACLK"", ""ReasonInfoList:ReasonInfo:ReasonCode"": ""NO_BLOCKING_METHOD"", ""SrcObject"": ""u_apbasyncbridgemstr_aesdma/u_clk_qreq_sync/u_BOS_SOC_SYNCHSR/sync_inst[0].genblk1.genblk1.u_dont_touch_sync_dff2/Q"", ""DestObject"": ""u_apbasyncbridgemstr_aesdma/u_clk_gate/u_bos_soc_cg/u_dont_touch_preicg/ECK"", ""AllSrcResets:SrcResetInfo:ResetObject"": ""RESETN_ACLK"", ""AllSrcResets:SrcResetInfo:ResetName"": ""RESETN_ACLK"", ""DestSyncResetInfoList:DestResetInfo:ResetName"": ""'no-reset'"", ""SrcClockInfoList:SrcClockInfo:ClockDomainId"": ""1"", ""SrcClockInfoList:SrcClockInfo:ClockName"": ""CLK_PRCM_ACLK"", ""SrcClockInfoList:SrcClockInfo:ClockObject"": ""ACLK"", ""Module"": ""css600_apbasyncbridgemstr""}","waive_violation -add {RDC_CLOCK_CORRUPT_OBSERVED_73}  -comment {This warning is that output clock of clock gating cell should be active and reset is deasserted. This is confirmed by designer.}  -filter {(RdcSourceResets:ResetName == ""RESETN_ACLK"") AND (RdcDestResets:DestResetInfo:ResetName == ""'no-reset'"") AND (DestClockInfoList:DestClockInfo:ClockDomainId == ""1"") AND (DestClockInfoList:DestClockInfo:ClockName == ""CLK_PRCM_ACLK"") AND (DestClockInfoList:DestClockInfo:ClockObject == ""ACLK"") AND (ReasonInfoList:ReasonInfo:ReasonCode == ""NO_BLOCKING_METHOD"") AND (SrcObject == ""u_apbasyncbridgemstr_aesdma/u_clk_qreq_sync/u_BOS_SOC_SYNCHSR/sync_inst[0].genblk1.genblk1.u_dont_touch_sync_dff2/Q"") AND (DestObject == ""u_apbasyncbridgemstr_aesdma/u_clk_gate/u_bos_soc_cg/u_dont_touch_preicg/ECK"") AND (AllSrcResets:SrcResetInfo:ResetObject == ""RESETN_ACLK"") AND (AllSrcResets:SrcResetInfo:ResetName == ""RESETN_ACLK"") AND (DestSyncResetInfoList:DestResetInfo:ResetName == ""'no-reset'"") AND (SrcClockInfoList:SrcClockInfo:ClockDomainId == ""1"") AND (SrcClockInfoList:SrcClockInfo:ClockName == ""CLK_PRCM_ACLK"") AND (SrcClockInfoList:SrcClockInfo:ClockObject == ""ACLK"") AND (Module == ""css600_apbasyncbridgemstr"")}  -app { rdc } -tag { RDC_CLOCK_CORRUPT_OBSERVED } -user { minsy0731 } -timestamp { 12-06-2025 13:42:45 }"
RDC_CLOCK_CORRUPT_OBSERVED_74,ACTIVE,1,RDC_CLOCK_CORRUPT_OBSERVED,This warning is that output clock of clock gating cell should be active and reset is deasserted. This is confirmed by designer.,minsy0731,12-06-2025 13:42:45,"{""RdcSourceResets:ResetName"": ""RESETN_ACLK"", ""RdcDestResets:DestResetInfo:ResetName"": ""'no-reset'"", ""DestClockInfoList:DestClockInfo:ClockDomainId"": ""1"", ""DestClockInfoList:DestClockInfo:ClockName"": ""CLK_PRCM_ACLK"", ""DestClockInfoList:DestClockInfo:ClockObject"": ""ACLK"", ""ReasonInfoList:ReasonInfo:ReasonCode"": ""NO_BLOCKING_METHOD"", ""SrcObject"": ""u_AESDMA_TOP/u_aesdma_top/u_AESDMA_SFR/r_dma_con2_bd_en/Q"", ""DestObject"": ""u_gated_core_aclk/u_dont_touch_preicg/ECK"", ""AllSrcResets:SrcResetInfo:ResetObject"": ""RESETN_ACLK"", ""AllSrcResets:SrcResetInfo:ResetName"": ""RESETN_ACLK"", ""DestSyncResetInfoList:DestResetInfo:ResetName"": ""'no-reset'"", ""SrcClockInfoList:SrcClockInfo:ClockDomainId"": ""1"", ""SrcClockInfoList:SrcClockInfo:ClockName"": ""CLK_PRCM_ACLK"", ""SrcClockInfoList:SrcClockInfo:ClockObject"": ""ACLK"", ""Module"": ""BOS_AESDMA""}","waive_violation -add {RDC_CLOCK_CORRUPT_OBSERVED_74}  -comment {This warning is that output clock of clock gating cell should be active and reset is deasserted. This is confirmed by designer.}  -filter {(RdcSourceResets:ResetName == ""RESETN_ACLK"") AND (RdcDestResets:DestResetInfo:ResetName == ""'no-reset'"") AND (DestClockInfoList:DestClockInfo:ClockDomainId == ""1"") AND (DestClockInfoList:DestClockInfo:ClockName == ""CLK_PRCM_ACLK"") AND (DestClockInfoList:DestClockInfo:ClockObject == ""ACLK"") AND (ReasonInfoList:ReasonInfo:ReasonCode == ""NO_BLOCKING_METHOD"") AND (SrcObject == ""u_AESDMA_TOP/u_aesdma_top/u_AESDMA_SFR/r_dma_con2_bd_en/Q"") AND (DestObject == ""u_gated_core_aclk/u_dont_touch_preicg/ECK"") AND (AllSrcResets:SrcResetInfo:ResetObject == ""RESETN_ACLK"") AND (AllSrcResets:SrcResetInfo:ResetName == ""RESETN_ACLK"") AND (DestSyncResetInfoList:DestResetInfo:ResetName == ""'no-reset'"") AND (SrcClockInfoList:SrcClockInfo:ClockDomainId == ""1"") AND (SrcClockInfoList:SrcClockInfo:ClockName == ""CLK_PRCM_ACLK"") AND (SrcClockInfoList:SrcClockInfo:ClockObject == ""ACLK"") AND (Module == ""BOS_AESDMA"")}  -app { rdc } -tag { RDC_CLOCK_CORRUPT_OBSERVED } -user { minsy0731 } -timestamp { 12-06-2025 13:42:45 }"
RDC_CLOCK_CORRUPT_OBSERVED_75,ACTIVE,1,RDC_CLOCK_CORRUPT_OBSERVED,This warning is that output clock of clock gating cell should be active and reset is deasserted. This is confirmed by designer.,minsy0731,12-06-2025 13:42:45,"{""RdcSourceResets:ResetName"": ""RESETN_ACLK"", ""RdcDestResets:DestResetInfo:ResetName"": ""'no-reset'"", ""DestClockInfoList:DestClockInfo:ClockDomainId"": ""1"", ""DestClockInfoList:DestClockInfo:ClockName"": ""CLK_PRCM_ACLK"", ""DestClockInfoList:DestClockInfo:ClockObject"": ""ACLK"", ""ReasonInfoList:ReasonInfo:ReasonCode"": ""NO_BLOCKING_METHOD"", ""SrcObject"": ""u_AESDMA_TOP/u_aesdma_top/u_AESDMA_SFR/r_dma_con0_dma_start/Q"", ""DestObject"": ""u_gated_aescore_aclk/u_dont_touch_preicg/ECK"", ""AllSrcResets:SrcResetInfo:ResetObject"": ""RESETN_ACLK"", ""AllSrcResets:SrcResetInfo:ResetName"": ""RESETN_ACLK"", ""DestSyncResetInfoList:DestResetInfo:ResetName"": ""'no-reset'"", ""SrcClockInfoList:SrcClockInfo:ClockDomainId"": ""1"", ""SrcClockInfoList:SrcClockInfo:ClockName"": ""CLK_PRCM_ACLK"", ""SrcClockInfoList:SrcClockInfo:ClockObject"": ""ACLK"", ""Module"": ""BOS_AESDMA""}","waive_violation -add {RDC_CLOCK_CORRUPT_OBSERVED_75}  -comment {This warning is that output clock of clock gating cell should be active and reset is deasserted. This is confirmed by designer.}  -filter {(RdcSourceResets:ResetName == ""RESETN_ACLK"") AND (RdcDestResets:DestResetInfo:ResetName == ""'no-reset'"") AND (DestClockInfoList:DestClockInfo:ClockDomainId == ""1"") AND (DestClockInfoList:DestClockInfo:ClockName == ""CLK_PRCM_ACLK"") AND (DestClockInfoList:DestClockInfo:ClockObject == ""ACLK"") AND (ReasonInfoList:ReasonInfo:ReasonCode == ""NO_BLOCKING_METHOD"") AND (SrcObject == ""u_AESDMA_TOP/u_aesdma_top/u_AESDMA_SFR/r_dma_con0_dma_start/Q"") AND (DestObject == ""u_gated_aescore_aclk/u_dont_touch_preicg/ECK"") AND (AllSrcResets:SrcResetInfo:ResetObject == ""RESETN_ACLK"") AND (AllSrcResets:SrcResetInfo:ResetName == ""RESETN_ACLK"") AND (DestSyncResetInfoList:DestResetInfo:ResetName == ""'no-reset'"") AND (SrcClockInfoList:SrcClockInfo:ClockDomainId == ""1"") AND (SrcClockInfoList:SrcClockInfo:ClockName == ""CLK_PRCM_ACLK"") AND (SrcClockInfoList:SrcClockInfo:ClockObject == ""ACLK"") AND (Module == ""BOS_AESDMA"")}  -app { rdc } -tag { RDC_CLOCK_CORRUPT_OBSERVED } -user { minsy0731 } -timestamp { 12-06-2025 13:42:45 }"
RDC_CLOCK_CORRUPT_OBSERVED_76,ACTIVE,1,RDC_CLOCK_CORRUPT_OBSERVED,This warning is that output clock of clock gating cell should be active and reset is deasserted. This is confirmed by designer.,minsy0731,12-06-2025 13:42:45,"{""RdcSourceResets:ResetName"": ""RESETN_ACLK"", ""RdcDestResets:DestResetInfo:ResetName"": ""'no-reset'"", ""DestClockInfoList:DestClockInfo:ClockDomainId"": ""1"", ""DestClockInfoList:DestClockInfo:ClockName"": ""CLK_PRCM_ACLK"", ""DestClockInfoList:DestClockInfo:ClockObject"": ""ACLK"", ""ReasonInfoList:ReasonInfo:ReasonCode"": ""NO_BLOCKING_METHOD"", ""SrcObject"": ""u_AESDMA_TOP/u_aesdma_top/u_AESDMA_SFR/r_dma_con2_bd_en/Q"", ""DestObject"": ""u_gated_datagen_aclk/u_dont_touch_preicg/ECK"", ""AllSrcResets:SrcResetInfo:ResetObject"": ""RESETN_ACLK"", ""AllSrcResets:SrcResetInfo:ResetName"": ""RESETN_ACLK"", ""DestSyncResetInfoList:DestResetInfo:ResetName"": ""'no-reset'"", ""SrcClockInfoList:SrcClockInfo:ClockDomainId"": ""1"", ""SrcClockInfoList:SrcClockInfo:ClockName"": ""CLK_PRCM_ACLK"", ""SrcClockInfoList:SrcClockInfo:ClockObject"": ""ACLK"", ""Module"": ""BOS_AESDMA""}","waive_violation -add {RDC_CLOCK_CORRUPT_OBSERVED_76}  -comment {This warning is that output clock of clock gating cell should be active and reset is deasserted. This is confirmed by designer.}  -filter {(RdcSourceResets:ResetName == ""RESETN_ACLK"") AND (RdcDestResets:DestResetInfo:ResetName == ""'no-reset'"") AND (DestClockInfoList:DestClockInfo:ClockDomainId == ""1"") AND (DestClockInfoList:DestClockInfo:ClockName == ""CLK_PRCM_ACLK"") AND (DestClockInfoList:DestClockInfo:ClockObject == ""ACLK"") AND (ReasonInfoList:ReasonInfo:ReasonCode == ""NO_BLOCKING_METHOD"") AND (SrcObject == ""u_AESDMA_TOP/u_aesdma_top/u_AESDMA_SFR/r_dma_con2_bd_en/Q"") AND (DestObject == ""u_gated_datagen_aclk/u_dont_touch_preicg/ECK"") AND (AllSrcResets:SrcResetInfo:ResetObject == ""RESETN_ACLK"") AND (AllSrcResets:SrcResetInfo:ResetName == ""RESETN_ACLK"") AND (DestSyncResetInfoList:DestResetInfo:ResetName == ""'no-reset'"") AND (SrcClockInfoList:SrcClockInfo:ClockDomainId == ""1"") AND (SrcClockInfoList:SrcClockInfo:ClockName == ""CLK_PRCM_ACLK"") AND (SrcClockInfoList:SrcClockInfo:ClockObject == ""ACLK"") AND (Module == ""BOS_AESDMA"")}  -app { rdc } -tag { RDC_CLOCK_CORRUPT_OBSERVED } -user { minsy0731 } -timestamp { 12-06-2025 13:42:45 }"
RDC_CLOCK_CORRUPT_OBSERVED_77,ACTIVE,1,RDC_CLOCK_CORRUPT_OBSERVED,This warning is that output clock of clock gating cell should be active and reset is deasserted. This is confirmed by designer.,minsy0731,12-06-2025 13:42:45,"{""RdcSourceResets:ResetName"": ""RESETN_ACLK"", ""RdcDestResets:DestResetInfo:ResetName"": ""'no-reset'"", ""DestClockInfoList:DestClockInfo:ClockDomainId"": ""1"", ""DestClockInfoList:DestClockInfo:ClockName"": ""CLK_PRCM_ACLK"", ""DestClockInfoList:DestClockInfo:ClockObject"": ""ACLK"", ""ReasonInfoList:ReasonInfo:ReasonCode"": ""NO_BLOCKING_METHOD"", ""SrcObject"": ""u_apbasyncbridgemstr_aesdma/u_req_sync/u_BOS_SOC_SYNCHSR/sync_inst[0].genblk1.genblk1.u_dont_touch_sync_dff2/Q"", ""DestObject"": ""u_apbasyncbridgemstr_aesdma/u_clk_gate/u_bos_soc_cg/u_dont_touch_preicg/ECK"", ""AllSrcResets:SrcResetInfo:ResetObject"": ""RESETN_ACLK"", ""AllSrcResets:SrcResetInfo:ResetName"": ""RESETN_ACLK"", ""DestSyncResetInfoList:DestResetInfo:ResetName"": ""'no-reset'"", ""SrcClockInfoList:SrcClockInfo:ClockDomainId"": ""1"", ""SrcClockInfoList:SrcClockInfo:ClockName"": ""CLK_PRCM_ACLK"", ""SrcClockInfoList:SrcClockInfo:ClockObject"": ""ACLK"", ""Module"": ""css600_apbasyncbridgemstr""}","waive_violation -add {RDC_CLOCK_CORRUPT_OBSERVED_77}  -comment {This warning is that output clock of clock gating cell should be active and reset is deasserted. This is confirmed by designer.}  -filter {(RdcSourceResets:ResetName == ""RESETN_ACLK"") AND (RdcDestResets:DestResetInfo:ResetName == ""'no-reset'"") AND (DestClockInfoList:DestClockInfo:ClockDomainId == ""1"") AND (DestClockInfoList:DestClockInfo:ClockName == ""CLK_PRCM_ACLK"") AND (DestClockInfoList:DestClockInfo:ClockObject == ""ACLK"") AND (ReasonInfoList:ReasonInfo:ReasonCode == ""NO_BLOCKING_METHOD"") AND (SrcObject == ""u_apbasyncbridgemstr_aesdma/u_req_sync/u_BOS_SOC_SYNCHSR/sync_inst[0].genblk1.genblk1.u_dont_touch_sync_dff2/Q"") AND (DestObject == ""u_apbasyncbridgemstr_aesdma/u_clk_gate/u_bos_soc_cg/u_dont_touch_preicg/ECK"") AND (AllSrcResets:SrcResetInfo:ResetObject == ""RESETN_ACLK"") AND (AllSrcResets:SrcResetInfo:ResetName == ""RESETN_ACLK"") AND (DestSyncResetInfoList:DestResetInfo:ResetName == ""'no-reset'"") AND (SrcClockInfoList:SrcClockInfo:ClockDomainId == ""1"") AND (SrcClockInfoList:SrcClockInfo:ClockName == ""CLK_PRCM_ACLK"") AND (SrcClockInfoList:SrcClockInfo:ClockObject == ""ACLK"") AND (Module == ""css600_apbasyncbridgemstr"")}  -app { rdc } -tag { RDC_CLOCK_CORRUPT_OBSERVED } -user { minsy0731 } -timestamp { 12-06-2025 13:42:45 }"
RDC_CLOCK_CORRUPT_OBSERVED_78,ACTIVE,1,RDC_CLOCK_CORRUPT_OBSERVED,This warning is that output clock of clock gating cell should be active and reset is deasserted. This is confirmed by designer.,minsy0731,12-06-2025 13:42:45,"{""RdcSourceResets:ResetName"": ""RESETN_ACLK"", ""RdcDestResets:DestResetInfo:ResetName"": ""'no-reset'"", ""DestClockInfoList:DestClockInfo:ClockDomainId"": ""1"", ""DestClockInfoList:DestClockInfo:ClockName"": ""CLK_PRCM_ACLK"", ""DestClockInfoList:DestClockInfo:ClockObject"": ""ACLK"", ""ReasonInfoList:ReasonInfo:ReasonCode"": ""NO_BLOCKING_METHOD"", ""SrcObject"": ""u_AESDMA_TOP/u_aesdma_top/u_AESDMA_SFR/r_dma_con0_dma_start/Q"", ""DestObject"": ""u_gated_sfr_pclk/u_dont_touch_preicg/ECK"", ""AllSrcResets:SrcResetInfo:ResetObject"": ""RESETN_ACLK"", ""AllSrcResets:SrcResetInfo:ResetName"": ""RESETN_ACLK"", ""DestSyncResetInfoList:DestResetInfo:ResetName"": ""'no-reset'"", ""SrcClockInfoList:SrcClockInfo:ClockDomainId"": ""1"", ""SrcClockInfoList:SrcClockInfo:ClockName"": ""CLK_PRCM_ACLK"", ""SrcClockInfoList:SrcClockInfo:ClockObject"": ""ACLK"", ""Module"": ""BOS_AESDMA""}","waive_violation -add {RDC_CLOCK_CORRUPT_OBSERVED_78}  -comment {This warning is that output clock of clock gating cell should be active and reset is deasserted. This is confirmed by designer.}  -filter {(RdcSourceResets:ResetName == ""RESETN_ACLK"") AND (RdcDestResets:DestResetInfo:ResetName == ""'no-reset'"") AND (DestClockInfoList:DestClockInfo:ClockDomainId == ""1"") AND (DestClockInfoList:DestClockInfo:ClockName == ""CLK_PRCM_ACLK"") AND (DestClockInfoList:DestClockInfo:ClockObject == ""ACLK"") AND (ReasonInfoList:ReasonInfo:ReasonCode == ""NO_BLOCKING_METHOD"") AND (SrcObject == ""u_AESDMA_TOP/u_aesdma_top/u_AESDMA_SFR/r_dma_con0_dma_start/Q"") AND (DestObject == ""u_gated_sfr_pclk/u_dont_touch_preicg/ECK"") AND (AllSrcResets:SrcResetInfo:ResetObject == ""RESETN_ACLK"") AND (AllSrcResets:SrcResetInfo:ResetName == ""RESETN_ACLK"") AND (DestSyncResetInfoList:DestResetInfo:ResetName == ""'no-reset'"") AND (SrcClockInfoList:SrcClockInfo:ClockDomainId == ""1"") AND (SrcClockInfoList:SrcClockInfo:ClockName == ""CLK_PRCM_ACLK"") AND (SrcClockInfoList:SrcClockInfo:ClockObject == ""ACLK"") AND (Module == ""BOS_AESDMA"")}  -app { rdc } -tag { RDC_CLOCK_CORRUPT_OBSERVED } -user { minsy0731 } -timestamp { 12-06-2025 13:42:45 }"
RDC_CLOCK_CORRUPT_OBSERVED_79,ACTIVE,1,RDC_CLOCK_CORRUPT_OBSERVED,This warning is that output clock of clock gating cell should be active and reset is deasserted. This is confirmed by designer.,minsy0731,12-06-2025 13:42:45,"{""RdcSourceResets:ResetName"": ""RESETN_ACLK"", ""RdcDestResets:DestResetInfo:ResetName"": ""'no-reset'"", ""DestClockInfoList:DestClockInfo:ClockDomainId"": ""1"", ""DestClockInfoList:DestClockInfo:ClockName"": ""CLK_PRCM_ACLK"", ""DestClockInfoList:DestClockInfo:ClockObject"": ""ACLK"", ""ReasonInfoList:ReasonInfo:ReasonCode"": ""NO_BLOCKING_METHOD"", ""SrcObject"": ""u_AESDMA_TOP/u_aesdma_top/u_AESDMA_SFR/r_dma_con2_doorbell_en/Q"", ""DestObject"": ""u_gated_bd_aclk/u_dont_touch_preicg/ECK"", ""AllSrcResets:SrcResetInfo:ResetObject"": ""RESETN_ACLK"", ""AllSrcResets:SrcResetInfo:ResetName"": ""RESETN_ACLK"", ""DestSyncResetInfoList:DestResetInfo:ResetName"": ""'no-reset'"", ""SrcClockInfoList:SrcClockInfo:ClockDomainId"": ""1"", ""SrcClockInfoList:SrcClockInfo:ClockName"": ""CLK_PRCM_ACLK"", ""SrcClockInfoList:SrcClockInfo:ClockObject"": ""ACLK"", ""Module"": ""BOS_AESDMA""}","waive_violation -add {RDC_CLOCK_CORRUPT_OBSERVED_79}  -comment {This warning is that output clock of clock gating cell should be active and reset is deasserted. This is confirmed by designer.}  -filter {(RdcSourceResets:ResetName == ""RESETN_ACLK"") AND (RdcDestResets:DestResetInfo:ResetName == ""'no-reset'"") AND (DestClockInfoList:DestClockInfo:ClockDomainId == ""1"") AND (DestClockInfoList:DestClockInfo:ClockName == ""CLK_PRCM_ACLK"") AND (DestClockInfoList:DestClockInfo:ClockObject == ""ACLK"") AND (ReasonInfoList:ReasonInfo:ReasonCode == ""NO_BLOCKING_METHOD"") AND (SrcObject == ""u_AESDMA_TOP/u_aesdma_top/u_AESDMA_SFR/r_dma_con2_doorbell_en/Q"") AND (DestObject == ""u_gated_bd_aclk/u_dont_touch_preicg/ECK"") AND (AllSrcResets:SrcResetInfo:ResetObject == ""RESETN_ACLK"") AND (AllSrcResets:SrcResetInfo:ResetName == ""RESETN_ACLK"") AND (DestSyncResetInfoList:DestResetInfo:ResetName == ""'no-reset'"") AND (SrcClockInfoList:SrcClockInfo:ClockDomainId == ""1"") AND (SrcClockInfoList:SrcClockInfo:ClockName == ""CLK_PRCM_ACLK"") AND (SrcClockInfoList:SrcClockInfo:ClockObject == ""ACLK"") AND (Module == ""BOS_AESDMA"")}  -app { rdc } -tag { RDC_CLOCK_CORRUPT_OBSERVED } -user { minsy0731 } -timestamp { 12-06-2025 13:42:45 }"
RDC_CLOCK_CORRUPT_OBSERVED_80,ACTIVE,1,RDC_CLOCK_CORRUPT_OBSERVED,This warning is that output clock of clock gating cell should be active and reset is deasserted. This is confirmed by designer.,minsy0731,12-06-2025 13:42:45,"{""RdcSourceResets:ResetName"": ""RESETN_PCLK"", ""RdcDestResets:DestResetInfo:ResetName"": ""'no-reset'"", ""DestClockInfoList:DestClockInfo:ClockDomainId"": ""2"", ""DestClockInfoList:DestClockInfo:ClockName"": ""CLK_PRCM_PCLK"", ""DestClockInfoList:DestClockInfo:ClockObject"": ""PCLK"", ""ReasonInfoList:ReasonInfo:ReasonCode"": ""NO_BLOCKING_METHOD"", ""SrcObject"": ""u_apbasyncbridgeslv_aesdma/u_slv_core/u_lpislave_clks/u_css600_lpislave_fsm/state/Q[2:0]"", ""DestObject"": ""u_apbasyncbridgeslv_aesdma/u_clk_gate/u_bos_soc_cg/u_dont_touch_preicg/ECK"", ""AllSrcResets:SrcResetInfo:ResetObject"": ""RESETN_PCLK"", ""AllSrcResets:SrcResetInfo:ResetName"": ""RESETN_PCLK"", ""DestSyncResetInfoList:DestResetInfo:ResetName"": ""'no-reset'"", ""SrcClockInfoList:SrcClockInfo:ClockDomainId"": ""2"", ""SrcClockInfoList:SrcClockInfo:ClockName"": ""CLK_PRCM_PCLK"", ""SrcClockInfoList:SrcClockInfo:ClockObject"": ""PCLK"", ""Module"": ""css600_apbasyncbridgeslv""}","waive_violation -add {RDC_CLOCK_CORRUPT_OBSERVED_80}  -comment {This warning is that output clock of clock gating cell should be active and reset is deasserted. This is confirmed by designer.}  -filter {(RdcSourceResets:ResetName == ""RESETN_PCLK"") AND (RdcDestResets:DestResetInfo:ResetName == ""'no-reset'"") AND (DestClockInfoList:DestClockInfo:ClockDomainId == ""2"") AND (DestClockInfoList:DestClockInfo:ClockName == ""CLK_PRCM_PCLK"") AND (DestClockInfoList:DestClockInfo:ClockObject == ""PCLK"") AND (ReasonInfoList:ReasonInfo:ReasonCode == ""NO_BLOCKING_METHOD"") AND (SrcObject == ""u_apbasyncbridgeslv_aesdma/u_slv_core/u_lpislave_clks/u_css600_lpislave_fsm/state/Q[2:0]"") AND (DestObject == ""u_apbasyncbridgeslv_aesdma/u_clk_gate/u_bos_soc_cg/u_dont_touch_preicg/ECK"") AND (AllSrcResets:SrcResetInfo:ResetObject == ""RESETN_PCLK"") AND (AllSrcResets:SrcResetInfo:ResetName == ""RESETN_PCLK"") AND (DestSyncResetInfoList:DestResetInfo:ResetName == ""'no-reset'"") AND (SrcClockInfoList:SrcClockInfo:ClockDomainId == ""2"") AND (SrcClockInfoList:SrcClockInfo:ClockName == ""CLK_PRCM_PCLK"") AND (SrcClockInfoList:SrcClockInfo:ClockObject == ""PCLK"") AND (Module == ""css600_apbasyncbridgeslv"")}  -app { rdc } -tag { RDC_CLOCK_CORRUPT_OBSERVED } -user { minsy0731 } -timestamp { 12-06-2025 13:42:45 }"
RDC_CLOCK_CORRUPT_OBSERVED_81,ACTIVE,1,RDC_CLOCK_CORRUPT_OBSERVED,This warning is that output clock of clock gating cell should be active and reset is deasserted. This is confirmed by designer.,minsy0731,12-06-2025 13:42:45,"{""RdcSourceResets:ResetName"": ""RESETN_ACLK"", ""RdcDestResets:DestResetInfo:ResetName"": ""'no-reset'"", ""DestClockInfoList:DestClockInfo:ClockDomainId"": ""1"", ""DestClockInfoList:DestClockInfo:ClockName"": ""CLK_PRCM_ACLK"", ""DestClockInfoList:DestClockInfo:ClockObject"": ""ACLK"", ""ReasonInfoList:ReasonInfo:ReasonCode"": ""NO_BLOCKING_METHOD"", ""SrcObject"": ""u_AESDMA_TOP/u_aesdma_top/u_AESDMA_SFR/r_dma_con0_dma_start/Q"", ""DestObject"": ""u_gated_core_aclk/u_dont_touch_preicg/ECK"", ""AllSrcResets:SrcResetInfo:ResetObject"": ""RESETN_ACLK"", ""AllSrcResets:SrcResetInfo:ResetName"": ""RESETN_ACLK"", ""DestSyncResetInfoList:DestResetInfo:ResetName"": ""'no-reset'"", ""SrcClockInfoList:SrcClockInfo:ClockDomainId"": ""1"", ""SrcClockInfoList:SrcClockInfo:ClockName"": ""CLK_PRCM_ACLK"", ""SrcClockInfoList:SrcClockInfo:ClockObject"": ""ACLK"", ""Module"": ""BOS_AESDMA""}","waive_violation -add {RDC_CLOCK_CORRUPT_OBSERVED_81}  -comment {This warning is that output clock of clock gating cell should be active and reset is deasserted. This is confirmed by designer.}  -filter {(RdcSourceResets:ResetName == ""RESETN_ACLK"") AND (RdcDestResets:DestResetInfo:ResetName == ""'no-reset'"") AND (DestClockInfoList:DestClockInfo:ClockDomainId == ""1"") AND (DestClockInfoList:DestClockInfo:ClockName == ""CLK_PRCM_ACLK"") AND (DestClockInfoList:DestClockInfo:ClockObject == ""ACLK"") AND (ReasonInfoList:ReasonInfo:ReasonCode == ""NO_BLOCKING_METHOD"") AND (SrcObject == ""u_AESDMA_TOP/u_aesdma_top/u_AESDMA_SFR/r_dma_con0_dma_start/Q"") AND (DestObject == ""u_gated_core_aclk/u_dont_touch_preicg/ECK"") AND (AllSrcResets:SrcResetInfo:ResetObject == ""RESETN_ACLK"") AND (AllSrcResets:SrcResetInfo:ResetName == ""RESETN_ACLK"") AND (DestSyncResetInfoList:DestResetInfo:ResetName == ""'no-reset'"") AND (SrcClockInfoList:SrcClockInfo:ClockDomainId == ""1"") AND (SrcClockInfoList:SrcClockInfo:ClockName == ""CLK_PRCM_ACLK"") AND (SrcClockInfoList:SrcClockInfo:ClockObject == ""ACLK"") AND (Module == ""BOS_AESDMA"")}  -app { rdc } -tag { RDC_CLOCK_CORRUPT_OBSERVED } -user { minsy0731 } -timestamp { 12-06-2025 13:42:45 }"
RDC_CLOCK_CORRUPT_OBSERVED_82,ACTIVE,1,RDC_CLOCK_CORRUPT_OBSERVED,This warning is that output clock of clock gating cell should be active and reset is deasserted. This is confirmed by designer.,minsy0731,12-06-2025 13:42:45,"{""RdcSourceResets:ResetName"": ""RESETN_ACLK"", ""RdcDestResets:DestResetInfo:ResetName"": ""'no-reset'"", ""DestClockInfoList:DestClockInfo:ClockDomainId"": ""1"", ""DestClockInfoList:DestClockInfo:ClockName"": ""CLK_PRCM_ACLK"", ""DestClockInfoList:DestClockInfo:ClockObject"": ""ACLK"", ""ReasonInfoList:ReasonInfo:ReasonCode"": ""NO_BLOCKING_METHOD"", ""SrcObject"": ""u_AESDMA_TOP/u_aesdma_top/u_AESDMA_SFR/r_dma_con0_dma_start/Q"", ""DestObject"": ""u_gated_datagen_aclk/u_dont_touch_preicg/ECK"", ""AllSrcResets:SrcResetInfo:ResetObject"": ""RESETN_ACLK"", ""AllSrcResets:SrcResetInfo:ResetName"": ""RESETN_ACLK"", ""DestSyncResetInfoList:DestResetInfo:ResetName"": ""'no-reset'"", ""SrcClockInfoList:SrcClockInfo:ClockDomainId"": ""1"", ""SrcClockInfoList:SrcClockInfo:ClockName"": ""CLK_PRCM_ACLK"", ""SrcClockInfoList:SrcClockInfo:ClockObject"": ""ACLK"", ""Module"": ""BOS_AESDMA""}","waive_violation -add {RDC_CLOCK_CORRUPT_OBSERVED_82}  -comment {This warning is that output clock of clock gating cell should be active and reset is deasserted. This is confirmed by designer.}  -filter {(RdcSourceResets:ResetName == ""RESETN_ACLK"") AND (RdcDestResets:DestResetInfo:ResetName == ""'no-reset'"") AND (DestClockInfoList:DestClockInfo:ClockDomainId == ""1"") AND (DestClockInfoList:DestClockInfo:ClockName == ""CLK_PRCM_ACLK"") AND (DestClockInfoList:DestClockInfo:ClockObject == ""ACLK"") AND (ReasonInfoList:ReasonInfo:ReasonCode == ""NO_BLOCKING_METHOD"") AND (SrcObject == ""u_AESDMA_TOP/u_aesdma_top/u_AESDMA_SFR/r_dma_con0_dma_start/Q"") AND (DestObject == ""u_gated_datagen_aclk/u_dont_touch_preicg/ECK"") AND (AllSrcResets:SrcResetInfo:ResetObject == ""RESETN_ACLK"") AND (AllSrcResets:SrcResetInfo:ResetName == ""RESETN_ACLK"") AND (DestSyncResetInfoList:DestResetInfo:ResetName == ""'no-reset'"") AND (SrcClockInfoList:SrcClockInfo:ClockDomainId == ""1"") AND (SrcClockInfoList:SrcClockInfo:ClockName == ""CLK_PRCM_ACLK"") AND (SrcClockInfoList:SrcClockInfo:ClockObject == ""ACLK"") AND (Module == ""BOS_AESDMA"")}  -app { rdc } -tag { RDC_CLOCK_CORRUPT_OBSERVED } -user { minsy0731 } -timestamp { 12-06-2025 13:42:45 }"
RDC_CLOCK_CORRUPT_OBSERVED_83,ACTIVE,1,RDC_CLOCK_CORRUPT_OBSERVED,This warning is that output clock of clock gating cell should be active and reset is deasserted. This is confirmed by designer.,minsy0731,12-06-2025 13:42:45,"{""RdcSourceResets:ResetName"": ""RESETN_ACLK"", ""RdcDestResets:DestResetInfo:ResetName"": ""'no-reset'"", ""DestClockInfoList:DestClockInfo:ClockDomainId"": ""1"", ""DestClockInfoList:DestClockInfo:ClockName"": ""CLK_PRCM_ACLK"", ""DestClockInfoList:DestClockInfo:ClockObject"": ""ACLK"", ""ReasonInfoList:ReasonInfo:ReasonCode"": ""NO_BLOCKING_METHOD"", ""SrcObject"": ""u_AESDMA_TOP/u_aesdma_top/u_AESDMA_SFR/r_dma_con0_sw_reset/Q"", ""DestObject"": ""u_gated_core_aclk/u_dont_touch_preicg/ECK"", ""AllSrcResets:SrcResetInfo:ResetObject"": ""RESETN_ACLK"", ""AllSrcResets:SrcResetInfo:ResetName"": ""RESETN_ACLK"", ""DestSyncResetInfoList:DestResetInfo:ResetName"": ""'no-reset'"", ""SrcClockInfoList:SrcClockInfo:ClockDomainId"": ""1"", ""SrcClockInfoList:SrcClockInfo:ClockName"": ""CLK_PRCM_ACLK"", ""SrcClockInfoList:SrcClockInfo:ClockObject"": ""ACLK"", ""Module"": ""BOS_AESDMA""}","waive_violation -add {RDC_CLOCK_CORRUPT_OBSERVED_83}  -comment {This warning is that output clock of clock gating cell should be active and reset is deasserted. This is confirmed by designer.}  -filter {(RdcSourceResets:ResetName == ""RESETN_ACLK"") AND (RdcDestResets:DestResetInfo:ResetName == ""'no-reset'"") AND (DestClockInfoList:DestClockInfo:ClockDomainId == ""1"") AND (DestClockInfoList:DestClockInfo:ClockName == ""CLK_PRCM_ACLK"") AND (DestClockInfoList:DestClockInfo:ClockObject == ""ACLK"") AND (ReasonInfoList:ReasonInfo:ReasonCode == ""NO_BLOCKING_METHOD"") AND (SrcObject == ""u_AESDMA_TOP/u_aesdma_top/u_AESDMA_SFR/r_dma_con0_sw_reset/Q"") AND (DestObject == ""u_gated_core_aclk/u_dont_touch_preicg/ECK"") AND (AllSrcResets:SrcResetInfo:ResetObject == ""RESETN_ACLK"") AND (AllSrcResets:SrcResetInfo:ResetName == ""RESETN_ACLK"") AND (DestSyncResetInfoList:DestResetInfo:ResetName == ""'no-reset'"") AND (SrcClockInfoList:SrcClockInfo:ClockDomainId == ""1"") AND (SrcClockInfoList:SrcClockInfo:ClockName == ""CLK_PRCM_ACLK"") AND (SrcClockInfoList:SrcClockInfo:ClockObject == ""ACLK"") AND (Module == ""BOS_AESDMA"")}  -app { rdc } -tag { RDC_CLOCK_CORRUPT_OBSERVED } -user { minsy0731 } -timestamp { 12-06-2025 13:42:45 }"
RDC_CLOCK_CORRUPT_OBSERVED_84,ACTIVE,1,RDC_CLOCK_CORRUPT_OBSERVED,This warning is that output clock of clock gating cell should be active and reset is deasserted. This is confirmed by designer.,minsy0731,12-06-2025 13:42:45,"{""RdcSourceResets:ResetName"": ""RESETN_ACLK"", ""RdcDestResets:DestResetInfo:ResetName"": ""'no-reset'"", ""DestClockInfoList:DestClockInfo:ClockDomainId"": ""1"", ""DestClockInfoList:DestClockInfo:ClockName"": ""CLK_PRCM_ACLK"", ""DestClockInfoList:DestClockInfo:ClockObject"": ""ACLK"", ""ReasonInfoList:ReasonInfo:ReasonCode"": ""NO_BLOCKING_METHOD"", ""SrcObject"": ""u_AESDMA_TOP/u_aesdma_top/u_AESDMA_SFR/r_dma_con2_bd_en/Q"", ""DestObject"": ""u_gated_bd_aclk/u_dont_touch_preicg/ECK"", ""AllSrcResets:SrcResetInfo:ResetObject"": ""RESETN_ACLK"", ""AllSrcResets:SrcResetInfo:ResetName"": ""RESETN_ACLK"", ""DestSyncResetInfoList:DestResetInfo:ResetName"": ""'no-reset'"", ""SrcClockInfoList:SrcClockInfo:ClockDomainId"": ""1"", ""SrcClockInfoList:SrcClockInfo:ClockName"": ""CLK_PRCM_ACLK"", ""SrcClockInfoList:SrcClockInfo:ClockObject"": ""ACLK"", ""Module"": ""BOS_AESDMA""}","waive_violation -add {RDC_CLOCK_CORRUPT_OBSERVED_84}  -comment {This warning is that output clock of clock gating cell should be active and reset is deasserted. This is confirmed by designer.}  -filter {(RdcSourceResets:ResetName == ""RESETN_ACLK"") AND (RdcDestResets:DestResetInfo:ResetName == ""'no-reset'"") AND (DestClockInfoList:DestClockInfo:ClockDomainId == ""1"") AND (DestClockInfoList:DestClockInfo:ClockName == ""CLK_PRCM_ACLK"") AND (DestClockInfoList:DestClockInfo:ClockObject == ""ACLK"") AND (ReasonInfoList:ReasonInfo:ReasonCode == ""NO_BLOCKING_METHOD"") AND (SrcObject == ""u_AESDMA_TOP/u_aesdma_top/u_AESDMA_SFR/r_dma_con2_bd_en/Q"") AND (DestObject == ""u_gated_bd_aclk/u_dont_touch_preicg/ECK"") AND (AllSrcResets:SrcResetInfo:ResetObject == ""RESETN_ACLK"") AND (AllSrcResets:SrcResetInfo:ResetName == ""RESETN_ACLK"") AND (DestSyncResetInfoList:DestResetInfo:ResetName == ""'no-reset'"") AND (SrcClockInfoList:SrcClockInfo:ClockDomainId == ""1"") AND (SrcClockInfoList:SrcClockInfo:ClockName == ""CLK_PRCM_ACLK"") AND (SrcClockInfoList:SrcClockInfo:ClockObject == ""ACLK"") AND (Module == ""BOS_AESDMA"")}  -app { rdc } -tag { RDC_CLOCK_CORRUPT_OBSERVED } -user { minsy0731 } -timestamp { 12-06-2025 13:42:45 }"
RDC_CLOCK_CORRUPT_OBSERVED_85,ACTIVE,1,RDC_CLOCK_CORRUPT_OBSERVED,This warning is that output clock of clock gating cell should be active and reset is deasserted. This is confirmed by designer.,minsy0731,12-06-2025 13:42:45,"{""RdcSourceResets:ResetName"": ""RESETN_ACLK"", ""RdcDestResets:DestResetInfo:ResetName"": ""'no-reset'"", ""DestClockInfoList:DestClockInfo:ClockDomainId"": ""1"", ""DestClockInfoList:DestClockInfo:ClockName"": ""CLK_PRCM_ACLK"", ""DestClockInfoList:DestClockInfo:ClockObject"": ""ACLK"", ""ReasonInfoList:ReasonInfo:ReasonCode"": ""NO_BLOCKING_METHOD"", ""SrcObject"": ""u_AESDMA_TOP/u_aesdma_top/u_AESDMA_SFR/r_dma_con2_bd_en/Q"", ""DestObject"": ""u_gated_sfr_pclk/u_dont_touch_preicg/ECK"", ""AllSrcResets:SrcResetInfo:ResetObject"": ""RESETN_ACLK"", ""AllSrcResets:SrcResetInfo:ResetName"": ""RESETN_ACLK"", ""DestSyncResetInfoList:DestResetInfo:ResetName"": ""'no-reset'"", ""SrcClockInfoList:SrcClockInfo:ClockDomainId"": ""1"", ""SrcClockInfoList:SrcClockInfo:ClockName"": ""CLK_PRCM_ACLK"", ""SrcClockInfoList:SrcClockInfo:ClockObject"": ""ACLK"", ""Module"": ""BOS_AESDMA""}","waive_violation -add {RDC_CLOCK_CORRUPT_OBSERVED_85}  -comment {This warning is that output clock of clock gating cell should be active and reset is deasserted. This is confirmed by designer.}  -filter {(RdcSourceResets:ResetName == ""RESETN_ACLK"") AND (RdcDestResets:DestResetInfo:ResetName == ""'no-reset'"") AND (DestClockInfoList:DestClockInfo:ClockDomainId == ""1"") AND (DestClockInfoList:DestClockInfo:ClockName == ""CLK_PRCM_ACLK"") AND (DestClockInfoList:DestClockInfo:ClockObject == ""ACLK"") AND (ReasonInfoList:ReasonInfo:ReasonCode == ""NO_BLOCKING_METHOD"") AND (SrcObject == ""u_AESDMA_TOP/u_aesdma_top/u_AESDMA_SFR/r_dma_con2_bd_en/Q"") AND (DestObject == ""u_gated_sfr_pclk/u_dont_touch_preicg/ECK"") AND (AllSrcResets:SrcResetInfo:ResetObject == ""RESETN_ACLK"") AND (AllSrcResets:SrcResetInfo:ResetName == ""RESETN_ACLK"") AND (DestSyncResetInfoList:DestResetInfo:ResetName == ""'no-reset'"") AND (SrcClockInfoList:SrcClockInfo:ClockDomainId == ""1"") AND (SrcClockInfoList:SrcClockInfo:ClockName == ""CLK_PRCM_ACLK"") AND (SrcClockInfoList:SrcClockInfo:ClockObject == ""ACLK"") AND (Module == ""BOS_AESDMA"")}  -app { rdc } -tag { RDC_CLOCK_CORRUPT_OBSERVED } -user { minsy0731 } -timestamp { 12-06-2025 13:42:45 }"
RDC_CLOCK_CORRUPT_OBSERVED_86,ACTIVE,1,RDC_CLOCK_CORRUPT_OBSERVED,This warning is that output clock of clock gating cell should be active and reset is deasserted. This is confirmed by designer.,minsy0731,12-06-2025 13:42:45,"{""RdcSourceResets:ResetName"": ""RESETN_ACLK"", ""RdcDestResets:DestResetInfo:ResetName"": ""'no-reset'"", ""DestClockInfoList:DestClockInfo:ClockDomainId"": ""1"", ""DestClockInfoList:DestClockInfo:ClockName"": ""CLK_PRCM_ACLK"", ""DestClockInfoList:DestClockInfo:ClockObject"": ""ACLK"", ""ReasonInfoList:ReasonInfo:ReasonCode"": ""NO_BLOCKING_METHOD"", ""SrcObject"": ""u_AESDMA_TOP/u_aesdma_top/u_AESDMA_SFR/r_dma_con0_sw_reset/Q"", ""DestObject"": ""u_gated_aescore_aclk/u_dont_touch_preicg/ECK"", ""AllSrcResets:SrcResetInfo:ResetObject"": ""RESETN_ACLK"", ""AllSrcResets:SrcResetInfo:ResetName"": ""RESETN_ACLK"", ""DestSyncResetInfoList:DestResetInfo:ResetName"": ""'no-reset'"", ""SrcClockInfoList:SrcClockInfo:ClockDomainId"": ""1"", ""SrcClockInfoList:SrcClockInfo:ClockName"": ""CLK_PRCM_ACLK"", ""SrcClockInfoList:SrcClockInfo:ClockObject"": ""ACLK"", ""Module"": ""BOS_AESDMA""}","waive_violation -add {RDC_CLOCK_CORRUPT_OBSERVED_86}  -comment {This warning is that output clock of clock gating cell should be active and reset is deasserted. This is confirmed by designer.}  -filter {(RdcSourceResets:ResetName == ""RESETN_ACLK"") AND (RdcDestResets:DestResetInfo:ResetName == ""'no-reset'"") AND (DestClockInfoList:DestClockInfo:ClockDomainId == ""1"") AND (DestClockInfoList:DestClockInfo:ClockName == ""CLK_PRCM_ACLK"") AND (DestClockInfoList:DestClockInfo:ClockObject == ""ACLK"") AND (ReasonInfoList:ReasonInfo:ReasonCode == ""NO_BLOCKING_METHOD"") AND (SrcObject == ""u_AESDMA_TOP/u_aesdma_top/u_AESDMA_SFR/r_dma_con0_sw_reset/Q"") AND (DestObject == ""u_gated_aescore_aclk/u_dont_touch_preicg/ECK"") AND (AllSrcResets:SrcResetInfo:ResetObject == ""RESETN_ACLK"") AND (AllSrcResets:SrcResetInfo:ResetName == ""RESETN_ACLK"") AND (DestSyncResetInfoList:DestResetInfo:ResetName == ""'no-reset'"") AND (SrcClockInfoList:SrcClockInfo:ClockDomainId == ""1"") AND (SrcClockInfoList:SrcClockInfo:ClockName == ""CLK_PRCM_ACLK"") AND (SrcClockInfoList:SrcClockInfo:ClockObject == ""ACLK"") AND (Module == ""BOS_AESDMA"")}  -app { rdc } -tag { RDC_CLOCK_CORRUPT_OBSERVED } -user { minsy0731 } -timestamp { 12-06-2025 13:42:45 }"
RDC_CLOCK_CORRUPT_OBSERVED_86_2,REDUNDANT,0,RDC_CLOCK_CORRUPT_OBSERVED,No reset at CG cell,pnson,24-06-2026 17:46:49,"{""RdcSourceResets:ResetName"": ""RESETN_ACLK"", ""RdcDestResets:DestResetInfo:ResetName"": ""'no-reset'"", ""DestClockInfoList:DestClockInfo:ClockDomainId"": ""1"", ""DestClockInfoList:DestClockInfo:ClockName"": ""CLK_PRCM_ACLK"", ""DestClockInfoList:DestClockInfo:ClockObject"": ""ACLK"", ""ReasonInfoList:ReasonInfo:ReasonCode"": ""NO_BLOCKING_METHOD"", ""ReasonInfoList:ReasonInfo:ReasonCodeMsg"": ""[ERROR] No valid blocking scheme found"", ""SrcObject"": ""u_fierr_ecc_e2_sram_wrfifo/sync_inst[0].genblk1.genblk1.u_dont_touch_sync_dff2/Q"", ""DestObject"": ""u_sram_wrfifo_cg/u_dont_touch_preicg/ECK"", ""SrcObjectType"": ""library-cell"", ""DestObjectType"": ""clock-gating-cell"", ""AllSrcResets:SrcResetInfo:ResetObject"": ""RESETN_ACLK"", ""AllSrcResets:SrcResetInfo:ResetName"": ""RESETN_ACLK"", ""DestSyncResetInfoList:DestResetInfo:ResetName"": ""'no-reset'"", ""SrcClockInfoList:SrcClockInfo:ClockDomainId"": ""1"", ""SrcClockInfoList:SrcClockInfo:ClockName"": ""CLK_PRCM_ACLK"", ""SrcClockInfoList:SrcClockInfo:ClockObject"": ""ACLK"", ""ContainerInstance"": ""BOS_AESDMA"", ""Module"": ""BOS_AESDMA""}","waive_violation -add {RDC_CLOCK_CORRUPT_OBSERVED_86_2}  -comment {No reset at CG cell}  -filter {(RdcSourceResets:ResetName == ""RESETN_ACLK"") AND (RdcDestResets:DestResetInfo:ResetName == ""'no-reset'"") AND (DestClockInfoList:DestClockInfo:ClockDomainId == ""1"") AND (DestClockInfoList:DestClockInfo:ClockName == ""CLK_PRCM_ACLK"") AND (DestClockInfoList:DestClockInfo:ClockObject == ""ACLK"") AND (ReasonInfoList:ReasonInfo:ReasonCode == ""NO_BLOCKING_METHOD"") AND (ReasonInfoList:ReasonInfo:ReasonCodeMsg == ""[ERROR] No valid blocking scheme found"") AND (SrcObject == ""u_fierr_ecc_e2_sram_wrfifo/sync_inst[0].genblk1.genblk1.u_dont_touch_sync_dff2/Q"") AND (DestObject == ""u_sram_wrfifo_cg/u_dont_touch_preicg/ECK"") AND (SrcObjectType == ""library-cell"") AND (DestObjectType == ""clock-gating-cell"") AND (AllSrcResets:SrcResetInfo:ResetObject == ""RESETN_ACLK"") AND (AllSrcResets:SrcResetInfo:ResetName == ""RESETN_ACLK"") AND (DestSyncResetInfoList:DestResetInfo:ResetName == ""'no-reset'"") AND (SrcClockInfoList:SrcClockInfo:ClockDomainId == ""1"") AND (SrcClockInfoList:SrcClockInfo:ClockName == ""CLK_PRCM_ACLK"") AND (SrcClockInfoList:SrcClockInfo:ClockObject == ""ACLK"") AND (ContainerInstance == ""BOS_AESDMA"") AND (Module == ""BOS_AESDMA"")}  -app { rdc } -tag { RDC_CLOCK_CORRUPT_OBSERVED } -user { pnson } -timestamp { 24-06-2026 17:46:49 }"
RDC_CLOCK_CORRUPT_OBSERVED_87,ACTIVE,1,RDC_CLOCK_CORRUPT_OBSERVED,This warning is that output clock of clock gating cell should be active and reset is deasserted. This is confirmed by designer.,minsy0731,12-06-2025 13:39:37,"{""RdcSourceResets:ResetName"": ""RESETN_PCLK"", ""RdcDestResets:DestResetInfo:ResetName"": ""'no-reset'"", ""DestClockInfoList:DestClockInfo:ClockDomainId"": ""2"", ""ReasonInfoList:ReasonInfo:ReasonCode"": ""NO_BLOCKING_METHOD"", ""SrcObject"": ""u_apbasyncbridgeslv_aesdma/u_clk_qreq_sync/u_BOS_SOC_SYNCHSR/sync_inst[0].genblk1.genblk1.u_dont_touch_sync_dff2/Q"", ""DestObject"": ""u_apbasyncbridgeslv_aesdma/u_clk_gate/u_bos_soc_cg/u_dont_touch_preicg/ECK"", ""AllSrcResets:SrcResetInfo:ResetObject"": ""RESETN_PCLK"", ""AllSrcResets:SrcResetInfo:ResetName"": ""RESETN_PCLK"", ""DestSyncResetInfoList:DestResetInfo:ResetName"": ""'no-reset'"", ""SrcClockInfoList:SrcClockInfo:ClockDomainId"": ""2"", ""SrcClockInfoList:SrcClockInfo:ClockName"": ""CLK_PRCM_PCLK"", ""SrcClockInfoList:SrcClockInfo:ClockObject"": ""PCLK"", ""Module"": ""css600_apbasyncbridgeslv""}","waive_violation -add {RDC_CLOCK_CORRUPT_OBSERVED_87}  -comment {This warning is that output clock of clock gating cell should be active and reset is deasserted. This is confirmed by designer.}  -filter {(RdcSourceResets:ResetName == ""RESETN_PCLK"") AND (RdcDestResets:DestResetInfo:ResetName == ""'no-reset'"") AND (DestClockInfoList:DestClockInfo:ClockDomainId == ""2"") AND (ReasonInfoList:ReasonInfo:ReasonCode == ""NO_BLOCKING_METHOD"") AND (SrcObject == ""u_apbasyncbridgeslv_aesdma/u_clk_qreq_sync/u_BOS_SOC_SYNCHSR/sync_inst[0].genblk1.genblk1.u_dont_touch_sync_dff2/Q"") AND (DestObject == ""u_apbasyncbridgeslv_aesdma/u_clk_gate/u_bos_soc_cg/u_dont_touch_preicg/ECK"") AND (AllSrcResets:SrcResetInfo:ResetObject == ""RESETN_PCLK"") AND (AllSrcResets:SrcResetInfo:ResetName == ""RESETN_PCLK"") AND (DestSyncResetInfoList:DestResetInfo:ResetName == ""'no-reset'"") AND (SrcClockInfoList:SrcClockInfo:ClockDomainId == ""2"") AND (SrcClockInfoList:SrcClockInfo:ClockName == ""CLK_PRCM_PCLK"") AND (SrcClockInfoList:SrcClockInfo:ClockObject == ""PCLK"") AND (Module == ""css600_apbasyncbridgeslv"")}  -app { rdc } -tag { RDC_CLOCK_CORRUPT_OBSERVED } -user { minsy0731 } -timestamp { 12-06-2025 13:39:37 }"
RDC_CLOCK_CORRUPT_OBSERVED_87_2,REDUNDANT,0,RDC_CLOCK_CORRUPT_OBSERVED,No reset at CG cell,pnson,24-06-2026 17:46:49,"{""RdcSourceResets:ResetName"": ""RESETN_ACLK"", ""RdcDestResets:DestResetInfo:ResetName"": ""'no-reset'"", ""DestClockInfoList:DestClockInfo:ClockDomainId"": ""1"", ""DestClockInfoList:DestClockInfo:ClockName"": ""CLK_PRCM_ACLK"", ""DestClockInfoList:DestClockInfo:ClockObject"": ""ACLK"", ""ReasonInfoList:ReasonInfo:ReasonCode"": ""NO_BLOCKING_METHOD"", ""ReasonInfoList:ReasonInfo:ReasonCodeMsg"": ""[ERROR] No valid blocking scheme found"", ""SrcObject"": ""u_fierr_ecc_e1_sram_wrfifo/sync_inst[0].genblk1.genblk1.u_dont_touch_sync_dff2/Q"", ""DestObject"": ""u_sram_wrfifo_cg/u_dont_touch_preicg/ECK"", ""SrcObjectType"": ""library-cell"", ""DestObjectType"": ""clock-gating-cell"", ""AllSrcResets:SrcResetInfo:ResetObject"": ""RESETN_ACLK"", ""AllSrcResets:SrcResetInfo:ResetName"": ""RESETN_ACLK"", ""DestSyncResetInfoList:DestResetInfo:ResetName"": ""'no-reset'"", ""SrcClockInfoList:SrcClockInfo:ClockDomainId"": ""1"", ""SrcClockInfoList:SrcClockInfo:ClockName"": ""CLK_PRCM_ACLK"", ""SrcClockInfoList:SrcClockInfo:ClockObject"": ""ACLK"", ""ContainerInstance"": ""BOS_AESDMA"", ""Module"": ""BOS_AESDMA""}","waive_violation -add {RDC_CLOCK_CORRUPT_OBSERVED_87_2}  -comment {No reset at CG cell}  -filter {(RdcSourceResets:ResetName == ""RESETN_ACLK"") AND (RdcDestResets:DestResetInfo:ResetName == ""'no-reset'"") AND (DestClockInfoList:DestClockInfo:ClockDomainId == ""1"") AND (DestClockInfoList:DestClockInfo:ClockName == ""CLK_PRCM_ACLK"") AND (DestClockInfoList:DestClockInfo:ClockObject == ""ACLK"") AND (ReasonInfoList:ReasonInfo:ReasonCode == ""NO_BLOCKING_METHOD"") AND (ReasonInfoList:ReasonInfo:ReasonCodeMsg == ""[ERROR] No valid blocking scheme found"") AND (SrcObject == ""u_fierr_ecc_e1_sram_wrfifo/sync_inst[0].genblk1.genblk1.u_dont_touch_sync_dff2/Q"") AND (DestObject == ""u_sram_wrfifo_cg/u_dont_touch_preicg/ECK"") AND (SrcObjectType == ""library-cell"") AND (DestObjectType == ""clock-gating-cell"") AND (AllSrcResets:SrcResetInfo:ResetObject == ""RESETN_ACLK"") AND (AllSrcResets:SrcResetInfo:ResetName == ""RESETN_ACLK"") AND (DestSyncResetInfoList:DestResetInfo:ResetName == ""'no-reset'"") AND (SrcClockInfoList:SrcClockInfo:ClockDomainId == ""1"") AND (SrcClockInfoList:SrcClockInfo:ClockName == ""CLK_PRCM_ACLK"") AND (SrcClockInfoList:SrcClockInfo:ClockObject == ""ACLK"") AND (ContainerInstance == ""BOS_AESDMA"") AND (Module == ""BOS_AESDMA"")}  -app { rdc } -tag { RDC_CLOCK_CORRUPT_OBSERVED } -user { pnson } -timestamp { 24-06-2026 17:46:49 }"
RDC_CLOCK_CORRUPT_OBSERVED_88,ACTIVE,1,RDC_CLOCK_CORRUPT_OBSERVED,This warning is that output clock of clock gating cell should be active and reset is deasserted. This is confirmed by designer.,minsy0731,12-06-2025 13:42:45,"{""RdcSourceResets:ResetName"": ""RESETN_ACLK"", ""RdcDestResets:DestResetInfo:ResetName"": ""'no-reset'"", ""DestClockInfoList:DestClockInfo:ClockDomainId"": ""1"", ""DestClockInfoList:DestClockInfo:ClockName"": ""CLK_PRCM_ACLK"", ""DestClockInfoList:DestClockInfo:ClockObject"": ""ACLK"", ""ReasonInfoList:ReasonInfo:ReasonCode"": ""NO_BLOCKING_METHOD"", ""SrcObject"": ""u_AESDMA_TOP/u_aesdma_top/u_AESDMA_SFR/r_dma_con0_sw_reset/Q"", ""DestObject"": ""u_gated_datagen_aclk/u_dont_touch_preicg/ECK"", ""AllSrcResets:SrcResetInfo:ResetObject"": ""RESETN_ACLK"", ""AllSrcResets:SrcResetInfo:ResetName"": ""RESETN_ACLK"", ""DestSyncResetInfoList:DestResetInfo:ResetName"": ""'no-reset'"", ""SrcClockInfoList:SrcClockInfo:ClockDomainId"": ""1"", ""SrcClockInfoList:SrcClockInfo:ClockName"": ""CLK_PRCM_ACLK"", ""SrcClockInfoList:SrcClockInfo:ClockObject"": ""ACLK"", ""Module"": ""BOS_AESDMA""}","waive_violation -add {RDC_CLOCK_CORRUPT_OBSERVED_88}  -comment {This warning is that output clock of clock gating cell should be active and reset is deasserted. This is confirmed by designer.}  -filter {(RdcSourceResets:ResetName == ""RESETN_ACLK"") AND (RdcDestResets:DestResetInfo:ResetName == ""'no-reset'"") AND (DestClockInfoList:DestClockInfo:ClockDomainId == ""1"") AND (DestClockInfoList:DestClockInfo:ClockName == ""CLK_PRCM_ACLK"") AND (DestClockInfoList:DestClockInfo:ClockObject == ""ACLK"") AND (ReasonInfoList:ReasonInfo:ReasonCode == ""NO_BLOCKING_METHOD"") AND (SrcObject == ""u_AESDMA_TOP/u_aesdma_top/u_AESDMA_SFR/r_dma_con0_sw_reset/Q"") AND (DestObject == ""u_gated_datagen_aclk/u_dont_touch_preicg/ECK"") AND (AllSrcResets:SrcResetInfo:ResetObject == ""RESETN_ACLK"") AND (AllSrcResets:SrcResetInfo:ResetName == ""RESETN_ACLK"") AND (DestSyncResetInfoList:DestResetInfo:ResetName == ""'no-reset'"") AND (SrcClockInfoList:SrcClockInfo:ClockDomainId == ""1"") AND (SrcClockInfoList:SrcClockInfo:ClockName == ""CLK_PRCM_ACLK"") AND (SrcClockInfoList:SrcClockInfo:ClockObject == ""ACLK"") AND (Module == ""BOS_AESDMA"")}  -app { rdc } -tag { RDC_CLOCK_CORRUPT_OBSERVED } -user { minsy0731 } -timestamp { 12-06-2025 13:42:45 }"
RDC_CLOCK_CORRUPT_OBSERVED_88_2,REDUNDANT,0,RDC_CLOCK_CORRUPT_OBSERVED,No reset at CG cell,pnson,24-06-2026 17:46:49,"{""RdcSourceResets:ResetName"": ""RESETN_ACLK"", ""RdcDestResets:DestResetInfo:ResetName"": ""'no-reset'"", ""DestClockInfoList:DestClockInfo:ClockDomainId"": ""1"", ""DestClockInfoList:DestClockInfo:ClockName"": ""CLK_PRCM_ACLK"", ""DestClockInfoList:DestClockInfo:ClockObject"": ""ACLK"", ""ReasonInfoList:ReasonInfo:ReasonCode"": ""NO_BLOCKING_METHOD"", ""ReasonInfoList:ReasonInfo:ReasonCodeMsg"": ""[ERROR] No valid blocking scheme found"", ""SrcObject"": ""u_fierr_ecc_dec_dcls_sram_wrfifo/sync_inst[0].genblk1.genblk1.u_dont_touch_sync_dff2/Q"", ""DestObject"": ""u_sram_wrfifo_cg/u_dont_touch_preicg/ECK"", ""SrcObjectType"": ""library-cell"", ""DestObjectType"": ""clock-gating-cell"", ""AllSrcResets:SrcResetInfo:ResetObject"": ""RESETN_ACLK"", ""AllSrcResets:SrcResetInfo:ResetName"": ""RESETN_ACLK"", ""DestSyncResetInfoList:DestResetInfo:ResetName"": ""'no-reset'"", ""SrcClockInfoList:SrcClockInfo:ClockDomainId"": ""1"", ""SrcClockInfoList:SrcClockInfo:ClockName"": ""CLK_PRCM_ACLK"", ""SrcClockInfoList:SrcClockInfo:ClockObject"": ""ACLK"", ""ContainerInstance"": ""BOS_AESDMA"", ""Module"": ""BOS_AESDMA""}","waive_violation -add {RDC_CLOCK_CORRUPT_OBSERVED_88_2}  -comment {No reset at CG cell}  -filter {(RdcSourceResets:ResetName == ""RESETN_ACLK"") AND (RdcDestResets:DestResetInfo:ResetName == ""'no-reset'"") AND (DestClockInfoList:DestClockInfo:ClockDomainId == ""1"") AND (DestClockInfoList:DestClockInfo:ClockName == ""CLK_PRCM_ACLK"") AND (DestClockInfoList:DestClockInfo:ClockObject == ""ACLK"") AND (ReasonInfoList:ReasonInfo:ReasonCode == ""NO_BLOCKING_METHOD"") AND (ReasonInfoList:ReasonInfo:ReasonCodeMsg == ""[ERROR] No valid blocking scheme found"") AND (SrcObject == ""u_fierr_ecc_dec_dcls_sram_wrfifo/sync_inst[0].genblk1.genblk1.u_dont_touch_sync_dff2/Q"") AND (DestObject == ""u_sram_wrfifo_cg/u_dont_touch_preicg/ECK"") AND (SrcObjectType == ""library-cell"") AND (DestObjectType == ""clock-gating-cell"") AND (AllSrcResets:SrcResetInfo:ResetObject == ""RESETN_ACLK"") AND (AllSrcResets:SrcResetInfo:ResetName == ""RESETN_ACLK"") AND (DestSyncResetInfoList:DestResetInfo:ResetName == ""'no-reset'"") AND (SrcClockInfoList:SrcClockInfo:ClockDomainId == ""1"") AND (SrcClockInfoList:SrcClockInfo:ClockName == ""CLK_PRCM_ACLK"") AND (SrcClockInfoList:SrcClockInfo:ClockObject == ""ACLK"") AND (ContainerInstance == ""BOS_AESDMA"") AND (Module == ""BOS_AESDMA"")}  -app { rdc } -tag { RDC_CLOCK_CORRUPT_OBSERVED } -user { pnson } -timestamp { 24-06-2026 17:46:49 }"
RDC_CLOCK_CORRUPT_OBSERVED_89,ACTIVE,1,RDC_CLOCK_CORRUPT_OBSERVED,This warning is that output clock of clock gating cell should be active and reset is deasserted. This is confirmed by designer.,minsy0731,12-06-2025 13:42:45,"{""RdcSourceResets:ResetName"": ""RESETN_ACLK"", ""RdcDestResets:DestResetInfo:ResetName"": ""'no-reset'"", ""DestClockInfoList:DestClockInfo:ClockDomainId"": ""1"", ""DestClockInfoList:DestClockInfo:ClockName"": ""CLK_PRCM_ACLK"", ""DestClockInfoList:DestClockInfo:ClockObject"": ""ACLK"", ""ReasonInfoList:ReasonInfo:ReasonCode"": ""NO_BLOCKING_METHOD"", ""SrcObject"": ""u_AESDMA_TOP/u_aesdma_top/u_AESDMA_SFR/r_dma_con0_auto_clk_gating_disable/Q"", ""DestObject"": ""u_gated_aescore_aclk/u_dont_touch_preicg/ECK"", ""AllSrcResets:SrcResetInfo:ResetObject"": ""RESETN_ACLK"", ""AllSrcResets:SrcResetInfo:ResetName"": ""RESETN_ACLK"", ""DestSyncResetInfoList:DestResetInfo:ResetName"": ""'no-reset'"", ""SrcClockInfoList:SrcClockInfo:ClockDomainId"": ""1"", ""SrcClockInfoList:SrcClockInfo:ClockName"": ""CLK_PRCM_ACLK"", ""SrcClockInfoList:SrcClockInfo:ClockObject"": ""ACLK"", ""Module"": ""BOS_AESDMA""}","waive_violation -add {RDC_CLOCK_CORRUPT_OBSERVED_89}  -comment {This warning is that output clock of clock gating cell should be active and reset is deasserted. This is confirmed by designer.}  -filter {(RdcSourceResets:ResetName == ""RESETN_ACLK"") AND (RdcDestResets:DestResetInfo:ResetName == ""'no-reset'"") AND (DestClockInfoList:DestClockInfo:ClockDomainId == ""1"") AND (DestClockInfoList:DestClockInfo:ClockName == ""CLK_PRCM_ACLK"") AND (DestClockInfoList:DestClockInfo:ClockObject == ""ACLK"") AND (ReasonInfoList:ReasonInfo:ReasonCode == ""NO_BLOCKING_METHOD"") AND (SrcObject == ""u_AESDMA_TOP/u_aesdma_top/u_AESDMA_SFR/r_dma_con0_auto_clk_gating_disable/Q"") AND (DestObject == ""u_gated_aescore_aclk/u_dont_touch_preicg/ECK"") AND (AllSrcResets:SrcResetInfo:ResetObject == ""RESETN_ACLK"") AND (AllSrcResets:SrcResetInfo:ResetName == ""RESETN_ACLK"") AND (DestSyncResetInfoList:DestResetInfo:ResetName == ""'no-reset'"") AND (SrcClockInfoList:SrcClockInfo:ClockDomainId == ""1"") AND (SrcClockInfoList:SrcClockInfo:ClockName == ""CLK_PRCM_ACLK"") AND (SrcClockInfoList:SrcClockInfo:ClockObject == ""ACLK"") AND (Module == ""BOS_AESDMA"")}  -app { rdc } -tag { RDC_CLOCK_CORRUPT_OBSERVED } -user { minsy0731 } -timestamp { 12-06-2025 13:42:45 }"
RDC_CLOCK_CORRUPT_OBSERVED_90,ACTIVE,1,RDC_CLOCK_CORRUPT_OBSERVED,This warning is that output clock of clock gating cell should be active and reset is deasserted. This is confirmed by designer.,minsy0731,12-06-2025 13:42:45,"{""RdcSourceResets:ResetName"": ""RESETN_ACLK"", ""RdcDestResets:DestResetInfo:ResetName"": ""'no-reset'"", ""DestClockInfoList:DestClockInfo:ClockDomainId"": ""1"", ""DestClockInfoList:DestClockInfo:ClockName"": ""CLK_PRCM_ACLK"", ""DestClockInfoList:DestClockInfo:ClockObject"": ""ACLK"", ""ReasonInfoList:ReasonInfo:ReasonCode"": ""NO_BLOCKING_METHOD"", ""SrcObject"": ""u_AESDMA_TOP/u_aesdma_top/u_AESDMA_SFR/r_dma_con0_dma_start/Q"", ""DestObject"": ""u_gated_bd_aclk/u_dont_touch_preicg/ECK"", ""AllSrcResets:SrcResetInfo:ResetObject"": ""RESETN_ACLK"", ""AllSrcResets:SrcResetInfo:ResetName"": ""RESETN_ACLK"", ""DestSyncResetInfoList:DestResetInfo:ResetName"": ""'no-reset'"", ""SrcClockInfoList:SrcClockInfo:ClockDomainId"": ""1"", ""SrcClockInfoList:SrcClockInfo:ClockName"": ""CLK_PRCM_ACLK"", ""SrcClockInfoList:SrcClockInfo:ClockObject"": ""ACLK"", ""Module"": ""BOS_AESDMA""}","waive_violation -add {RDC_CLOCK_CORRUPT_OBSERVED_90}  -comment {This warning is that output clock of clock gating cell should be active and reset is deasserted. This is confirmed by designer.}  -filter {(RdcSourceResets:ResetName == ""RESETN_ACLK"") AND (RdcDestResets:DestResetInfo:ResetName == ""'no-reset'"") AND (DestClockInfoList:DestClockInfo:ClockDomainId == ""1"") AND (DestClockInfoList:DestClockInfo:ClockName == ""CLK_PRCM_ACLK"") AND (DestClockInfoList:DestClockInfo:ClockObject == ""ACLK"") AND (ReasonInfoList:ReasonInfo:ReasonCode == ""NO_BLOCKING_METHOD"") AND (SrcObject == ""u_AESDMA_TOP/u_aesdma_top/u_AESDMA_SFR/r_dma_con0_dma_start/Q"") AND (DestObject == ""u_gated_bd_aclk/u_dont_touch_preicg/ECK"") AND (AllSrcResets:SrcResetInfo:ResetObject == ""RESETN_ACLK"") AND (AllSrcResets:SrcResetInfo:ResetName == ""RESETN_ACLK"") AND (DestSyncResetInfoList:DestResetInfo:ResetName == ""'no-reset'"") AND (SrcClockInfoList:SrcClockInfo:ClockDomainId == ""1"") AND (SrcClockInfoList:SrcClockInfo:ClockName == ""CLK_PRCM_ACLK"") AND (SrcClockInfoList:SrcClockInfo:ClockObject == ""ACLK"") AND (Module == ""BOS_AESDMA"")}  -app { rdc } -tag { RDC_CLOCK_CORRUPT_OBSERVED } -user { minsy0731 } -timestamp { 12-06-2025 13:42:45 }"
RDC_CLOCK_CORRUPT_OBSERVED_91,ACTIVE,1,RDC_CLOCK_CORRUPT_OBSERVED,This warning is that output clock of clock gating cell should be active and reset is deasserted. This is confirmed by designer.,minsy0731,12-06-2025 13:42:45,"{""RdcSourceResets:ResetName"": ""RESETN_ACLK"", ""RdcDestResets:DestResetInfo:ResetName"": ""'no-reset'"", ""DestClockInfoList:DestClockInfo:ClockDomainId"": ""1"", ""DestClockInfoList:DestClockInfo:ClockName"": ""CLK_PRCM_ACLK"", ""DestClockInfoList:DestClockInfo:ClockObject"": ""ACLK"", ""ReasonInfoList:ReasonInfo:ReasonCode"": ""NO_BLOCKING_METHOD"", ""SrcObject"": ""u_AESDMA_TOP/u_aesdma_top/u_AESDMA_SFR/r_dma_con0_sw_reset/Q"", ""DestObject"": ""u_gated_sfr_pclk/u_dont_touch_preicg/ECK"", ""AllSrcResets:SrcResetInfo:ResetObject"": ""RESETN_ACLK"", ""AllSrcResets:SrcResetInfo:ResetName"": ""RESETN_ACLK"", ""DestSyncResetInfoList:DestResetInfo:ResetName"": ""'no-reset'"", ""SrcClockInfoList:SrcClockInfo:ClockDomainId"": ""1"", ""SrcClockInfoList:SrcClockInfo:ClockName"": ""CLK_PRCM_ACLK"", ""SrcClockInfoList:SrcClockInfo:ClockObject"": ""ACLK"", ""Module"": ""BOS_AESDMA""}","waive_violation -add {RDC_CLOCK_CORRUPT_OBSERVED_91}  -comment {This warning is that output clock of clock gating cell should be active and reset is deasserted. This is confirmed by designer.}  -filter {(RdcSourceResets:ResetName == ""RESETN_ACLK"") AND (RdcDestResets:DestResetInfo:ResetName == ""'no-reset'"") AND (DestClockInfoList:DestClockInfo:ClockDomainId == ""1"") AND (DestClockInfoList:DestClockInfo:ClockName == ""CLK_PRCM_ACLK"") AND (DestClockInfoList:DestClockInfo:ClockObject == ""ACLK"") AND (ReasonInfoList:ReasonInfo:ReasonCode == ""NO_BLOCKING_METHOD"") AND (SrcObject == ""u_AESDMA_TOP/u_aesdma_top/u_AESDMA_SFR/r_dma_con0_sw_reset/Q"") AND (DestObject == ""u_gated_sfr_pclk/u_dont_touch_preicg/ECK"") AND (AllSrcResets:SrcResetInfo:ResetObject == ""RESETN_ACLK"") AND (AllSrcResets:SrcResetInfo:ResetName == ""RESETN_ACLK"") AND (DestSyncResetInfoList:DestResetInfo:ResetName == ""'no-reset'"") AND (SrcClockInfoList:SrcClockInfo:ClockDomainId == ""1"") AND (SrcClockInfoList:SrcClockInfo:ClockName == ""CLK_PRCM_ACLK"") AND (SrcClockInfoList:SrcClockInfo:ClockObject == ""ACLK"") AND (Module == ""BOS_AESDMA"")}  -app { rdc } -tag { RDC_CLOCK_CORRUPT_OBSERVED } -user { minsy0731 } -timestamp { 12-06-2025 13:42:45 }"
RDC_CLOCK_CORRUPT_OBSERVED_92,ACTIVE,1,RDC_CLOCK_CORRUPT_OBSERVED,This warning is that output clock of clock gating cell should be active and reset is deasserted. This is confirmed by designer.,minsy0731,12-06-2025 13:42:45,"{""RdcSourceResets:ResetName"": ""RESETN_ACLK"", ""RdcDestResets:DestResetInfo:ResetName"": ""'no-reset'"", ""DestClockInfoList:DestClockInfo:ClockDomainId"": ""1"", ""DestClockInfoList:DestClockInfo:ClockName"": ""CLK_PRCM_ACLK"", ""DestClockInfoList:DestClockInfo:ClockObject"": ""ACLK"", ""ReasonInfoList:ReasonInfo:ReasonCode"": ""NO_BLOCKING_METHOD"", ""SrcObject"": ""r_aescore_aclk_dly_cnt/Q[3:0]"", ""DestObject"": ""u_gated_aescore_aclk/u_dont_touch_preicg/ECK"", ""AllSrcResets:SrcResetInfo:ResetObject"": ""RESETN_ACLK"", ""AllSrcResets:SrcResetInfo:ResetName"": ""RESETN_ACLK"", ""DestSyncResetInfoList:DestResetInfo:ResetName"": ""'no-reset'"", ""SrcClockInfoList:SrcClockInfo:ClockDomainId"": ""1"", ""SrcClockInfoList:SrcClockInfo:ClockName"": ""CLK_PRCM_ACLK"", ""SrcClockInfoList:SrcClockInfo:ClockObject"": ""ACLK"", ""Module"": ""BOS_AESDMA""}","waive_violation -add {RDC_CLOCK_CORRUPT_OBSERVED_92}  -comment {This warning is that output clock of clock gating cell should be active and reset is deasserted. This is confirmed by designer.}  -filter {(RdcSourceResets:ResetName == ""RESETN_ACLK"") AND (RdcDestResets:DestResetInfo:ResetName == ""'no-reset'"") AND (DestClockInfoList:DestClockInfo:ClockDomainId == ""1"") AND (DestClockInfoList:DestClockInfo:ClockName == ""CLK_PRCM_ACLK"") AND (DestClockInfoList:DestClockInfo:ClockObject == ""ACLK"") AND (ReasonInfoList:ReasonInfo:ReasonCode == ""NO_BLOCKING_METHOD"") AND (SrcObject == ""r_aescore_aclk_dly_cnt/Q[3:0]"") AND (DestObject == ""u_gated_aescore_aclk/u_dont_touch_preicg/ECK"") AND (AllSrcResets:SrcResetInfo:ResetObject == ""RESETN_ACLK"") AND (AllSrcResets:SrcResetInfo:ResetName == ""RESETN_ACLK"") AND (DestSyncResetInfoList:DestResetInfo:ResetName == ""'no-reset'"") AND (SrcClockInfoList:SrcClockInfo:ClockDomainId == ""1"") AND (SrcClockInfoList:SrcClockInfo:ClockName == ""CLK_PRCM_ACLK"") AND (SrcClockInfoList:SrcClockInfo:ClockObject == ""ACLK"") AND (Module == ""BOS_AESDMA"")}  -app { rdc } -tag { RDC_CLOCK_CORRUPT_OBSERVED } -user { minsy0731 } -timestamp { 12-06-2025 13:42:45 }"
RDC_CLOCK_CORRUPT_OBSERVED_93,ACTIVE,1,RDC_CLOCK_CORRUPT_OBSERVED,This warning is that output clock of clock gating cell should be active and reset is deasserted. This is confirmed by designer.,minsy0731,12-06-2025 13:42:45,"{""RdcSourceResets:ResetName"": ""RESETN_ACLK"", ""RdcDestResets:DestResetInfo:ResetName"": ""'no-reset'"", ""DestClockInfoList:DestClockInfo:ClockDomainId"": ""1"", ""DestClockInfoList:DestClockInfo:ClockName"": ""CLK_PRCM_ACLK"", ""DestClockInfoList:DestClockInfo:ClockObject"": ""ACLK"", ""ReasonInfoList:ReasonInfo:ReasonCode"": ""NO_BLOCKING_METHOD"", ""SrcObject"": ""u_AESDMA_TOP/u_aesdma_top/u_AESDMA_SFR/r_dma_con0_sw_reset/Q"", ""DestObject"": ""u_gated_bd_aclk/u_dont_touch_preicg/ECK"", ""AllSrcResets:SrcResetInfo:ResetObject"": ""RESETN_ACLK"", ""AllSrcResets:SrcResetInfo:ResetName"": ""RESETN_ACLK"", ""DestSyncResetInfoList:DestResetInfo:ResetName"": ""'no-reset'"", ""SrcClockInfoList:SrcClockInfo:ClockDomainId"": ""1"", ""SrcClockInfoList:SrcClockInfo:ClockName"": ""CLK_PRCM_ACLK"", ""SrcClockInfoList:SrcClockInfo:ClockObject"": ""ACLK"", ""Module"": ""BOS_AESDMA""}","waive_violation -add {RDC_CLOCK_CORRUPT_OBSERVED_93}  -comment {This warning is that output clock of clock gating cell should be active and reset is deasserted. This is confirmed by designer.}  -filter {(RdcSourceResets:ResetName == ""RESETN_ACLK"") AND (RdcDestResets:DestResetInfo:ResetName == ""'no-reset'"") AND (DestClockInfoList:DestClockInfo:ClockDomainId == ""1"") AND (DestClockInfoList:DestClockInfo:ClockName == ""CLK_PRCM_ACLK"") AND (DestClockInfoList:DestClockInfo:ClockObject == ""ACLK"") AND (ReasonInfoList:ReasonInfo:ReasonCode == ""NO_BLOCKING_METHOD"") AND (SrcObject == ""u_AESDMA_TOP/u_aesdma_top/u_AESDMA_SFR/r_dma_con0_sw_reset/Q"") AND (DestObject == ""u_gated_bd_aclk/u_dont_touch_preicg/ECK"") AND (AllSrcResets:SrcResetInfo:ResetObject == ""RESETN_ACLK"") AND (AllSrcResets:SrcResetInfo:ResetName == ""RESETN_ACLK"") AND (DestSyncResetInfoList:DestResetInfo:ResetName == ""'no-reset'"") AND (SrcClockInfoList:SrcClockInfo:ClockDomainId == ""1"") AND (SrcClockInfoList:SrcClockInfo:ClockName == ""CLK_PRCM_ACLK"") AND (SrcClockInfoList:SrcClockInfo:ClockObject == ""ACLK"") AND (Module == ""BOS_AESDMA"")}  -app { rdc } -tag { RDC_CLOCK_CORRUPT_OBSERVED } -user { minsy0731 } -timestamp { 12-06-2025 13:42:45 }"
RDC_CLOCK_CORRUPT_OBSERVED_94,ACTIVE,1,RDC_CLOCK_CORRUPT_OBSERVED,This warning is that output clock of clock gating cell should be active and reset is deasserted. This is confirmed by designer.,minsy0731,12-06-2025 13:42:45,"{""RdcSourceResets:ResetName"": ""RESETN_ACLK"", ""RdcDestResets:DestResetInfo:ResetName"": ""'no-reset'"", ""DestClockInfoList:DestClockInfo:ClockDomainId"": ""1"", ""DestClockInfoList:DestClockInfo:ClockName"": ""CLK_PRCM_ACLK"", ""DestClockInfoList:DestClockInfo:ClockObject"": ""ACLK"", ""ReasonInfoList:ReasonInfo:ReasonCode"": ""NO_BLOCKING_METHOD"", ""SrcObject"": ""u_AESDMA_TOP/u_aesdma_top/u_AESDMA_SFR/r_dma_con0_auto_clk_gating_disable/Q"", ""DestObject"": ""u_gated_datagen_aclk/u_dont_touch_preicg/ECK"", ""AllSrcResets:SrcResetInfo:ResetObject"": ""RESETN_ACLK"", ""AllSrcResets:SrcResetInfo:ResetName"": ""RESETN_ACLK"", ""DestSyncResetInfoList:DestResetInfo:ResetName"": ""'no-reset'"", ""SrcClockInfoList:SrcClockInfo:ClockDomainId"": ""1"", ""SrcClockInfoList:SrcClockInfo:ClockName"": ""CLK_PRCM_ACLK"", ""SrcClockInfoList:SrcClockInfo:ClockObject"": ""ACLK"", ""Module"": ""BOS_AESDMA""}","waive_violation -add {RDC_CLOCK_CORRUPT_OBSERVED_94}  -comment {This warning is that output clock of clock gating cell should be active and reset is deasserted. This is confirmed by designer.}  -filter {(RdcSourceResets:ResetName == ""RESETN_ACLK"") AND (RdcDestResets:DestResetInfo:ResetName == ""'no-reset'"") AND (DestClockInfoList:DestClockInfo:ClockDomainId == ""1"") AND (DestClockInfoList:DestClockInfo:ClockName == ""CLK_PRCM_ACLK"") AND (DestClockInfoList:DestClockInfo:ClockObject == ""ACLK"") AND (ReasonInfoList:ReasonInfo:ReasonCode == ""NO_BLOCKING_METHOD"") AND (SrcObject == ""u_AESDMA_TOP/u_aesdma_top/u_AESDMA_SFR/r_dma_con0_auto_clk_gating_disable/Q"") AND (DestObject == ""u_gated_datagen_aclk/u_dont_touch_preicg/ECK"") AND (AllSrcResets:SrcResetInfo:ResetObject == ""RESETN_ACLK"") AND (AllSrcResets:SrcResetInfo:ResetName == ""RESETN_ACLK"") AND (DestSyncResetInfoList:DestResetInfo:ResetName == ""'no-reset'"") AND (SrcClockInfoList:SrcClockInfo:ClockDomainId == ""1"") AND (SrcClockInfoList:SrcClockInfo:ClockName == ""CLK_PRCM_ACLK"") AND (SrcClockInfoList:SrcClockInfo:ClockObject == ""ACLK"") AND (Module == ""BOS_AESDMA"")}  -app { rdc } -tag { RDC_CLOCK_CORRUPT_OBSERVED } -user { minsy0731 } -timestamp { 12-06-2025 13:42:45 }"
RDC_CLOCK_CORRUPT_OBSERVED_95,ACTIVE,1,RDC_CLOCK_CORRUPT_OBSERVED,This warning is that output clock of clock gating cell should be active and reset is deasserted. This is confirmed by designer.,minsy0731,12-06-2025 13:42:45,"{""RdcSourceResets:ResetName"": ""RESETN_ACLK"", ""RdcDestResets:DestResetInfo:ResetName"": ""'no-reset'"", ""DestClockInfoList:DestClockInfo:ClockDomainId"": ""1"", ""DestClockInfoList:DestClockInfo:ClockName"": ""CLK_PRCM_ACLK"", ""DestClockInfoList:DestClockInfo:ClockObject"": ""ACLK"", ""ReasonInfoList:ReasonInfo:ReasonCode"": ""NO_BLOCKING_METHOD"", ""SrcObject"": ""u_AESDMA_TOP/u_aesdma_top/u_AESDMA_SFR/r_dma_con0_auto_clk_gating_disable/Q"", ""DestObject"": ""u_gated_sfr_pclk/u_dont_touch_preicg/ECK"", ""AllSrcResets:SrcResetInfo:ResetObject"": ""RESETN_ACLK"", ""AllSrcResets:SrcResetInfo:ResetName"": ""RESETN_ACLK"", ""DestSyncResetInfoList:DestResetInfo:ResetName"": ""'no-reset'"", ""SrcClockInfoList:SrcClockInfo:ClockDomainId"": ""1"", ""SrcClockInfoList:SrcClockInfo:ClockName"": ""CLK_PRCM_ACLK"", ""SrcClockInfoList:SrcClockInfo:ClockObject"": ""ACLK"", ""Module"": ""BOS_AESDMA""}","waive_violation -add {RDC_CLOCK_CORRUPT_OBSERVED_95}  -comment {This warning is that output clock of clock gating cell should be active and reset is deasserted. This is confirmed by designer.}  -filter {(RdcSourceResets:ResetName == ""RESETN_ACLK"") AND (RdcDestResets:DestResetInfo:ResetName == ""'no-reset'"") AND (DestClockInfoList:DestClockInfo:ClockDomainId == ""1"") AND (DestClockInfoList:DestClockInfo:ClockName == ""CLK_PRCM_ACLK"") AND (DestClockInfoList:DestClockInfo:ClockObject == ""ACLK"") AND (ReasonInfoList:ReasonInfo:ReasonCode == ""NO_BLOCKING_METHOD"") AND (SrcObject == ""u_AESDMA_TOP/u_aesdma_top/u_AESDMA_SFR/r_dma_con0_auto_clk_gating_disable/Q"") AND (DestObject == ""u_gated_sfr_pclk/u_dont_touch_preicg/ECK"") AND (AllSrcResets:SrcResetInfo:ResetObject == ""RESETN_ACLK"") AND (AllSrcResets:SrcResetInfo:ResetName == ""RESETN_ACLK"") AND (DestSyncResetInfoList:DestResetInfo:ResetName == ""'no-reset'"") AND (SrcClockInfoList:SrcClockInfo:ClockDomainId == ""1"") AND (SrcClockInfoList:SrcClockInfo:ClockName == ""CLK_PRCM_ACLK"") AND (SrcClockInfoList:SrcClockInfo:ClockObject == ""ACLK"") AND (Module == ""BOS_AESDMA"")}  -app { rdc } -tag { RDC_CLOCK_CORRUPT_OBSERVED } -user { minsy0731 } -timestamp { 12-06-2025 13:42:45 }"
RDC_CLOCK_CORRUPT_OBSERVED_96,ACTIVE,1,RDC_CLOCK_CORRUPT_OBSERVED,This warning is that output clock of clock gating cell should be active and reset is deasserted. This is confirmed by designer.,minsy0731,12-06-2025 13:42:45,"{""RdcSourceResets:ResetName"": ""RESETN_ACLK"", ""RdcDestResets:DestResetInfo:ResetName"": ""'no-reset'"", ""DestClockInfoList:DestClockInfo:ClockDomainId"": ""1"", ""DestClockInfoList:DestClockInfo:ClockName"": ""CLK_PRCM_ACLK"", ""DestClockInfoList:DestClockInfo:ClockObject"": ""ACLK"", ""ReasonInfoList:ReasonInfo:ReasonCode"": ""NO_BLOCKING_METHOD"", ""SrcObject"": ""u_AESDMA_TOP/u_aesdma_top/u_AESDMA_SFR/r_dma_con0_auto_clk_gating_disable/Q"", ""DestObject"": ""u_gated_bd_aclk/u_dont_touch_preicg/ECK"", ""AllSrcResets:SrcResetInfo:ResetObject"": ""RESETN_ACLK"", ""AllSrcResets:SrcResetInfo:ResetName"": ""RESETN_ACLK"", ""DestSyncResetInfoList:DestResetInfo:ResetName"": ""'no-reset'"", ""SrcClockInfoList:SrcClockInfo:ClockDomainId"": ""1"", ""SrcClockInfoList:SrcClockInfo:ClockName"": ""CLK_PRCM_ACLK"", ""SrcClockInfoList:SrcClockInfo:ClockObject"": ""ACLK"", ""Module"": ""BOS_AESDMA""}","waive_violation -add {RDC_CLOCK_CORRUPT_OBSERVED_96}  -comment {This warning is that output clock of clock gating cell should be active and reset is deasserted. This is confirmed by designer.}  -filter {(RdcSourceResets:ResetName == ""RESETN_ACLK"") AND (RdcDestResets:DestResetInfo:ResetName == ""'no-reset'"") AND (DestClockInfoList:DestClockInfo:ClockDomainId == ""1"") AND (DestClockInfoList:DestClockInfo:ClockName == ""CLK_PRCM_ACLK"") AND (DestClockInfoList:DestClockInfo:ClockObject == ""ACLK"") AND (ReasonInfoList:ReasonInfo:ReasonCode == ""NO_BLOCKING_METHOD"") AND (SrcObject == ""u_AESDMA_TOP/u_aesdma_top/u_AESDMA_SFR/r_dma_con0_auto_clk_gating_disable/Q"") AND (DestObject == ""u_gated_bd_aclk/u_dont_touch_preicg/ECK"") AND (AllSrcResets:SrcResetInfo:ResetObject == ""RESETN_ACLK"") AND (AllSrcResets:SrcResetInfo:ResetName == ""RESETN_ACLK"") AND (DestSyncResetInfoList:DestResetInfo:ResetName == ""'no-reset'"") AND (SrcClockInfoList:SrcClockInfo:ClockDomainId == ""1"") AND (SrcClockInfoList:SrcClockInfo:ClockName == ""CLK_PRCM_ACLK"") AND (SrcClockInfoList:SrcClockInfo:ClockObject == ""ACLK"") AND (Module == ""BOS_AESDMA"")}  -app { rdc } -tag { RDC_CLOCK_CORRUPT_OBSERVED } -user { minsy0731 } -timestamp { 12-06-2025 13:42:45 }"
RDC_CLOCK_CORRUPT_OBSERVED_97,ACTIVE,1,RDC_CLOCK_CORRUPT_OBSERVED,This warning is that output clock of clock gating cell should be active and reset is deasserted. This is confirmed by designer.,minsy0731,12-06-2025 13:42:45,"{""RdcSourceResets:ResetName"": ""RESETN_ACLK"", ""RdcDestResets:DestResetInfo:ResetName"": ""'no-reset'"", ""DestClockInfoList:DestClockInfo:ClockDomainId"": ""1"", ""DestClockInfoList:DestClockInfo:ClockName"": ""CLK_PRCM_ACLK"", ""DestClockInfoList:DestClockInfo:ClockObject"": ""ACLK"", ""ReasonInfoList:ReasonInfo:ReasonCode"": ""NO_BLOCKING_METHOD"", ""SrcObject"": ""r_datagen_aclk_dly_cnt/Q[3:0]"", ""DestObject"": ""u_gated_datagen_aclk/u_dont_touch_preicg/ECK"", ""AllSrcResets:SrcResetInfo:ResetObject"": ""RESETN_ACLK"", ""AllSrcResets:SrcResetInfo:ResetName"": ""RESETN_ACLK"", ""DestSyncResetInfoList:DestResetInfo:ResetName"": ""'no-reset'"", ""SrcClockInfoList:SrcClockInfo:ClockDomainId"": ""1"", ""SrcClockInfoList:SrcClockInfo:ClockName"": ""CLK_PRCM_ACLK"", ""SrcClockInfoList:SrcClockInfo:ClockObject"": ""ACLK"", ""Module"": ""BOS_AESDMA""}","waive_violation -add {RDC_CLOCK_CORRUPT_OBSERVED_97}  -comment {This warning is that output clock of clock gating cell should be active and reset is deasserted. This is confirmed by designer.}  -filter {(RdcSourceResets:ResetName == ""RESETN_ACLK"") AND (RdcDestResets:DestResetInfo:ResetName == ""'no-reset'"") AND (DestClockInfoList:DestClockInfo:ClockDomainId == ""1"") AND (DestClockInfoList:DestClockInfo:ClockName == ""CLK_PRCM_ACLK"") AND (DestClockInfoList:DestClockInfo:ClockObject == ""ACLK"") AND (ReasonInfoList:ReasonInfo:ReasonCode == ""NO_BLOCKING_METHOD"") AND (SrcObject == ""r_datagen_aclk_dly_cnt/Q[3:0]"") AND (DestObject == ""u_gated_datagen_aclk/u_dont_touch_preicg/ECK"") AND (AllSrcResets:SrcResetInfo:ResetObject == ""RESETN_ACLK"") AND (AllSrcResets:SrcResetInfo:ResetName == ""RESETN_ACLK"") AND (DestSyncResetInfoList:DestResetInfo:ResetName == ""'no-reset'"") AND (SrcClockInfoList:SrcClockInfo:ClockDomainId == ""1"") AND (SrcClockInfoList:SrcClockInfo:ClockName == ""CLK_PRCM_ACLK"") AND (SrcClockInfoList:SrcClockInfo:ClockObject == ""ACLK"") AND (Module == ""BOS_AESDMA"")}  -app { rdc } -tag { RDC_CLOCK_CORRUPT_OBSERVED } -user { minsy0731 } -timestamp { 12-06-2025 13:42:45 }"
RDC_CLOCK_CORRUPT_OBSERVED_98,ACTIVE,1,RDC_CLOCK_CORRUPT_OBSERVED,This warning is that output clock of clock gating cell should be active and reset is deasserted. This is confirmed by designer.,minsy0731,12-06-2025 13:42:45,"{""RdcSourceResets:ResetName"": ""RESETN_ACLK"", ""RdcDestResets:DestResetInfo:ResetName"": ""'no-reset'"", ""DestClockInfoList:DestClockInfo:ClockDomainId"": ""1"", ""DestClockInfoList:DestClockInfo:ClockName"": ""CLK_PRCM_ACLK"", ""DestClockInfoList:DestClockInfo:ClockObject"": ""ACLK"", ""ReasonInfoList:ReasonInfo:ReasonCode"": ""NO_BLOCKING_METHOD"", ""SrcObject"": ""r_core_aclk_dly_cnt/Q[3:0]"", ""DestObject"": ""u_gated_sfr_pclk/u_dont_touch_preicg/ECK"", ""AllSrcResets:SrcResetInfo:ResetObject"": ""RESETN_ACLK"", ""AllSrcResets:SrcResetInfo:ResetName"": ""RESETN_ACLK"", ""DestSyncResetInfoList:DestResetInfo:ResetName"": ""'no-reset'"", ""SrcClockInfoList:SrcClockInfo:ClockDomainId"": ""1"", ""SrcClockInfoList:SrcClockInfo:ClockName"": ""CLK_PRCM_ACLK"", ""SrcClockInfoList:SrcClockInfo:ClockObject"": ""ACLK"", ""Module"": ""BOS_AESDMA""}","waive_violation -add {RDC_CLOCK_CORRUPT_OBSERVED_98}  -comment {This warning is that output clock of clock gating cell should be active and reset is deasserted. This is confirmed by designer.}  -filter {(RdcSourceResets:ResetName == ""RESETN_ACLK"") AND (RdcDestResets:DestResetInfo:ResetName == ""'no-reset'"") AND (DestClockInfoList:DestClockInfo:ClockDomainId == ""1"") AND (DestClockInfoList:DestClockInfo:ClockName == ""CLK_PRCM_ACLK"") AND (DestClockInfoList:DestClockInfo:ClockObject == ""ACLK"") AND (ReasonInfoList:ReasonInfo:ReasonCode == ""NO_BLOCKING_METHOD"") AND (SrcObject == ""r_core_aclk_dly_cnt/Q[3:0]"") AND (DestObject == ""u_gated_sfr_pclk/u_dont_touch_preicg/ECK"") AND (AllSrcResets:SrcResetInfo:ResetObject == ""RESETN_ACLK"") AND (AllSrcResets:SrcResetInfo:ResetName == ""RESETN_ACLK"") AND (DestSyncResetInfoList:DestResetInfo:ResetName == ""'no-reset'"") AND (SrcClockInfoList:SrcClockInfo:ClockDomainId == ""1"") AND (SrcClockInfoList:SrcClockInfo:ClockName == ""CLK_PRCM_ACLK"") AND (SrcClockInfoList:SrcClockInfo:ClockObject == ""ACLK"") AND (Module == ""BOS_AESDMA"")}  -app { rdc } -tag { RDC_CLOCK_CORRUPT_OBSERVED } -user { minsy0731 } -timestamp { 12-06-2025 13:42:45 }"
RDC_CLOCK_CORRUPT_OBSERVED_99,ACTIVE,1,RDC_CLOCK_CORRUPT_OBSERVED,This warning is that output clock of clock gating cell should be active and reset is deasserted. This is confirmed by designer.,minsy0731,12-06-2025 13:42:45,"{""RdcSourceResets:ResetName"": ""RESETN_ACLK"", ""RdcDestResets:DestResetInfo:ResetName"": ""'no-reset'"", ""DestClockInfoList:DestClockInfo:ClockDomainId"": ""1"", ""DestClockInfoList:DestClockInfo:ClockName"": ""CLK_PRCM_ACLK"", ""DestClockInfoList:DestClockInfo:ClockObject"": ""ACLK"", ""ReasonInfoList:ReasonInfo:ReasonCode"": ""NO_BLOCKING_METHOD"", ""SrcObject"": ""u_AESDMA_TOP/u_aesdma_top/u_AESDMA_SFR/r_dma_con0_auto_clk_gating_disable/Q"", ""DestObject"": ""u_gated_core_aclk/u_dont_touch_preicg/ECK"", ""AllSrcResets:SrcResetInfo:ResetObject"": ""RESETN_ACLK"", ""AllSrcResets:SrcResetInfo:ResetName"": ""RESETN_ACLK"", ""DestSyncResetInfoList:DestResetInfo:ResetName"": ""'no-reset'"", ""SrcClockInfoList:SrcClockInfo:ClockDomainId"": ""1"", ""SrcClockInfoList:SrcClockInfo:ClockName"": ""CLK_PRCM_ACLK"", ""SrcClockInfoList:SrcClockInfo:ClockObject"": ""ACLK"", ""Module"": ""BOS_AESDMA""}","waive_violation -add {RDC_CLOCK_CORRUPT_OBSERVED_99}  -comment {This warning is that output clock of clock gating cell should be active and reset is deasserted. This is confirmed by designer.}  -filter {(RdcSourceResets:ResetName == ""RESETN_ACLK"") AND (RdcDestResets:DestResetInfo:ResetName == ""'no-reset'"") AND (DestClockInfoList:DestClockInfo:ClockDomainId == ""1"") AND (DestClockInfoList:DestClockInfo:ClockName == ""CLK_PRCM_ACLK"") AND (DestClockInfoList:DestClockInfo:ClockObject == ""ACLK"") AND (ReasonInfoList:ReasonInfo:ReasonCode == ""NO_BLOCKING_METHOD"") AND (SrcObject == ""u_AESDMA_TOP/u_aesdma_top/u_AESDMA_SFR/r_dma_con0_auto_clk_gating_disable/Q"") AND (DestObject == ""u_gated_core_aclk/u_dont_touch_preicg/ECK"") AND (AllSrcResets:SrcResetInfo:ResetObject == ""RESETN_ACLK"") AND (AllSrcResets:SrcResetInfo:ResetName == ""RESETN_ACLK"") AND (DestSyncResetInfoList:DestResetInfo:ResetName == ""'no-reset'"") AND (SrcClockInfoList:SrcClockInfo:ClockDomainId == ""1"") AND (SrcClockInfoList:SrcClockInfo:ClockName == ""CLK_PRCM_ACLK"") AND (SrcClockInfoList:SrcClockInfo:ClockObject == ""ACLK"") AND (Module == ""BOS_AESDMA"")}  -app { rdc } -tag { RDC_CLOCK_CORRUPT_OBSERVED } -user { minsy0731 } -timestamp { 12-06-2025 13:42:45 }"
RDC_CORRUPT_OBSERVED_103,REDUNDANT,0,RDC_CORRUPT_OBSERVED,SRAM don't have reset.,minsy0731,12-06-2025 13:46:16,"{""RdcSourceResets:ResetName"": ""RESETN_ACLK"", ""RdcDestResets:DestResetInfo:ResetName"": ""'no-reset'"", ""DestClockInfoList:DestClockInfo:ClockDomainId"": ""1"", ""DestClockInfoList:DestClockInfo:ClockName"": ""CLK_PRCM_ACLK"", ""DestClockInfoList:DestClockInfo:ClockObject"": ""ACLK"", ""ReasonInfoList:ReasonInfo:ReasonCode"": ""NO_BLOCKING_METHOD"", ""SrcObject"": ""u_AESDMA_TOP/u_aesdma_top/u_AESDMA_WRCORE/u_AESDMA_DMA_WR_FIFO/u_REGFIFO/r_cnt/Q[1:0]"", ""DestObject"": ""gen_wide_SRAM_WRFIFO[0].gen_SRAM_WRFIFO[0].u_SRAM_2P_UHDE_32X129_rtl_ecc_dcls/r_sram_rd_0/Q"", ""AllSrcResets:SrcResetInfo:ResetObject"": ""RESETN_ACLK"", ""AllSrcResets:SrcResetInfo:ResetName"": ""RESETN_ACLK"", ""DestSyncResetInfoList:DestResetInfo:ResetName"": ""'no-reset'"", ""SrcClockInfoList:SrcClockInfo:ClockDomainId"": ""1"", ""SrcClockInfoList:SrcClockInfo:ClockName"": ""CLK_PRCM_ACLK"", ""SrcClockInfoList:SrcClockInfo:ClockObject"": ""ACLK"", ""Module"": ""BOS_AESDMA""}","waive_violation -add {RDC_CORRUPT_OBSERVED_103}  -comment {SRAM don't have reset.}  -filter {(RdcSourceResets:ResetName == ""RESETN_ACLK"") AND (RdcDestResets:DestResetInfo:ResetName == ""'no-reset'"") AND (DestClockInfoList:DestClockInfo:ClockDomainId == ""1"") AND (DestClockInfoList:DestClockInfo:ClockName == ""CLK_PRCM_ACLK"") AND (DestClockInfoList:DestClockInfo:ClockObject == ""ACLK"") AND (ReasonInfoList:ReasonInfo:ReasonCode == ""NO_BLOCKING_METHOD"") AND (SrcObject == ""u_AESDMA_TOP/u_aesdma_top/u_AESDMA_WRCORE/u_AESDMA_DMA_WR_FIFO/u_REGFIFO/r_cnt/Q[1:0]"") AND (DestObject == ""gen_wide_SRAM_WRFIFO[0].gen_SRAM_WRFIFO[0].u_SRAM_2P_UHDE_32X129_rtl_ecc_dcls/r_sram_rd_0/Q"") AND (AllSrcResets:SrcResetInfo:ResetObject == ""RESETN_ACLK"") AND (AllSrcResets:SrcResetInfo:ResetName == ""RESETN_ACLK"") AND (DestSyncResetInfoList:DestResetInfo:ResetName == ""'no-reset'"") AND (SrcClockInfoList:SrcClockInfo:ClockDomainId == ""1"") AND (SrcClockInfoList:SrcClockInfo:ClockName == ""CLK_PRCM_ACLK"") AND (SrcClockInfoList:SrcClockInfo:ClockObject == ""ACLK"") AND (Module == ""BOS_AESDMA"")}  -app { rdc } -tag { RDC_CORRUPT_OBSERVED } -user { minsy0731 } -timestamp { 12-06-2025 13:46:16 }"
RDC_CORRUPT_OBSERVED_104,REDUNDANT,0,RDC_CORRUPT_OBSERVED,SRAM don't have reset.,minsy0731,12-06-2025 13:46:16,"{""RdcSourceResets:ResetName"": ""RESETN_ACLK"", ""RdcDestResets:DestResetInfo:ResetName"": ""'no-reset'"", ""DestClockInfoList:DestClockInfo:ClockDomainId"": ""1"", ""DestClockInfoList:DestClockInfo:ClockName"": ""CLK_PRCM_ACLK"", ""DestClockInfoList:DestClockInfo:ClockObject"": ""ACLK"", ""ReasonInfoList:ReasonInfo:ReasonCode"": ""NO_BLOCKING_METHOD"", ""SrcObject"": ""u_AESDMA_TOP/u_aesdma_top/u_AESDMA_WRCORE/u_AESDMA_DMA_WR_FIFO/u_REGFIFO/r_ex_cnt/Q"", ""DestObject"": ""gen_wide_SRAM_WRFIFO[0].gen_SRAM_WRFIFO[0].u_SRAM_2P_UHDE_32X129_rtl_ecc_dcls/r_sram_rd_0/Q"", ""AllSrcResets:SrcResetInfo:ResetObject"": ""RESETN_ACLK"", ""AllSrcResets:SrcResetInfo:ResetName"": ""RESETN_ACLK"", ""DestSyncResetInfoList:DestResetInfo:ResetName"": ""'no-reset'"", ""SrcClockInfoList:SrcClockInfo:ClockDomainId"": ""1"", ""SrcClockInfoList:SrcClockInfo:ClockName"": ""CLK_PRCM_ACLK"", ""SrcClockInfoList:SrcClockInfo:ClockObject"": ""ACLK"", ""Module"": ""BOS_AESDMA""}","waive_violation -add {RDC_CORRUPT_OBSERVED_104}  -comment {SRAM don't have reset.}  -filter {(RdcSourceResets:ResetName == ""RESETN_ACLK"") AND (RdcDestResets:DestResetInfo:ResetName == ""'no-reset'"") AND (DestClockInfoList:DestClockInfo:ClockDomainId == ""1"") AND (DestClockInfoList:DestClockInfo:ClockName == ""CLK_PRCM_ACLK"") AND (DestClockInfoList:DestClockInfo:ClockObject == ""ACLK"") AND (ReasonInfoList:ReasonInfo:ReasonCode == ""NO_BLOCKING_METHOD"") AND (SrcObject == ""u_AESDMA_TOP/u_aesdma_top/u_AESDMA_WRCORE/u_AESDMA_DMA_WR_FIFO/u_REGFIFO/r_ex_cnt/Q"") AND (DestObject == ""gen_wide_SRAM_WRFIFO[0].gen_SRAM_WRFIFO[0].u_SRAM_2P_UHDE_32X129_rtl_ecc_dcls/r_sram_rd_0/Q"") AND (AllSrcResets:SrcResetInfo:ResetObject == ""RESETN_ACLK"") AND (AllSrcResets:SrcResetInfo:ResetName == ""RESETN_ACLK"") AND (DestSyncResetInfoList:DestResetInfo:ResetName == ""'no-reset'"") AND (SrcClockInfoList:SrcClockInfo:ClockDomainId == ""1"") AND (SrcClockInfoList:SrcClockInfo:ClockName == ""CLK_PRCM_ACLK"") AND (SrcClockInfoList:SrcClockInfo:ClockObject == ""ACLK"") AND (Module == ""BOS_AESDMA"")}  -app { rdc } -tag { RDC_CORRUPT_OBSERVED } -user { minsy0731 } -timestamp { 12-06-2025 13:46:16 }"
RDC_CORRUPT_OBSERVED_105,REDUNDANT,0,RDC_CORRUPT_OBSERVED,SRAM don't have reset.,minsy0731,12-06-2025 13:46:16,"{""RdcSourceResets:ResetName"": ""RESETN_ACLK"", ""RdcDestResets:DestResetInfo:ResetName"": ""'no-reset'"", ""DestClockInfoList:DestClockInfo:ClockDomainId"": ""1"", ""DestClockInfoList:DestClockInfo:ClockName"": ""CLK_PRCM_ACLK"", ""DestClockInfoList:DestClockInfo:ClockObject"": ""ACLK"", ""ReasonInfoList:ReasonInfo:ReasonCode"": ""NO_BLOCKING_METHOD"", ""SrcObject"": ""u_AESDMA_TOP/u_aesdma_top/u_AESDMA_WRCORE/u_AESDMA_DMA_WR_FIFO/w_cnt/Q[4:0]"", ""DestObject"": ""gen_wide_SRAM_WRFIFO[0].gen_SRAM_WRFIFO[0].u_SRAM_2P_UHDE_32X129_rtl_ecc_dcls/r_sram_rd_0/Q"", ""AllSrcResets:SrcResetInfo:ResetObject"": ""RESETN_ACLK"", ""AllSrcResets:SrcResetInfo:ResetName"": ""RESETN_ACLK"", ""DestSyncResetInfoList:DestResetInfo:ResetName"": ""'no-reset'"", ""SrcClockInfoList:SrcClockInfo:ClockDomainId"": ""1"", ""SrcClockInfoList:SrcClockInfo:ClockName"": ""CLK_PRCM_ACLK"", ""SrcClockInfoList:SrcClockInfo:ClockObject"": ""ACLK"", ""Module"": ""BOS_AESDMA""}","waive_violation -add {RDC_CORRUPT_OBSERVED_105}  -comment {SRAM don't have reset.}  -filter {(RdcSourceResets:ResetName == ""RESETN_ACLK"") AND (RdcDestResets:DestResetInfo:ResetName == ""'no-reset'"") AND (DestClockInfoList:DestClockInfo:ClockDomainId == ""1"") AND (DestClockInfoList:DestClockInfo:ClockName == ""CLK_PRCM_ACLK"") AND (DestClockInfoList:DestClockInfo:ClockObject == ""ACLK"") AND (ReasonInfoList:ReasonInfo:ReasonCode == ""NO_BLOCKING_METHOD"") AND (SrcObject == ""u_AESDMA_TOP/u_aesdma_top/u_AESDMA_WRCORE/u_AESDMA_DMA_WR_FIFO/w_cnt/Q[4:0]"") AND (DestObject == ""gen_wide_SRAM_WRFIFO[0].gen_SRAM_WRFIFO[0].u_SRAM_2P_UHDE_32X129_rtl_ecc_dcls/r_sram_rd_0/Q"") AND (AllSrcResets:SrcResetInfo:ResetObject == ""RESETN_ACLK"") AND (AllSrcResets:SrcResetInfo:ResetName == ""RESETN_ACLK"") AND (DestSyncResetInfoList:DestResetInfo:ResetName == ""'no-reset'"") AND (SrcClockInfoList:SrcClockInfo:ClockDomainId == ""1"") AND (SrcClockInfoList:SrcClockInfo:ClockName == ""CLK_PRCM_ACLK"") AND (SrcClockInfoList:SrcClockInfo:ClockObject == ""ACLK"") AND (Module == ""BOS_AESDMA"")}  -app { rdc } -tag { RDC_CORRUPT_OBSERVED } -user { minsy0731 } -timestamp { 12-06-2025 13:46:16 }"
RDC_CORRUPT_OBSERVED_106,REDUNDANT,0,RDC_CORRUPT_OBSERVED,SRAM don't have reset.,minsy0731,12-06-2025 13:46:16,"{""RdcSourceResets:ResetName"": ""RESETN_ACLK"", ""RdcDestResets:DestResetInfo:ResetName"": ""'no-reset'"", ""DestClockInfoList:DestClockInfo:ClockDomainId"": ""1"", ""DestClockInfoList:DestClockInfo:ClockName"": ""CLK_PRCM_ACLK"", ""DestClockInfoList:DestClockInfo:ClockObject"": ""ACLK"", ""ReasonInfoList:ReasonInfo:ReasonCode"": ""NO_BLOCKING_METHOD"", ""SrcObject"": ""u_AESDMA_TOP/u_aesdma_top/u_AESDMA_WRCORE/u_AESDMA_DMA_WR_FIFO/w_ex_cnt/Q"", ""DestObject"": ""gen_wide_SRAM_WRFIFO[0].gen_SRAM_WRFIFO[0].u_SRAM_2P_UHDE_32X129_rtl_ecc_dcls/r_sram_rd_0/Q"", ""AllSrcResets:SrcResetInfo:ResetObject"": ""RESETN_ACLK"", ""AllSrcResets:SrcResetInfo:ResetName"": ""RESETN_ACLK"", ""DestSyncResetInfoList:DestResetInfo:ResetName"": ""'no-reset'"", ""SrcClockInfoList:SrcClockInfo:ClockDomainId"": ""1"", ""SrcClockInfoList:SrcClockInfo:ClockName"": ""CLK_PRCM_ACLK"", ""SrcClockInfoList:SrcClockInfo:ClockObject"": ""ACLK"", ""Module"": ""BOS_AESDMA""}","waive_violation -add {RDC_CORRUPT_OBSERVED_106}  -comment {SRAM don't have reset.}  -filter {(RdcSourceResets:ResetName == ""RESETN_ACLK"") AND (RdcDestResets:DestResetInfo:ResetName == ""'no-reset'"") AND (DestClockInfoList:DestClockInfo:ClockDomainId == ""1"") AND (DestClockInfoList:DestClockInfo:ClockName == ""CLK_PRCM_ACLK"") AND (DestClockInfoList:DestClockInfo:ClockObject == ""ACLK"") AND (ReasonInfoList:ReasonInfo:ReasonCode == ""NO_BLOCKING_METHOD"") AND (SrcObject == ""u_AESDMA_TOP/u_aesdma_top/u_AESDMA_WRCORE/u_AESDMA_DMA_WR_FIFO/w_ex_cnt/Q"") AND (DestObject == ""gen_wide_SRAM_WRFIFO[0].gen_SRAM_WRFIFO[0].u_SRAM_2P_UHDE_32X129_rtl_ecc_dcls/r_sram_rd_0/Q"") AND (AllSrcResets:SrcResetInfo:ResetObject == ""RESETN_ACLK"") AND (AllSrcResets:SrcResetInfo:ResetName == ""RESETN_ACLK"") AND (DestSyncResetInfoList:DestResetInfo:ResetName == ""'no-reset'"") AND (SrcClockInfoList:SrcClockInfo:ClockDomainId == ""1"") AND (SrcClockInfoList:SrcClockInfo:ClockName == ""CLK_PRCM_ACLK"") AND (SrcClockInfoList:SrcClockInfo:ClockObject == ""ACLK"") AND (Module == ""BOS_AESDMA"")}  -app { rdc } -tag { RDC_CORRUPT_OBSERVED } -user { minsy0731 } -timestamp { 12-06-2025 13:46:16 }"
RDC_CORRUPT_OBSERVED_107,REDUNDANT,0,RDC_CORRUPT_OBSERVED,SRAM don't have reset.,minsy0731,12-06-2025 13:46:16,"{""RdcSourceResets:ResetName"": ""RESETN_ACLK"", ""RdcDestResets:DestResetInfo:ResetName"": ""'no-reset'"", ""DestClockInfoList:DestClockInfo:ClockDomainId"": ""1"", ""DestClockInfoList:DestClockInfo:ClockName"": ""CLK_PRCM_ACLK"", ""DestClockInfoList:DestClockInfo:ClockObject"": ""ACLK"", ""ReasonInfoList:ReasonInfo:ReasonCode"": ""NO_BLOCKING_METHOD"", ""SrcObject"": ""u_AESDMA_TOP/u_aesdma_top/u_AESDMA_WRCORE/u_AESDMA_DMA_WR_FIFO/r_ex_cnt/Q"", ""DestObject"": ""gen_wide_SRAM_WRFIFO[0].gen_SRAM_WRFIFO[0].u_SRAM_2P_UHDE_32X129_rtl_ecc_dcls/r_sram_rd_0/Q"", ""AllSrcResets:SrcResetInfo:ResetObject"": ""RESETN_ACLK"", ""AllSrcResets:SrcResetInfo:ResetName"": ""RESETN_ACLK"", ""DestSyncResetInfoList:DestResetInfo:ResetName"": ""'no-reset'"", ""SrcClockInfoList:SrcClockInfo:ClockDomainId"": ""1"", ""SrcClockInfoList:SrcClockInfo:ClockName"": ""CLK_PRCM_ACLK"", ""SrcClockInfoList:SrcClockInfo:ClockObject"": ""ACLK"", ""Module"": ""BOS_AESDMA""}","waive_violation -add {RDC_CORRUPT_OBSERVED_107}  -comment {SRAM don't have reset.}  -filter {(RdcSourceResets:ResetName == ""RESETN_ACLK"") AND (RdcDestResets:DestResetInfo:ResetName == ""'no-reset'"") AND (DestClockInfoList:DestClockInfo:ClockDomainId == ""1"") AND (DestClockInfoList:DestClockInfo:ClockName == ""CLK_PRCM_ACLK"") AND (DestClockInfoList:DestClockInfo:ClockObject == ""ACLK"") AND (ReasonInfoList:ReasonInfo:ReasonCode == ""NO_BLOCKING_METHOD"") AND (SrcObject == ""u_AESDMA_TOP/u_aesdma_top/u_AESDMA_WRCORE/u_AESDMA_DMA_WR_FIFO/r_ex_cnt/Q"") AND (DestObject == ""gen_wide_SRAM_WRFIFO[0].gen_SRAM_WRFIFO[0].u_SRAM_2P_UHDE_32X129_rtl_ecc_dcls/r_sram_rd_0/Q"") AND (AllSrcResets:SrcResetInfo:ResetObject == ""RESETN_ACLK"") AND (AllSrcResets:SrcResetInfo:ResetName == ""RESETN_ACLK"") AND (DestSyncResetInfoList:DestResetInfo:ResetName == ""'no-reset'"") AND (SrcClockInfoList:SrcClockInfo:ClockDomainId == ""1"") AND (SrcClockInfoList:SrcClockInfo:ClockName == ""CLK_PRCM_ACLK"") AND (SrcClockInfoList:SrcClockInfo:ClockObject == ""ACLK"") AND (Module == ""BOS_AESDMA"")}  -app { rdc } -tag { RDC_CORRUPT_OBSERVED } -user { minsy0731 } -timestamp { 12-06-2025 13:46:16 }"
RDC_CORRUPT_OBSERVED_108,REDUNDANT,0,RDC_CORRUPT_OBSERVED,SRAM don't have reset.,minsy0731,12-06-2025 13:46:16,"{""RdcSourceResets:ResetName"": ""RESETN_ACLK"", ""RdcDestResets:DestResetInfo:ResetName"": ""'no-reset'"", ""DestClockInfoList:DestClockInfo:ClockDomainId"": ""1"", ""DestClockInfoList:DestClockInfo:ClockName"": ""CLK_PRCM_ACLK"", ""DestClockInfoList:DestClockInfo:ClockObject"": ""ACLK"", ""ReasonInfoList:ReasonInfo:ReasonCode"": ""NO_BLOCKING_METHOD"", ""SrcObject"": ""u_AESDMA_TOP/u_aesdma_top/u_AESDMA_WRCORE/u_AESDMA_DMA_WR_FIFO/r_cen_a_d1/Q"", ""DestObject"": ""gen_wide_SRAM_WRFIFO[0].gen_SRAM_WRFIFO[0].u_SRAM_2P_UHDE_32X129_rtl_ecc_dcls/r_sram_rd_0/Q"", ""AllSrcResets:SrcResetInfo:ResetObject"": ""RESETN_ACLK"", ""AllSrcResets:SrcResetInfo:ResetName"": ""RESETN_ACLK"", ""DestSyncResetInfoList:DestResetInfo:ResetName"": ""'no-reset'"", ""SrcClockInfoList:SrcClockInfo:ClockDomainId"": ""1"", ""SrcClockInfoList:SrcClockInfo:ClockName"": ""CLK_PRCM_ACLK"", ""SrcClockInfoList:SrcClockInfo:ClockObject"": ""ACLK"", ""Module"": ""BOS_AESDMA""}","waive_violation -add {RDC_CORRUPT_OBSERVED_108}  -comment {SRAM don't have reset.}  -filter {(RdcSourceResets:ResetName == ""RESETN_ACLK"") AND (RdcDestResets:DestResetInfo:ResetName == ""'no-reset'"") AND (DestClockInfoList:DestClockInfo:ClockDomainId == ""1"") AND (DestClockInfoList:DestClockInfo:ClockName == ""CLK_PRCM_ACLK"") AND (DestClockInfoList:DestClockInfo:ClockObject == ""ACLK"") AND (ReasonInfoList:ReasonInfo:ReasonCode == ""NO_BLOCKING_METHOD"") AND (SrcObject == ""u_AESDMA_TOP/u_aesdma_top/u_AESDMA_WRCORE/u_AESDMA_DMA_WR_FIFO/r_cen_a_d1/Q"") AND (DestObject == ""gen_wide_SRAM_WRFIFO[0].gen_SRAM_WRFIFO[0].u_SRAM_2P_UHDE_32X129_rtl_ecc_dcls/r_sram_rd_0/Q"") AND (AllSrcResets:SrcResetInfo:ResetObject == ""RESETN_ACLK"") AND (AllSrcResets:SrcResetInfo:ResetName == ""RESETN_ACLK"") AND (DestSyncResetInfoList:DestResetInfo:ResetName == ""'no-reset'"") AND (SrcClockInfoList:SrcClockInfo:ClockDomainId == ""1"") AND (SrcClockInfoList:SrcClockInfo:ClockName == ""CLK_PRCM_ACLK"") AND (SrcClockInfoList:SrcClockInfo:ClockObject == ""ACLK"") AND (Module == ""BOS_AESDMA"")}  -app { rdc } -tag { RDC_CORRUPT_OBSERVED } -user { minsy0731 } -timestamp { 12-06-2025 13:46:16 }"
RDC_CORRUPT_OBSERVED_109,REDUNDANT,0,RDC_CORRUPT_OBSERVED,SRAM don't have reset.,minsy0731,12-06-2025 13:46:16,"{""RdcSourceResets:ResetName"": ""RESETN_ACLK"", ""RdcDestResets:DestResetInfo:ResetName"": ""'no-reset'"", ""DestClockInfoList:DestClockInfo:ClockDomainId"": ""1"", ""DestClockInfoList:DestClockInfo:ClockName"": ""CLK_PRCM_ACLK"", ""DestClockInfoList:DestClockInfo:ClockObject"": ""ACLK"", ""ReasonInfoList:ReasonInfo:ReasonCode"": ""NO_BLOCKING_METHOD"", ""SrcObject"": ""u_AESDMA_TOP/u_aesdma_top/u_AESDMA_WRCORE/u_AESDMA_DMA_WR_FIFO/r_sram_dout_d1_valid/Q"", ""DestObject"": ""gen_wide_SRAM_WRFIFO[0].gen_SRAM_WRFIFO[0].u_SRAM_2P_UHDE_32X129_rtl_ecc_dcls/r_sram_rd_0/Q"", ""AllSrcResets:SrcResetInfo:ResetObject"": ""RESETN_ACLK"", ""AllSrcResets:SrcResetInfo:ResetName"": ""RESETN_ACLK"", ""DestSyncResetInfoList:DestResetInfo:ResetName"": ""'no-reset'"", ""SrcClockInfoList:SrcClockInfo:ClockDomainId"": ""1"", ""SrcClockInfoList:SrcClockInfo:ClockName"": ""CLK_PRCM_ACLK"", ""SrcClockInfoList:SrcClockInfo:ClockObject"": ""ACLK"", ""Module"": ""BOS_AESDMA""}","waive_violation -add {RDC_CORRUPT_OBSERVED_109}  -comment {SRAM don't have reset.}  -filter {(RdcSourceResets:ResetName == ""RESETN_ACLK"") AND (RdcDestResets:DestResetInfo:ResetName == ""'no-reset'"") AND (DestClockInfoList:DestClockInfo:ClockDomainId == ""1"") AND (DestClockInfoList:DestClockInfo:ClockName == ""CLK_PRCM_ACLK"") AND (DestClockInfoList:DestClockInfo:ClockObject == ""ACLK"") AND (ReasonInfoList:ReasonInfo:ReasonCode == ""NO_BLOCKING_METHOD"") AND (SrcObject == ""u_AESDMA_TOP/u_aesdma_top/u_AESDMA_WRCORE/u_AESDMA_DMA_WR_FIFO/r_sram_dout_d1_valid/Q"") AND (DestObject == ""gen_wide_SRAM_WRFIFO[0].gen_SRAM_WRFIFO[0].u_SRAM_2P_UHDE_32X129_rtl_ecc_dcls/r_sram_rd_0/Q"") AND (AllSrcResets:SrcResetInfo:ResetObject == ""RESETN_ACLK"") AND (AllSrcResets:SrcResetInfo:ResetName == ""RESETN_ACLK"") AND (DestSyncResetInfoList:DestResetInfo:ResetName == ""'no-reset'"") AND (SrcClockInfoList:SrcClockInfo:ClockDomainId == ""1"") AND (SrcClockInfoList:SrcClockInfo:ClockName == ""CLK_PRCM_ACLK"") AND (SrcClockInfoList:SrcClockInfo:ClockObject == ""ACLK"") AND (Module == ""BOS_AESDMA"")}  -app { rdc } -tag { RDC_CORRUPT_OBSERVED } -user { minsy0731 } -timestamp { 12-06-2025 13:46:16 }"
RDC_CORRUPT_OBSERVED_110,REDUNDANT,0,RDC_CORRUPT_OBSERVED,SRAM don't have reset.,minsy0731,12-06-2025 13:44:57,"{""RdcSourceResets:ResetName"": ""RESETN_ACLK"", ""RdcDestResets:DestResetInfo:ResetName"": ""'no-reset'"", ""DestClockInfoList:DestClockInfo:ClockName"": ""CLK_PRCM_ACLK"", ""DestClockInfoList:DestClockInfo:ClockObject"": ""ACLK"", ""ReasonInfoList:ReasonInfo:ReasonCode"": ""NO_BLOCKING_METHOD"", ""SrcObject"": ""u_AESDMA_TOP/u_aesdma_top/u_AESDMA_WRCORE/u_AESDMA_DMA_WR_FIFO/u_REGFIFO/w_ex_cnt/Q"", ""DestObject"": ""gen_wide_SRAM_WRFIFO[0].gen_SRAM_WRFIFO[0].u_SRAM_2P_UHDE_32X129_rtl_ecc_dcls/r_sram_rd_0/Q"", ""AllSrcResets:SrcResetInfo:ResetObject"": ""RESETN_ACLK"", ""AllSrcResets:SrcResetInfo:ResetName"": ""RESETN_ACLK"", ""DestSyncResetInfoList:DestResetInfo:ResetName"": ""'no-reset'"", ""SrcClockInfoList:SrcClockInfo:ClockName"": ""CLK_PRCM_ACLK"", ""SrcClockInfoList:SrcClockInfo:ClockObject"": ""ACLK"", ""Module"": ""BOS_AESDMA""}","waive_violation -add {RDC_CORRUPT_OBSERVED_110}  -comment {SRAM don't have reset.}  -filter {(RdcSourceResets:ResetName == ""RESETN_ACLK"") AND (RdcDestResets:DestResetInfo:ResetName == ""'no-reset'"") AND (DestClockInfoList:DestClockInfo:ClockName == ""CLK_PRCM_ACLK"") AND (DestClockInfoList:DestClockInfo:ClockObject == ""ACLK"") AND (ReasonInfoList:ReasonInfo:ReasonCode == ""NO_BLOCKING_METHOD"") AND (SrcObject == ""u_AESDMA_TOP/u_aesdma_top/u_AESDMA_WRCORE/u_AESDMA_DMA_WR_FIFO/u_REGFIFO/w_ex_cnt/Q"") AND (DestObject == ""gen_wide_SRAM_WRFIFO[0].gen_SRAM_WRFIFO[0].u_SRAM_2P_UHDE_32X129_rtl_ecc_dcls/r_sram_rd_0/Q"") AND (AllSrcResets:SrcResetInfo:ResetObject == ""RESETN_ACLK"") AND (AllSrcResets:SrcResetInfo:ResetName == ""RESETN_ACLK"") AND (DestSyncResetInfoList:DestResetInfo:ResetName == ""'no-reset'"") AND (SrcClockInfoList:SrcClockInfo:ClockName == ""CLK_PRCM_ACLK"") AND (SrcClockInfoList:SrcClockInfo:ClockObject == ""ACLK"") AND (Module == ""BOS_AESDMA"")}  -app { rdc } -tag { RDC_CORRUPT_OBSERVED } -user { minsy0731 } -timestamp { 12-06-2025 13:44:57 }"
RDC_CORRUPT_OBSERVED_111,REDUNDANT,0,RDC_CORRUPT_OBSERVED,SRAM don't have reset.,minsy0731,12-06-2025 13:46:16,"{""RdcSourceResets:ResetName"": ""RESETN_ACLK"", ""RdcDestResets:DestResetInfo:ResetName"": ""'no-reset'"", ""DestClockInfoList:DestClockInfo:ClockDomainId"": ""1"", ""DestClockInfoList:DestClockInfo:ClockName"": ""CLK_PRCM_ACLK"", ""DestClockInfoList:DestClockInfo:ClockObject"": ""ACLK"", ""ReasonInfoList:ReasonInfo:ReasonCode"": ""NO_BLOCKING_METHOD"", ""SrcObject"": ""u_AESDMA_TOP/u_aesdma_top/u_AESDMA_WRCORE/u_AESDMA_DMA_WR_FIFO/u_REGFIFO/w_cnt/Q[1:0]"", ""DestObject"": ""gen_wide_SRAM_WRFIFO[0].gen_SRAM_WRFIFO[0].u_SRAM_2P_UHDE_32X129_rtl_ecc_dcls/r_sram_rd_0/Q"", ""AllSrcResets:SrcResetInfo:ResetObject"": ""RESETN_ACLK"", ""AllSrcResets:SrcResetInfo:ResetName"": ""RESETN_ACLK"", ""DestSyncResetInfoList:DestResetInfo:ResetName"": ""'no-reset'"", ""SrcClockInfoList:SrcClockInfo:ClockDomainId"": ""1"", ""SrcClockInfoList:SrcClockInfo:ClockName"": ""CLK_PRCM_ACLK"", ""SrcClockInfoList:SrcClockInfo:ClockObject"": ""ACLK"", ""Module"": ""BOS_AESDMA""}","waive_violation -add {RDC_CORRUPT_OBSERVED_111}  -comment {SRAM don't have reset.}  -filter {(RdcSourceResets:ResetName == ""RESETN_ACLK"") AND (RdcDestResets:DestResetInfo:ResetName == ""'no-reset'"") AND (DestClockInfoList:DestClockInfo:ClockDomainId == ""1"") AND (DestClockInfoList:DestClockInfo:ClockName == ""CLK_PRCM_ACLK"") AND (DestClockInfoList:DestClockInfo:ClockObject == ""ACLK"") AND (ReasonInfoList:ReasonInfo:ReasonCode == ""NO_BLOCKING_METHOD"") AND (SrcObject == ""u_AESDMA_TOP/u_aesdma_top/u_AESDMA_WRCORE/u_AESDMA_DMA_WR_FIFO/u_REGFIFO/w_cnt/Q[1:0]"") AND (DestObject == ""gen_wide_SRAM_WRFIFO[0].gen_SRAM_WRFIFO[0].u_SRAM_2P_UHDE_32X129_rtl_ecc_dcls/r_sram_rd_0/Q"") AND (AllSrcResets:SrcResetInfo:ResetObject == ""RESETN_ACLK"") AND (AllSrcResets:SrcResetInfo:ResetName == ""RESETN_ACLK"") AND (DestSyncResetInfoList:DestResetInfo:ResetName == ""'no-reset'"") AND (SrcClockInfoList:SrcClockInfo:ClockDomainId == ""1"") AND (SrcClockInfoList:SrcClockInfo:ClockName == ""CLK_PRCM_ACLK"") AND (SrcClockInfoList:SrcClockInfo:ClockObject == ""ACLK"") AND (Module == ""BOS_AESDMA"")}  -app { rdc } -tag { RDC_CORRUPT_OBSERVED } -user { minsy0731 } -timestamp { 12-06-2025 13:46:16 }"
RDC_CORRUPT_OBSERVED_112,REDUNDANT,0,RDC_CORRUPT_OBSERVED,SRAM don't have reset.,minsy0731,12-06-2025 13:46:16,"{""RdcSourceResets:ResetName"": ""RESETN_ACLK"", ""RdcDestResets:DestResetInfo:ResetName"": ""'no-reset'"", ""DestClockInfoList:DestClockInfo:ClockDomainId"": ""1"", ""DestClockInfoList:DestClockInfo:ClockName"": ""CLK_PRCM_ACLK"", ""DestClockInfoList:DestClockInfo:ClockObject"": ""ACLK"", ""ReasonInfoList:ReasonInfo:ReasonCode"": ""NO_BLOCKING_METHOD"", ""SrcObject"": ""u_AESDMA_TOP/u_aesdma_top/u_AESDMA_WRCORE/u_AESDMA_DMA_WR_FIFO/r_cnt/Q[4:0]"", ""DestObject"": ""gen_wide_SRAM_WRFIFO[0].gen_SRAM_WRFIFO[0].u_SRAM_2P_UHDE_32X129_rtl_ecc_dcls/r_sram_rd_0/Q"", ""AllSrcResets:SrcResetInfo:ResetObject"": ""RESETN_ACLK"", ""AllSrcResets:SrcResetInfo:ResetName"": ""RESETN_ACLK"", ""DestSyncResetInfoList:DestResetInfo:ResetName"": ""'no-reset'"", ""SrcClockInfoList:SrcClockInfo:ClockDomainId"": ""1"", ""SrcClockInfoList:SrcClockInfo:ClockName"": ""CLK_PRCM_ACLK"", ""SrcClockInfoList:SrcClockInfo:ClockObject"": ""ACLK"", ""Module"": ""BOS_AESDMA""}","waive_violation -add {RDC_CORRUPT_OBSERVED_112}  -comment {SRAM don't have reset.}  -filter {(RdcSourceResets:ResetName == ""RESETN_ACLK"") AND (RdcDestResets:DestResetInfo:ResetName == ""'no-reset'"") AND (DestClockInfoList:DestClockInfo:ClockDomainId == ""1"") AND (DestClockInfoList:DestClockInfo:ClockName == ""CLK_PRCM_ACLK"") AND (DestClockInfoList:DestClockInfo:ClockObject == ""ACLK"") AND (ReasonInfoList:ReasonInfo:ReasonCode == ""NO_BLOCKING_METHOD"") AND (SrcObject == ""u_AESDMA_TOP/u_aesdma_top/u_AESDMA_WRCORE/u_AESDMA_DMA_WR_FIFO/r_cnt/Q[4:0]"") AND (DestObject == ""gen_wide_SRAM_WRFIFO[0].gen_SRAM_WRFIFO[0].u_SRAM_2P_UHDE_32X129_rtl_ecc_dcls/r_sram_rd_0/Q"") AND (AllSrcResets:SrcResetInfo:ResetObject == ""RESETN_ACLK"") AND (AllSrcResets:SrcResetInfo:ResetName == ""RESETN_ACLK"") AND (DestSyncResetInfoList:DestResetInfo:ResetName == ""'no-reset'"") AND (SrcClockInfoList:SrcClockInfo:ClockDomainId == ""1"") AND (SrcClockInfoList:SrcClockInfo:ClockName == ""CLK_PRCM_ACLK"") AND (SrcClockInfoList:SrcClockInfo:ClockObject == ""ACLK"") AND (Module == ""BOS_AESDMA"")}  -app { rdc } -tag { RDC_CORRUPT_OBSERVED } -user { minsy0731 } -timestamp { 12-06-2025 13:46:16 }"
RDC_CORRUPT_OBSERVED_113,REDUNDANT,0,RDC_CORRUPT_OBSERVED,SRAM don't have reset.,minsy0731,12-06-2025 13:46:16,"{""RdcSourceResets:ResetName"": ""RESETN_ACLK"", ""RdcDestResets:DestResetInfo:ResetName"": ""'no-reset'"", ""DestClockInfoList:DestClockInfo:ClockDomainId"": ""1"", ""DestClockInfoList:DestClockInfo:ClockName"": ""CLK_PRCM_ACLK"", ""DestClockInfoList:DestClockInfo:ClockObject"": ""ACLK"", ""ReasonInfoList:ReasonInfo:ReasonCode"": ""NO_BLOCKING_METHOD"", ""SrcObject"": ""u_AESDMA_TOP/u_aesdma_top/u_AESDMA_RDCORE/u_AESDMA_REORDER_BUF/u_REGFIFO/w_ex_cnt/Q"", ""DestObject"": ""gen_wide_SRAM_ROB[0].gen_SRAM_ROB[0].u_SRAM_2P_UHDE_320X129_rtl_ecc_dcls/r_sram_rd_0/Q"", ""AllSrcResets:SrcResetInfo:ResetObject"": ""RESETN_ACLK"", ""AllSrcResets:SrcResetInfo:ResetName"": ""RESETN_ACLK"", ""DestSyncResetInfoList:DestResetInfo:ResetName"": ""'no-reset'"", ""SrcClockInfoList:SrcClockInfo:ClockDomainId"": ""1"", ""SrcClockInfoList:SrcClockInfo:ClockName"": ""CLK_PRCM_ACLK"", ""SrcClockInfoList:SrcClockInfo:ClockObject"": ""ACLK"", ""Module"": ""BOS_AESDMA""}","waive_violation -add {RDC_CORRUPT_OBSERVED_113}  -comment {SRAM don't have reset.}  -filter {(RdcSourceResets:ResetName == ""RESETN_ACLK"") AND (RdcDestResets:DestResetInfo:ResetName == ""'no-reset'"") AND (DestClockInfoList:DestClockInfo:ClockDomainId == ""1"") AND (DestClockInfoList:DestClockInfo:ClockName == ""CLK_PRCM_ACLK"") AND (DestClockInfoList:DestClockInfo:ClockObject == ""ACLK"") AND (ReasonInfoList:ReasonInfo:ReasonCode == ""NO_BLOCKING_METHOD"") AND (SrcObject == ""u_AESDMA_TOP/u_aesdma_top/u_AESDMA_RDCORE/u_AESDMA_REORDER_BUF/u_REGFIFO/w_ex_cnt/Q"") AND (DestObject == ""gen_wide_SRAM_ROB[0].gen_SRAM_ROB[0].u_SRAM_2P_UHDE_320X129_rtl_ecc_dcls/r_sram_rd_0/Q"") AND (AllSrcResets:SrcResetInfo:ResetObject == ""RESETN_ACLK"") AND (AllSrcResets:SrcResetInfo:ResetName == ""RESETN_ACLK"") AND (DestSyncResetInfoList:DestResetInfo:ResetName == ""'no-reset'"") AND (SrcClockInfoList:SrcClockInfo:ClockDomainId == ""1"") AND (SrcClockInfoList:SrcClockInfo:ClockName == ""CLK_PRCM_ACLK"") AND (SrcClockInfoList:SrcClockInfo:ClockObject == ""ACLK"") AND (Module == ""BOS_AESDMA"")}  -app { rdc } -tag { RDC_CORRUPT_OBSERVED } -user { minsy0731 } -timestamp { 12-06-2025 13:46:16 }"
RDC_CORRUPT_OBSERVED_114,REDUNDANT,0,RDC_CORRUPT_OBSERVED,SRAM don't have reset.,minsy0731,12-06-2025 13:46:16,"{""RdcSourceResets:ResetName"": ""RESETN_ACLK"", ""RdcDestResets:DestResetInfo:ResetName"": ""'no-reset'"", ""DestClockInfoList:DestClockInfo:ClockDomainId"": ""1"", ""DestClockInfoList:DestClockInfo:ClockName"": ""CLK_PRCM_ACLK"", ""DestClockInfoList:DestClockInfo:ClockObject"": ""ACLK"", ""ReasonInfoList:ReasonInfo:ReasonCode"": ""NO_BLOCKING_METHOD"", ""SrcObject"": ""u_AESDMA_TOP/u_aesdma_top/u_AESDMA_RDCORE/u_AESDMA_REORDER_BUF/u_REGFIFO/w_cnt/Q[1:0]"", ""DestObject"": ""gen_wide_SRAM_ROB[0].gen_SRAM_ROB[0].u_SRAM_2P_UHDE_320X129_rtl_ecc_dcls/r_sram_rd_0/Q"", ""AllSrcResets:SrcResetInfo:ResetObject"": ""RESETN_ACLK"", ""AllSrcResets:SrcResetInfo:ResetName"": ""RESETN_ACLK"", ""DestSyncResetInfoList:DestResetInfo:ResetName"": ""'no-reset'"", ""SrcClockInfoList:SrcClockInfo:ClockDomainId"": ""1"", ""SrcClockInfoList:SrcClockInfo:ClockName"": ""CLK_PRCM_ACLK"", ""SrcClockInfoList:SrcClockInfo:ClockObject"": ""ACLK"", ""Module"": ""BOS_AESDMA""}","waive_violation -add {RDC_CORRUPT_OBSERVED_114}  -comment {SRAM don't have reset.}  -filter {(RdcSourceResets:ResetName == ""RESETN_ACLK"") AND (RdcDestResets:DestResetInfo:ResetName == ""'no-reset'"") AND (DestClockInfoList:DestClockInfo:ClockDomainId == ""1"") AND (DestClockInfoList:DestClockInfo:ClockName == ""CLK_PRCM_ACLK"") AND (DestClockInfoList:DestClockInfo:ClockObject == ""ACLK"") AND (ReasonInfoList:ReasonInfo:ReasonCode == ""NO_BLOCKING_METHOD"") AND (SrcObject == ""u_AESDMA_TOP/u_aesdma_top/u_AESDMA_RDCORE/u_AESDMA_REORDER_BUF/u_REGFIFO/w_cnt/Q[1:0]"") AND (DestObject == ""gen_wide_SRAM_ROB[0].gen_SRAM_ROB[0].u_SRAM_2P_UHDE_320X129_rtl_ecc_dcls/r_sram_rd_0/Q"") AND (AllSrcResets:SrcResetInfo:ResetObject == ""RESETN_ACLK"") AND (AllSrcResets:SrcResetInfo:ResetName == ""RESETN_ACLK"") AND (DestSyncResetInfoList:DestResetInfo:ResetName == ""'no-reset'"") AND (SrcClockInfoList:SrcClockInfo:ClockDomainId == ""1"") AND (SrcClockInfoList:SrcClockInfo:ClockName == ""CLK_PRCM_ACLK"") AND (SrcClockInfoList:SrcClockInfo:ClockObject == ""ACLK"") AND (Module == ""BOS_AESDMA"")}  -app { rdc } -tag { RDC_CORRUPT_OBSERVED } -user { minsy0731 } -timestamp { 12-06-2025 13:46:16 }"
RDC_CORRUPT_OBSERVED_115,REDUNDANT,0,RDC_CORRUPT_OBSERVED,SRAM don't have reset.,minsy0731,12-06-2025 13:46:16,"{""RdcSourceResets:ResetName"": ""RESETN_ACLK"", ""RdcDestResets:DestResetInfo:ResetName"": ""'no-reset'"", ""DestClockInfoList:DestClockInfo:ClockDomainId"": ""1"", ""DestClockInfoList:DestClockInfo:ClockName"": ""CLK_PRCM_ACLK"", ""DestClockInfoList:DestClockInfo:ClockObject"": ""ACLK"", ""ReasonInfoList:ReasonInfo:ReasonCode"": ""NO_BLOCKING_METHOD"", ""SrcObject"": ""u_AESDMA_TOP/u_aesdma_top/u_AESDMA_RDCORE/u_AESDMA_REORDER_BUF/u_REGFIFO/r_cnt/Q[1:0]"", ""DestObject"": ""gen_wide_SRAM_ROB[0].gen_SRAM_ROB[0].u_SRAM_2P_UHDE_320X129_rtl_ecc_dcls/r_sram_rd_0/Q"", ""AllSrcResets:SrcResetInfo:ResetObject"": ""RESETN_ACLK"", ""AllSrcResets:SrcResetInfo:ResetName"": ""RESETN_ACLK"", ""DestSyncResetInfoList:DestResetInfo:ResetName"": ""'no-reset'"", ""SrcClockInfoList:SrcClockInfo:ClockDomainId"": ""1"", ""SrcClockInfoList:SrcClockInfo:ClockName"": ""CLK_PRCM_ACLK"", ""SrcClockInfoList:SrcClockInfo:ClockObject"": ""ACLK"", ""Module"": ""BOS_AESDMA""}","waive_violation -add {RDC_CORRUPT_OBSERVED_115}  -comment {SRAM don't have reset.}  -filter {(RdcSourceResets:ResetName == ""RESETN_ACLK"") AND (RdcDestResets:DestResetInfo:ResetName == ""'no-reset'"") AND (DestClockInfoList:DestClockInfo:ClockDomainId == ""1"") AND (DestClockInfoList:DestClockInfo:ClockName == ""CLK_PRCM_ACLK"") AND (DestClockInfoList:DestClockInfo:ClockObject == ""ACLK"") AND (ReasonInfoList:ReasonInfo:ReasonCode == ""NO_BLOCKING_METHOD"") AND (SrcObject == ""u_AESDMA_TOP/u_aesdma_top/u_AESDMA_RDCORE/u_AESDMA_REORDER_BUF/u_REGFIFO/r_cnt/Q[1:0]"") AND (DestObject == ""gen_wide_SRAM_ROB[0].gen_SRAM_ROB[0].u_SRAM_2P_UHDE_320X129_rtl_ecc_dcls/r_sram_rd_0/Q"") AND (AllSrcResets:SrcResetInfo:ResetObject == ""RESETN_ACLK"") AND (AllSrcResets:SrcResetInfo:ResetName == ""RESETN_ACLK"") AND (DestSyncResetInfoList:DestResetInfo:ResetName == ""'no-reset'"") AND (SrcClockInfoList:SrcClockInfo:ClockDomainId == ""1"") AND (SrcClockInfoList:SrcClockInfo:ClockName == ""CLK_PRCM_ACLK"") AND (SrcClockInfoList:SrcClockInfo:ClockObject == ""ACLK"") AND (Module == ""BOS_AESDMA"")}  -app { rdc } -tag { RDC_CORRUPT_OBSERVED } -user { minsy0731 } -timestamp { 12-06-2025 13:46:16 }"
RDC_CORRUPT_OBSERVED_116,REDUNDANT,0,RDC_CORRUPT_OBSERVED,SRAM don't have reset.,minsy0731,12-06-2025 13:46:16,"{""RdcSourceResets:ResetName"": ""RESETN_ACLK"", ""RdcDestResets:DestResetInfo:ResetName"": ""'no-reset'"", ""DestClockInfoList:DestClockInfo:ClockDomainId"": ""1"", ""DestClockInfoList:DestClockInfo:ClockName"": ""CLK_PRCM_ACLK"", ""DestClockInfoList:DestClockInfo:ClockObject"": ""ACLK"", ""ReasonInfoList:ReasonInfo:ReasonCode"": ""NO_BLOCKING_METHOD"", ""SrcObject"": ""u_AESDMA_TOP/u_aesdma_top/u_AESDMA_RDCORE/u_AESDMA_REORDER_BUF/u_REGFIFO/r_ex_cnt/Q"", ""DestObject"": ""gen_wide_SRAM_ROB[0].gen_SRAM_ROB[0].u_SRAM_2P_UHDE_320X129_rtl_ecc_dcls/r_sram_rd_0/Q"", ""AllSrcResets:SrcResetInfo:ResetObject"": ""RESETN_ACLK"", ""AllSrcResets:SrcResetInfo:ResetName"": ""RESETN_ACLK"", ""DestSyncResetInfoList:DestResetInfo:ResetName"": ""'no-reset'"", ""SrcClockInfoList:SrcClockInfo:ClockDomainId"": ""1"", ""SrcClockInfoList:SrcClockInfo:ClockName"": ""CLK_PRCM_ACLK"", ""SrcClockInfoList:SrcClockInfo:ClockObject"": ""ACLK"", ""Module"": ""BOS_AESDMA""}","waive_violation -add {RDC_CORRUPT_OBSERVED_116}  -comment {SRAM don't have reset.}  -filter {(RdcSourceResets:ResetName == ""RESETN_ACLK"") AND (RdcDestResets:DestResetInfo:ResetName == ""'no-reset'"") AND (DestClockInfoList:DestClockInfo:ClockDomainId == ""1"") AND (DestClockInfoList:DestClockInfo:ClockName == ""CLK_PRCM_ACLK"") AND (DestClockInfoList:DestClockInfo:ClockObject == ""ACLK"") AND (ReasonInfoList:ReasonInfo:ReasonCode == ""NO_BLOCKING_METHOD"") AND (SrcObject == ""u_AESDMA_TOP/u_aesdma_top/u_AESDMA_RDCORE/u_AESDMA_REORDER_BUF/u_REGFIFO/r_ex_cnt/Q"") AND (DestObject == ""gen_wide_SRAM_ROB[0].gen_SRAM_ROB[0].u_SRAM_2P_UHDE_320X129_rtl_ecc_dcls/r_sram_rd_0/Q"") AND (AllSrcResets:SrcResetInfo:ResetObject == ""RESETN_ACLK"") AND (AllSrcResets:SrcResetInfo:ResetName == ""RESETN_ACLK"") AND (DestSyncResetInfoList:DestResetInfo:ResetName == ""'no-reset'"") AND (SrcClockInfoList:SrcClockInfo:ClockDomainId == ""1"") AND (SrcClockInfoList:SrcClockInfo:ClockName == ""CLK_PRCM_ACLK"") AND (SrcClockInfoList:SrcClockInfo:ClockObject == ""ACLK"") AND (Module == ""BOS_AESDMA"")}  -app { rdc } -tag { RDC_CORRUPT_OBSERVED } -user { minsy0731 } -timestamp { 12-06-2025 13:46:16 }"
RDC_CORRUPT_OBSERVED_117,REDUNDANT,0,RDC_CORRUPT_OBSERVED,SRAM don't have reset.,minsy0731,12-06-2025 13:46:16,"{""RdcSourceResets:ResetName"": ""RESETN_ACLK"", ""RdcDestResets:DestResetInfo:ResetName"": ""'no-reset'"", ""DestClockInfoList:DestClockInfo:ClockDomainId"": ""1"", ""DestClockInfoList:DestClockInfo:ClockName"": ""CLK_PRCM_ACLK"", ""DestClockInfoList:DestClockInfo:ClockObject"": ""ACLK"", ""ReasonInfoList:ReasonInfo:ReasonCode"": ""NO_BLOCKING_METHOD"", ""SrcObject"": ""u_AESDMA_TOP/u_aesdma_top/u_AESDMA_RDCORE/u_AESDMA_REORDER_BUF/cur_sram_read_addr_end/Q[8:0]"", ""DestObject"": ""gen_wide_SRAM_ROB[0].gen_SRAM_ROB[0].u_SRAM_2P_UHDE_320X129_rtl_ecc_dcls/r_sram_rd_0/Q"", ""AllSrcResets:SrcResetInfo:ResetObject"": ""RESETN_ACLK"", ""AllSrcResets:SrcResetInfo:ResetName"": ""RESETN_ACLK"", ""DestSyncResetInfoList:DestResetInfo:ResetName"": ""'no-reset'"", ""SrcClockInfoList:SrcClockInfo:ClockDomainId"": ""1"", ""SrcClockInfoList:SrcClockInfo:ClockName"": ""CLK_PRCM_ACLK"", ""SrcClockInfoList:SrcClockInfo:ClockObject"": ""ACLK"", ""Module"": ""BOS_AESDMA""}","waive_violation -add {RDC_CORRUPT_OBSERVED_117}  -comment {SRAM don't have reset.}  -filter {(RdcSourceResets:ResetName == ""RESETN_ACLK"") AND (RdcDestResets:DestResetInfo:ResetName == ""'no-reset'"") AND (DestClockInfoList:DestClockInfo:ClockDomainId == ""1"") AND (DestClockInfoList:DestClockInfo:ClockName == ""CLK_PRCM_ACLK"") AND (DestClockInfoList:DestClockInfo:ClockObject == ""ACLK"") AND (ReasonInfoList:ReasonInfo:ReasonCode == ""NO_BLOCKING_METHOD"") AND (SrcObject == ""u_AESDMA_TOP/u_aesdma_top/u_AESDMA_RDCORE/u_AESDMA_REORDER_BUF/cur_sram_read_addr_end/Q[8:0]"") AND (DestObject == ""gen_wide_SRAM_ROB[0].gen_SRAM_ROB[0].u_SRAM_2P_UHDE_320X129_rtl_ecc_dcls/r_sram_rd_0/Q"") AND (AllSrcResets:SrcResetInfo:ResetObject == ""RESETN_ACLK"") AND (AllSrcResets:SrcResetInfo:ResetName == ""RESETN_ACLK"") AND (DestSyncResetInfoList:DestResetInfo:ResetName == ""'no-reset'"") AND (SrcClockInfoList:SrcClockInfo:ClockDomainId == ""1"") AND (SrcClockInfoList:SrcClockInfo:ClockName == ""CLK_PRCM_ACLK"") AND (SrcClockInfoList:SrcClockInfo:ClockObject == ""ACLK"") AND (Module == ""BOS_AESDMA"")}  -app { rdc } -tag { RDC_CORRUPT_OBSERVED } -user { minsy0731 } -timestamp { 12-06-2025 13:46:16 }"
RDC_CORRUPT_OBSERVED_118,REDUNDANT,0,RDC_CORRUPT_OBSERVED,SRAM don't have reset.,minsy0731,12-06-2025 13:43:50,"{""RdcSourceResets:ResetName"": ""RESETN_ACLK"", ""RdcDestResets:DestResetInfo:ResetName"": ""'no-reset'"", ""DestClockInfoList:DestClockInfo:ClockDomainId"": ""1"", ""DestClockInfoList:DestClockInfo:ClockName"": ""CLK_PRCM_ACLK"", ""DestClockInfoList:DestClockInfo:ClockObject"": ""ACLK"", ""ReasonInfoList:ReasonInfo:ReasonCode"": ""NO_BLOCKING_METHOD"", ""SrcObject"": ""u_AESDMA_TOP/u_aesdma_top/u_AESDMA_RDCORE/u_AESDMA_REORDER_BUF/r_cen_a_d1/Q"", ""DestObject"": ""gen_wide_SRAM_ROB[0].gen_SRAM_ROB[0].u_SRAM_2P_UHDE_320X129_rtl_ecc_dcls/r_sram_rd_0/Q"", ""AllSrcResets:SrcResetInfo:ResetObject"": ""RESETN_ACLK"", ""AllSrcResets:SrcResetInfo:ResetName"": ""RESETN_ACLK"", ""DestSyncResetInfoList:DestResetInfo:ResetName"": ""'no-reset'"", ""SrcClockInfoList:SrcClockInfo:ClockName"": ""CLK_PRCM_ACLK"", ""SrcClockInfoList:SrcClockInfo:ClockObject"": ""ACLK"", ""Module"": ""BOS_AESDMA""}","waive_violation -add {RDC_CORRUPT_OBSERVED_118}  -comment {SRAM don't have reset.}  -filter {(RdcSourceResets:ResetName == ""RESETN_ACLK"") AND (RdcDestResets:DestResetInfo:ResetName == ""'no-reset'"") AND (DestClockInfoList:DestClockInfo:ClockDomainId == ""1"") AND (DestClockInfoList:DestClockInfo:ClockName == ""CLK_PRCM_ACLK"") AND (DestClockInfoList:DestClockInfo:ClockObject == ""ACLK"") AND (ReasonInfoList:ReasonInfo:ReasonCode == ""NO_BLOCKING_METHOD"") AND (SrcObject == ""u_AESDMA_TOP/u_aesdma_top/u_AESDMA_RDCORE/u_AESDMA_REORDER_BUF/r_cen_a_d1/Q"") AND (DestObject == ""gen_wide_SRAM_ROB[0].gen_SRAM_ROB[0].u_SRAM_2P_UHDE_320X129_rtl_ecc_dcls/r_sram_rd_0/Q"") AND (AllSrcResets:SrcResetInfo:ResetObject == ""RESETN_ACLK"") AND (AllSrcResets:SrcResetInfo:ResetName == ""RESETN_ACLK"") AND (DestSyncResetInfoList:DestResetInfo:ResetName == ""'no-reset'"") AND (SrcClockInfoList:SrcClockInfo:ClockName == ""CLK_PRCM_ACLK"") AND (SrcClockInfoList:SrcClockInfo:ClockObject == ""ACLK"") AND (Module == ""BOS_AESDMA"")}  -app { rdc } -tag { RDC_CORRUPT_OBSERVED } -user { minsy0731 } -timestamp { 12-06-2025 13:43:50 }"
RDC_CORRUPT_OBSERVED_119,REDUNDANT,0,RDC_CORRUPT_OBSERVED,SRAM don't have reset.,minsy0731,12-06-2025 13:46:16,"{""RdcSourceResets:ResetName"": ""RESETN_ACLK"", ""RdcDestResets:DestResetInfo:ResetName"": ""'no-reset'"", ""DestClockInfoList:DestClockInfo:ClockDomainId"": ""1"", ""DestClockInfoList:DestClockInfo:ClockName"": ""CLK_PRCM_ACLK"", ""DestClockInfoList:DestClockInfo:ClockObject"": ""ACLK"", ""ReasonInfoList:ReasonInfo:ReasonCode"": ""NO_BLOCKING_METHOD"", ""SrcObject"": ""u_AESDMA_TOP/u_aesdma_top/u_AESDMA_RDCORE/u_AESDMA_REORDER_BUF/r_sram_dout_d1_valid/Q"", ""DestObject"": ""gen_wide_SRAM_ROB[0].gen_SRAM_ROB[0].u_SRAM_2P_UHDE_320X129_rtl_ecc_dcls/r_sram_rd_0/Q"", ""AllSrcResets:SrcResetInfo:ResetObject"": ""RESETN_ACLK"", ""AllSrcResets:SrcResetInfo:ResetName"": ""RESETN_ACLK"", ""DestSyncResetInfoList:DestResetInfo:ResetName"": ""'no-reset'"", ""SrcClockInfoList:SrcClockInfo:ClockDomainId"": ""1"", ""SrcClockInfoList:SrcClockInfo:ClockName"": ""CLK_PRCM_ACLK"", ""SrcClockInfoList:SrcClockInfo:ClockObject"": ""ACLK"", ""Module"": ""BOS_AESDMA""}","waive_violation -add {RDC_CORRUPT_OBSERVED_119}  -comment {SRAM don't have reset.}  -filter {(RdcSourceResets:ResetName == ""RESETN_ACLK"") AND (RdcDestResets:DestResetInfo:ResetName == ""'no-reset'"") AND (DestClockInfoList:DestClockInfo:ClockDomainId == ""1"") AND (DestClockInfoList:DestClockInfo:ClockName == ""CLK_PRCM_ACLK"") AND (DestClockInfoList:DestClockInfo:ClockObject == ""ACLK"") AND (ReasonInfoList:ReasonInfo:ReasonCode == ""NO_BLOCKING_METHOD"") AND (SrcObject == ""u_AESDMA_TOP/u_aesdma_top/u_AESDMA_RDCORE/u_AESDMA_REORDER_BUF/r_sram_dout_d1_valid/Q"") AND (DestObject == ""gen_wide_SRAM_ROB[0].gen_SRAM_ROB[0].u_SRAM_2P_UHDE_320X129_rtl_ecc_dcls/r_sram_rd_0/Q"") AND (AllSrcResets:SrcResetInfo:ResetObject == ""RESETN_ACLK"") AND (AllSrcResets:SrcResetInfo:ResetName == ""RESETN_ACLK"") AND (DestSyncResetInfoList:DestResetInfo:ResetName == ""'no-reset'"") AND (SrcClockInfoList:SrcClockInfo:ClockDomainId == ""1"") AND (SrcClockInfoList:SrcClockInfo:ClockName == ""CLK_PRCM_ACLK"") AND (SrcClockInfoList:SrcClockInfo:ClockObject == ""ACLK"") AND (Module == ""BOS_AESDMA"")}  -app { rdc } -tag { RDC_CORRUPT_OBSERVED } -user { minsy0731 } -timestamp { 12-06-2025 13:46:16 }"
RDC_CORRUPT_OBSERVED_120,REDUNDANT,0,RDC_CORRUPT_OBSERVED,SRAM don't have reset.,minsy0731,12-06-2025 13:46:16,"{""RdcSourceResets:ResetName"": ""RESETN_ACLK"", ""RdcDestResets:DestResetInfo:ResetName"": ""'no-reset'"", ""DestClockInfoList:DestClockInfo:ClockDomainId"": ""1"", ""DestClockInfoList:DestClockInfo:ClockName"": ""CLK_PRCM_ACLK"", ""DestClockInfoList:DestClockInfo:ClockObject"": ""ACLK"", ""ReasonInfoList:ReasonInfo:ReasonCode"": ""NO_BLOCKING_METHOD"", ""SrcObject"": ""u_AESDMA_TOP/u_aesdma_top/u_AESDMA_RDCORE/u_AESDMA_REORDER_BUF/r_cnt/Q[8:0]"", ""DestObject"": ""gen_wide_SRAM_ROB[0].gen_SRAM_ROB[0].u_SRAM_2P_UHDE_320X129_rtl_ecc_dcls/r_sram_rd_0/Q"", ""AllSrcResets:SrcResetInfo:ResetObject"": ""RESETN_ACLK"", ""AllSrcResets:SrcResetInfo:ResetName"": ""RESETN_ACLK"", ""DestSyncResetInfoList:DestResetInfo:ResetName"": ""'no-reset'"", ""SrcClockInfoList:SrcClockInfo:ClockDomainId"": ""1"", ""SrcClockInfoList:SrcClockInfo:ClockName"": ""CLK_PRCM_ACLK"", ""SrcClockInfoList:SrcClockInfo:ClockObject"": ""ACLK"", ""Module"": ""BOS_AESDMA""}","waive_violation -add {RDC_CORRUPT_OBSERVED_120}  -comment {SRAM don't have reset.}  -filter {(RdcSourceResets:ResetName == ""RESETN_ACLK"") AND (RdcDestResets:DestResetInfo:ResetName == ""'no-reset'"") AND (DestClockInfoList:DestClockInfo:ClockDomainId == ""1"") AND (DestClockInfoList:DestClockInfo:ClockName == ""CLK_PRCM_ACLK"") AND (DestClockInfoList:DestClockInfo:ClockObject == ""ACLK"") AND (ReasonInfoList:ReasonInfo:ReasonCode == ""NO_BLOCKING_METHOD"") AND (SrcObject == ""u_AESDMA_TOP/u_aesdma_top/u_AESDMA_RDCORE/u_AESDMA_REORDER_BUF/r_cnt/Q[8:0]"") AND (DestObject == ""gen_wide_SRAM_ROB[0].gen_SRAM_ROB[0].u_SRAM_2P_UHDE_320X129_rtl_ecc_dcls/r_sram_rd_0/Q"") AND (AllSrcResets:SrcResetInfo:ResetObject == ""RESETN_ACLK"") AND (AllSrcResets:SrcResetInfo:ResetName == ""RESETN_ACLK"") AND (DestSyncResetInfoList:DestResetInfo:ResetName == ""'no-reset'"") AND (SrcClockInfoList:SrcClockInfo:ClockDomainId == ""1"") AND (SrcClockInfoList:SrcClockInfo:ClockName == ""CLK_PRCM_ACLK"") AND (SrcClockInfoList:SrcClockInfo:ClockObject == ""ACLK"") AND (Module == ""BOS_AESDMA"")}  -app { rdc } -tag { RDC_CORRUPT_OBSERVED } -user { minsy0731 } -timestamp { 12-06-2025 13:46:16 }"
RDC_CORRUPT_OBSERVED_128,REDUNDANT,0,RDC_CORRUPT_OBSERVED,This error is about sram which don't have reset,minsy0731,08-08-2025 20:27:46,"{""ReasonInfoList:ReasonInfo:ReasonCode"": ""NO_BLOCKING_METHOD"", ""SrcObject"": ""u_AESDMA_TOP/u_aesdma_top/u_AESDMA_RDCORE/u_AESDMA_REORDER_BUF/r_stop_rptr/Q[8:0]"", ""RdcSourceResets:ResetName"": ""RESETN_ACLK"", ""DestObject"": ""gen_wide_SRAM_ROB[0].gen_SRAM_ROB[0].u_SRAM_2P_UHDE_320X129_rtl_ecc_dcls/r_sram_rd_0/Q"", ""RdcDestResets:DestResetInfo:ResetName"": ""'no-reset'"", ""DestClockInfoList:DestClockInfo:ClockName"": ""CLK_PRCM_ACLK"", ""AllSrcResets:SrcResetInfo:ResetName"": ""RESETN_ACLK"", ""Module"": ""BOS_AESDMA""}","waive_violation -add {RDC_CORRUPT_OBSERVED_128}  -comment {This error is about sram which don't have reset}  -filter {(ReasonInfoList:ReasonInfo:ReasonCode == ""NO_BLOCKING_METHOD"") AND (SrcObject == ""u_AESDMA_TOP/u_aesdma_top/u_AESDMA_RDCORE/u_AESDMA_REORDER_BUF/r_stop_rptr/Q[8:0]"") AND (RdcSourceResets:ResetName == ""RESETN_ACLK"") AND (DestObject == ""gen_wide_SRAM_ROB[0].gen_SRAM_ROB[0].u_SRAM_2P_UHDE_320X129_rtl_ecc_dcls/r_sram_rd_0/Q"") AND (RdcDestResets:DestResetInfo:ResetName == ""'no-reset'"") AND (DestClockInfoList:DestClockInfo:ClockName == ""CLK_PRCM_ACLK"") AND (AllSrcResets:SrcResetInfo:ResetName == ""RESETN_ACLK"") AND (Module == ""BOS_AESDMA"")}  -app { rdc } -tag { RDC_CORRUPT_OBSERVED } -user { minsy0731 } -timestamp { 08-08-2025 20:27:46 }"
SETUP_LIBCELLPIN_UNMODELLED_10,ACTIVE,1,SETUP_LIBCELLPIN_UNMODELLED,Temporarily waived,pnson,12-05-2026 21:48:37,"{""LibModuleName"": ""ln04lpa_a00_mc_rd2rs_hsr_lvt_320x72m2b1c1"", ""InstPinName"": ""SO_D_L"", ""InstanceName"": ""gen_wide_SRAM_ROB[0].gen_SRAM_ROB[1].gSF4MemInst.gSF4MemBdInst.u_SRAM_ROB_FIFO_BD/u_sram/u_mem"", ""PinType"": ""output data"", ""ViolReason"": ""Sequential Arc with no clock pins"", ""ContainerInstance"": ""gen_wide_SRAM_ROB[0].gen_SRAM_ROB[1].gSF4MemInst.gSF4MemBdInst.u_SRAM_ROB_FIFO_BD/u_sram"", ""Module"": ""ln04lpa_a00_mc_rd2rs_hsr_lvt_320x72m2b1c1_wrapper""}","waive_violation -add {SETUP_LIBCELLPIN_UNMODELLED_10}  -comment {Temporarily waived}  -filter {(LibModuleName == ""ln04lpa_a00_mc_rd2rs_hsr_lvt_320x72m2b1c1"") AND (InstPinName == ""SO_D_L"") AND (InstanceName == ""gen_wide_SRAM_ROB[0].gen_SRAM_ROB[1].gSF4MemInst.gSF4MemBdInst.u_SRAM_ROB_FIFO_BD/u_sram/u_mem"") AND (PinType == ""output data"") AND (ViolReason == ""Sequential Arc with no clock pins"") AND (ContainerInstance == ""gen_wide_SRAM_ROB[0].gen_SRAM_ROB[1].gSF4MemInst.gSF4MemBdInst.u_SRAM_ROB_FIFO_BD/u_sram"") AND (Module == ""ln04lpa_a00_mc_rd2rs_hsr_lvt_320x72m2b1c1_wrapper"")}  -app { rdc } -tag { SETUP_LIBCELLPIN_UNMODELLED } -user { pnson } -timestamp { 12-05-2026 21:48:37 }"
SETUP_LIBCELLPIN_UNMODELLED_11,REDUNDANT,0,SETUP_LIBCELLPIN_UNMODELLED,Temporarily waived,pnson,12-05-2026 21:48:37,"{""LibModuleName"": ""ln04lpa_a00_mc_rd2rs_hsr_lvt_320x72m2b1c1"", ""InstPinName"": ""SO_D_R"", ""InstanceName"": ""gen_wide_SRAM_ROB[0].gen_SRAM_ROB[1].gSF4MemInst.gSF4MemBdInst.u_SRAM_ROB_FIFO_BD/u_sram/u_mem"", ""PinType"": ""output data"", ""ViolReason"": ""Sequential Arc with no clock pins"", ""ContainerInstance"": ""gen_wide_SRAM_ROB[0].gen_SRAM_ROB[1].gSF4MemInst.gSF4MemBdInst.u_SRAM_ROB_FIFO_BD/u_sram"", ""Module"": ""ln04lpa_a00_mc_rd2rs_hsr_lvt_320x72m2b1c1_wrapper""}","waive_violation -add {SETUP_LIBCELLPIN_UNMODELLED_11}  -comment {Temporarily waived}  -filter {(LibModuleName == ""ln04lpa_a00_mc_rd2rs_hsr_lvt_320x72m2b1c1"") AND (InstPinName == ""SO_D_R"") AND (InstanceName == ""gen_wide_SRAM_ROB[0].gen_SRAM_ROB[1].gSF4MemInst.gSF4MemBdInst.u_SRAM_ROB_FIFO_BD/u_sram/u_mem"") AND (PinType == ""output data"") AND (ViolReason == ""Sequential Arc with no clock pins"") AND (ContainerInstance == ""gen_wide_SRAM_ROB[0].gen_SRAM_ROB[1].gSF4MemInst.gSF4MemBdInst.u_SRAM_ROB_FIFO_BD/u_sram"") AND (Module == ""ln04lpa_a00_mc_rd2rs_hsr_lvt_320x72m2b1c1_wrapper"")}  -app { rdc } -tag { SETUP_LIBCELLPIN_UNMODELLED } -user { pnson } -timestamp { 12-05-2026 21:48:37 }"
SETUP_LIBCELLPIN_UNMODELLED_6,ACTIVE,1,SETUP_LIBCELLPIN_UNMODELLED,Temporarily waived,pnson,12-05-2026 21:48:37,"{""LibModuleName"": ""ln04lpa_a00_mc_rd2rs_hsr_lvt_32x138m2b1c1"", ""InstPinName"": ""SO_D_L"", ""InstanceName"": ""gen_wide_SRAM_WRFIFO[0].gen_SRAM_WRFIFO[0].gSF4WrMemInst.u_SRAM_WR_FIFO/u_sram/u_mem"", ""PinType"": ""output data"", ""ViolReason"": ""Sequential Arc with no clock pins"", ""ContainerInstance"": ""gen_wide_SRAM_WRFIFO[0].gen_SRAM_WRFIFO[0].gSF4WrMemInst.u_SRAM_WR_FIFO/u_sram"", ""Module"": ""ln04lpa_a00_mc_rd2rs_hsr_lvt_32x138m2b1c1_wrapper""}","waive_violation -add {SETUP_LIBCELLPIN_UNMODELLED_6}  -comment {Temporarily waived}  -filter {(LibModuleName == ""ln04lpa_a00_mc_rd2rs_hsr_lvt_32x138m2b1c1"") AND (InstPinName == ""SO_D_L"") AND (InstanceName == ""gen_wide_SRAM_WRFIFO[0].gen_SRAM_WRFIFO[0].gSF4WrMemInst.u_SRAM_WR_FIFO/u_sram/u_mem"") AND (PinType == ""output data"") AND (ViolReason == ""Sequential Arc with no clock pins"") AND (ContainerInstance == ""gen_wide_SRAM_WRFIFO[0].gen_SRAM_WRFIFO[0].gSF4WrMemInst.u_SRAM_WR_FIFO/u_sram"") AND (Module == ""ln04lpa_a00_mc_rd2rs_hsr_lvt_32x138m2b1c1_wrapper"")}  -app { rdc } -tag { SETUP_LIBCELLPIN_UNMODELLED } -user { pnson } -timestamp { 12-05-2026 21:48:37 }"
SETUP_LIBCELLPIN_UNMODELLED_7,ACTIVE,1,SETUP_LIBCELLPIN_UNMODELLED,Temporarily waived,pnson,12-05-2026 21:48:37,"{""LibModuleName"": ""ln04lpa_a00_mc_rd2rs_hsr_lvt_32x138m2b1c1"", ""InstPinName"": ""SO_D_R"", ""InstanceName"": ""gen_wide_SRAM_WRFIFO[0].gen_SRAM_WRFIFO[0].gSF4WrMemInst.u_SRAM_WR_FIFO/u_sram/u_mem"", ""PinType"": ""output data"", ""ViolReason"": ""Sequential Arc with no clock pins"", ""ContainerInstance"": ""gen_wide_SRAM_WRFIFO[0].gen_SRAM_WRFIFO[0].gSF4WrMemInst.u_SRAM_WR_FIFO/u_sram"", ""Module"": ""ln04lpa_a00_mc_rd2rs_hsr_lvt_32x138m2b1c1_wrapper""}","waive_violation -add {SETUP_LIBCELLPIN_UNMODELLED_7}  -comment {Temporarily waived}  -filter {(LibModuleName == ""ln04lpa_a00_mc_rd2rs_hsr_lvt_32x138m2b1c1"") AND (InstPinName == ""SO_D_R"") AND (InstanceName == ""gen_wide_SRAM_WRFIFO[0].gen_SRAM_WRFIFO[0].gSF4WrMemInst.u_SRAM_WR_FIFO/u_sram/u_mem"") AND (PinType == ""output data"") AND (ViolReason == ""Sequential Arc with no clock pins"") AND (ContainerInstance == ""gen_wide_SRAM_WRFIFO[0].gen_SRAM_WRFIFO[0].gSF4WrMemInst.u_SRAM_WR_FIFO/u_sram"") AND (Module == ""ln04lpa_a00_mc_rd2rs_hsr_lvt_32x138m2b1c1_wrapper"")}  -app { rdc } -tag { SETUP_LIBCELLPIN_UNMODELLED } -user { pnson } -timestamp { 12-05-2026 21:48:37 }"
SETUP_LIBCELLPIN_UNMODELLED_8,ACTIVE,1,SETUP_LIBCELLPIN_UNMODELLED,Temporarily waived,pnson,12-05-2026 21:48:37,"{""LibModuleName"": ""ln04lpa_a00_mc_rd2rs_hsr_lvt_320x72m2b1c1"", ""InstPinName"": ""SO_D_L"", ""InstanceName"": ""gen_wide_SRAM_ROB[0].gen_SRAM_ROB[0].gSF4MemInst.gSF4MemBdInst.u_SRAM_ROB_FIFO_BD/u_sram/u_mem"", ""PinType"": ""output data"", ""ViolReason"": ""Sequential Arc with no clock pins"", ""ContainerInstance"": ""gen_wide_SRAM_ROB[0].gen_SRAM_ROB[0].gSF4MemInst.gSF4MemBdInst.u_SRAM_ROB_FIFO_BD/u_sram"", ""Module"": ""ln04lpa_a00_mc_rd2rs_hsr_lvt_320x72m2b1c1_wrapper""}","waive_violation -add {SETUP_LIBCELLPIN_UNMODELLED_8}  -comment {Temporarily waived}  -filter {(LibModuleName == ""ln04lpa_a00_mc_rd2rs_hsr_lvt_320x72m2b1c1"") AND (InstPinName == ""SO_D_L"") AND (InstanceName == ""gen_wide_SRAM_ROB[0].gen_SRAM_ROB[0].gSF4MemInst.gSF4MemBdInst.u_SRAM_ROB_FIFO_BD/u_sram/u_mem"") AND (PinType == ""output data"") AND (ViolReason == ""Sequential Arc with no clock pins"") AND (ContainerInstance == ""gen_wide_SRAM_ROB[0].gen_SRAM_ROB[0].gSF4MemInst.gSF4MemBdInst.u_SRAM_ROB_FIFO_BD/u_sram"") AND (Module == ""ln04lpa_a00_mc_rd2rs_hsr_lvt_320x72m2b1c1_wrapper"")}  -app { rdc } -tag { SETUP_LIBCELLPIN_UNMODELLED } -user { pnson } -timestamp { 12-05-2026 21:48:37 }"
SETUP_LIBCELLPIN_UNMODELLED_9,ACTIVE,1,SETUP_LIBCELLPIN_UNMODELLED,Temporarily waived,pnson,12-05-2026 21:48:37,"{""LibModuleName"": ""ln04lpa_a00_mc_rd2rs_hsr_lvt_320x72m2b1c1"", ""InstPinName"": ""SO_D_R"", ""InstanceName"": ""gen_wide_SRAM_ROB[0].gen_SRAM_ROB[0].gSF4MemInst.gSF4MemBdInst.u_SRAM_ROB_FIFO_BD/u_sram/u_mem"", ""PinType"": ""output data"", ""ViolReason"": ""Sequential Arc with no clock pins"", ""ContainerInstance"": ""gen_wide_SRAM_ROB[0].gen_SRAM_ROB[0].gSF4MemInst.gSF4MemBdInst.u_SRAM_ROB_FIFO_BD/u_sram"", ""Module"": ""ln04lpa_a00_mc_rd2rs_hsr_lvt_320x72m2b1c1_wrapper""}","waive_violation -add {SETUP_LIBCELLPIN_UNMODELLED_9}  -comment {Temporarily waived}  -filter {(LibModuleName == ""ln04lpa_a00_mc_rd2rs_hsr_lvt_320x72m2b1c1"") AND (InstPinName == ""SO_D_R"") AND (InstanceName == ""gen_wide_SRAM_ROB[0].gen_SRAM_ROB[0].gSF4MemInst.gSF4MemBdInst.u_SRAM_ROB_FIFO_BD/u_sram/u_mem"") AND (PinType == ""output data"") AND (ViolReason == ""Sequential Arc with no clock pins"") AND (ContainerInstance == ""gen_wide_SRAM_ROB[0].gen_SRAM_ROB[0].gSF4MemInst.gSF4MemBdInst.u_SRAM_ROB_FIFO_BD/u_sram"") AND (Module == ""ln04lpa_a00_mc_rd2rs_hsr_lvt_320x72m2b1c1_wrapper"")}  -app { rdc } -tag { SETUP_LIBCELLPIN_UNMODELLED } -user { pnson } -timestamp { 12-05-2026 21:48:37 }"
SETUP_RESET_CONSTANT_ACTIVE_58,REDUNDANT,0,SETUP_RESET_CONSTANT_ACTIVE,Temporarily waived,pnson,12-05-2026 21:50:42,"{""NetName"": ""gen_wide_SRAM_WRFIFO[0].gen_SRAM_WRFIFO[0].gSF4WrMemInst.u_SRAM_WR_FIFO/DFTRAM"", ""ResetValue"": ""0"", ""SeqObject"": ""gen_wide_SRAM_WRFIFO[0].gen_SRAM_WRFIFO[0].gSF4WrMemInst.u_SRAM_WR_FIFO/u_sram/u_mem/DFTRAM"", ""Module"": ""ln04lpa_a00_mc_rd2rs_hsr_lvt_32x138m2b1c1_wrapper_safety_sf129eadi1"", ""ContainerInstance"": ""gen_wide_SRAM_WRFIFO[0].gen_SRAM_WRFIFO[0].gSF4WrMemInst.u_SRAM_WR_FIFO""}","waive_violation -add {SETUP_RESET_CONSTANT_ACTIVE_58}  -comment {Temporarily waived}  -filter {(NetName == ""gen_wide_SRAM_WRFIFO[0].gen_SRAM_WRFIFO[0].gSF4WrMemInst.u_SRAM_WR_FIFO/DFTRAM"") AND (ResetValue == ""0"") AND (SeqObject == ""gen_wide_SRAM_WRFIFO[0].gen_SRAM_WRFIFO[0].gSF4WrMemInst.u_SRAM_WR_FIFO/u_sram/u_mem/DFTRAM"") AND (Module == ""ln04lpa_a00_mc_rd2rs_hsr_lvt_32x138m2b1c1_wrapper_safety_sf129eadi1"") AND (ContainerInstance == ""gen_wide_SRAM_WRFIFO[0].gen_SRAM_WRFIFO[0].gSF4WrMemInst.u_SRAM_WR_FIFO"")}  -app { rdc } -tag { SETUP_RESET_CONSTANT_ACTIVE } -user { pnson } -timestamp { 12-05-2026 21:50:42 }"
SETUP_RESET_CONSTANT_ACTIVE_59,REDUNDANT,0,SETUP_RESET_CONSTANT_ACTIVE,Temporarily waived,pnson,12-05-2026 21:50:42,"{""NetName"": ""gen_wide_SRAM_ROB[0].gen_SRAM_ROB[0].gSF4MemInst.gSF4MemBdInst.u_SRAM_ROB_FIFO_BD/DFTRAM"", ""ResetValue"": ""0"", ""SeqObject"": ""gen_wide_SRAM_ROB[0].gen_SRAM_ROB[0].gSF4MemInst.gSF4MemBdInst.u_SRAM_ROB_FIFO_BD/u_sram/u_mem/DFTRAM"", ""Module"": ""ln04lpa_a00_mc_rd2rs_hsr_lvt_320x72m2b1c1_wrapper_safety_sf64eadi1"", ""ContainerInstance"": ""gen_wide_SRAM_ROB[0].gen_SRAM_ROB[0].gSF4MemInst.gSF4MemBdInst.u_SRAM_ROB_FIFO_BD""}","waive_violation -add {SETUP_RESET_CONSTANT_ACTIVE_59}  -comment {Temporarily waived}  -filter {(NetName == ""gen_wide_SRAM_ROB[0].gen_SRAM_ROB[0].gSF4MemInst.gSF4MemBdInst.u_SRAM_ROB_FIFO_BD/DFTRAM"") AND (ResetValue == ""0"") AND (SeqObject == ""gen_wide_SRAM_ROB[0].gen_SRAM_ROB[0].gSF4MemInst.gSF4MemBdInst.u_SRAM_ROB_FIFO_BD/u_sram/u_mem/DFTRAM"") AND (Module == ""ln04lpa_a00_mc_rd2rs_hsr_lvt_320x72m2b1c1_wrapper_safety_sf64eadi1"") AND (ContainerInstance == ""gen_wide_SRAM_ROB[0].gen_SRAM_ROB[0].gSF4MemInst.gSF4MemBdInst.u_SRAM_ROB_FIFO_BD"")}  -app { rdc } -tag { SETUP_RESET_CONSTANT_ACTIVE } -user { pnson } -timestamp { 12-05-2026 21:50:42 }"
SETUP_RESET_CONSTANT_ACTIVE_60,REDUNDANT,0,SETUP_RESET_CONSTANT_ACTIVE,Temporarily waived,pnson,12-05-2026 21:50:42,"{""NetName"": ""gen_wide_SRAM_ROB[0].gen_SRAM_ROB[1].gSF4MemInst.gSF4MemBdInst.u_SRAM_ROB_FIFO_BD/DFTRAM"", ""ResetValue"": ""0"", ""SeqObject"": ""gen_wide_SRAM_ROB[0].gen_SRAM_ROB[1].gSF4MemInst.gSF4MemBdInst.u_SRAM_ROB_FIFO_BD/u_sram/u_mem/DFTRAM"", ""Module"": ""ln04lpa_a00_mc_rd2rs_hsr_lvt_320x72m2b1c1_wrapper_safety_sf64eadi1"", ""ContainerInstance"": ""gen_wide_SRAM_ROB[0].gen_SRAM_ROB[1].gSF4MemInst.gSF4MemBdInst.u_SRAM_ROB_FIFO_BD""}","waive_violation -add {SETUP_RESET_CONSTANT_ACTIVE_60}  -comment {Temporarily waived}  -filter {(NetName == ""gen_wide_SRAM_ROB[0].gen_SRAM_ROB[1].gSF4MemInst.gSF4MemBdInst.u_SRAM_ROB_FIFO_BD/DFTRAM"") AND (ResetValue == ""0"") AND (SeqObject == ""gen_wide_SRAM_ROB[0].gen_SRAM_ROB[1].gSF4MemInst.gSF4MemBdInst.u_SRAM_ROB_FIFO_BD/u_sram/u_mem/DFTRAM"") AND (Module == ""ln04lpa_a00_mc_rd2rs_hsr_lvt_320x72m2b1c1_wrapper_safety_sf64eadi1"") AND (ContainerInstance == ""gen_wide_SRAM_ROB[0].gen_SRAM_ROB[1].gSF4MemInst.gSF4MemBdInst.u_SRAM_ROB_FIFO_BD"")}  -app { rdc } -tag { SETUP_RESET_CONSTANT_ACTIVE } -user { pnson } -timestamp { 12-05-2026 21:50:42 }"
SETUP_RESET_CONSTANT_ACTIVE_64,REDUNDANT,0,SETUP_RESET_CONSTANT_ACTIVE,RET is not a reset signal. It's a retential signal.,minsy0731,12-06-2025 13:37:52,"{""NetName"": ""gen_wide_SRAM_WRFIFO[0].gen_SRAM_WRFIFO[0].u_SRAM_2P_UHDE_32X129_rtl_ecc_dcls/RET"", ""SeqObject"": ""gen_wide_SRAM_WRFIFO[0].gen_SRAM_WRFIFO[0].u_SRAM_2P_UHDE_32X129_rtl_ecc_dcls/u0/RET"", ""Module"": ""SRAM_2P_UHDE_LVT_32X129M2FB1FS2WM0_2BD1BC_rtl_ecc_dcls"", ""ContainerInstance"": ""gen_wide_SRAM_WRFIFO[0].gen_SRAM_WRFIFO[0].u_SRAM_2P_UHDE_32X129_rtl_ecc_dcls""}","waive_violation -add {SETUP_RESET_CONSTANT_ACTIVE_64}  -comment {RET is not a reset signal. It's a retential signal.}  -filter {(NetName == ""gen_wide_SRAM_WRFIFO[0].gen_SRAM_WRFIFO[0].u_SRAM_2P_UHDE_32X129_rtl_ecc_dcls/RET"") AND (SeqObject == ""gen_wide_SRAM_WRFIFO[0].gen_SRAM_WRFIFO[0].u_SRAM_2P_UHDE_32X129_rtl_ecc_dcls/u0/RET"") AND (Module == ""SRAM_2P_UHDE_LVT_32X129M2FB1FS2WM0_2BD1BC_rtl_ecc_dcls"") AND (ContainerInstance == ""gen_wide_SRAM_WRFIFO[0].gen_SRAM_WRFIFO[0].u_SRAM_2P_UHDE_32X129_rtl_ecc_dcls"")}  -app { rdc } -tag { SETUP_RESET_CONSTANT_ACTIVE } -user { minsy0731 } -timestamp { 12-06-2025 13:37:52 }"
SETUP_RESET_CONSTANT_ACTIVE_65,REDUNDANT,0,SETUP_RESET_CONSTANT_ACTIVE,RET is not a reset signal. It's a retential signal.,minsy0731,12-06-2025 13:37:52,"{""NetName"": ""gen_wide_SRAM_ROB[0].gen_SRAM_ROB[0].u_SRAM_2P_UHDE_320X129_rtl_ecc_dcls/RET"", ""SeqObject"": ""gen_wide_SRAM_ROB[0].gen_SRAM_ROB[0].u_SRAM_2P_UHDE_320X129_rtl_ecc_dcls/u0/RET"", ""Module"": ""SRAM_2P_UHDE_LVT_320X129M2FB1FS2WM0_2BD1BC_rtl_ecc_dcls"", ""ContainerInstance"": ""gen_wide_SRAM_ROB[0].gen_SRAM_ROB[0].u_SRAM_2P_UHDE_320X129_rtl_ecc_dcls""}","waive_violation -add {SETUP_RESET_CONSTANT_ACTIVE_65}  -comment {RET is not a reset signal. It's a retential signal.}  -filter {(NetName == ""gen_wide_SRAM_ROB[0].gen_SRAM_ROB[0].u_SRAM_2P_UHDE_320X129_rtl_ecc_dcls/RET"") AND (SeqObject == ""gen_wide_SRAM_ROB[0].gen_SRAM_ROB[0].u_SRAM_2P_UHDE_320X129_rtl_ecc_dcls/u0/RET"") AND (Module == ""SRAM_2P_UHDE_LVT_320X129M2FB1FS2WM0_2BD1BC_rtl_ecc_dcls"") AND (ContainerInstance == ""gen_wide_SRAM_ROB[0].gen_SRAM_ROB[0].u_SRAM_2P_UHDE_320X129_rtl_ecc_dcls"")}  -app { rdc } -tag { SETUP_RESET_CONSTANT_ACTIVE } -user { minsy0731 } -timestamp { 12-06-2025 13:37:52 }"
SETUP_RESET_UNDECL_52,REDUNDANT,0,SETUP_RESET_UNDECL,SRAM ENERR_* signals connects reset pin. It's safety mechanism.,minsy0731,12-06-2025 13:37:14,"{""ReasonInfoList:ReasonInfo:ReasonCode"": ""UNDECLARED"", ""NetName"": ""gen_wide_SRAM_ROB[0].gen_SRAM_ROB[0].u_SRAM_2P_UHDE_320X129_rtl_ecc_dcls/u_sync_DEA_EN/u_bos_soc_gfmux_o_reset/gfmux_inst[0].u_dont_touch_gfmux2/Y"", ""ContainerInstance"": ""gen_wide_SRAM_ROB[0].gen_SRAM_ROB[0].u_SRAM_2P_UHDE_320X129_rtl_ecc_dcls/u_sync_DEA_EN/u_bos_soc_gfmux_o_reset"", ""Module"": ""BOS_SOC_GFMUX_LVT""}","waive_violation -add {SETUP_RESET_UNDECL_52}  -comment {SRAM ENERR_* signals connects reset pin. It's safety mechanism.}  -filter {(ReasonInfoList:ReasonInfo:ReasonCode == ""UNDECLARED"") AND (NetName == ""gen_wide_SRAM_ROB[0].gen_SRAM_ROB[0].u_SRAM_2P_UHDE_320X129_rtl_ecc_dcls/u_sync_DEA_EN/u_bos_soc_gfmux_o_reset/gfmux_inst[0].u_dont_touch_gfmux2/Y"") AND (ContainerInstance == ""gen_wide_SRAM_ROB[0].gen_SRAM_ROB[0].u_SRAM_2P_UHDE_320X129_rtl_ecc_dcls/u_sync_DEA_EN/u_bos_soc_gfmux_o_reset"") AND (Module == ""BOS_SOC_GFMUX_LVT"")}  -app { rdc } -tag { SETUP_RESET_UNDECL } -user { minsy0731 } -timestamp { 12-06-2025 13:37:14 }"
SETUP_RESET_UNDECL_53,REDUNDANT,0,SETUP_RESET_UNDECL,SRAM ENERR_* signals connects reset pin. It's safety mechanism.,minsy0731,12-06-2025 13:37:14,"{""ReasonInfoList:ReasonInfo:ReasonCode"": ""UNDECLARED"", ""NetName"": ""gen_wide_SRAM_ROB[0].gen_SRAM_ROB[0].u_SRAM_2P_UHDE_320X129_rtl_ecc_dcls/u_sync_E2A_EN/u_bos_soc_gfmux_o_reset/gfmux_inst[0].u_dont_touch_gfmux2/Y"", ""ContainerInstance"": ""gen_wide_SRAM_ROB[0].gen_SRAM_ROB[0].u_SRAM_2P_UHDE_320X129_rtl_ecc_dcls/u_sync_E2A_EN/u_bos_soc_gfmux_o_reset"", ""Module"": ""BOS_SOC_GFMUX_LVT""}","waive_violation -add {SETUP_RESET_UNDECL_53}  -comment {SRAM ENERR_* signals connects reset pin. It's safety mechanism.}  -filter {(ReasonInfoList:ReasonInfo:ReasonCode == ""UNDECLARED"") AND (NetName == ""gen_wide_SRAM_ROB[0].gen_SRAM_ROB[0].u_SRAM_2P_UHDE_320X129_rtl_ecc_dcls/u_sync_E2A_EN/u_bos_soc_gfmux_o_reset/gfmux_inst[0].u_dont_touch_gfmux2/Y"") AND (ContainerInstance == ""gen_wide_SRAM_ROB[0].gen_SRAM_ROB[0].u_SRAM_2P_UHDE_320X129_rtl_ecc_dcls/u_sync_E2A_EN/u_bos_soc_gfmux_o_reset"") AND (Module == ""BOS_SOC_GFMUX_LVT"")}  -app { rdc } -tag { SETUP_RESET_UNDECL } -user { minsy0731 } -timestamp { 12-06-2025 13:37:14 }"
SETUP_RESET_UNDECL_54,REDUNDANT,0,SETUP_RESET_UNDECL,SRAM ENERR_* signals connects reset pin. It's safety mechanism.,minsy0731,12-06-2025 13:37:14,"{""ReasonInfoList:ReasonInfo:ReasonCode"": ""UNDECLARED"", ""NetName"": ""gen_wide_SRAM_WRFIFO[0].gen_SRAM_WRFIFO[0].u_SRAM_2P_UHDE_32X129_rtl_ecc_dcls/u_sync_DEA_EN/u_bos_soc_gfmux_o_reset/gfmux_inst[0].u_dont_touch_gfmux2/Y"", ""ContainerInstance"": ""gen_wide_SRAM_WRFIFO[0].gen_SRAM_WRFIFO[0].u_SRAM_2P_UHDE_32X129_rtl_ecc_dcls/u_sync_DEA_EN/u_bos_soc_gfmux_o_reset"", ""Module"": ""BOS_SOC_GFMUX_LVT""}","waive_violation -add {SETUP_RESET_UNDECL_54}  -comment {SRAM ENERR_* signals connects reset pin. It's safety mechanism.}  -filter {(ReasonInfoList:ReasonInfo:ReasonCode == ""UNDECLARED"") AND (NetName == ""gen_wide_SRAM_WRFIFO[0].gen_SRAM_WRFIFO[0].u_SRAM_2P_UHDE_32X129_rtl_ecc_dcls/u_sync_DEA_EN/u_bos_soc_gfmux_o_reset/gfmux_inst[0].u_dont_touch_gfmux2/Y"") AND (ContainerInstance == ""gen_wide_SRAM_WRFIFO[0].gen_SRAM_WRFIFO[0].u_SRAM_2P_UHDE_32X129_rtl_ecc_dcls/u_sync_DEA_EN/u_bos_soc_gfmux_o_reset"") AND (Module == ""BOS_SOC_GFMUX_LVT"")}  -app { rdc } -tag { SETUP_RESET_UNDECL } -user { minsy0731 } -timestamp { 12-06-2025 13:37:14 }"
SETUP_RESET_UNDECL_55,REDUNDANT,0,SETUP_RESET_UNDECL,SRAM ENERR_* signals connects reset pin. It's safety mechanism.,minsy0731,12-06-2025 13:37:14,"{""ReasonInfoList:ReasonInfo:ReasonCode"": ""UNDECLARED"", ""NetName"": ""gen_wide_SRAM_WRFIFO[0].gen_SRAM_WRFIFO[0].u_SRAM_2P_UHDE_32X129_rtl_ecc_dcls/u_sync_E2A_EN/u_bos_soc_gfmux_o_reset/gfmux_inst[0].u_dont_touch_gfmux2/Y"", ""ContainerInstance"": ""gen_wide_SRAM_WRFIFO[0].gen_SRAM_WRFIFO[0].u_SRAM_2P_UHDE_32X129_rtl_ecc_dcls/u_sync_E2A_EN/u_bos_soc_gfmux_o_reset"", ""Module"": ""BOS_SOC_GFMUX_LVT""}","waive_violation -add {SETUP_RESET_UNDECL_55}  -comment {SRAM ENERR_* signals connects reset pin. It's safety mechanism.}  -filter {(ReasonInfoList:ReasonInfo:ReasonCode == ""UNDECLARED"") AND (NetName == ""gen_wide_SRAM_WRFIFO[0].gen_SRAM_WRFIFO[0].u_SRAM_2P_UHDE_32X129_rtl_ecc_dcls/u_sync_E2A_EN/u_bos_soc_gfmux_o_reset/gfmux_inst[0].u_dont_touch_gfmux2/Y"") AND (ContainerInstance == ""gen_wide_SRAM_WRFIFO[0].gen_SRAM_WRFIFO[0].u_SRAM_2P_UHDE_32X129_rtl_ecc_dcls/u_sync_E2A_EN/u_bos_soc_gfmux_o_reset"") AND (Module == ""BOS_SOC_GFMUX_LVT"")}  -app { rdc } -tag { SETUP_RESET_UNDECL } -user { minsy0731 } -timestamp { 12-06-2025 13:37:14 }"
SETUP_RESET_UNDECL_56,REDUNDANT,0,SETUP_RESET_UNDECL,SRAM ENERR_* signals connects reset pin. It's safety mechanism.,minsy0731,12-06-2025 13:37:14,"{""ReasonInfoList:ReasonInfo:ReasonCode"": ""UNDECLARED"", ""NetName"": ""gen_wide_SRAM_ROB[0].gen_SRAM_ROB[0].u_SRAM_2P_UHDE_320X129_rtl_ecc_dcls/u_sync_E1A_EN/u_bos_soc_gfmux_o_reset/gfmux_inst[0].u_dont_touch_gfmux2/Y"", ""ContainerInstance"": ""gen_wide_SRAM_ROB[0].gen_SRAM_ROB[0].u_SRAM_2P_UHDE_320X129_rtl_ecc_dcls/u_sync_E1A_EN/u_bos_soc_gfmux_o_reset"", ""Module"": ""BOS_SOC_GFMUX_LVT""}","waive_violation -add {SETUP_RESET_UNDECL_56}  -comment {SRAM ENERR_* signals connects reset pin. It's safety mechanism.}  -filter {(ReasonInfoList:ReasonInfo:ReasonCode == ""UNDECLARED"") AND (NetName == ""gen_wide_SRAM_ROB[0].gen_SRAM_ROB[0].u_SRAM_2P_UHDE_320X129_rtl_ecc_dcls/u_sync_E1A_EN/u_bos_soc_gfmux_o_reset/gfmux_inst[0].u_dont_touch_gfmux2/Y"") AND (ContainerInstance == ""gen_wide_SRAM_ROB[0].gen_SRAM_ROB[0].u_SRAM_2P_UHDE_320X129_rtl_ecc_dcls/u_sync_E1A_EN/u_bos_soc_gfmux_o_reset"") AND (Module == ""BOS_SOC_GFMUX_LVT"")}  -app { rdc } -tag { SETUP_RESET_UNDECL } -user { minsy0731 } -timestamp { 12-06-2025 13:37:14 }"
SETUP_RESET_UNDECL_57,REDUNDANT,0,SETUP_RESET_UNDECL,SRAM ENERR_* signals connects reset pin. It's safety mechanism.,minsy0731,12-06-2025 13:37:14,"{""ReasonInfoList:ReasonInfo:ReasonCode"": ""UNDECLARED"", ""NetName"": ""gen_wide_SRAM_WRFIFO[0].gen_SRAM_WRFIFO[0].u_SRAM_2P_UHDE_32X129_rtl_ecc_dcls/u_sync_E1A_EN/u_bos_soc_gfmux_o_reset/gfmux_inst[0].u_dont_touch_gfmux2/Y"", ""ContainerInstance"": ""gen_wide_SRAM_WRFIFO[0].gen_SRAM_WRFIFO[0].u_SRAM_2P_UHDE_32X129_rtl_ecc_dcls/u_sync_E1A_EN/u_bos_soc_gfmux_o_reset"", ""Module"": ""BOS_SOC_GFMUX_LVT""}","waive_violation -add {SETUP_RESET_UNDECL_57}  -comment {SRAM ENERR_* signals connects reset pin. It's safety mechanism.}  -filter {(ReasonInfoList:ReasonInfo:ReasonCode == ""UNDECLARED"") AND (NetName == ""gen_wide_SRAM_WRFIFO[0].gen_SRAM_WRFIFO[0].u_SRAM_2P_UHDE_32X129_rtl_ecc_dcls/u_sync_E1A_EN/u_bos_soc_gfmux_o_reset/gfmux_inst[0].u_dont_touch_gfmux2/Y"") AND (ContainerInstance == ""gen_wide_SRAM_WRFIFO[0].gen_SRAM_WRFIFO[0].u_SRAM_2P_UHDE_32X129_rtl_ecc_dcls/u_sync_E1A_EN/u_bos_soc_gfmux_o_reset"") AND (Module == ""BOS_SOC_GFMUX_LVT"")}  -app { rdc } -tag { SETUP_RESET_UNDECL } -user { minsy0731 } -timestamp { 12-06-2025 13:37:14 }"
SETUP_RESET_UNDECL_58,REDUNDANT,0,SETUP_RESET_UNDECL,SRAM ENERR_* signals connects reset pin. It's safety mechanism.,minsy0731,12-06-2025 13:37:14,"{""ReasonInfoList:ReasonInfo:ReasonCode"": ""UNDECLARED"", ""NetName"": ""gen_wide_SRAM_ROB[0].gen_SRAM_ROB[0].u_SRAM_2P_UHDE_320X129_rtl_ecc_dcls/u_sync_E2A_EN/u_bos_soc_gfmux_i_reset/gfmux_inst[0].u_dont_touch_gfmux2/Y"", ""ContainerInstance"": ""gen_wide_SRAM_ROB[0].gen_SRAM_ROB[0].u_SRAM_2P_UHDE_320X129_rtl_ecc_dcls/u_sync_E2A_EN/u_bos_soc_gfmux_i_reset"", ""Module"": ""BOS_SOC_GFMUX_LVT""}","waive_violation -add {SETUP_RESET_UNDECL_58}  -comment {SRAM ENERR_* signals connects reset pin. It's safety mechanism.}  -filter {(ReasonInfoList:ReasonInfo:ReasonCode == ""UNDECLARED"") AND (NetName == ""gen_wide_SRAM_ROB[0].gen_SRAM_ROB[0].u_SRAM_2P_UHDE_320X129_rtl_ecc_dcls/u_sync_E2A_EN/u_bos_soc_gfmux_i_reset/gfmux_inst[0].u_dont_touch_gfmux2/Y"") AND (ContainerInstance == ""gen_wide_SRAM_ROB[0].gen_SRAM_ROB[0].u_SRAM_2P_UHDE_320X129_rtl_ecc_dcls/u_sync_E2A_EN/u_bos_soc_gfmux_i_reset"") AND (Module == ""BOS_SOC_GFMUX_LVT"")}  -app { rdc } -tag { SETUP_RESET_UNDECL } -user { minsy0731 } -timestamp { 12-06-2025 13:37:14 }"
SETUP_RESET_UNDECL_59,REDUNDANT,0,SETUP_RESET_UNDECL,SRAM ENERR_* signals connects reset pin. It's safety mechanism.,minsy0731,12-06-2025 13:37:14,"{""ReasonInfoList:ReasonInfo:ReasonCode"": ""UNDECLARED"", ""NetName"": ""gen_wide_SRAM_ROB[0].gen_SRAM_ROB[0].u_SRAM_2P_UHDE_320X129_rtl_ecc_dcls/u_sync_DEA_EN/u_bos_soc_gfmux_i_reset/gfmux_inst[0].u_dont_touch_gfmux2/Y"", ""ContainerInstance"": ""gen_wide_SRAM_ROB[0].gen_SRAM_ROB[0].u_SRAM_2P_UHDE_320X129_rtl_ecc_dcls/u_sync_DEA_EN/u_bos_soc_gfmux_i_reset"", ""Module"": ""BOS_SOC_GFMUX_LVT""}","waive_violation -add {SETUP_RESET_UNDECL_59}  -comment {SRAM ENERR_* signals connects reset pin. It's safety mechanism.}  -filter {(ReasonInfoList:ReasonInfo:ReasonCode == ""UNDECLARED"") AND (NetName == ""gen_wide_SRAM_ROB[0].gen_SRAM_ROB[0].u_SRAM_2P_UHDE_320X129_rtl_ecc_dcls/u_sync_DEA_EN/u_bos_soc_gfmux_i_reset/gfmux_inst[0].u_dont_touch_gfmux2/Y"") AND (ContainerInstance == ""gen_wide_SRAM_ROB[0].gen_SRAM_ROB[0].u_SRAM_2P_UHDE_320X129_rtl_ecc_dcls/u_sync_DEA_EN/u_bos_soc_gfmux_i_reset"") AND (Module == ""BOS_SOC_GFMUX_LVT"")}  -app { rdc } -tag { SETUP_RESET_UNDECL } -user { minsy0731 } -timestamp { 12-06-2025 13:37:14 }"
SETUP_RESET_UNDECL_60,REDUNDANT,0,SETUP_RESET_UNDECL,SRAM ENERR_* signals connects reset pin. It's safety mechanism.,minsy0731,12-06-2025 13:37:14,"{""ReasonInfoList:ReasonInfo:ReasonCode"": ""UNDECLARED"", ""NetName"": ""gen_wide_SRAM_WRFIFO[0].gen_SRAM_WRFIFO[0].u_SRAM_2P_UHDE_32X129_rtl_ecc_dcls/u_sync_E1A_EN/u_bos_soc_gfmux_i_reset/gfmux_inst[0].u_dont_touch_gfmux2/Y"", ""ContainerInstance"": ""gen_wide_SRAM_WRFIFO[0].gen_SRAM_WRFIFO[0].u_SRAM_2P_UHDE_32X129_rtl_ecc_dcls/u_sync_E1A_EN/u_bos_soc_gfmux_i_reset"", ""Module"": ""BOS_SOC_GFMUX_LVT""}","waive_violation -add {SETUP_RESET_UNDECL_60}  -comment {SRAM ENERR_* signals connects reset pin. It's safety mechanism.}  -filter {(ReasonInfoList:ReasonInfo:ReasonCode == ""UNDECLARED"") AND (NetName == ""gen_wide_SRAM_WRFIFO[0].gen_SRAM_WRFIFO[0].u_SRAM_2P_UHDE_32X129_rtl_ecc_dcls/u_sync_E1A_EN/u_bos_soc_gfmux_i_reset/gfmux_inst[0].u_dont_touch_gfmux2/Y"") AND (ContainerInstance == ""gen_wide_SRAM_WRFIFO[0].gen_SRAM_WRFIFO[0].u_SRAM_2P_UHDE_32X129_rtl_ecc_dcls/u_sync_E1A_EN/u_bos_soc_gfmux_i_reset"") AND (Module == ""BOS_SOC_GFMUX_LVT"")}  -app { rdc } -tag { SETUP_RESET_UNDECL } -user { minsy0731 } -timestamp { 12-06-2025 13:37:14 }"
SETUP_RESET_UNDECL_61,REDUNDANT,0,SETUP_RESET_UNDECL,SRAM ENERR_* signals connects reset pin. It's safety mechanism.,minsy0731,12-06-2025 13:37:14,"{""ReasonInfoList:ReasonInfo:ReasonCode"": ""UNDECLARED"", ""NetName"": ""gen_wide_SRAM_WRFIFO[0].gen_SRAM_WRFIFO[0].u_SRAM_2P_UHDE_32X129_rtl_ecc_dcls/u_sync_DEA_EN/u_bos_soc_gfmux_i_reset/gfmux_inst[0].u_dont_touch_gfmux2/Y"", ""ContainerInstance"": ""gen_wide_SRAM_WRFIFO[0].gen_SRAM_WRFIFO[0].u_SRAM_2P_UHDE_32X129_rtl_ecc_dcls/u_sync_DEA_EN/u_bos_soc_gfmux_i_reset"", ""Module"": ""BOS_SOC_GFMUX_LVT""}","waive_violation -add {SETUP_RESET_UNDECL_61}  -comment {SRAM ENERR_* signals connects reset pin. It's safety mechanism.}  -filter {(ReasonInfoList:ReasonInfo:ReasonCode == ""UNDECLARED"") AND (NetName == ""gen_wide_SRAM_WRFIFO[0].gen_SRAM_WRFIFO[0].u_SRAM_2P_UHDE_32X129_rtl_ecc_dcls/u_sync_DEA_EN/u_bos_soc_gfmux_i_reset/gfmux_inst[0].u_dont_touch_gfmux2/Y"") AND (ContainerInstance == ""gen_wide_SRAM_WRFIFO[0].gen_SRAM_WRFIFO[0].u_SRAM_2P_UHDE_32X129_rtl_ecc_dcls/u_sync_DEA_EN/u_bos_soc_gfmux_i_reset"") AND (Module == ""BOS_SOC_GFMUX_LVT"")}  -app { rdc } -tag { SETUP_RESET_UNDECL } -user { minsy0731 } -timestamp { 12-06-2025 13:37:14 }"
SETUP_RESET_UNDECL_62,REDUNDANT,0,SETUP_RESET_UNDECL,SRAM ENERR_* signals connects reset pin. It's safety mechanism.,minsy0731,12-06-2025 13:37:14,"{""ReasonInfoList:ReasonInfo:ReasonCode"": ""UNDECLARED"", ""NetName"": ""gen_wide_SRAM_WRFIFO[0].gen_SRAM_WRFIFO[0].u_SRAM_2P_UHDE_32X129_rtl_ecc_dcls/u_sync_E2A_EN/u_bos_soc_gfmux_i_reset/gfmux_inst[0].u_dont_touch_gfmux2/Y"", ""ContainerInstance"": ""gen_wide_SRAM_WRFIFO[0].gen_SRAM_WRFIFO[0].u_SRAM_2P_UHDE_32X129_rtl_ecc_dcls/u_sync_E2A_EN/u_bos_soc_gfmux_i_reset"", ""Module"": ""BOS_SOC_GFMUX_LVT""}","waive_violation -add {SETUP_RESET_UNDECL_62}  -comment {SRAM ENERR_* signals connects reset pin. It's safety mechanism.}  -filter {(ReasonInfoList:ReasonInfo:ReasonCode == ""UNDECLARED"") AND (NetName == ""gen_wide_SRAM_WRFIFO[0].gen_SRAM_WRFIFO[0].u_SRAM_2P_UHDE_32X129_rtl_ecc_dcls/u_sync_E2A_EN/u_bos_soc_gfmux_i_reset/gfmux_inst[0].u_dont_touch_gfmux2/Y"") AND (ContainerInstance == ""gen_wide_SRAM_WRFIFO[0].gen_SRAM_WRFIFO[0].u_SRAM_2P_UHDE_32X129_rtl_ecc_dcls/u_sync_E2A_EN/u_bos_soc_gfmux_i_reset"") AND (Module == ""BOS_SOC_GFMUX_LVT"")}  -app { rdc } -tag { SETUP_RESET_UNDECL } -user { minsy0731 } -timestamp { 12-06-2025 13:37:14 }"
SETUP_RESET_UNDECL_63,REDUNDANT,0,SETUP_RESET_UNDECL,SRAM ENERR_* signals connects reset pin. It's safety mechanism.,minsy0731,12-06-2025 13:37:14,"{""ReasonInfoList:ReasonInfo:ReasonCode"": ""UNDECLARED"", ""NetName"": ""gen_wide_SRAM_ROB[0].gen_SRAM_ROB[0].u_SRAM_2P_UHDE_320X129_rtl_ecc_dcls/u_sync_E1A_EN/u_bos_soc_gfmux_i_reset/gfmux_inst[0].u_dont_touch_gfmux2/Y"", ""ContainerInstance"": ""gen_wide_SRAM_ROB[0].gen_SRAM_ROB[0].u_SRAM_2P_UHDE_320X129_rtl_ecc_dcls/u_sync_E1A_EN/u_bos_soc_gfmux_i_reset"", ""Module"": ""BOS_SOC_GFMUX_LVT""}","waive_violation -add {SETUP_RESET_UNDECL_63}  -comment {SRAM ENERR_* signals connects reset pin. It's safety mechanism.}  -filter {(ReasonInfoList:ReasonInfo:ReasonCode == ""UNDECLARED"") AND (NetName == ""gen_wide_SRAM_ROB[0].gen_SRAM_ROB[0].u_SRAM_2P_UHDE_320X129_rtl_ecc_dcls/u_sync_E1A_EN/u_bos_soc_gfmux_i_reset/gfmux_inst[0].u_dont_touch_gfmux2/Y"") AND (ContainerInstance == ""gen_wide_SRAM_ROB[0].gen_SRAM_ROB[0].u_SRAM_2P_UHDE_320X129_rtl_ecc_dcls/u_sync_E1A_EN/u_bos_soc_gfmux_i_reset"") AND (Module == ""BOS_SOC_GFMUX_LVT"")}  -app { rdc } -tag { SETUP_RESET_UNDECL } -user { minsy0731 } -timestamp { 12-06-2025 13:37:14 }"
waiver_line_174,REDUNDANT,0,RDC_CLOCK_CORRUPT_OBSERVED,This error is from sram which don't have reset.,minsy0731,08-08-2025 20:11:03,"{""ReasonInfoList:ReasonInfo:ReasonCode"": ""NO_BLOCKING_METHOD"", ""SrcObject"": ""u_AESDMA_TOP/u_aesdma_top/u_AESDMA_RDCORE/u_AESDMA_REORDER_BUF/r_stop_rptr/Q[8:0]"", ""DestObject"": ""u_sram_rob_cg/u_dont_touch_preicg/ECK"", ""RdcDestResets:DestResetInfo:ResetName"": ""'no-reset'"", ""DestClockInfoList:DestClockInfo:ClockName"": ""CLK_PRCM_ACLK"", ""DestClockInfoList:DestClockInfo:ClockObject"": ""ACLK"", ""DestObjectType"": ""clock-gating-cell"", ""DestSyncResetInfoList:DestResetInfo:ResetName"": ""'no-reset'"", ""Module"": ""BOS_AESDMA""}","waive_violation -append {RDC_CLOCK_CORRUPT_OBSERVED_217}  -comment {This error is from sram which don't have reset.}  -filter {(ReasonInfoList:ReasonInfo:ReasonCode == ""NO_BLOCKING_METHOD"") AND (SrcObject == ""u_AESDMA_TOP/u_aesdma_top/u_AESDMA_RDCORE/u_AESDMA_REORDER_BUF/r_stop_rptr/Q[8:0]"") AND (DestObject == ""u_sram_rob_cg/u_dont_touch_preicg/ECK"") AND (RdcDestResets:DestResetInfo:ResetName == ""'no-reset'"") AND (DestClockInfoList:DestClockInfo:ClockName == ""CLK_PRCM_ACLK"") AND (DestClockInfoList:DestClockInfo:ClockObject == ""ACLK"") AND (DestObjectType == ""clock-gating-cell"") AND (DestSyncResetInfoList:DestResetInfo:ResetName == ""'no-reset'"") AND (Module == ""BOS_AESDMA"")}  -app { rdc } -tag { RDC_CLOCK_CORRUPT_OBSERVED } -user { minsy0731 } -timestamp { 08-08-2025 20:11:03 }"
waiver_line_176,REDUNDANT,0,RDC_CLOCK_CORRUPT_OBSERVED,Created by minsy0731 on 08-Aug-2025,minsy0731,08-08-2025 20:11:30,"{""ReasonInfoList:ReasonInfo:ReasonCode"": ""NO_BLOCKING_METHOD"", ""SrcObject"": ""u_AESDMA_TOP/u_aesdma_top/u_AESDMA_RDCORE/u_AESDMA_REORDER_BUF/rpt_cur_last_processed_table_id/Q[4:0]"", ""RdcSourceResets:ResetName"": ""RESETN_ACLK"", ""DestObject"": ""u_sram_rob_cg/u_dont_touch_preicg/ECK"", ""RdcDestResets:DestResetInfo:ResetName"": ""'no-reset'"", ""DestClockInfoList:DestClockInfo:ClockName"": ""CLK_PRCM_ACLK"", ""DestObjectType"": ""clock-gating-cell"", ""Module"": ""BOS_AESDMA""}","waive_violation -append {RDC_CLOCK_CORRUPT_OBSERVED_212}  -comment {Created by minsy0731 on 08-Aug-2025}  -filter {(ReasonInfoList:ReasonInfo:ReasonCode == ""NO_BLOCKING_METHOD"") AND (SrcObject == ""u_AESDMA_TOP/u_aesdma_top/u_AESDMA_RDCORE/u_AESDMA_REORDER_BUF/rpt_cur_last_processed_table_id/Q[4:0]"") AND (RdcSourceResets:ResetName == ""RESETN_ACLK"") AND (DestObject == ""u_sram_rob_cg/u_dont_touch_preicg/ECK"") AND (RdcDestResets:DestResetInfo:ResetName == ""'no-reset'"") AND (DestClockInfoList:DestClockInfo:ClockName == ""CLK_PRCM_ACLK"") AND (DestObjectType == ""clock-gating-cell"") AND (Module == ""BOS_AESDMA"")}  -app { rdc } -tag { RDC_CLOCK_CORRUPT_OBSERVED } -user { minsy0731 } -timestamp { 08-08-2025 20:11:30 }"
