
  -----------------------------------------------------------------------------
  Report Summary
  -----------------------------------------------------------------------------
  Product Info
    Name    : VC Static Master Shell
    Version : V-2023.12-1 -- Jan 22, 2024

  Report Info
    Created : Aug 20, 2026  16:16:17
    Options
      -limit 0
      -include_compressed

    TopLevelModule: BOS_AESDMA

  -----------------------------------------------------------------------------
  Management Summary
  -----------------------------------------------------------------------------
  Stage              Family      Fatals    Errors  Warnings     Infos    Waived
  -----              --------  --------  --------  --------  --------  --------
  BUILTIN_CHECK      CODING           0         0         0         2         0
  LANGUAGE_CHECK     CODING           0         0         0         1       189
  LINT_FORMAL_CHECK  CODING           0         0         0         0       110
  STRUCTURAL_CHECK   CODING           0         0         0       731         0
  -----              --------  --------  --------  --------  --------  --------
  Total                               0         0         0       734       299


  -----------------------------------------------------------------------------
  Tree Summary
  -----------------------------------------------------------------------------
  Severity  Stage              Tag                          Count      Waived
  --------  -----              ---------------------------  -----  ----------
  warning   LANGUAGE_CHECK     W240                             0          18
  warning   LANGUAGE_CHECK     W287b                            0          54
  warning   LANGUAGE_CHECK     W528                             0         115
  warning   LINT_FORMAL_CHECK  DeadCode-ML                      0          32
  warning   LINT_FORMAL_CHECK  MissingFsmStateTransition        0           3
  warning   LINT_FORMAL_CHECK  NotReachableFsmState             0           4
  warning   LINT_FORMAL_CHECK  SignedUnsignedExpr-ML            0           7
  warning   LINT_FORMAL_CHECK  W164a                            0          56
  warning   LINT_FORMAL_CHECK  W362                             0           3
  warning   LINT_FORMAL_CHECK  W415a                            0           3
  warning   LINT_FORMAL_CHECK  W551                             0           2
  info      BUILTIN_CHECK      PragmaComments-ML                2           0
  info      LANGUAGE_CHECK     ReportPortInfo-ML                1           0
  info      LANGUAGE_CHECK     W240                             0           1
  info      LANGUAGE_CHECK     W528                             0           1
  info      STRUCTURAL_CHECK   RegInputOutput-ML              731           0
  --------  -----              ---------------------------  -----  ----------
  Total                                                       734         299



  -----------------------------------------------------------------------------
  PragmaComments-ML  (2 infos/0 waived)
  -----------------------------------------------------------------------------
  Tag           : PragmaComments-ML
  Description   : Pragma([PragmaName]) : ([NodeType]) '[NodeName]'
  Violation     : Lint:1032
  Goal          : BOS_LINT_RULE
  Module        : AESDMA_WRCORE
  FileName      : /storage/project/atlas/design/user/pnson/ATLAS_WORKING/IP/AESDMA/RTL/AESDMA_CORE/AESDMA_WRCORE.sv
  LineNumber    : 849
  Statement     : // synopsys translate_off
  PragmaName    : synopsys
  NodeType      : RTL_CODE
  NodeName      : translate_off
  -----------------------------------------------------------------------------
  Tag           : PragmaComments-ML
  Description   : Pragma([PragmaName]) : ([NodeType]) '[NodeName]'
  Violation     : Lint:1033
  Goal          : BOS_LINT_RULE
  Module        : AESDMA_WRCORE
  FileName      : /storage/project/atlas/design/user/pnson/ATLAS_WORKING/IP/AESDMA/RTL/AESDMA_CORE/AESDMA_WRCORE.sv
  LineNumber    : 859
  Statement     : // synopsys translate_on
  PragmaName    : synopsys
  NodeType      : RTL_CODE
  NodeName      : translate_on

  -----------------------------------------------------------------------------
  RegInputOutput-ML  (731 infos/0 waived)
  -----------------------------------------------------------------------------
  Tag                 : RegInputOutput-ML
  Description         : Port '[Signal]' is not registered [Hierarchy: '[DesignObjHierarchy]']
  Violation           : Lint:1
  Goal                : BOS_LINT_RULE
  FileName            : /storage/project/atlas/design/user/pnson/ATLAS_WORKING/IP/AESDMA/RTL/SAFETY/BOS_AESDMA.v
  LineNumber          : 181
  Statement           :     input  wire                             AESDMA_APB_SI0_PENABLE                  ,
  Signal              : AESDMA_APB_SI0_PENABLE
  Module              : BOS_AESDMA
  DesignObjHierarchy  : BOS_AESDMA
  -----------------------------------------------------------------------------
  Tag                 : RegInputOutput-ML
  Description         : Port '[Signal]' is not registered [Hierarchy: '[DesignObjHierarchy]']
  Violation           : Lint:2
  Goal                : BOS_LINT_RULE
  FileName            : /storage/project/atlas/design/user/pnson/ATLAS_WORKING/IP/CSSYS/RTL/logical/css600/logical/css600_apbasyncbridge/verilog/css600_apbasyncbridgeslv_core.v
  LineNumber          : 132
  Statement           :       state_en            = psel_i & en_clk;
  Signal              : AESDMA_APB_SI0_PSEL
  Module              : BOS_AESDMA
  DesignObjHierarchy  : BOS_AESDMA
  -----------------------------------------------------------------------------
  Tag                 : RegInputOutput-ML
  Description         : Port '[Signal]' is not registered [Hierarchy: '[DesignObjHierarchy]']
  Violation           : Lint:3
  Goal                : BOS_LINT_RULE
  FileName            : /storage/project/atlas/design/user/pnson/ATLAS_WORKING/IP/AESDMA/RTL/SAFETY/BOS_AESDMA.v
  LineNumber          : 184
  Statement           :     output wire                             AESDMA_APB_SI0_PSLVERR                  ,
  Signal              : AESDMA_APB_SI0_PSLVERR
  Module              : BOS_AESDMA
  DesignObjHierarchy  : BOS_AESDMA
  -----------------------------------------------------------------------------
  Tag                 : RegInputOutput-ML
  Description         : Port '[Signal]' is not registered [Hierarchy: '[DesignObjHierarchy]']
  Violation           : Lint:4
  Goal                : BOS_LINT_RULE
  FileName            : /storage/project/atlas/design/user/pnson/ATLAS_WORKING/IP/AESDMA/RTL/SAFETY/BOS_AESDMA.v
  LineNumber          : 197
  Statement           :     output wire                             AESDMA_AXI4_MI0_ARLOCK                  ,
  Signal              : AESDMA_AXI4_MI0_ARLOCK
  Module              : BOS_AESDMA
  DesignObjHierarchy  : BOS_AESDMA
  -----------------------------------------------------------------------------
  Tag                 : RegInputOutput-ML
  Description         : Port '[Signal]' is not registered [Hierarchy: '[DesignObjHierarchy]']
  Violation           : Lint:5
  Goal                : BOS_LINT_RULE
  FileName            : /storage/project/atlas/design/user/pnson/ATLAS_WORKING/IP/AESDMA/RTL/AESDMA_CORE/AESDMA_SYNC_FIFO_REG.v
  LineNumber          : 111
  Statement           :     assign O_MVALID  =   ~((w_cnt == r_cnt) & (r_ex_cnt == w_ex_cnt)); 
  Signal              : AESDMA_AXI4_MI0_ARREADY
  Module              : BOS_AESDMA
  DesignObjHierarchy  : BOS_AESDMA
  -----------------------------------------------------------------------------
  Tag                 : RegInputOutput-ML
  Description         : Port '[Signal]' is not registered [Hierarchy: '[DesignObjHierarchy]']
  Violation           : Lint:6
  Goal                : BOS_LINT_RULE
  FileName            : /storage/project/atlas/design/user/pnson/ATLAS_WORKING/IP/AESDMA/RTL/SAFETY/BOS_AESDMA.v
  LineNumber          : 204
  Statement           :     output wire                             AESDMA_AXI4_MI0_ARVALID                 ,
  Signal              : AESDMA_AXI4_MI0_ARVALID
  Module              : BOS_AESDMA
  DesignObjHierarchy  : BOS_AESDMA
  -----------------------------------------------------------------------------
  Tag                 : RegInputOutput-ML
  Description         : Port '[Signal]' is not registered [Hierarchy: '[DesignObjHierarchy]']
  Violation           : Lint:7
  Goal                : BOS_LINT_RULE
  FileName            : /storage/project/atlas/design/user/pnson/ATLAS_WORKING/IP/AESDMA/RTL/SAFETY/BOS_AESDMA.v
  LineNumber          : 215
  Statement           :     output wire                             AESDMA_AXI4_MI0_AWLOCK                  ,
  Signal              : AESDMA_AXI4_MI0_AWLOCK
  Module              : BOS_AESDMA
  DesignObjHierarchy  : BOS_AESDMA
  -----------------------------------------------------------------------------
  Tag                 : RegInputOutput-ML
  Description         : Port '[Signal]' is not registered [Hierarchy: '[DesignObjHierarchy]']
  Violation           : Lint:8
  Goal                : BOS_LINT_RULE
  FileName            : /storage/project/atlas/design/user/pnson/ATLAS_WORKING/IP/AESDMA/RTL/SAFETY/BOS_AESDMA.v
  LineNumber          : 220
  Statement           :     output wire                             AESDMA_AXI4_MI0_AWVALID                 ,
  Signal              : AESDMA_AXI4_MI0_AWVALID
  Module              : BOS_AESDMA
  DesignObjHierarchy  : BOS_AESDMA
  -----------------------------------------------------------------------------
  Tag                 : RegInputOutput-ML
  Description         : Port '[Signal]' is not registered [Hierarchy: '[DesignObjHierarchy]']
  Violation           : Lint:9
  Goal                : BOS_LINT_RULE
  FileName            : /storage/project/atlas/design/user/pnson/ATLAS_WORKING/IP/AESDMA/RTL/AESDMA_CORE/AESDMA_SYNC_FIFO_REG.v
  LineNumber          : 111
  Statement           :     assign O_MVALID  =   ~((w_cnt == r_cnt) & (r_ex_cnt == w_ex_cnt)); 
  Signal              : AESDMA_AXI4_MI0_AWREADY
  Module              : BOS_AESDMA
  DesignObjHierarchy  : BOS_AESDMA
  -----------------------------------------------------------------------------
  Tag                 : RegInputOutput-ML
  Description         : Port '[Signal]' is not registered [Hierarchy: '[DesignObjHierarchy]']
  Violation           : Lint:10
  Goal                : BOS_LINT_RULE
  FileName            : /storage/project/atlas/design/user/pnson/ATLAS_WORKING/IP/AESDMA/RTL/SAFETY/BOS_AESDMA.v
  LineNumber          : 224
  Statement           :     output wire                             AESDMA_AXI4_MI0_WLAST                   ,
  Signal              : AESDMA_AXI4_MI0_WLAST
  Module              : BOS_AESDMA
  DesignObjHierarchy  : BOS_AESDMA
  -----------------------------------------------------------------------------
  Tag                 : RegInputOutput-ML
  Description         : Port '[Signal]' is not registered [Hierarchy: '[DesignObjHierarchy]']
  Violation           : Lint:11
  Goal                : BOS_LINT_RULE
  FileName            : /storage/project/atlas/design/user/pnson/ATLAS_WORKING/IP/AESDMA/RTL/SAFETY/BOS_AESDMA.v
  LineNumber          : 227
  Statement           :     output wire                             AESDMA_AXI4_MI0_WVALID                  ,
  Signal              : AESDMA_AXI4_MI0_WVALID
  Module              : BOS_AESDMA
  DesignObjHierarchy  : BOS_AESDMA
  -----------------------------------------------------------------------------
  Tag                 : RegInputOutput-ML
  Description         : Port '[Signal]' is not registered [Hierarchy: '[DesignObjHierarchy]']
  Violation           : Lint:12
  Goal                : BOS_LINT_RULE
  FileName            : /storage/project/atlas/design/user/pnson/ATLAS_WORKING/IP/AESDMA/RTL/AESDMA_CORE/AESDMA_SYNC_FIFO_REG.v
  LineNumber          : 111
  Statement           :     assign O_MVALID  =   ~((w_cnt == r_cnt) & (r_ex_cnt == w_ex_cnt)); 
  Signal              : AESDMA_AXI4_MI0_WREADY
  Module              : BOS_AESDMA
  DesignObjHierarchy  : BOS_AESDMA
  -----------------------------------------------------------------------------
  Tag                 : RegInputOutput-ML
  Description         : Port '[Signal]' is not registered [Hierarchy: '[DesignObjHierarchy]']
  Violation           : Lint:13
  Goal                : BOS_LINT_RULE
  FileName            : /storage/project/atlas/design/user/pnson/ATLAS_WORKING/IP/AESDMA/RTL/AESDMA_CORE/AESDMA_TOP.v
  LineNumber          : 969
  Statement           : assign w_dma_wr_axi_err_set = O_BREADY & I_BVALID & (I_BRESP != 2'b00);
  Signal              : AESDMA_AXI4_MI0_BVALID
  Module              : BOS_AESDMA
  DesignObjHierarchy  : BOS_AESDMA
  -----------------------------------------------------------------------------
  Tag                 : RegInputOutput-ML
  Description         : Port '[Signal]' is not registered [Hierarchy: '[DesignObjHierarchy]']
  Violation           : Lint:14
  Goal                : BOS_LINT_RULE
  FileName            : /storage/project/atlas/design/user/pnson/ATLAS_WORKING/IP/AESDMA/RTL/SAFETY/BOS_AESDMA.v
  LineNumber          : 233
  Statement           :     output wire                             AESDMA_AXI4_MI0_BREADY                  ,
  Signal              : AESDMA_AXI4_MI0_BREADY
  Module              : BOS_AESDMA
  DesignObjHierarchy  : BOS_AESDMA
  -----------------------------------------------------------------------------
  Tag                 : RegInputOutput-ML
  Description         : Port '[Signal]' is not registered [Hierarchy: '[DesignObjHierarchy]']
  Violation           : Lint:15
  Goal                : BOS_LINT_RULE
  FileName            : /storage/project/atlas/design/user/pnson/ATLAS_WORKING/IP/AESDMA/RTL/AESDMA_CORE/AESDMA_TOP.v
  LineNumber          : 970
  Statement           : assign w_dma_rd_axi_err_set = O_RREADY & I_RVALID & (I_RRESP != 2'b00);
  Signal              : AESDMA_AXI4_MI0_RVALID
  Module              : BOS_AESDMA
  DesignObjHierarchy  : BOS_AESDMA
  -----------------------------------------------------------------------------
  Tag                 : RegInputOutput-ML
  Description         : Port '[Signal]' is not registered [Hierarchy: '[DesignObjHierarchy]']
  Violation           : Lint:16
  Goal                : BOS_LINT_RULE
  FileName            : /storage/project/atlas/design/user/pnson/ATLAS_WORKING/IP/AESDMA/RTL/SAFETY/BOS_AESDMA.v
  LineNumber          : 240
  Statement           :     output wire                             AESDMA_AXI4_MI0_RREADY                  ,
  Signal              : AESDMA_AXI4_MI0_RREADY
  Module              : BOS_AESDMA
  DesignObjHierarchy  : BOS_AESDMA
  -----------------------------------------------------------------------------
  Tag                 : RegInputOutput-ML
  Description         : Port '[Signal]' is not registered [Hierarchy: '[DesignObjHierarchy]']
  Violation           : Lint:17
  Goal                : BOS_LINT_RULE
  FileName            : /storage/project/atlas/design/user/pnson/ATLAS_WORKING/IP/BOS_LIB/bos_logic/LVT/BOS_SOC_GFMUX_LVT.v
  LineNumber          : 22
  Statement           :                 .S0     ( I_SEL )
  Signal              : TIEL_DFT_MODESCAN
  Module              : BOS_AESDMA
  DesignObjHierarchy  : BOS_AESDMA
  -----------------------------------------------------------------------------
  Tag                 : RegInputOutput-ML
  Description         : Port '[Signal]' is not registered [Hierarchy: '[DesignObjHierarchy]']
  Violation           : Lint:18
  Goal                : BOS_LINT_RULE
  FileName            : /storage/project/atlas/design/user/pnson/ATLAS_WORKING/IP/AESDMA/RTL/SAFETY/BOS_AESDMA.v
  LineNumber          : 248
  Statement           :     input  wire                             TIEL_DFT_CGEN                           ,
  Signal              : TIEL_DFT_CGEN
  Module              : BOS_AESDMA
  DesignObjHierarchy  : BOS_AESDMA
  -----------------------------------------------------------------------------
  Tag                 : RegInputOutput-ML
  Description         : Port '[Signal]' is not registered [Hierarchy: '[DesignObjHierarchy]']
  Violation           : Lint:19
  Goal                : BOS_LINT_RULE
  FileName            : /storage/project/atlas/design/user/pnson/ATLAS_WORKING/IP/AESDMA/RTL/SAFETY/BOS_AESDMA.v
  LineNumber          : 270
  Statement           :     output wire                             ERR_AESDMA_ECC_E1_SRAM_ROB              ,
  Signal              : ERR_AESDMA_ECC_E1_SRAM_ROB
  Module              : BOS_AESDMA
  DesignObjHierarchy  : BOS_AESDMA
  -----------------------------------------------------------------------------
  Tag                 : RegInputOutput-ML
  Description         : Port '[Signal]' is not registered [Hierarchy: '[DesignObjHierarchy]']
  Violation           : Lint:20
  Goal                : BOS_LINT_RULE
  FileName            : /storage/project/atlas/design/user/pnson/ATLAS_WORKING/IP/AESDMA/RTL/SAFETY/BOS_AESDMA.v
  LineNumber          : 271
  Statement           :     output wire                             ERR_AESDMA_ECC_E2_SRAM_ROB              ,
  Signal              : ERR_AESDMA_ECC_E2_SRAM_ROB
  Module              : BOS_AESDMA
  DesignObjHierarchy  : BOS_AESDMA
  -----------------------------------------------------------------------------
  Tag                 : RegInputOutput-ML
  Description         : Port '[Signal]' is not registered [Hierarchy: '[DesignObjHierarchy]']
  Violation           : Lint:21
  Goal                : BOS_LINT_RULE
  FileName            : /storage/project/atlas/design/user/pnson/ATLAS_WORKING/IP/AESDMA/RTL/SAFETY/BOS_AESDMA.v
  LineNumber          : 274
  Statement           :     output wire                             ERR_AESDMA_ECC_DEC_DCLS_SRAM_ROB        ,
  Signal              : ERR_AESDMA_ECC_DEC_DCLS_SRAM_ROB
  Module              : BOS_AESDMA
  DesignObjHierarchy  : BOS_AESDMA
  -----------------------------------------------------------------------------
  Tag                 : RegInputOutput-ML
  Description         : Port '[Signal]' is not registered [Hierarchy: '[DesignObjHierarchy]']
  Violation           : Lint:22
  Goal                : BOS_LINT_RULE
  FileName            : /storage/project/atlas/design/user/pnson/ATLAS_WORKING/IP/AESDMA/RTL/SAFETY/BOS_AESDMA.v
  LineNumber          : 310
  Statement           :     input  wire                             FIERR_AESDMA_DCLS                       ,
  Signal              : FIERR_AESDMA_DCLS
  Module              : BOS_AESDMA
  DesignObjHierarchy  : BOS_AESDMA
  -----------------------------------------------------------------------------
  Tag                 : RegInputOutput-ML
  Description         : Port '[Signal]' is not registered [Hierarchy: '[DesignObjHierarchy]']
  Violation           : Lint:23
  Goal                : BOS_LINT_RULE
  FileName            : /storage/project/atlas/design/user/pnson/ATLAS_WORKING/IP/AESDMA/RTL/SAFETY/AESDMA_TOP_DCLS.v
  LineNumber          : 118
  Statement           : assign w_unused_dcls_ctrl = FIERR_AESDMA_DCLS | ENERR_AESDMA_DCLS;
  Signal              : ENERR_AESDMA_DCLS
  Module              : BOS_AESDMA
  DesignObjHierarchy  : BOS_AESDMA
  -----------------------------------------------------------------------------
  Tag                 : RegInputOutput-ML
  Description         : Port '[Signal]' is not registered [Hierarchy: '[DesignObjHierarchy]']
  Violation           : Lint:24
  Goal                : BOS_LINT_RULE
  FileName            : /storage/project/atlas/design/user/pnson/ATLAS_WORKING/IP/AESDMA/RTL/SAFETY/BOS_AESDMA.v
  LineNumber          : 313
  Statement           :     output wire                             ERR_AESDMA_DCLS                         ,
  Signal              : ERR_AESDMA_DCLS
  Module              : BOS_AESDMA
  DesignObjHierarchy  : BOS_AESDMA
  -----------------------------------------------------------------------------
  Tag                 : RegInputOutput-ML
  Description         : Port '[Signal]' is not registered [Hierarchy: '[DesignObjHierarchy]']
  Violation           : Lint:25
  Goal                : BOS_LINT_RULE
  FileName            : /storage/project/atlas/design/user/pnson/ATLAS_WORKING/IP/AESDMA/RTL/SAFETY/BOS_AESDMA.v
  LineNumber          : 314
  Statement           :     output wire                             ERR_AESDMA_DCLS_B
  Signal              : ERR_AESDMA_DCLS_B
  Module              : BOS_AESDMA
  DesignObjHierarchy  : BOS_AESDMA
  -----------------------------------------------------------------------------
  Tag                 : RegInputOutput-ML
  Description         : Port '[Signal]' is not registered [Hierarchy: '[DesignObjHierarchy]']
  Violation           : Lint:26
  Goal                : BOS_LINT_RULE
  FileName            : /storage/project/atlas/design/user/pnson/ATLAS_WORKING/IP/BOS_LIB/RTL/BOS_BUS_PARITY_AXI4_M.v
  LineNumber          : 15
  Statement           :     input  wire     [     pBwAdr-1 :00] AXI_MI0_ARADDR                      ,
  Signal              : AXI_MI0_ARADDR
  Module              : BOS_BUS_PARITY_AXI4_M
  DesignObjHierarchy  : u_AESDMA_BUS_PARITY_AXI4_M
  -----------------------------------------------------------------------------
  Tag                 : RegInputOutput-ML
  Description         : Port '[Signal]' is not registered [Hierarchy: '[DesignObjHierarchy]']
  Violation           : Lint:27
  Goal                : BOS_LINT_RULE
  FileName            : /storage/project/atlas/design/user/pnson/ATLAS_WORKING/IP/BOS_LIB/RTL/BOS_BUS_PARITY_AXI4_M.v
  LineNumber          : 114
  Statement           :         assign w_RdDatPar[gIdx]      = ^w_rdata[gIdx*pUnitPar+:pUnitPar];
  Signal              : AXI_MI0_RDATA
  Module              : BOS_BUS_PARITY_AXI4_M
  DesignObjHierarchy  : u_AESDMA_BUS_PARITY_AXI4_M
  -----------------------------------------------------------------------------
  Tag                 : RegInputOutput-ML
  Description         : Port '[Signal]' is not registered [Hierarchy: '[DesignObjHierarchy]']
  Violation           : Lint:28
  Goal                : BOS_LINT_RULE
  FileName            : /storage/project/atlas/design/user/pnson/ATLAS_WORKING/IP/BOS_LIB/RTL/BOS_BUS_PARITY_AXI4_M.v
  LineNumber          : 17
  Statement           :     input  wire     [     pBwAdr-1 :00] AXI_MI0_AWADDR                      ,
  Signal              : AXI_MI0_AWADDR
  Module              : BOS_BUS_PARITY_AXI4_M
  DesignObjHierarchy  : u_AESDMA_BUS_PARITY_AXI4_M
  -----------------------------------------------------------------------------
  Tag                 : RegInputOutput-ML
  Description         : Port '[Signal]' is not registered [Hierarchy: '[DesignObjHierarchy]']
  Violation           : Lint:29
  Goal                : BOS_LINT_RULE
  FileName            : /storage/project/atlas/design/user/pnson/ATLAS_WORKING/IP/BOS_LIB/RTL/BOS_BUS_PARITY_AXI4_M.v
  LineNumber          : 18
  Statement           :     input  wire     [     pBwDat-1 :00] AXI_MI0_WDATA                       ,
  Signal              : AXI_MI0_WDATA
  Module              : BOS_BUS_PARITY_AXI4_M
  DesignObjHierarchy  : u_AESDMA_BUS_PARITY_AXI4_M
  -----------------------------------------------------------------------------
  Tag                 : RegInputOutput-ML
  Description         : Port '[Signal]' is not registered [Hierarchy: '[DesignObjHierarchy]']
  Violation           : Lint:30
  Goal                : BOS_LINT_RULE
  FileName            : /storage/project/atlas/design/user/pnson/ATLAS_WORKING/IP/BOS_LIB/RTL/BOS_BUS_PARITY_AXI4_M.v
  LineNumber          : 25
  Statement           :     output wire     [  pBwParAd-1:00]   AXI_MI0_ARADDR_PARITY               ,
  Signal              : AXI_MI0_ARADDR_PARITY
  Module              : BOS_BUS_PARITY_AXI4_M
  DesignObjHierarchy  : u_AESDMA_BUS_PARITY_AXI4_M
  -----------------------------------------------------------------------------
  Tag                 : RegInputOutput-ML
  Description         : Port '[Signal]' is not registered [Hierarchy: '[DesignObjHierarchy]']
  Violation           : Lint:31
  Goal                : BOS_LINT_RULE
  FileName            : /storage/project/atlas/design/user/pnson/ATLAS_WORKING/IP/BOS_LIB/RTL/BOS_BUS_PARITY_AXI4_M.v
  LineNumber          : 26
  Statement           :     input  wire     [  pBwParDt-1:00]   AXI_MI0_RDATA_PARITY                ,  
  Signal              : AXI_MI0_RDATA_PARITY
  Module              : BOS_BUS_PARITY_AXI4_M
  DesignObjHierarchy  : u_AESDMA_BUS_PARITY_AXI4_M
  -----------------------------------------------------------------------------
  Tag                 : RegInputOutput-ML
  Description         : Port '[Signal]' is not registered [Hierarchy: '[DesignObjHierarchy]']
  Violation           : Lint:32
  Goal                : BOS_LINT_RULE
  FileName            : /storage/project/atlas/design/user/pnson/ATLAS_WORKING/IP/BOS_LIB/RTL/BOS_BUS_PARITY_AXI4_M.v
  LineNumber          : 27
  Statement           :     output wire     [  pBwParAd-1:00]   AXI_MI0_AWADDR_PARITY               ,
  Signal              : AXI_MI0_AWADDR_PARITY
  Module              : BOS_BUS_PARITY_AXI4_M
  DesignObjHierarchy  : u_AESDMA_BUS_PARITY_AXI4_M
  -----------------------------------------------------------------------------
  Tag                 : RegInputOutput-ML
  Description         : Port '[Signal]' is not registered [Hierarchy: '[DesignObjHierarchy]']
  Violation           : Lint:33
  Goal                : BOS_LINT_RULE
  FileName            : /storage/project/atlas/design/user/pnson/ATLAS_WORKING/IP/BOS_LIB/RTL/BOS_BUS_PARITY_AXI4_M.v
  LineNumber          : 28
  Statement           :     output wire     [  pBwParDt-1:00]   AXI_MI0_WDATA_PARITY                ,
  Signal              : AXI_MI0_WDATA_PARITY
  Module              : BOS_BUS_PARITY_AXI4_M
  DesignObjHierarchy  : u_AESDMA_BUS_PARITY_AXI4_M
  -----------------------------------------------------------------------------
  Tag                 : RegInputOutput-ML
  Description         : Port '[Signal]' is not registered [Hierarchy: '[DesignObjHierarchy]']
  Violation           : Lint:34
  Goal                : BOS_LINT_RULE
  FileName            : /storage/project/atlas/design/user/pnson/ATLAS_WORKING/IP/BOS_LIB/RTL/BOS_ERROR_DOUBLE.v
  LineNumber          : 52
  Statement           :             r_O_Q_in[i] = 1'b1;
  Signal              : I_ERR_EN
  Module              : BOS_ERROR_DOUBLE
  DesignObjHierarchy  : u_AESDMA_BUS_PARITY_AXI4_M.u_parity_err
  -----------------------------------------------------------------------------
  Tag                 : RegInputOutput-ML
  Description         : Port '[Signal]' is not registered [Hierarchy: '[DesignObjHierarchy]']
  Violation           : Lint:35
  Goal                : BOS_LINT_RULE
  FileName            : /storage/project/atlas/design/user/pnson/ATLAS_WORKING/IP/BOS_LIB/bos_logic/CLK_RST_LVT/BOS_SOC_CG.v
  LineNumber          : 5
  Statement           :     input           I_ENABLE        ,
  Signal              : I_ENABLE
  Module              : BOS_SOC_CG
  DesignObjHierarchy  : u_gated_sfr_pclk
  -----------------------------------------------------------------------------
  Tag                 : RegInputOutput-ML
  Description         : Port '[Signal]' is not registered [Hierarchy: '[DesignObjHierarchy]']
  Violation           : Lint:36
  Goal                : BOS_LINT_RULE
  FileName            : /storage/project/atlas/design/user/pnson/ATLAS_WORKING/IP/BOS_LIB/bos_logic/CLK_RST_LVT/BOS_SOC_CG.v
  LineNumber          : 6
  Statement           :     input           I_SE            ,
  Signal              : I_SE
  Module              : BOS_SOC_CG
  DesignObjHierarchy  : u_gated_sfr_pclk
  -----------------------------------------------------------------------------
  Tag                 : RegInputOutput-ML
  Description         : Port '[Signal]' is not registered [Hierarchy: '[DesignObjHierarchy]']
  Violation           : Lint:37
  Goal                : BOS_LINT_RULE
  FileName            : /storage/project/atlas/design/user/pnson/ATLAS_WORKING/IP/CSSYS/RTL/logical/css600/logical/css600_apbasyncbridge/verilog/css600_apbasyncbridgemstr_core.v
  LineNumber          : 153
  Statement           :       state_en            = ~apb_async_req_i;
  Signal              : O_PREADY
  Module              : AESDMA_TOP_DCLS
  DesignObjHierarchy  : u_AESDMA_TOP
  -----------------------------------------------------------------------------
  Tag                 : RegInputOutput-ML
  Description         : Port '[Signal]' is not registered [Hierarchy: '[DesignObjHierarchy]']
  Violation           : Lint:38
  Goal                : BOS_LINT_RULE
  FileName            : /storage/project/atlas/design/user/pnson/ATLAS_WORKING/IP/AESDMA/RTL/SAFETY/AESDMA_TOP_DCLS.v
  LineNumber          : 35
  Statement           :     output wire [AXI_ID_WD-1:0]                                     O_AWID,
  Signal              : O_AWID
  Module              : AESDMA_TOP_DCLS
  DesignObjHierarchy  : u_AESDMA_TOP
  -----------------------------------------------------------------------------
  Tag                 : RegInputOutput-ML
  Description         : Port '[Signal]' is not registered [Hierarchy: '[DesignObjHierarchy]']
  Violation           : Lint:39
  Goal                : BOS_LINT_RULE
  FileName            : /storage/project/atlas/design/user/pnson/ATLAS_WORKING/IP/AESDMA/RTL/SAFETY/AESDMA_TOP_DCLS.v
  LineNumber          : 36
  Statement           :     output wire [AXI_ADDR_WD-1:0]                                   O_AWADDR,
  Signal              : O_AWADDR
  Module              : AESDMA_TOP_DCLS
  DesignObjHierarchy  : u_AESDMA_TOP
  -----------------------------------------------------------------------------
  Tag                 : RegInputOutput-ML
  Description         : Port '[Signal]' is not registered [Hierarchy: '[DesignObjHierarchy]']
  Violation           : Lint:40
  Goal                : BOS_LINT_RULE
  FileName            : /storage/project/atlas/design/user/pnson/ATLAS_WORKING/IP/AESDMA/RTL/SAFETY/AESDMA_TOP_DCLS.v
  LineNumber          : 37
  Statement           :     output wire [AXI_LEN_WD-1:0]                                    O_AWLEN,
  Signal              : O_AWLEN
  Module              : AESDMA_TOP_DCLS
  DesignObjHierarchy  : u_AESDMA_TOP
  -----------------------------------------------------------------------------
  Tag                 : RegInputOutput-ML
  Description         : Port '[Signal]' is not registered [Hierarchy: '[DesignObjHierarchy]']
  Violation           : Lint:41
  Goal                : BOS_LINT_RULE
  FileName            : /storage/project/atlas/design/user/pnson/ATLAS_WORKING/IP/AESDMA/RTL/SAFETY/AESDMA_TOP_DCLS.v
  LineNumber          : 38
  Statement           :     output wire [2:0]                                               O_AWSIZE,
  Signal              : O_AWSIZE
  Module              : AESDMA_TOP_DCLS
  DesignObjHierarchy  : u_AESDMA_TOP
  -----------------------------------------------------------------------------
  Tag                 : RegInputOutput-ML
  Description         : Port '[Signal]' is not registered [Hierarchy: '[DesignObjHierarchy]']
  Violation           : Lint:42
  Goal                : BOS_LINT_RULE
  FileName            : /storage/project/atlas/design/user/pnson/ATLAS_WORKING/IP/AESDMA/RTL/SAFETY/AESDMA_TOP_DCLS.v
  LineNumber          : 39
  Statement           :     output wire [1:0]                                               O_AWBURST,
  Signal              : O_AWBURST
  Module              : AESDMA_TOP_DCLS
  DesignObjHierarchy  : u_AESDMA_TOP
  -----------------------------------------------------------------------------
  Tag                 : RegInputOutput-ML
  Description         : Port '[Signal]' is not registered [Hierarchy: '[DesignObjHierarchy]']
  Violation           : Lint:43
  Goal                : BOS_LINT_RULE
  FileName            : /storage/project/atlas/design/user/pnson/ATLAS_WORKING/IP/AESDMA/RTL/SAFETY/AESDMA_TOP_DCLS.v
  LineNumber          : 40
  Statement           :     output wire [pBwAxLock-1:0]                                     O_AWLOCK,
  Signal              : O_AWLOCK
  Module              : AESDMA_TOP_DCLS
  DesignObjHierarchy  : u_AESDMA_TOP
  -----------------------------------------------------------------------------
  Tag                 : RegInputOutput-ML
  Description         : Port '[Signal]' is not registered [Hierarchy: '[DesignObjHierarchy]']
  Violation           : Lint:44
  Goal                : BOS_LINT_RULE
  FileName            : /storage/project/atlas/design/user/pnson/ATLAS_WORKING/IP/AESDMA/RTL/SAFETY/AESDMA_TOP_DCLS.v
  LineNumber          : 41
  Statement           :     output wire [3:0]                                               O_AWCACHE,
  Signal              : O_AWCACHE
  Module              : AESDMA_TOP_DCLS
  DesignObjHierarchy  : u_AESDMA_TOP
  -----------------------------------------------------------------------------
  Tag                 : RegInputOutput-ML
  Description         : Port '[Signal]' is not registered [Hierarchy: '[DesignObjHierarchy]']
  Violation           : Lint:45
  Goal                : BOS_LINT_RULE
  FileName            : /storage/project/atlas/design/user/pnson/ATLAS_WORKING/IP/AESDMA/RTL/SAFETY/AESDMA_TOP_DCLS.v
  LineNumber          : 42
  Statement           :     output wire [2:0]                                               O_AWPROT,
  Signal              : O_AWPROT
  Module              : AESDMA_TOP_DCLS
  DesignObjHierarchy  : u_AESDMA_TOP
  -----------------------------------------------------------------------------
  Tag                 : RegInputOutput-ML
  Description         : Port '[Signal]' is not registered [Hierarchy: '[DesignObjHierarchy]']
  Violation           : Lint:46
  Goal                : BOS_LINT_RULE
  FileName            : /storage/project/atlas/design/user/pnson/ATLAS_WORKING/IP/AESDMA/RTL/SAFETY/AESDMA_TOP_DCLS.v
  LineNumber          : 43
  Statement           :     output wire [3:0]                                               O_AWQOS,
  Signal              : O_AWQOS
  Module              : AESDMA_TOP_DCLS
  DesignObjHierarchy  : u_AESDMA_TOP
  -----------------------------------------------------------------------------
  Tag                 : RegInputOutput-ML
  Description         : Port '[Signal]' is not registered [Hierarchy: '[DesignObjHierarchy]']
  Violation           : Lint:47
  Goal                : BOS_LINT_RULE
  FileName            : /storage/project/atlas/design/user/pnson/ATLAS_WORKING/IP/AESDMA/RTL/SAFETY/AESDMA_TOP_DCLS.v
  LineNumber          : 44
  Statement           :     output wire                                                     O_AWVALID,
  Signal              : O_AWVALID
  Module              : AESDMA_TOP_DCLS
  DesignObjHierarchy  : u_AESDMA_TOP
  -----------------------------------------------------------------------------
  Tag                 : RegInputOutput-ML
  Description         : Port '[Signal]' is not registered [Hierarchy: '[DesignObjHierarchy]']
  Violation           : Lint:48
  Goal                : BOS_LINT_RULE
  FileName            : /storage/project/atlas/design/user/pnson/ATLAS_WORKING/IP/AESDMA/RTL/AESDMA_CORE/AESDMA_SYNC_FIFO_REG.v
  LineNumber          : 111
  Statement           :     assign O_MVALID  =   ~((w_cnt == r_cnt) & (r_ex_cnt == w_ex_cnt)); 
  Signal              : I_AWREADY
  Module              : AESDMA_TOP_DCLS
  DesignObjHierarchy  : u_AESDMA_TOP
  -----------------------------------------------------------------------------
  Tag                 : RegInputOutput-ML
  Description         : Port '[Signal]' is not registered [Hierarchy: '[DesignObjHierarchy]']
  Violation           : Lint:49
  Goal                : BOS_LINT_RULE
  FileName            : /storage/project/atlas/design/user/pnson/ATLAS_WORKING/IP/AESDMA/RTL/SAFETY/AESDMA_TOP_DCLS.v
  LineNumber          : 47
  Statement           :     output wire [AXI_DATA_WD-1:0]                                   O_WDATA,
  Signal              : O_WDATA
  Module              : AESDMA_TOP_DCLS
  DesignObjHierarchy  : u_AESDMA_TOP
  -----------------------------------------------------------------------------
  Tag                 : RegInputOutput-ML
  Description         : Port '[Signal]' is not registered [Hierarchy: '[DesignObjHierarchy]']
  Violation           : Lint:50
  Goal                : BOS_LINT_RULE
  FileName            : /storage/project/atlas/design/user/pnson/ATLAS_WORKING/IP/AESDMA/RTL/SAFETY/AESDMA_TOP_DCLS.v
  LineNumber          : 48
  Statement           :     output wire [AXI_STRB_WD-1:0]                                   O_WSTRB,
  Signal              : O_WSTRB
  Module              : AESDMA_TOP_DCLS
  DesignObjHierarchy  : u_AESDMA_TOP
  -----------------------------------------------------------------------------
  Tag                 : RegInputOutput-ML
  Description         : Port '[Signal]' is not registered [Hierarchy: '[DesignObjHierarchy]']
  Violation           : Lint:51
  Goal                : BOS_LINT_RULE
  FileName            : /storage/project/atlas/design/user/pnson/ATLAS_WORKING/IP/AESDMA/RTL/SAFETY/AESDMA_TOP_DCLS.v
  LineNumber          : 49
  Statement           :     output wire                                                     O_WLAST,
  Signal              : O_WLAST
  Module              : AESDMA_TOP_DCLS
  DesignObjHierarchy  : u_AESDMA_TOP
  -----------------------------------------------------------------------------
  Tag                 : RegInputOutput-ML
  Description         : Port '[Signal]' is not registered [Hierarchy: '[DesignObjHierarchy]']
  Violation           : Lint:52
  Goal                : BOS_LINT_RULE
  FileName            : /storage/project/atlas/design/user/pnson/ATLAS_WORKING/IP/AESDMA/RTL/SAFETY/AESDMA_TOP_DCLS.v
  LineNumber          : 50
  Statement           :     output wire                                                     O_WVALID,
  Signal              : O_WVALID
  Module              : AESDMA_TOP_DCLS
  DesignObjHierarchy  : u_AESDMA_TOP
  -----------------------------------------------------------------------------
  Tag                 : RegInputOutput-ML
  Description         : Port '[Signal]' is not registered [Hierarchy: '[DesignObjHierarchy]']
  Violation           : Lint:53
  Goal                : BOS_LINT_RULE
  FileName            : /storage/project/atlas/design/user/pnson/ATLAS_WORKING/IP/AESDMA/RTL/AESDMA_CORE/AESDMA_SYNC_FIFO_REG.v
  LineNumber          : 111
  Statement           :     assign O_MVALID  =   ~((w_cnt == r_cnt) & (r_ex_cnt == w_ex_cnt)); 
  Signal              : I_WREADY
  Module              : AESDMA_TOP_DCLS
  DesignObjHierarchy  : u_AESDMA_TOP
  -----------------------------------------------------------------------------
  Tag                 : RegInputOutput-ML
  Description         : Port '[Signal]' is not registered [Hierarchy: '[DesignObjHierarchy]']
  Violation           : Lint:54
  Goal                : BOS_LINT_RULE
  FileName            : /storage/project/atlas/design/user/pnson/ATLAS_WORKING/IP/AESDMA/RTL/AESDMA_CORE/AESDMA_SFR.v
  LineNumber          : 953
  Statement           :         r_intsr_bresp_err_info <= I_INTSR_BRESP_ERR_INFO;
  Signal              : I_BRESP
  Module              : AESDMA_TOP_DCLS
  DesignObjHierarchy  : u_AESDMA_TOP
  -----------------------------------------------------------------------------
  Tag                 : RegInputOutput-ML
  Description         : Port '[Signal]' is not registered [Hierarchy: '[DesignObjHierarchy]']
  Violation           : Lint:55
  Goal                : BOS_LINT_RULE
  FileName            : /storage/project/atlas/design/user/pnson/ATLAS_WORKING/IP/AESDMA/RTL/AESDMA_CORE/AESDMA_TOP.v
  LineNumber          : 969
  Statement           : assign w_dma_wr_axi_err_set = O_BREADY & I_BVALID & (I_BRESP != 2'b00);
  Signal              : I_BVALID
  Module              : AESDMA_TOP_DCLS
  DesignObjHierarchy  : u_AESDMA_TOP
  -----------------------------------------------------------------------------
  Tag                 : RegInputOutput-ML
  Description         : Port '[Signal]' is not registered [Hierarchy: '[DesignObjHierarchy]']
  Violation           : Lint:56
  Goal                : BOS_LINT_RULE
  FileName            : /storage/project/atlas/design/user/pnson/ATLAS_WORKING/IP/AESDMA/RTL/SAFETY/AESDMA_TOP_DCLS.v
  LineNumber          : 56
  Statement           :     output wire                                                     O_BREADY,
  Signal              : O_BREADY
  Module              : AESDMA_TOP_DCLS
  DesignObjHierarchy  : u_AESDMA_TOP
  -----------------------------------------------------------------------------
  Tag                 : RegInputOutput-ML
  Description         : Port '[Signal]' is not registered [Hierarchy: '[DesignObjHierarchy]']
  Violation           : Lint:57
  Goal                : BOS_LINT_RULE
  FileName            : /storage/project/atlas/design/user/pnson/ATLAS_WORKING/IP/AESDMA/RTL/SAFETY/AESDMA_TOP_DCLS.v
  LineNumber          : 58
  Statement           :     output wire [AXI_ID_WD-1:0]                                     O_ARID,
  Signal              : O_ARID
  Module              : AESDMA_TOP_DCLS
  DesignObjHierarchy  : u_AESDMA_TOP
  -----------------------------------------------------------------------------
  Tag                 : RegInputOutput-ML
  Description         : Port '[Signal]' is not registered [Hierarchy: '[DesignObjHierarchy]']
  Violation           : Lint:58
  Goal                : BOS_LINT_RULE
  FileName            : /storage/project/atlas/design/user/pnson/ATLAS_WORKING/IP/AESDMA/RTL/SAFETY/AESDMA_TOP_DCLS.v
  LineNumber          : 59
  Statement           :     output wire [AXI_ADDR_WD-1:0]                                   O_ARADDR,
  Signal              : O_ARADDR
  Module              : AESDMA_TOP_DCLS
  DesignObjHierarchy  : u_AESDMA_TOP
  -----------------------------------------------------------------------------
  Tag                 : RegInputOutput-ML
  Description         : Port '[Signal]' is not registered [Hierarchy: '[DesignObjHierarchy]']
  Violation           : Lint:59
  Goal                : BOS_LINT_RULE
  FileName            : /storage/project/atlas/design/user/pnson/ATLAS_WORKING/IP/AESDMA/RTL/SAFETY/AESDMA_TOP_DCLS.v
  LineNumber          : 60
  Statement           :     output wire [AXI_LEN_WD-1:0]                                    O_ARLEN,
  Signal              : O_ARLEN
  Module              : AESDMA_TOP_DCLS
  DesignObjHierarchy  : u_AESDMA_TOP
  -----------------------------------------------------------------------------
  Tag                 : RegInputOutput-ML
  Description         : Port '[Signal]' is not registered [Hierarchy: '[DesignObjHierarchy]']
  Violation           : Lint:60
  Goal                : BOS_LINT_RULE
  FileName            : /storage/project/atlas/design/user/pnson/ATLAS_WORKING/IP/AESDMA/RTL/SAFETY/AESDMA_TOP_DCLS.v
  LineNumber          : 61
  Statement           :     output wire [2:0]                                               O_ARSIZE,
  Signal              : O_ARSIZE
  Module              : AESDMA_TOP_DCLS
  DesignObjHierarchy  : u_AESDMA_TOP
  -----------------------------------------------------------------------------
  Tag                 : RegInputOutput-ML
  Description         : Port '[Signal]' is not registered [Hierarchy: '[DesignObjHierarchy]']
  Violation           : Lint:61
  Goal                : BOS_LINT_RULE
  FileName            : /storage/project/atlas/design/user/pnson/ATLAS_WORKING/IP/AESDMA/RTL/SAFETY/AESDMA_TOP_DCLS.v
  LineNumber          : 62
  Statement           :     output wire [1:0]                                               O_ARBURST,
  Signal              : O_ARBURST
  Module              : AESDMA_TOP_DCLS
  DesignObjHierarchy  : u_AESDMA_TOP
  -----------------------------------------------------------------------------
  Tag                 : RegInputOutput-ML
  Description         : Port '[Signal]' is not registered [Hierarchy: '[DesignObjHierarchy]']
  Violation           : Lint:62
  Goal                : BOS_LINT_RULE
  FileName            : /storage/project/atlas/design/user/pnson/ATLAS_WORKING/IP/AESDMA/RTL/SAFETY/AESDMA_TOP_DCLS.v
  LineNumber          : 63
  Statement           :     output wire [pBwAxLock-1:0]                                     O_ARLOCK,
  Signal              : O_ARLOCK
  Module              : AESDMA_TOP_DCLS
  DesignObjHierarchy  : u_AESDMA_TOP
  -----------------------------------------------------------------------------
  Tag                 : RegInputOutput-ML
  Description         : Port '[Signal]' is not registered [Hierarchy: '[DesignObjHierarchy]']
  Violation           : Lint:63
  Goal                : BOS_LINT_RULE
  FileName            : /storage/project/atlas/design/user/pnson/ATLAS_WORKING/IP/AESDMA/RTL/SAFETY/AESDMA_TOP_DCLS.v
  LineNumber          : 64
  Statement           :     output wire [3:0]                                               O_ARCACHE,
  Signal              : O_ARCACHE
  Module              : AESDMA_TOP_DCLS
  DesignObjHierarchy  : u_AESDMA_TOP
  -----------------------------------------------------------------------------
  Tag                 : RegInputOutput-ML
  Description         : Port '[Signal]' is not registered [Hierarchy: '[DesignObjHierarchy]']
  Violation           : Lint:64
  Goal                : BOS_LINT_RULE
  FileName            : /storage/project/atlas/design/user/pnson/ATLAS_WORKING/IP/AESDMA/RTL/SAFETY/AESDMA_TOP_DCLS.v
  LineNumber          : 65
  Statement           :     output wire [2:0]                                               O_ARPROT,
  Signal              : O_ARPROT
  Module              : AESDMA_TOP_DCLS
  DesignObjHierarchy  : u_AESDMA_TOP
  -----------------------------------------------------------------------------
  Tag                 : RegInputOutput-ML
  Description         : Port '[Signal]' is not registered [Hierarchy: '[DesignObjHierarchy]']
  Violation           : Lint:65
  Goal                : BOS_LINT_RULE
  FileName            : /storage/project/atlas/design/user/pnson/ATLAS_WORKING/IP/AESDMA/RTL/SAFETY/AESDMA_TOP_DCLS.v
  LineNumber          : 66
  Statement           :     output wire [3:0]                                               O_ARQOS,
  Signal              : O_ARQOS
  Module              : AESDMA_TOP_DCLS
  DesignObjHierarchy  : u_AESDMA_TOP
  -----------------------------------------------------------------------------
  Tag                 : RegInputOutput-ML
  Description         : Port '[Signal]' is not registered [Hierarchy: '[DesignObjHierarchy]']
  Violation           : Lint:66
  Goal                : BOS_LINT_RULE
  FileName            : /storage/project/atlas/design/user/pnson/ATLAS_WORKING/IP/AESDMA/RTL/SAFETY/AESDMA_TOP_DCLS.v
  LineNumber          : 67
  Statement           :     output wire                                                     O_ARVALID,
  Signal              : O_ARVALID
  Module              : AESDMA_TOP_DCLS
  DesignObjHierarchy  : u_AESDMA_TOP
  -----------------------------------------------------------------------------
  Tag                 : RegInputOutput-ML
  Description         : Port '[Signal]' is not registered [Hierarchy: '[DesignObjHierarchy]']
  Violation           : Lint:67
  Goal                : BOS_LINT_RULE
  FileName            : /storage/project/atlas/design/user/pnson/ATLAS_WORKING/IP/AESDMA/RTL/AESDMA_CORE/AESDMA_SYNC_FIFO_REG.v
  LineNumber          : 111
  Statement           :     assign O_MVALID  =   ~((w_cnt == r_cnt) & (r_ex_cnt == w_ex_cnt)); 
  Signal              : I_ARREADY
  Module              : AESDMA_TOP_DCLS
  DesignObjHierarchy  : u_AESDMA_TOP
  -----------------------------------------------------------------------------
  Tag                 : RegInputOutput-ML
  Description         : Port '[Signal]' is not registered [Hierarchy: '[DesignObjHierarchy]']
  Violation           : Lint:68
  Goal                : BOS_LINT_RULE
  FileName            : /storage/project/atlas/design/user/pnson/ATLAS_WORKING/IP/AESDMA/RTL/AESDMA_CORE/AESDMA_SFR.v
  LineNumber          : 966
  Statement           :         r_intsr_rresp_err_info <= I_INTSR_RRESP_ERR_INFO;
  Signal              : I_RRESP
  Module              : AESDMA_TOP_DCLS
  DesignObjHierarchy  : u_AESDMA_TOP
  -----------------------------------------------------------------------------
  Tag                 : RegInputOutput-ML
  Description         : Port '[Signal]' is not registered [Hierarchy: '[DesignObjHierarchy]']
  Violation           : Lint:69
  Goal                : BOS_LINT_RULE
  FileName            : /storage/project/atlas/design/user/pnson/ATLAS_WORKING/IP/AESDMA/RTL/AESDMA_CORE/AESDMA_TOP.v
  LineNumber          : 970
  Statement           : assign w_dma_rd_axi_err_set = O_RREADY & I_RVALID & (I_RRESP != 2'b00);
  Signal              : I_RVALID
  Module              : AESDMA_TOP_DCLS
  DesignObjHierarchy  : u_AESDMA_TOP
  -----------------------------------------------------------------------------
  Tag                 : RegInputOutput-ML
  Description         : Port '[Signal]' is not registered [Hierarchy: '[DesignObjHierarchy]']
  Violation           : Lint:70
  Goal                : BOS_LINT_RULE
  FileName            : /storage/project/atlas/design/user/pnson/ATLAS_WORKING/IP/AESDMA/RTL/SAFETY/AESDMA_TOP_DCLS.v
  LineNumber          : 75
  Statement           :     output wire                                                     O_RREADY,
  Signal              : O_RREADY
  Module              : AESDMA_TOP_DCLS
  DesignObjHierarchy  : u_AESDMA_TOP
  -----------------------------------------------------------------------------
  Tag                 : RegInputOutput-ML
  Description         : Port '[Signal]' is not registered [Hierarchy: '[DesignObjHierarchy]']
  Violation           : Lint:71
  Goal                : BOS_LINT_RULE
  FileName            : /storage/project/atlas/design/user/pnson/ATLAS_WORKING/IP/BOS_LIB/bos_logic/LVT/BOS_SOC_GFMUX_LVT.v
  LineNumber          : 22
  Statement           :                 .S0     ( I_SEL )
  Signal              : TIEL_DFT_MODESCAN
  Module              : AESDMA_TOP_DCLS
  DesignObjHierarchy  : u_AESDMA_TOP
  -----------------------------------------------------------------------------
  Tag                 : RegInputOutput-ML
  Description         : Port '[Signal]' is not registered [Hierarchy: '[DesignObjHierarchy]']
  Violation           : Lint:72
  Goal                : BOS_LINT_RULE
  FileName            : /storage/project/atlas/design/user/pnson/ATLAS_WORKING/IP/AESDMA/RTL/SAFETY/BOS_AESDMA.v
  LineNumber          : 1060
  Statement           : assign w_sram_wrfifo_clk_en = ~(w_sram_wrfifo_wr_enb & w_sram_wrfifo_rd_enb) | w_auto_clk_gating_disable;
  Signal              : O_SRAM_WRFIFO_RD_ENB
  Module              : AESDMA_TOP_DCLS
  DesignObjHierarchy  : u_AESDMA_TOP
  -----------------------------------------------------------------------------
  Tag                 : RegInputOutput-ML
  Description         : Port '[Signal]' is not registered [Hierarchy: '[DesignObjHierarchy]']
  Violation           : Lint:73
  Goal                : BOS_LINT_RULE
  FileName            : /storage/project/atlas/design/user/pnson/ATLAS_WORKING/IP/AESDMA/RTL/AESDMA_CORE/AESDMA_SYNC_FIFO_TPSRAM.sv
  LineNumber          : 164
  Statement           :     assign w_sramfifo_mdata      = r_sram_dout_d1_valid ? r_sram_dout_d1 : w_sram_dout; 
  Signal              : I_SRAM_WRFIFO_RD_DATA
  Module              : AESDMA_TOP_DCLS
  DesignObjHierarchy  : u_AESDMA_TOP
  -----------------------------------------------------------------------------
  Tag                 : RegInputOutput-ML
  Description         : Port '[Signal]' is not registered [Hierarchy: '[DesignObjHierarchy]']
  Violation           : Lint:74
  Goal                : BOS_LINT_RULE
  FileName            : /storage/project/atlas/design/user/pnson/ATLAS_WORKING/IP/AESDMA/RTL/SAFETY/BOS_AESDMA.v
  LineNumber          : 1060
  Statement           : assign w_sram_wrfifo_clk_en = ~(w_sram_wrfifo_wr_enb & w_sram_wrfifo_rd_enb) | w_auto_clk_gating_disable;
  Signal              : O_SRAM_WRFIFO_WR_ENB
  Module              : AESDMA_TOP_DCLS
  DesignObjHierarchy  : u_AESDMA_TOP
  -----------------------------------------------------------------------------
  Tag                 : RegInputOutput-ML
  Description         : Port '[Signal]' is not registered [Hierarchy: '[DesignObjHierarchy]']
  Violation           : Lint:75
  Goal                : BOS_LINT_RULE
  FileName            : /storage/project/atlas/design/user/pnson/ATLAS_WORKING/IP/AESDMA/RTL/SAFETY/AESDMA_TOP_DCLS.v
  LineNumber          : 88
  Statement           :     output [AXI_DATA_WD-1:0]                                        O_SRAM_WRFIFO_WR_DATA,
  Signal              : O_SRAM_WRFIFO_WR_DATA
  Module              : AESDMA_TOP_DCLS
  DesignObjHierarchy  : u_AESDMA_TOP
  -----------------------------------------------------------------------------
  Tag                 : RegInputOutput-ML
  Description         : Port '[Signal]' is not registered [Hierarchy: '[DesignObjHierarchy]']
  Violation           : Lint:76
  Goal                : BOS_LINT_RULE
  FileName            : /storage/project/atlas/design/user/pnson/ATLAS_WORKING/IP/AESDMA/RTL/SAFETY/BOS_AESDMA.v
  LineNumber          : 1082
  Statement           : assign w_sram_rob_clk_en = ~(w_sram_rob_wr_enb & w_sram_rob_rd_enb) | w_auto_clk_gating_disable;
  Signal              : O_SRAM_ROB_RD_ENB
  Module              : AESDMA_TOP_DCLS
  DesignObjHierarchy  : u_AESDMA_TOP
  -----------------------------------------------------------------------------
  Tag                 : RegInputOutput-ML
  Description         : Port '[Signal]' is not registered [Hierarchy: '[DesignObjHierarchy]']
  Violation           : Lint:77
  Goal                : BOS_LINT_RULE
  FileName            : /storage/project/atlas/design/user/pnson/ATLAS_WORKING/IP/AESDMA/RTL/AESDMA_CORE/AESDMA_REORDER_BUF.sv
  LineNumber          : 343
  Statement           : assign w_sramfifo_mdata      = r_sram_dout_d1_valid ? r_sram_dout_d1 : w_sram_dout;
  Signal              : I_SRAM_ROB_RD_DATA
  Module              : AESDMA_TOP_DCLS
  DesignObjHierarchy  : u_AESDMA_TOP
  -----------------------------------------------------------------------------
  Tag                 : RegInputOutput-ML
  Description         : Port '[Signal]' is not registered [Hierarchy: '[DesignObjHierarchy]']
  Violation           : Lint:78
  Goal                : BOS_LINT_RULE
  FileName            : /storage/project/atlas/design/user/pnson/ATLAS_WORKING/IP/AESDMA/RTL/SAFETY/BOS_AESDMA.v
  LineNumber          : 1082
  Statement           : assign w_sram_rob_clk_en = ~(w_sram_rob_wr_enb & w_sram_rob_rd_enb) | w_auto_clk_gating_disable;
  Signal              : O_SRAM_ROB_WR_ENB
  Module              : AESDMA_TOP_DCLS
  DesignObjHierarchy  : u_AESDMA_TOP
  -----------------------------------------------------------------------------
  Tag                 : RegInputOutput-ML
  Description         : Port '[Signal]' is not registered [Hierarchy: '[DesignObjHierarchy]']
  Violation           : Lint:79
  Goal                : BOS_LINT_RULE
  FileName            : /storage/project/atlas/design/user/pnson/ATLAS_WORKING/IP/AESDMA/RTL/SAFETY/AESDMA_TOP_DCLS.v
  LineNumber          : 94
  Statement           :     output [SRAM_ROB_ADDR_WD-1:0]                                   O_SRAM_ROB_WR_ADDR,
  Signal              : O_SRAM_ROB_WR_ADDR
  Module              : AESDMA_TOP_DCLS
  DesignObjHierarchy  : u_AESDMA_TOP
  -----------------------------------------------------------------------------
  Tag                 : RegInputOutput-ML
  Description         : Port '[Signal]' is not registered [Hierarchy: '[DesignObjHierarchy]']
  Violation           : Lint:80
  Goal                : BOS_LINT_RULE
  FileName            : /storage/project/atlas/design/user/pnson/ATLAS_WORKING/IP/AESDMA/RTL/SAFETY/AESDMA_TOP_DCLS.v
  LineNumber          : 95
  Statement           :     output [AXI_DATA_WD-1:0]                                        O_SRAM_ROB_WR_DATA,
  Signal              : O_SRAM_ROB_WR_DATA
  Module              : AESDMA_TOP_DCLS
  DesignObjHierarchy  : u_AESDMA_TOP
  -----------------------------------------------------------------------------
  Tag                 : RegInputOutput-ML
  Description         : Port '[Signal]' is not registered [Hierarchy: '[DesignObjHierarchy]']
  Violation           : Lint:81
  Goal                : BOS_LINT_RULE
  FileName            : /storage/project/atlas/design/user/pnson/ATLAS_WORKING/IP/AESDMA/RTL/SAFETY/BOS_AESDMA.v
  LineNumber          : 988
  Statement           :         r_core_aclk_dly_cnt  <= CLK_EXP_CNT_INIT_VAL;
  Signal              : O_CORE_ACLK_ENABLE
  Module              : AESDMA_TOP_DCLS
  DesignObjHierarchy  : u_AESDMA_TOP
  -----------------------------------------------------------------------------
  Tag                 : RegInputOutput-ML
  Description         : Port '[Signal]' is not registered [Hierarchy: '[DesignObjHierarchy]']
  Violation           : Lint:82
  Goal                : BOS_LINT_RULE
  FileName            : /storage/project/atlas/design/user/pnson/ATLAS_WORKING/IP/AESDMA/RTL/SAFETY/BOS_AESDMA.v
  LineNumber          : 1007
  Statement           :         r_datagen_aclk_dly_cnt  <= CLK_EXP_CNT_INIT_VAL;
  Signal              : O_DATAGEN_ACLK_ENABLE
  Module              : AESDMA_TOP_DCLS
  DesignObjHierarchy  : u_AESDMA_TOP
  -----------------------------------------------------------------------------
  Tag                 : RegInputOutput-ML
  Description         : Port '[Signal]' is not registered [Hierarchy: '[DesignObjHierarchy]']
  Violation           : Lint:83
  Goal                : BOS_LINT_RULE
  FileName            : /storage/project/atlas/design/user/pnson/ATLAS_WORKING/IP/AESDMA/RTL/SAFETY/BOS_AESDMA.v
  LineNumber          : 1026
  Statement           :         r_bd_aclk_dly_cnt  <= CLK_EXP_CNT_INIT_VAL;
  Signal              : O_BD_ACLK_ENABLE
  Module              : AESDMA_TOP_DCLS
  DesignObjHierarchy  : u_AESDMA_TOP
  -----------------------------------------------------------------------------
  Tag                 : RegInputOutput-ML
  Description         : Port '[Signal]' is not registered [Hierarchy: '[DesignObjHierarchy]']
  Violation           : Lint:84
  Goal                : BOS_LINT_RULE
  FileName            : /storage/project/atlas/design/user/pnson/ATLAS_WORKING/IP/AESDMA/RTL/SAFETY/BOS_AESDMA.v
  LineNumber          : 1045
  Statement           :         r_aescore_aclk_dly_cnt  <= CLK_EXP_CNT_INIT_VAL;
  Signal              : O_AESCORE_ACLK_ENABLE
  Module              : AESDMA_TOP_DCLS
  DesignObjHierarchy  : u_AESDMA_TOP
  -----------------------------------------------------------------------------
  Tag                 : RegInputOutput-ML
  Description         : Port '[Signal]' is not registered [Hierarchy: '[DesignObjHierarchy]']
  Violation           : Lint:85
  Goal                : BOS_LINT_RULE
  FileName            : /storage/project/atlas/design/user/pnson/ATLAS_WORKING/IP/AESDMA/RTL/SAFETY/AESDMA_TOP_DCLS.v
  LineNumber          : 108
  Statement           :     input                                                           TIEL_DFT_CGEN,
  Signal              : TIEL_DFT_CGEN
  Module              : AESDMA_TOP_DCLS
  DesignObjHierarchy  : u_AESDMA_TOP
  -----------------------------------------------------------------------------
  Tag                 : RegInputOutput-ML
  Description         : Port '[Signal]' is not registered [Hierarchy: '[DesignObjHierarchy]']
  Violation           : Lint:86
  Goal                : BOS_LINT_RULE
  FileName            : /storage/project/atlas/design/user/pnson/ATLAS_WORKING/IP/AESDMA/RTL/SAFETY/AESDMA_TOP_DCLS.v
  LineNumber          : 110
  Statement           :     input                                                           FIERR_AESDMA_DCLS,
  Signal              : FIERR_AESDMA_DCLS
  Module              : AESDMA_TOP_DCLS
  DesignObjHierarchy  : u_AESDMA_TOP
  -----------------------------------------------------------------------------
  Tag                 : RegInputOutput-ML
  Description         : Port '[Signal]' is not registered [Hierarchy: '[DesignObjHierarchy]']
  Violation           : Lint:87
  Goal                : BOS_LINT_RULE
  FileName            : /storage/project/atlas/design/user/pnson/ATLAS_WORKING/IP/AESDMA/RTL/SAFETY/AESDMA_TOP_DCLS.v
  LineNumber          : 111
  Statement           :     input                                                           ENERR_AESDMA_DCLS,
  Signal              : ENERR_AESDMA_DCLS
  Module              : AESDMA_TOP_DCLS
  DesignObjHierarchy  : u_AESDMA_TOP
  -----------------------------------------------------------------------------
  Tag                 : RegInputOutput-ML
  Description         : Port '[Signal]' is not registered [Hierarchy: '[DesignObjHierarchy]']
  Violation           : Lint:88
  Goal                : BOS_LINT_RULE
  FileName            : /storage/project/atlas/design/user/pnson/ATLAS_WORKING/IP/AESDMA/RTL/SAFETY/AESDMA_TOP_DCLS.v
  LineNumber          : 112
  Statement           :     output                                                          ERR_AESDMA_DCLS,
  Signal              : ERR_AESDMA_DCLS
  Module              : AESDMA_TOP_DCLS
  DesignObjHierarchy  : u_AESDMA_TOP
  -----------------------------------------------------------------------------
  Tag                 : RegInputOutput-ML
  Description         : Port '[Signal]' is not registered [Hierarchy: '[DesignObjHierarchy]']
  Violation           : Lint:89
  Goal                : BOS_LINT_RULE
  FileName            : /storage/project/atlas/design/user/pnson/ATLAS_WORKING/IP/AESDMA/RTL/SAFETY/AESDMA_TOP_DCLS.v
  LineNumber          : 113
  Statement           :     output                                                          ERR_AESDMA_DCLS_B
  Signal              : ERR_AESDMA_DCLS_B
  Module              : AESDMA_TOP_DCLS
  DesignObjHierarchy  : u_AESDMA_TOP
  -----------------------------------------------------------------------------
  Tag                 : RegInputOutput-ML
  Description         : Port '[Signal]' is not registered [Hierarchy: '[DesignObjHierarchy]']
  Violation           : Lint:90
  Goal                : BOS_LINT_RULE
  FileName            : /storage/project/atlas/design/user/pnson/ATLAS_WORKING/IP/CSSYS/RTL/logical/css600/logical/css600_apbasyncbridge/verilog/css600_apbasyncbridgemstr_core.v
  LineNumber          : 153
  Statement           :       state_en            = ~apb_async_req_i;
  Signal              : O_PREADY
  Module              : AESDMA_TOP
  DesignObjHierarchy  : u_AESDMA_TOP.u_aesdma_top
  -----------------------------------------------------------------------------
  Tag                 : RegInputOutput-ML
  Description         : Port '[Signal]' is not registered [Hierarchy: '[DesignObjHierarchy]']
  Violation           : Lint:91
  Goal                : BOS_LINT_RULE
  FileName            : /storage/project/atlas/design/user/pnson/ATLAS_WORKING/IP/AESDMA/RTL/AESDMA_CORE/AESDMA_TOP.v
  LineNumber          : 57
  Statement           :     output wire [AXI_ID_WD-1:0]                                     O_AWID,
  Signal              : O_AWID
  Module              : AESDMA_TOP
  DesignObjHierarchy  : u_AESDMA_TOP.u_aesdma_top
  -----------------------------------------------------------------------------
  Tag                 : RegInputOutput-ML
  Description         : Port '[Signal]' is not registered [Hierarchy: '[DesignObjHierarchy]']
  Violation           : Lint:92
  Goal                : BOS_LINT_RULE
  FileName            : /storage/project/atlas/design/user/pnson/ATLAS_WORKING/IP/AESDMA/RTL/AESDMA_CORE/AESDMA_TOP.v
  LineNumber          : 58
  Statement           :     output wire [AXI_ADDR_WD-1:0]                                   O_AWADDR,
  Signal              : O_AWADDR
  Module              : AESDMA_TOP
  DesignObjHierarchy  : u_AESDMA_TOP.u_aesdma_top
  -----------------------------------------------------------------------------
  Tag                 : RegInputOutput-ML
  Description         : Port '[Signal]' is not registered [Hierarchy: '[DesignObjHierarchy]']
  Violation           : Lint:93
  Goal                : BOS_LINT_RULE
  FileName            : /storage/project/atlas/design/user/pnson/ATLAS_WORKING/IP/AESDMA/RTL/AESDMA_CORE/AESDMA_TOP.v
  LineNumber          : 59
  Statement           :     output wire [AXI_LEN_WD-1:0]                                    O_AWLEN,//burst_length ex) AWLEN = e, burst_length(transfer counts) = 15
  Signal              : O_AWLEN
  Module              : AESDMA_TOP
  DesignObjHierarchy  : u_AESDMA_TOP.u_aesdma_top
  -----------------------------------------------------------------------------
  Tag                 : RegInputOutput-ML
  Description         : Port '[Signal]' is not registered [Hierarchy: '[DesignObjHierarchy]']
  Violation           : Lint:94
  Goal                : BOS_LINT_RULE
  FileName            : /storage/project/atlas/design/user/pnson/ATLAS_WORKING/IP/AESDMA/RTL/AESDMA_CORE/AESDMA_TOP.v
  LineNumber          : 60
  Statement           :     output wire [2:0]                                               O_AWSIZE,//data_size ex) AWSIZE = 5, data_size per one transfer = 2^5 bytes (32bytes)
  Signal              : O_AWSIZE
  Module              : AESDMA_TOP
  DesignObjHierarchy  : u_AESDMA_TOP.u_aesdma_top
  -----------------------------------------------------------------------------
  Tag                 : RegInputOutput-ML
  Description         : Port '[Signal]' is not registered [Hierarchy: '[DesignObjHierarchy]']
  Violation           : Lint:95
  Goal                : BOS_LINT_RULE
  FileName            : /storage/project/atlas/design/user/pnson/ATLAS_WORKING/IP/AESDMA/RTL/AESDMA_CORE/AESDMA_TOP.v
  LineNumber          : 61
  Statement           :     output wire [1:0]                                               O_AWBURST,//0:Fixed, 1: Incremental, 2: Wrapping
  Signal              : O_AWBURST
  Module              : AESDMA_TOP
  DesignObjHierarchy  : u_AESDMA_TOP.u_aesdma_top
  -----------------------------------------------------------------------------
  Tag                 : RegInputOutput-ML
  Description         : Port '[Signal]' is not registered [Hierarchy: '[DesignObjHierarchy]']
  Violation           : Lint:96
  Goal                : BOS_LINT_RULE
  FileName            : /storage/project/atlas/design/user/pnson/ATLAS_WORKING/IP/AESDMA/RTL/AESDMA_CORE/AESDMA_TOP.v
  LineNumber          : 63
  Statement           :     output wire [pBwAxLock-1:0]                                     O_AWLOCK,
  Signal              : O_AWLOCK
  Module              : AESDMA_TOP
  DesignObjHierarchy  : u_AESDMA_TOP.u_aesdma_top
  -----------------------------------------------------------------------------
  Tag                 : RegInputOutput-ML
  Description         : Port '[Signal]' is not registered [Hierarchy: '[DesignObjHierarchy]']
  Violation           : Lint:97
  Goal                : BOS_LINT_RULE
  FileName            : /storage/project/atlas/design/user/pnson/ATLAS_WORKING/IP/AESDMA/RTL/AESDMA_CORE/AESDMA_TOP.v
  LineNumber          : 64
  Statement           :     output wire [3:0]                                               O_AWCACHE,
  Signal              : O_AWCACHE
  Module              : AESDMA_TOP
  DesignObjHierarchy  : u_AESDMA_TOP.u_aesdma_top
  -----------------------------------------------------------------------------
  Tag                 : RegInputOutput-ML
  Description         : Port '[Signal]' is not registered [Hierarchy: '[DesignObjHierarchy]']
  Violation           : Lint:98
  Goal                : BOS_LINT_RULE
  FileName            : /storage/project/atlas/design/user/pnson/ATLAS_WORKING/IP/AESDMA/RTL/AESDMA_CORE/AESDMA_TOP.v
  LineNumber          : 65
  Statement           :     output wire [2:0]                                               O_AWPROT,
  Signal              : O_AWPROT
  Module              : AESDMA_TOP
  DesignObjHierarchy  : u_AESDMA_TOP.u_aesdma_top
  -----------------------------------------------------------------------------
  Tag                 : RegInputOutput-ML
  Description         : Port '[Signal]' is not registered [Hierarchy: '[DesignObjHierarchy]']
  Violation           : Lint:99
  Goal                : BOS_LINT_RULE
  FileName            : /storage/project/atlas/design/user/pnson/ATLAS_WORKING/IP/AESDMA/RTL/AESDMA_CORE/AESDMA_TOP.v
  LineNumber          : 66
  Statement           :     output wire [3:0]                                               O_AWQOS,
  Signal              : O_AWQOS
  Module              : AESDMA_TOP
  DesignObjHierarchy  : u_AESDMA_TOP.u_aesdma_top
  -----------------------------------------------------------------------------
  Tag                 : RegInputOutput-ML
  Description         : Port '[Signal]' is not registered [Hierarchy: '[DesignObjHierarchy]']
  Violation           : Lint:100
  Goal                : BOS_LINT_RULE
  FileName            : /storage/project/atlas/design/user/pnson/ATLAS_WORKING/IP/AESDMA/RTL/AESDMA_CORE/AESDMA_TOP.v
  LineNumber          : 67
  Statement           :     output wire                                                     O_AWVALID,
  Signal              : O_AWVALID
  Module              : AESDMA_TOP
  DesignObjHierarchy  : u_AESDMA_TOP.u_aesdma_top
  -----------------------------------------------------------------------------
  Tag                 : RegInputOutput-ML
  Description         : Port '[Signal]' is not registered [Hierarchy: '[DesignObjHierarchy]']
  Violation           : Lint:101
  Goal                : BOS_LINT_RULE
  FileName            : /storage/project/atlas/design/user/pnson/ATLAS_WORKING/IP/AESDMA/RTL/AESDMA_CORE/AESDMA_SYNC_FIFO_REG.v
  LineNumber          : 111
  Statement           :     assign O_MVALID  =   ~((w_cnt == r_cnt) & (r_ex_cnt == w_ex_cnt)); 
  Signal              : I_AWREADY
  Module              : AESDMA_TOP
  DesignObjHierarchy  : u_AESDMA_TOP.u_aesdma_top
  -----------------------------------------------------------------------------
  Tag                 : RegInputOutput-ML
  Description         : Port '[Signal]' is not registered [Hierarchy: '[DesignObjHierarchy]']
  Violation           : Lint:102
  Goal                : BOS_LINT_RULE
  FileName            : /storage/project/atlas/design/user/pnson/ATLAS_WORKING/IP/AESDMA/RTL/AESDMA_CORE/AESDMA_TOP.v
  LineNumber          : 71
  Statement           :     output wire [AXI_DATA_WD-1:0]                                   O_WDATA,
  Signal              : O_WDATA
  Module              : AESDMA_TOP
  DesignObjHierarchy  : u_AESDMA_TOP.u_aesdma_top
  -----------------------------------------------------------------------------
  Tag                 : RegInputOutput-ML
  Description         : Port '[Signal]' is not registered [Hierarchy: '[DesignObjHierarchy]']
  Violation           : Lint:103
  Goal                : BOS_LINT_RULE
  FileName            : /storage/project/atlas/design/user/pnson/ATLAS_WORKING/IP/AESDMA/RTL/AESDMA_CORE/AESDMA_TOP.v
  LineNumber          : 72
  Statement           :     output wire [AXI_STRB_WD-1:0]                                   O_WSTRB,
  Signal              : O_WSTRB
  Module              : AESDMA_TOP
  DesignObjHierarchy  : u_AESDMA_TOP.u_aesdma_top
  -----------------------------------------------------------------------------
  Tag                 : RegInputOutput-ML
  Description         : Port '[Signal]' is not registered [Hierarchy: '[DesignObjHierarchy]']
  Violation           : Lint:104
  Goal                : BOS_LINT_RULE
  FileName            : /storage/project/atlas/design/user/pnson/ATLAS_WORKING/IP/AESDMA/RTL/AESDMA_CORE/AESDMA_TOP.v
  LineNumber          : 73
  Statement           :     output wire                                                     O_WLAST,
  Signal              : O_WLAST
  Module              : AESDMA_TOP
  DesignObjHierarchy  : u_AESDMA_TOP.u_aesdma_top
  -----------------------------------------------------------------------------
  Tag                 : RegInputOutput-ML
  Description         : Port '[Signal]' is not registered [Hierarchy: '[DesignObjHierarchy]']
  Violation           : Lint:105
  Goal                : BOS_LINT_RULE
  FileName            : /storage/project/atlas/design/user/pnson/ATLAS_WORKING/IP/AESDMA/RTL/AESDMA_CORE/AESDMA_TOP.v
  LineNumber          : 74
  Statement           :     output wire                                                     O_WVALID,
  Signal              : O_WVALID
  Module              : AESDMA_TOP
  DesignObjHierarchy  : u_AESDMA_TOP.u_aesdma_top
  -----------------------------------------------------------------------------
  Tag                 : RegInputOutput-ML
  Description         : Port '[Signal]' is not registered [Hierarchy: '[DesignObjHierarchy]']
  Violation           : Lint:106
  Goal                : BOS_LINT_RULE
  FileName            : /storage/project/atlas/design/user/pnson/ATLAS_WORKING/IP/AESDMA/RTL/AESDMA_CORE/AESDMA_SYNC_FIFO_REG.v
  LineNumber          : 111
  Statement           :     assign O_MVALID  =   ~((w_cnt == r_cnt) & (r_ex_cnt == w_ex_cnt)); 
  Signal              : I_WREADY
  Module              : AESDMA_TOP
  DesignObjHierarchy  : u_AESDMA_TOP.u_aesdma_top
  -----------------------------------------------------------------------------
  Tag                 : RegInputOutput-ML
  Description         : Port '[Signal]' is not registered [Hierarchy: '[DesignObjHierarchy]']
  Violation           : Lint:107
  Goal                : BOS_LINT_RULE
  FileName            : /storage/project/atlas/design/user/pnson/ATLAS_WORKING/IP/AESDMA/RTL/AESDMA_CORE/AESDMA_SFR.v
  LineNumber          : 953
  Statement           :         r_intsr_bresp_err_info <= I_INTSR_BRESP_ERR_INFO;
  Signal              : I_BRESP
  Module              : AESDMA_TOP
  DesignObjHierarchy  : u_AESDMA_TOP.u_aesdma_top
  -----------------------------------------------------------------------------
  Tag                 : RegInputOutput-ML
  Description         : Port '[Signal]' is not registered [Hierarchy: '[DesignObjHierarchy]']
  Violation           : Lint:108
  Goal                : BOS_LINT_RULE
  FileName            : /storage/project/atlas/design/user/pnson/ATLAS_WORKING/IP/AESDMA/RTL/AESDMA_CORE/AESDMA_TOP.v
  LineNumber          : 969
  Statement           : assign w_dma_wr_axi_err_set = O_BREADY & I_BVALID & (I_BRESP != 2'b00);
  Signal              : I_BVALID
  Module              : AESDMA_TOP
  DesignObjHierarchy  : u_AESDMA_TOP.u_aesdma_top
  -----------------------------------------------------------------------------
  Tag                 : RegInputOutput-ML
  Description         : Port '[Signal]' is not registered [Hierarchy: '[DesignObjHierarchy]']
  Violation           : Lint:109
  Goal                : BOS_LINT_RULE
  FileName            : /storage/project/atlas/design/user/pnson/ATLAS_WORKING/IP/AESDMA/RTL/AESDMA_CORE/AESDMA_TOP.v
  LineNumber          : 80
  Statement           :     output wire                                                     O_BREADY,
  Signal              : O_BREADY
  Module              : AESDMA_TOP
  DesignObjHierarchy  : u_AESDMA_TOP.u_aesdma_top
  -----------------------------------------------------------------------------
  Tag                 : RegInputOutput-ML
  Description         : Port '[Signal]' is not registered [Hierarchy: '[DesignObjHierarchy]']
  Violation           : Lint:110
  Goal                : BOS_LINT_RULE
  FileName            : /storage/project/atlas/design/user/pnson/ATLAS_WORKING/IP/AESDMA/RTL/AESDMA_CORE/AESDMA_TOP.v
  LineNumber          : 82
  Statement           :     output wire [AXI_ID_WD-1:0]                                     O_ARID,
  Signal              : O_ARID
  Module              : AESDMA_TOP
  DesignObjHierarchy  : u_AESDMA_TOP.u_aesdma_top
  -----------------------------------------------------------------------------
  Tag                 : RegInputOutput-ML
  Description         : Port '[Signal]' is not registered [Hierarchy: '[DesignObjHierarchy]']
  Violation           : Lint:111
  Goal                : BOS_LINT_RULE
  FileName            : /storage/project/atlas/design/user/pnson/ATLAS_WORKING/IP/AESDMA/RTL/AESDMA_CORE/AESDMA_TOP.v
  LineNumber          : 83
  Statement           :     output wire [AXI_ADDR_WD-1:0]                                   O_ARADDR,
  Signal              : O_ARADDR
  Module              : AESDMA_TOP
  DesignObjHierarchy  : u_AESDMA_TOP.u_aesdma_top
  -----------------------------------------------------------------------------
  Tag                 : RegInputOutput-ML
  Description         : Port '[Signal]' is not registered [Hierarchy: '[DesignObjHierarchy]']
  Violation           : Lint:112
  Goal                : BOS_LINT_RULE
  FileName            : /storage/project/atlas/design/user/pnson/ATLAS_WORKING/IP/AESDMA/RTL/AESDMA_CORE/AESDMA_TOP.v
  LineNumber          : 84
  Statement           :     output wire [AXI_LEN_WD-1:0]                                    O_ARLEN,
  Signal              : O_ARLEN
  Module              : AESDMA_TOP
  DesignObjHierarchy  : u_AESDMA_TOP.u_aesdma_top
  -----------------------------------------------------------------------------
  Tag                 : RegInputOutput-ML
  Description         : Port '[Signal]' is not registered [Hierarchy: '[DesignObjHierarchy]']
  Violation           : Lint:113
  Goal                : BOS_LINT_RULE
  FileName            : /storage/project/atlas/design/user/pnson/ATLAS_WORKING/IP/AESDMA/RTL/AESDMA_CORE/AESDMA_TOP.v
  LineNumber          : 85
  Statement           :     output wire [2:0]                                               O_ARSIZE,
  Signal              : O_ARSIZE
  Module              : AESDMA_TOP
  DesignObjHierarchy  : u_AESDMA_TOP.u_aesdma_top
  -----------------------------------------------------------------------------
  Tag                 : RegInputOutput-ML
  Description         : Port '[Signal]' is not registered [Hierarchy: '[DesignObjHierarchy]']
  Violation           : Lint:114
  Goal                : BOS_LINT_RULE
  FileName            : /storage/project/atlas/design/user/pnson/ATLAS_WORKING/IP/AESDMA/RTL/AESDMA_CORE/AESDMA_TOP.v
  LineNumber          : 86
  Statement           :     output wire [1:0]                                               O_ARBURST,
  Signal              : O_ARBURST
  Module              : AESDMA_TOP
  DesignObjHierarchy  : u_AESDMA_TOP.u_aesdma_top
  -----------------------------------------------------------------------------
  Tag                 : RegInputOutput-ML
  Description         : Port '[Signal]' is not registered [Hierarchy: '[DesignObjHierarchy]']
  Violation           : Lint:115
  Goal                : BOS_LINT_RULE
  FileName            : /storage/project/atlas/design/user/pnson/ATLAS_WORKING/IP/AESDMA/RTL/AESDMA_CORE/AESDMA_TOP.v
  LineNumber          : 88
  Statement           :     output wire [pBwAxLock-1:0]                                     O_ARLOCK,
  Signal              : O_ARLOCK
  Module              : AESDMA_TOP
  DesignObjHierarchy  : u_AESDMA_TOP.u_aesdma_top
  -----------------------------------------------------------------------------
  Tag                 : RegInputOutput-ML
  Description         : Port '[Signal]' is not registered [Hierarchy: '[DesignObjHierarchy]']
  Violation           : Lint:116
  Goal                : BOS_LINT_RULE
  FileName            : /storage/project/atlas/design/user/pnson/ATLAS_WORKING/IP/AESDMA/RTL/AESDMA_CORE/AESDMA_TOP.v
  LineNumber          : 89
  Statement           :     output wire [3:0]                                               O_ARCACHE,
  Signal              : O_ARCACHE
  Module              : AESDMA_TOP
  DesignObjHierarchy  : u_AESDMA_TOP.u_aesdma_top
  -----------------------------------------------------------------------------
  Tag                 : RegInputOutput-ML
  Description         : Port '[Signal]' is not registered [Hierarchy: '[DesignObjHierarchy]']
  Violation           : Lint:117
  Goal                : BOS_LINT_RULE
  FileName            : /storage/project/atlas/design/user/pnson/ATLAS_WORKING/IP/AESDMA/RTL/AESDMA_CORE/AESDMA_TOP.v
  LineNumber          : 90
  Statement           :     output wire [2:0]                                               O_ARPROT,
  Signal              : O_ARPROT
  Module              : AESDMA_TOP
  DesignObjHierarchy  : u_AESDMA_TOP.u_aesdma_top
  -----------------------------------------------------------------------------
  Tag                 : RegInputOutput-ML
  Description         : Port '[Signal]' is not registered [Hierarchy: '[DesignObjHierarchy]']
  Violation           : Lint:118
  Goal                : BOS_LINT_RULE
  FileName            : /storage/project/atlas/design/user/pnson/ATLAS_WORKING/IP/AESDMA/RTL/AESDMA_CORE/AESDMA_TOP.v
  LineNumber          : 91
  Statement           :     output wire [3:0]                                               O_ARQOS,
  Signal              : O_ARQOS
  Module              : AESDMA_TOP
  DesignObjHierarchy  : u_AESDMA_TOP.u_aesdma_top
  -----------------------------------------------------------------------------
  Tag                 : RegInputOutput-ML
  Description         : Port '[Signal]' is not registered [Hierarchy: '[DesignObjHierarchy]']
  Violation           : Lint:119
  Goal                : BOS_LINT_RULE
  FileName            : /storage/project/atlas/design/user/pnson/ATLAS_WORKING/IP/AESDMA/RTL/AESDMA_CORE/AESDMA_TOP.v
  LineNumber          : 92
  Statement           :     output wire                                                     O_ARVALID,
  Signal              : O_ARVALID
  Module              : AESDMA_TOP
  DesignObjHierarchy  : u_AESDMA_TOP.u_aesdma_top
  -----------------------------------------------------------------------------
  Tag                 : RegInputOutput-ML
  Description         : Port '[Signal]' is not registered [Hierarchy: '[DesignObjHierarchy]']
  Violation           : Lint:120
  Goal                : BOS_LINT_RULE
  FileName            : /storage/project/atlas/design/user/pnson/ATLAS_WORKING/IP/AESDMA/RTL/AESDMA_CORE/AESDMA_SYNC_FIFO_REG.v
  LineNumber          : 111
  Statement           :     assign O_MVALID  =   ~((w_cnt == r_cnt) & (r_ex_cnt == w_ex_cnt)); 
  Signal              : I_ARREADY
  Module              : AESDMA_TOP
  DesignObjHierarchy  : u_AESDMA_TOP.u_aesdma_top
  -----------------------------------------------------------------------------
  Tag                 : RegInputOutput-ML
  Description         : Port '[Signal]' is not registered [Hierarchy: '[DesignObjHierarchy]']
  Violation           : Lint:121
  Goal                : BOS_LINT_RULE
  FileName            : /storage/project/atlas/design/user/pnson/ATLAS_WORKING/IP/AESDMA/RTL/AESDMA_CORE/AESDMA_SFR.v
  LineNumber          : 966
  Statement           :         r_intsr_rresp_err_info <= I_INTSR_RRESP_ERR_INFO;
  Signal              : I_RRESP
  Module              : AESDMA_TOP
  DesignObjHierarchy  : u_AESDMA_TOP.u_aesdma_top
  -----------------------------------------------------------------------------
  Tag                 : RegInputOutput-ML
  Description         : Port '[Signal]' is not registered [Hierarchy: '[DesignObjHierarchy]']
  Violation           : Lint:122
  Goal                : BOS_LINT_RULE
  FileName            : /storage/project/atlas/design/user/pnson/ATLAS_WORKING/IP/AESDMA/RTL/AESDMA_CORE/AESDMA_TOP.v
  LineNumber          : 970
  Statement           : assign w_dma_rd_axi_err_set = O_RREADY & I_RVALID & (I_RRESP != 2'b00);
  Signal              : I_RVALID
  Module              : AESDMA_TOP
  DesignObjHierarchy  : u_AESDMA_TOP.u_aesdma_top
  -----------------------------------------------------------------------------
  Tag                 : RegInputOutput-ML
  Description         : Port '[Signal]' is not registered [Hierarchy: '[DesignObjHierarchy]']
  Violation           : Lint:123
  Goal                : BOS_LINT_RULE
  FileName            : /storage/project/atlas/design/user/pnson/ATLAS_WORKING/IP/AESDMA/RTL/AESDMA_CORE/AESDMA_TOP.v
  LineNumber          : 100
  Statement           :     output wire                                                     O_RREADY,
  Signal              : O_RREADY
  Module              : AESDMA_TOP
  DesignObjHierarchy  : u_AESDMA_TOP.u_aesdma_top
  -----------------------------------------------------------------------------
  Tag                 : RegInputOutput-ML
  Description         : Port '[Signal]' is not registered [Hierarchy: '[DesignObjHierarchy]']
  Violation           : Lint:124
  Goal                : BOS_LINT_RULE
  FileName            : /storage/project/atlas/design/user/pnson/ATLAS_WORKING/IP/BOS_LIB/bos_logic/LVT/BOS_SOC_GFMUX_LVT.v
  LineNumber          : 22
  Statement           :                 .S0     ( I_SEL )
  Signal              : TIEL_DFT_MODESCAN
  Module              : AESDMA_TOP
  DesignObjHierarchy  : u_AESDMA_TOP.u_aesdma_top
  -----------------------------------------------------------------------------
  Tag                 : RegInputOutput-ML
  Description         : Port '[Signal]' is not registered [Hierarchy: '[DesignObjHierarchy]']
  Violation           : Lint:125
  Goal                : BOS_LINT_RULE
  FileName            : /storage/project/atlas/design/user/pnson/ATLAS_WORKING/IP/AESDMA/RTL/SAFETY/BOS_AESDMA.v
  LineNumber          : 1060
  Statement           : assign w_sram_wrfifo_clk_en = ~(w_sram_wrfifo_wr_enb & w_sram_wrfifo_rd_enb) | w_auto_clk_gating_disable;
  Signal              : O_SRAM_WRFIFO_RD_ENB
  Module              : AESDMA_TOP
  DesignObjHierarchy  : u_AESDMA_TOP.u_aesdma_top
  -----------------------------------------------------------------------------
  Tag                 : RegInputOutput-ML
  Description         : Port '[Signal]' is not registered [Hierarchy: '[DesignObjHierarchy]']
  Violation           : Lint:126
  Goal                : BOS_LINT_RULE
  FileName            : /storage/project/atlas/design/user/pnson/ATLAS_WORKING/IP/AESDMA/RTL/AESDMA_CORE/AESDMA_SYNC_FIFO_TPSRAM.sv
  LineNumber          : 164
  Statement           :     assign w_sramfifo_mdata      = r_sram_dout_d1_valid ? r_sram_dout_d1 : w_sram_dout; 
  Signal              : I_SRAM_WRFIFO_RD_DATA
  Module              : AESDMA_TOP
  DesignObjHierarchy  : u_AESDMA_TOP.u_aesdma_top
  -----------------------------------------------------------------------------
  Tag                 : RegInputOutput-ML
  Description         : Port '[Signal]' is not registered [Hierarchy: '[DesignObjHierarchy]']
  Violation           : Lint:127
  Goal                : BOS_LINT_RULE
  FileName            : /storage/project/atlas/design/user/pnson/ATLAS_WORKING/IP/AESDMA/RTL/SAFETY/BOS_AESDMA.v
  LineNumber          : 1060
  Statement           : assign w_sram_wrfifo_clk_en = ~(w_sram_wrfifo_wr_enb & w_sram_wrfifo_rd_enb) | w_auto_clk_gating_disable;
  Signal              : O_SRAM_WRFIFO_WR_ENB
  Module              : AESDMA_TOP
  DesignObjHierarchy  : u_AESDMA_TOP.u_aesdma_top
  -----------------------------------------------------------------------------
  Tag                 : RegInputOutput-ML
  Description         : Port '[Signal]' is not registered [Hierarchy: '[DesignObjHierarchy]']
  Violation           : Lint:128
  Goal                : BOS_LINT_RULE
  FileName            : /storage/project/atlas/design/user/pnson/ATLAS_WORKING/IP/AESDMA/RTL/AESDMA_CORE/AESDMA_TOP.v
  LineNumber          : 117
  Statement           :     output [AXI_DATA_WD-1:0]                                        O_SRAM_WRFIFO_WR_DATA,
  Signal              : O_SRAM_WRFIFO_WR_DATA
  Module              : AESDMA_TOP
  DesignObjHierarchy  : u_AESDMA_TOP.u_aesdma_top
  -----------------------------------------------------------------------------
  Tag                 : RegInputOutput-ML
  Description         : Port '[Signal]' is not registered [Hierarchy: '[DesignObjHierarchy]']
  Violation           : Lint:129
  Goal                : BOS_LINT_RULE
  FileName            : /storage/project/atlas/design/user/pnson/ATLAS_WORKING/IP/AESDMA/RTL/SAFETY/BOS_AESDMA.v
  LineNumber          : 1082
  Statement           : assign w_sram_rob_clk_en = ~(w_sram_rob_wr_enb & w_sram_rob_rd_enb) | w_auto_clk_gating_disable;
  Signal              : O_SRAM_ROB_RD_ENB
  Module              : AESDMA_TOP
  DesignObjHierarchy  : u_AESDMA_TOP.u_aesdma_top
  -----------------------------------------------------------------------------
  Tag                 : RegInputOutput-ML
  Description         : Port '[Signal]' is not registered [Hierarchy: '[DesignObjHierarchy]']
  Violation           : Lint:130
  Goal                : BOS_LINT_RULE
  FileName            : /storage/project/atlas/design/user/pnson/ATLAS_WORKING/IP/AESDMA/RTL/AESDMA_CORE/AESDMA_REORDER_BUF.sv
  LineNumber          : 343
  Statement           : assign w_sramfifo_mdata      = r_sram_dout_d1_valid ? r_sram_dout_d1 : w_sram_dout;
  Signal              : I_SRAM_ROB_RD_DATA
  Module              : AESDMA_TOP
  DesignObjHierarchy  : u_AESDMA_TOP.u_aesdma_top
  -----------------------------------------------------------------------------
  Tag                 : RegInputOutput-ML
  Description         : Port '[Signal]' is not registered [Hierarchy: '[DesignObjHierarchy]']
  Violation           : Lint:131
  Goal                : BOS_LINT_RULE
  FileName            : /storage/project/atlas/design/user/pnson/ATLAS_WORKING/IP/AESDMA/RTL/SAFETY/BOS_AESDMA.v
  LineNumber          : 1082
  Statement           : assign w_sram_rob_clk_en = ~(w_sram_rob_wr_enb & w_sram_rob_rd_enb) | w_auto_clk_gating_disable;
  Signal              : O_SRAM_ROB_WR_ENB
  Module              : AESDMA_TOP
  DesignObjHierarchy  : u_AESDMA_TOP.u_aesdma_top
  -----------------------------------------------------------------------------
  Tag                 : RegInputOutput-ML
  Description         : Port '[Signal]' is not registered [Hierarchy: '[DesignObjHierarchy]']
  Violation           : Lint:132
  Goal                : BOS_LINT_RULE
  FileName            : /storage/project/atlas/design/user/pnson/ATLAS_WORKING/IP/AESDMA/RTL/AESDMA_CORE/AESDMA_TOP.v
  LineNumber          : 123
  Statement           :     output [SRAM_ROB_ADDR_WD-1:0]                                   O_SRAM_ROB_WR_ADDR,
  Signal              : O_SRAM_ROB_WR_ADDR
  Module              : AESDMA_TOP
  DesignObjHierarchy  : u_AESDMA_TOP.u_aesdma_top
  -----------------------------------------------------------------------------
  Tag                 : RegInputOutput-ML
  Description         : Port '[Signal]' is not registered [Hierarchy: '[DesignObjHierarchy]']
  Violation           : Lint:133
  Goal                : BOS_LINT_RULE
  FileName            : /storage/project/atlas/design/user/pnson/ATLAS_WORKING/IP/AESDMA/RTL/AESDMA_CORE/AESDMA_TOP.v
  LineNumber          : 124
  Statement           :     output [AXI_DATA_WD-1:0]                                        O_SRAM_ROB_WR_DATA,
  Signal              : O_SRAM_ROB_WR_DATA
  Module              : AESDMA_TOP
  DesignObjHierarchy  : u_AESDMA_TOP.u_aesdma_top
  -----------------------------------------------------------------------------
  Tag                 : RegInputOutput-ML
  Description         : Port '[Signal]' is not registered [Hierarchy: '[DesignObjHierarchy]']
  Violation           : Lint:134
  Goal                : BOS_LINT_RULE
  FileName            : /storage/project/atlas/design/user/pnson/ATLAS_WORKING/IP/AESDMA/RTL/SAFETY/BOS_AESDMA.v
  LineNumber          : 988
  Statement           :         r_core_aclk_dly_cnt  <= CLK_EXP_CNT_INIT_VAL;
  Signal              : O_CORE_ACLK_ENABLE
  Module              : AESDMA_TOP
  DesignObjHierarchy  : u_AESDMA_TOP.u_aesdma_top
  -----------------------------------------------------------------------------
  Tag                 : RegInputOutput-ML
  Description         : Port '[Signal]' is not registered [Hierarchy: '[DesignObjHierarchy]']
  Violation           : Lint:135
  Goal                : BOS_LINT_RULE
  FileName            : /storage/project/atlas/design/user/pnson/ATLAS_WORKING/IP/AESDMA/RTL/SAFETY/BOS_AESDMA.v
  LineNumber          : 1007
  Statement           :         r_datagen_aclk_dly_cnt  <= CLK_EXP_CNT_INIT_VAL;
  Signal              : O_DATAGEN_ACLK_ENABLE
  Module              : AESDMA_TOP
  DesignObjHierarchy  : u_AESDMA_TOP.u_aesdma_top
  -----------------------------------------------------------------------------
  Tag                 : RegInputOutput-ML
  Description         : Port '[Signal]' is not registered [Hierarchy: '[DesignObjHierarchy]']
  Violation           : Lint:136
  Goal                : BOS_LINT_RULE
  FileName            : /storage/project/atlas/design/user/pnson/ATLAS_WORKING/IP/AESDMA/RTL/SAFETY/BOS_AESDMA.v
  LineNumber          : 1026
  Statement           :         r_bd_aclk_dly_cnt  <= CLK_EXP_CNT_INIT_VAL;
  Signal              : O_BD_ACLK_ENABLE
  Module              : AESDMA_TOP
  DesignObjHierarchy  : u_AESDMA_TOP.u_aesdma_top
  -----------------------------------------------------------------------------
  Tag                 : RegInputOutput-ML
  Description         : Port '[Signal]' is not registered [Hierarchy: '[DesignObjHierarchy]']
  Violation           : Lint:137
  Goal                : BOS_LINT_RULE
  FileName            : /storage/project/atlas/design/user/pnson/ATLAS_WORKING/IP/AESDMA/RTL/SAFETY/BOS_AESDMA.v
  LineNumber          : 1045
  Statement           :         r_aescore_aclk_dly_cnt  <= CLK_EXP_CNT_INIT_VAL;
  Signal              : O_AESCORE_ACLK_ENABLE
  Module              : AESDMA_TOP
  DesignObjHierarchy  : u_AESDMA_TOP.u_aesdma_top
  -----------------------------------------------------------------------------
  Tag                 : RegInputOutput-ML
  Description         : Port '[Signal]' is not registered [Hierarchy: '[DesignObjHierarchy]']
  Violation           : Lint:138
  Goal                : BOS_LINT_RULE
  FileName            : /storage/project/atlas/design/user/pnson/ATLAS_WORKING/IP/AESDMA/RTL/AESDMA_CORE/AESDMA_TOP.v
  LineNumber          : 141
  Statement           :     input                                                           TIEL_DFT_CGEN
  Signal              : TIEL_DFT_CGEN
  Module              : AESDMA_TOP
  DesignObjHierarchy  : u_AESDMA_TOP.u_aesdma_top
  -----------------------------------------------------------------------------
  Tag                 : RegInputOutput-ML
  Description         : Port '[Signal]' is not registered [Hierarchy: '[DesignObjHierarchy]']
  Violation           : Lint:139
  Goal                : BOS_LINT_RULE
  FileName            : /storage/project/atlas/design/user/pnson/ATLAS_WORKING/IP/BOS_LIB/bos_logic/LVT/BOS_SOC_GFMUX_LVT.v
  LineNumber          : 20
  Statement           :                 .B      ( I_B[i]),
  Signal              : I_A
  Module              : BOS_SOC_BUF
  DesignObjHierarchy  : u_AESDMA_TOP.u_aesdma_top.dft_persistent_buf_scan_resetn_sw
  -----------------------------------------------------------------------------
  Tag                 : RegInputOutput-ML
  Description         : Port '[Signal]' is not registered [Hierarchy: '[DesignObjHierarchy]']
  Violation           : Lint:140
  Goal                : BOS_LINT_RULE
  FileName            : /storage/project/atlas/design/user/pnson/ATLAS_WORKING/IP/BOS_LIB/bos_logic/RVT/BOS_SOC_BUF.v
  LineNumber          : 8
  Statement           :     output   [DW-1:0]      O_Y       
  Signal              : O_Y
  Module              : BOS_SOC_BUF
  DesignObjHierarchy  : u_AESDMA_TOP.u_aesdma_top.dft_persistent_buf_scan_resetn_sw
  -----------------------------------------------------------------------------
  Tag                 : RegInputOutput-ML
  Description         : Port '[Signal]' is not registered [Hierarchy: '[DesignObjHierarchy]']
  Violation           : Lint:141
  Goal                : BOS_LINT_RULE
  FileName            : /storage/project/atlas/design/user/pnson/ATLAS_WORKING/IP/BOS_LIB/bos_logic/LVT/BOS_SOC_GFMUX_LVT.v
  LineNumber          : 22
  Statement           :                 .S0     ( I_SEL )
  Signal              : I_SEL
  Module              : BOS_SOC_GFMUX_LVT
  DesignObjHierarchy  : u_AESDMA_TOP.u_aesdma_top.u_sw_reset_mux
  -----------------------------------------------------------------------------
  Tag                 : RegInputOutput-ML
  Description         : Port '[Signal]' is not registered [Hierarchy: '[DesignObjHierarchy]']
  Violation           : Lint:142
  Goal                : BOS_LINT_RULE
  FileName            : /storage/project/atlas/design/user/pnson/ATLAS_WORKING/IP/BOS_LIB/bos_logic/LVT/BOS_SOC_GFMUX_LVT.v
  LineNumber          : 20
  Statement           :                 .B      ( I_B[i]),
  Signal              : I_B
  Module              : BOS_SOC_GFMUX_LVT
  DesignObjHierarchy  : u_AESDMA_TOP.u_aesdma_top.u_sw_reset_mux
  -----------------------------------------------------------------------------
  Tag                 : RegInputOutput-ML
  Description         : Port '[Signal]' is not registered [Hierarchy: '[DesignObjHierarchy]']
  Violation           : Lint:143
  Goal                : BOS_LINT_RULE
  FileName            : /storage/project/atlas/design/user/pnson/ATLAS_WORKING/IP/AESDMA/RTL/AESDMA_CORE/AESDMA_SYNC_FIFO_REG.v
  LineNumber          : 62
  Statement           :             if ( I_SVALID && O_SREADY) begin 
  Signal              : I_SVALID
  Module              : AESDMA_SYNC_FIFO_REG
  DesignObjHierarchy  : u_AESDMA_TOP.u_aesdma_top.u_RDCMD_AR
  -----------------------------------------------------------------------------
  Tag                 : RegInputOutput-ML
  Description         : Port '[Signal]' is not registered [Hierarchy: '[DesignObjHierarchy]']
  Violation           : Lint:144
  Goal                : BOS_LINT_RULE
  FileName            : /storage/project/atlas/design/user/pnson/ATLAS_WORKING/IP/AESDMA/RTL/AESDMA_CORE/AESDMA_TOP.v
  LineNumber          : 1244
  Statement           :                     nxt_st_axidma_2d_ar_ctrl = ST_DMA_2D_RD_AR_WAITDONE;
  Signal              : O_SREADY
  Module              : AESDMA_SYNC_FIFO_REG
  DesignObjHierarchy  : u_AESDMA_TOP.u_aesdma_top.u_RDCMD_AR
  -----------------------------------------------------------------------------
  Tag                 : RegInputOutput-ML
  Description         : Port '[Signal]' is not registered [Hierarchy: '[DesignObjHierarchy]']
  Violation           : Lint:145
  Goal                : BOS_LINT_RULE
  FileName            : /storage/project/atlas/design/user/pnson/ATLAS_WORKING/IP/AESDMA/RTL/AESDMA_CORE/AESDMA_SYNC_FIFO_REG.v
  LineNumber          : 111
  Statement           :     assign O_MVALID  =   ~((w_cnt == r_cnt) & (r_ex_cnt == w_ex_cnt)); 
  Signal              : I_MREADY
  Module              : AESDMA_SYNC_FIFO_REG
  DesignObjHierarchy  : u_AESDMA_TOP.u_aesdma_top.u_RDCMD_AR
  -----------------------------------------------------------------------------
  Tag                 : RegInputOutput-ML
  Description         : Port '[Signal]' is not registered [Hierarchy: '[DesignObjHierarchy]']
  Violation           : Lint:146
  Goal                : BOS_LINT_RULE
  FileName            : /storage/project/atlas/design/user/pnson/ATLAS_WORKING/IP/AESDMA/RTL/AESDMA_CORE/AESDMA_SYNC_FIFO_REG.v
  LineNumber          : 20
  Statement           :     output  [FIFO_WIDTH-1 : 0]  O_MDATA         , // DATA + VALID signals are same INPUT or OUTPUT 
  Signal              : O_MDATA
  Module              : AESDMA_SYNC_FIFO_REG
  DesignObjHierarchy  : u_AESDMA_TOP.u_aesdma_top.u_RDCMD_AR
  -----------------------------------------------------------------------------
  Tag                 : RegInputOutput-ML
  Description         : Port '[Signal]' is not registered [Hierarchy: '[DesignObjHierarchy]']
  Violation           : Lint:147
  Goal                : BOS_LINT_RULE
  FileName            : /storage/project/atlas/design/user/pnson/ATLAS_WORKING/IP/AESDMA/RTL/AESDMA_CORE/AESDMA_TOP.v
  LineNumber          : 1195
  Statement           : assign w_axidma_rd_start_level_ar_mux = (w_axidma_bd_en) ? (~w_bd_mode_aad_rd_ar_state & w_axidma_2d_rd_ar_fifo_mvalid) : w_axidma_rd_ar_start_level  ;
  Signal              : O_MVALID
  Module              : AESDMA_SYNC_FIFO_REG
  DesignObjHierarchy  : u_AESDMA_TOP.u_aesdma_top.u_RDCMD_AR
  -----------------------------------------------------------------------------
  Tag                 : RegInputOutput-ML
  Description         : Port '[Signal]' is not registered [Hierarchy: '[DesignObjHierarchy]']
  Violation           : Lint:148
  Goal                : BOS_LINT_RULE
  FileName            : /storage/project/atlas/design/user/pnson/ATLAS_WORKING/IP/CSSYS/RTL/logical/css600/logical/css600_apbasyncbridge/verilog/css600_apbasyncbridgemstr_core.v
  LineNumber          : 153
  Statement           :       state_en            = ~apb_async_req_i;
  Signal              : O_PREADY
  Module              : AESDMA_SFR
  DesignObjHierarchy  : u_AESDMA_TOP.u_aesdma_top.u_AESDMA_SFR
  -----------------------------------------------------------------------------
  Tag                 : RegInputOutput-ML
  Description         : Port '[Signal]' is not registered [Hierarchy: '[DesignObjHierarchy]']
  Violation           : Lint:149
  Goal                : BOS_LINT_RULE
  FileName            : /storage/project/atlas/design/user/pnson/ATLAS_WORKING/IP/AESDMA/RTL/AESDMA_CORE/AESDMA_SFR.v
  LineNumber          : 1670
  Statement           :             r_rdata <= {I_IP_VERSION_MAJOR_VERSION, I_IP_VERSION_MINOR_VERSION};
  Signal              : I_IP_VERSION_MAJOR_VERSION
  Module              : AESDMA_SFR
  DesignObjHierarchy  : u_AESDMA_TOP.u_aesdma_top.u_AESDMA_SFR
  -----------------------------------------------------------------------------
  Tag                 : RegInputOutput-ML
  Description         : Port '[Signal]' is not registered [Hierarchy: '[DesignObjHierarchy]']
  Violation           : Lint:150
  Goal                : BOS_LINT_RULE
  FileName            : /storage/project/atlas/design/user/pnson/ATLAS_WORKING/IP/AESDMA/RTL/AESDMA_CORE/AESDMA_SFR.v
  LineNumber          : 1670
  Statement           :             r_rdata <= {I_IP_VERSION_MAJOR_VERSION, I_IP_VERSION_MINOR_VERSION};
  Signal              : I_IP_VERSION_MINOR_VERSION
  Module              : AESDMA_SFR
  DesignObjHierarchy  : u_AESDMA_TOP.u_aesdma_top.u_AESDMA_SFR
  -----------------------------------------------------------------------------
  Tag                 : RegInputOutput-ML
  Description         : Port '[Signal]' is not registered [Hierarchy: '[DesignObjHierarchy]']
  Violation           : Lint:151
  Goal                : BOS_LINT_RULE
  FileName            : /storage/project/atlas/design/user/pnson/ATLAS_WORKING/IP/AESDMA/RTL/AESDMA_CORE/AESDMA_TOP.v
  LineNumber          : 788
  Statement           : assign w_axidma_enabled = (w_axidma_mode_sel != DMA_MODE_AESDMA);
  Signal              : O_DMA_CON2_DMA_MODE_SEL
  Module              : AESDMA_SFR
  DesignObjHierarchy  : u_AESDMA_TOP.u_aesdma_top.u_AESDMA_SFR
  -----------------------------------------------------------------------------
  Tag                 : RegInputOutput-ML
  Description         : Port '[Signal]' is not registered [Hierarchy: '[DesignObjHierarchy]']
  Violation           : Lint:152
  Goal                : BOS_LINT_RULE
  FileName            : /storage/project/atlas/design/user/pnson/ATLAS_WORKING/IP/AESDMA/RTL/AESDMA_CORE/AESDMA_TOP.v
  LineNumber          : 1215
  Statement           : assign w_axidma_2d_rd_x_stride_mux     = (w_axidma_bd_en) ? w_axidma_bd_src_x_stride : w_axidma_2d_rd_x_stride;
  Signal              : O_DMA_2D_SRC_X_STRIDE_STRIDE
  Module              : AESDMA_SFR
  DesignObjHierarchy  : u_AESDMA_TOP.u_aesdma_top.u_AESDMA_SFR
  -----------------------------------------------------------------------------
  Tag                 : RegInputOutput-ML
  Description         : Port '[Signal]' is not registered [Hierarchy: '[DesignObjHierarchy]']
  Violation           : Lint:153
  Goal                : BOS_LINT_RULE
  FileName            : /storage/project/atlas/design/user/pnson/ATLAS_WORKING/IP/AESDMA/RTL/AESDMA_CORE/AESDMA_TOP.v
  LineNumber          : 1216
  Statement           : assign w_axidma_2d_wr_x_stride_mux     = (w_axidma_bd_en) ? w_axidma_bd_dst_x_stride : w_axidma_2d_wr_x_stride;
  Signal              : O_DMA_2D_DEST_X_STRIDE_STRIDE
  Module              : AESDMA_SFR
  DesignObjHierarchy  : u_AESDMA_TOP.u_aesdma_top.u_AESDMA_SFR
  -----------------------------------------------------------------------------
  Tag                 : RegInputOutput-ML
  Description         : Port '[Signal]' is not registered [Hierarchy: '[DesignObjHierarchy]']
  Violation           : Lint:154
  Goal                : BOS_LINT_RULE
  FileName            : /storage/project/atlas/design/user/pnson/ATLAS_WORKING/IP/AESDMA/RTL/AESDMA_CORE/AESDMA_TOP.v
  LineNumber          : 1214
  Statement           : assign w_axidma_2d_ysize_mux           = (w_axidma_bd_en) ? w_axidma_bd_ysize      : w_axidma_2d_ysize;
  Signal              : O_DMA_2D_YSIZE_YSIZE
  Module              : AESDMA_SFR
  DesignObjHierarchy  : u_AESDMA_TOP.u_aesdma_top.u_AESDMA_SFR
  -----------------------------------------------------------------------------
  Tag                 : RegInputOutput-ML
  Description         : Port '[Signal]' is not registered [Hierarchy: '[DesignObjHierarchy]']
  Violation           : Lint:155
  Goal                : BOS_LINT_RULE
  FileName            : /storage/project/atlas/design/user/pnson/ATLAS_WORKING/IP/AESDMA/RTL/AESDMA_CORE/AESDMA_TOP.v
  LineNumber          : 1219
  Statement           : assign w_axidma_3d_rd_xy_stride_mux    = (w_axidma_bd_en) ? w_axidma_bd_src_xy_stride : w_axidma_3d_rd_xy_stride;
  Signal              : O_DMA_3D_SRC_XY_STRIDE_STRIDE
  Module              : AESDMA_SFR
  DesignObjHierarchy  : u_AESDMA_TOP.u_aesdma_top.u_AESDMA_SFR
  -----------------------------------------------------------------------------
  Tag                 : RegInputOutput-ML
  Description         : Port '[Signal]' is not registered [Hierarchy: '[DesignObjHierarchy]']
  Violation           : Lint:156
  Goal                : BOS_LINT_RULE
  FileName            : /storage/project/atlas/design/user/pnson/ATLAS_WORKING/IP/AESDMA/RTL/AESDMA_CORE/AESDMA_TOP.v
  LineNumber          : 1220
  Statement           : assign w_axidma_3d_wr_xy_stride_mux    = (w_axidma_bd_en) ? w_axidma_bd_dst_xy_stride : w_axidma_3d_wr_xy_stride;
  Signal              : O_DMA_3D_DEST_XY_STRIDE_STRIDE
  Module              : AESDMA_SFR
  DesignObjHierarchy  : u_AESDMA_TOP.u_aesdma_top.u_AESDMA_SFR
  -----------------------------------------------------------------------------
  Tag                 : RegInputOutput-ML
  Description         : Port '[Signal]' is not registered [Hierarchy: '[DesignObjHierarchy]']
  Violation           : Lint:157
  Goal                : BOS_LINT_RULE
  FileName            : /storage/project/atlas/design/user/pnson/ATLAS_WORKING/IP/AESDMA/RTL/AESDMA_CORE/AESDMA_TOP.v
  LineNumber          : 1218
  Statement           : assign w_axidma_3d_zsize_mux           = (w_axidma_bd_en) ? w_axidma_bd_zsize      : w_axidma_3d_zsize;
  Signal              : O_DMA_3D_ZSIZE_ZSIZE
  Module              : AESDMA_SFR
  DesignObjHierarchy  : u_AESDMA_TOP.u_aesdma_top.u_AESDMA_SFR
  -----------------------------------------------------------------------------
  Tag                 : RegInputOutput-ML
  Description         : Port '[Signal]' is not registered [Hierarchy: '[DesignObjHierarchy]']
  Violation           : Lint:158
  Goal                : BOS_LINT_RULE
  FileName            : /storage/project/atlas/design/user/pnson/ATLAS_WORKING/IP/AESDMA/RTL/AESDMA_CORE/AESDMA_SFR.v
  LineNumber          : 953
  Statement           :         r_intsr_bresp_err_info <= I_INTSR_BRESP_ERR_INFO;
  Signal              : I_INTSR_BRESP_ERR_INFO
  Module              : AESDMA_SFR
  DesignObjHierarchy  : u_AESDMA_TOP.u_aesdma_top.u_AESDMA_SFR
  -----------------------------------------------------------------------------
  Tag                 : RegInputOutput-ML
  Description         : Port '[Signal]' is not registered [Hierarchy: '[DesignObjHierarchy]']
  Violation           : Lint:159
  Goal                : BOS_LINT_RULE
  FileName            : /storage/project/atlas/design/user/pnson/ATLAS_WORKING/IP/AESDMA/RTL/AESDMA_CORE/AESDMA_SFR.v
  LineNumber          : 966
  Statement           :         r_intsr_rresp_err_info <= I_INTSR_RRESP_ERR_INFO;
  Signal              : I_INTSR_RRESP_ERR_INFO
  Module              : AESDMA_SFR
  DesignObjHierarchy  : u_AESDMA_TOP.u_aesdma_top.u_AESDMA_SFR
  -----------------------------------------------------------------------------
  Tag                 : RegInputOutput-ML
  Description         : Port '[Signal]' is not registered [Hierarchy: '[DesignObjHierarchy]']
  Violation           : Lint:160
  Goal                : BOS_LINT_RULE
  FileName            : /storage/project/atlas/design/user/pnson/ATLAS_WORKING/IP/AESDMA/RTL/AESDMA_CORE/AESDMA_SFR.v
  LineNumber          : 1713
  Statement           :             r_rdata <= {r_intsr_test_int, 7'H0, r_intsr_bresp_err_info, r_intsr_rresp_err_info,  2'd0, I_INTSR_AXI_WR_BUSY, I_INTSR_AXI_RD_BUSY,  8'd0, r_intsr_axi_unknown_rid_err, r_intsr_doorbell_do ...
  Signal              : I_INTSR_AXI_WR_BUSY
  Module              : AESDMA_SFR
  DesignObjHierarchy  : u_AESDMA_TOP.u_aesdma_top.u_AESDMA_SFR
  -----------------------------------------------------------------------------
  Tag                 : RegInputOutput-ML
  Description         : Port '[Signal]' is not registered [Hierarchy: '[DesignObjHierarchy]']
  Violation           : Lint:161
  Goal                : BOS_LINT_RULE
  FileName            : /storage/project/atlas/design/user/pnson/ATLAS_WORKING/IP/AESDMA/RTL/AESDMA_CORE/AESDMA_SFR.v
  LineNumber          : 1713
  Statement           :             r_rdata <= {r_intsr_test_int, 7'H0, r_intsr_bresp_err_info, r_intsr_rresp_err_info,  2'd0, I_INTSR_AXI_WR_BUSY, I_INTSR_AXI_RD_BUSY,  8'd0, r_intsr_axi_unknown_rid_err, r_intsr_doorbell_do ...
  Signal              : I_INTSR_AXI_RD_BUSY
  Module              : AESDMA_SFR
  DesignObjHierarchy  : u_AESDMA_TOP.u_aesdma_top.u_AESDMA_SFR
  -----------------------------------------------------------------------------
  Tag                 : RegInputOutput-ML
  Description         : Port '[Signal]' is not registered [Hierarchy: '[DesignObjHierarchy]']
  Violation           : Lint:162
  Goal                : BOS_LINT_RULE
  FileName            : /storage/project/atlas/design/user/pnson/ATLAS_WORKING/IP/AESDMA/RTL/AESDMA_CORE/AESDMA_SFR.v
  LineNumber          : 488
  Statement           :     end else if (I_INTSR_DOORBELL_DONE_SET & r_dma_con0_dma_start &  O_DMA_CON2_BD_EN & O_DMA_CON2_DOORBELL_EN) begin
  Signal              : I_INTSR_DOORBELL_DONE_SET
  Module              : AESDMA_SFR
  DesignObjHierarchy  : u_AESDMA_TOP.u_aesdma_top.u_AESDMA_SFR
  -----------------------------------------------------------------------------
  Tag                 : RegInputOutput-ML
  Description         : Port '[Signal]' is not registered [Hierarchy: '[DesignObjHierarchy]']
  Violation           : Lint:163
  Goal                : BOS_LINT_RULE
  FileName            : /storage/project/atlas/design/user/pnson/ATLAS_WORKING/IP/AESDMA/RTL/AESDMA_CORE/AESDMA_SFR.v
  LineNumber          : 492
  Statement           :     end else if ((~|r_dma_dma_length_length & ~w_aes_bd_en) & (I_INTSR_DMA_DONE_SET | I_INTSR_DMA_2D_DONE_SET | I_INTSR_DMA_3D_DONE_SET) & r_dma_con0_dma_start & ~O_DMA_CON2_BD_EN) begin
  Signal              : I_INTSR_DMA_3D_DONE_SET
  Module              : AESDMA_SFR
  DesignObjHierarchy  : u_AESDMA_TOP.u_aesdma_top.u_AESDMA_SFR
  -----------------------------------------------------------------------------
  Tag                 : RegInputOutput-ML
  Description         : Port '[Signal]' is not registered [Hierarchy: '[DesignObjHierarchy]']
  Violation           : Lint:164
  Goal                : BOS_LINT_RULE
  FileName            : /storage/project/atlas/design/user/pnson/ATLAS_WORKING/IP/AESDMA/RTL/AESDMA_CORE/AESDMA_SFR.v
  LineNumber          : 492
  Statement           :     end else if ((~|r_dma_dma_length_length & ~w_aes_bd_en) & (I_INTSR_DMA_DONE_SET | I_INTSR_DMA_2D_DONE_SET | I_INTSR_DMA_3D_DONE_SET) & r_dma_con0_dma_start & ~O_DMA_CON2_BD_EN) begin
  Signal              : I_INTSR_DMA_2D_DONE_SET
  Module              : AESDMA_SFR
  DesignObjHierarchy  : u_AESDMA_TOP.u_aesdma_top.u_AESDMA_SFR
  -----------------------------------------------------------------------------
  Tag                 : RegInputOutput-ML
  Description         : Port '[Signal]' is not registered [Hierarchy: '[DesignObjHierarchy]']
  Violation           : Lint:165
  Goal                : BOS_LINT_RULE
  FileName            : /storage/project/atlas/design/user/pnson/ATLAS_WORKING/IP/AESDMA/RTL/AESDMA_CORE/AESDMA_SFR.v
  LineNumber          : 490
  Statement           :     end else if (I_INTSR_BUF_DESC_DONE_SET & r_dma_con0_dma_start &  O_DMA_CON2_BD_EN & ~O_DMA_CON2_DOORBELL_EN) begin
  Signal              : I_INTSR_BUF_DESC_DONE_SET
  Module              : AESDMA_SFR
  DesignObjHierarchy  : u_AESDMA_TOP.u_aesdma_top.u_AESDMA_SFR
  -----------------------------------------------------------------------------
  Tag                 : RegInputOutput-ML
  Description         : Port '[Signal]' is not registered [Hierarchy: '[DesignObjHierarchy]']
  Violation           : Lint:166
  Goal                : BOS_LINT_RULE
  FileName            : /storage/project/atlas/design/user/pnson/ATLAS_WORKING/IP/AESDMA/RTL/AESDMA_CORE/AESDMA_SFR.v
  LineNumber          : 951
  Statement           :     end else if (I_INTSR_AXI_WR_ERR_SET & ~r_intsr_axi_wr_err) begin
  Signal              : I_INTSR_AXI_WR_ERR_SET
  Module              : AESDMA_SFR
  DesignObjHierarchy  : u_AESDMA_TOP.u_aesdma_top.u_AESDMA_SFR
  -----------------------------------------------------------------------------
  Tag                 : RegInputOutput-ML
  Description         : Port '[Signal]' is not registered [Hierarchy: '[DesignObjHierarchy]']
  Violation           : Lint:167
  Goal                : BOS_LINT_RULE
  FileName            : /storage/project/atlas/design/user/pnson/ATLAS_WORKING/IP/AESDMA/RTL/AESDMA_CORE/AESDMA_SFR.v
  LineNumber          : 964
  Statement           :     end else if (I_INTSR_AXI_RD_ERR_SET & ~r_intsr_axi_rd_err) begin
  Signal              : I_INTSR_AXI_RD_ERR_SET
  Module              : AESDMA_SFR
  DesignObjHierarchy  : u_AESDMA_TOP.u_aesdma_top.u_AESDMA_SFR
  -----------------------------------------------------------------------------
  Tag                 : RegInputOutput-ML
  Description         : Port '[Signal]' is not registered [Hierarchy: '[DesignObjHierarchy]']
  Violation           : Lint:168
  Goal                : BOS_LINT_RULE
  FileName            : /storage/project/atlas/design/user/pnson/ATLAS_WORKING/IP/AESDMA/RTL/AESDMA_CORE/AESDMA_SFR.v
  LineNumber          : 492
  Statement           :     end else if ((~|r_dma_dma_length_length & ~w_aes_bd_en) & (I_INTSR_DMA_DONE_SET | I_INTSR_DMA_2D_DONE_SET | I_INTSR_DMA_3D_DONE_SET) & r_dma_con0_dma_start & ~O_DMA_CON2_BD_EN) begin
  Signal              : I_INTSR_DMA_DONE_SET
  Module              : AESDMA_SFR
  DesignObjHierarchy  : u_AESDMA_TOP.u_aesdma_top.u_AESDMA_SFR
  -----------------------------------------------------------------------------
  Tag                 : RegInputOutput-ML
  Description         : Port '[Signal]' is not registered [Hierarchy: '[DesignObjHierarchy]']
  Violation           : Lint:169
  Goal                : BOS_LINT_RULE
  FileName            : /storage/project/atlas/design/user/pnson/ATLAS_WORKING/IP/AESDMA/RTL/AESDMA_CORE/AESDMA_SFR.v
  LineNumber          : 1717
  Statement           :             r_rdata <= { 31'd0, I_DEBUG_INFO0_AXI_BCNT_ZERO};
  Signal              : I_DEBUG_INFO0_AXI_BCNT_ZERO
  Module              : AESDMA_SFR
  DesignObjHierarchy  : u_AESDMA_TOP.u_aesdma_top.u_AESDMA_SFR
  -----------------------------------------------------------------------------
  Tag                 : RegInputOutput-ML
  Description         : Port '[Signal]' is not registered [Hierarchy: '[DesignObjHierarchy]']
  Violation           : Lint:170
  Goal                : BOS_LINT_RULE
  FileName            : /storage/project/atlas/design/user/pnson/ATLAS_WORKING/IP/AESDMA/RTL/AESDMA_CORE/AESDMA_SFR.v
  LineNumber          : 1719
  Statement           :             r_rdata <= { 31'd0, I_DEBUG_INFO1_AXI_RCNT_ZERO};
  Signal              : I_DEBUG_INFO1_AXI_RCNT_ZERO
  Module              : AESDMA_SFR
  DesignObjHierarchy  : u_AESDMA_TOP.u_aesdma_top.u_AESDMA_SFR
  -----------------------------------------------------------------------------
  Tag                 : RegInputOutput-ML
  Description         : Port '[Signal]' is not registered [Hierarchy: '[DesignObjHierarchy]']
  Violation           : Lint:171
  Goal                : BOS_LINT_RULE
  FileName            : /storage/project/atlas/design/user/pnson/ATLAS_WORKING/IP/AESDMA/RTL/AESDMA_CORE/AESDMA_DOORBELL.v
  LineNumber          : 261
  Statement           :             end else if ( |I_Doorbell_RequestSet ) begin
  Signal              : O_DMA_DOORBELL_REQ_DOORBELL_REQ
  Module              : AESDMA_SFR
  DesignObjHierarchy  : u_AESDMA_TOP.u_aesdma_top.u_AESDMA_SFR
  -----------------------------------------------------------------------------
  Tag                 : RegInputOutput-ML
  Description         : Port '[Signal]' is not registered [Hierarchy: '[DesignObjHierarchy]']
  Violation           : Lint:172
  Goal                : BOS_LINT_RULE
  FileName            : /storage/project/atlas/design/user/pnson/ATLAS_WORKING/IP/AESDMA/RTL/AESDMA_CORE/AESDMA_SFR.v
  LineNumber          : 1102
  Statement           :         r_intsr_doorbell_req_completion[0] <= 1'b1;
  Signal              : I_INTSR_DOORBELL_REQ_COMPLETION_SET
  Module              : AESDMA_SFR
  DesignObjHierarchy  : u_AESDMA_TOP.u_aesdma_top.u_AESDMA_SFR
  -----------------------------------------------------------------------------
  Tag                 : RegInputOutput-ML
  Description         : Port '[Signal]' is not registered [Hierarchy: '[DesignObjHierarchy]']
  Violation           : Lint:173
  Goal                : BOS_LINT_RULE
  FileName            : /storage/project/atlas/design/user/pnson/ATLAS_WORKING/IP/AESDMA/RTL/AESDMA_CORE/AESDMA_TOP.v
  LineNumber          : 781
  Statement           : assign O_DATAGEN_ACLK_ENABLE    = (w_dma_start & ~w_aes_bd_en & w_axidma_enabled) | w_sw_reset;
  Signal              : O_AES_BD_EN
  Module              : AESDMA_SFR
  DesignObjHierarchy  : u_AESDMA_TOP.u_aesdma_top.u_AESDMA_SFR
  -----------------------------------------------------------------------------
  Tag                 : RegInputOutput-ML
  Description         : Port '[Signal]' is not registered [Hierarchy: '[DesignObjHierarchy]']
  Violation           : Lint:174
  Goal                : BOS_LINT_RULE
  FileName            : /storage/project/atlas/design/user/pnson/ATLAS_WORKING/IP/AESDMA/RTL/AESDMA_CORE/AESDMA_SYNC_FIFO_ID_POOL.v
  LineNumber          : 75
  Statement           :                 r_ex_cnt <= 1'b0; 
  Signal              : O_TR_DONE_PULSE
  Module              : AESDMA_SFR
  DesignObjHierarchy  : u_AESDMA_TOP.u_aesdma_top.u_AESDMA_SFR
  -----------------------------------------------------------------------------
  Tag                 : RegInputOutput-ML
  Description         : Port '[Signal]' is not registered [Hierarchy: '[DesignObjHierarchy]']
  Violation           : Lint:175
  Goal                : BOS_LINT_RULE
  FileName            : /storage/project/atlas/design/user/pnson/ATLAS_WORKING/IP/AESDMA/RTL/AESDMA_CORE/AESDMA_DOORBELL.v
  LineNumber          : 116
  Statement           : assign O_Doorbell_Done      = (I_DOORBELL_EN)? w_BD_doorbell_Done   : I_BdDone;
  Signal              : I_DOORBELL_EN
  Module              : AESDMA_DOORBELL
  DesignObjHierarchy  : u_AESDMA_TOP.u_aesdma_top.u_AESDMA_DOORBELL
  -----------------------------------------------------------------------------
  Tag                 : RegInputOutput-ML
  Description         : Port '[Signal]' is not registered [Hierarchy: '[DesignObjHierarchy]']
  Violation           : Lint:176
  Goal                : BOS_LINT_RULE
  FileName            : /storage/project/atlas/design/user/pnson/ATLAS_WORKING/IP/AESDMA/RTL/AESDMA_CORE/AESDMA_DOORBELL.v
  LineNumber          : 114
  Statement           : assign O_BdStartPulse       = (I_DOORBELL_EN)? w_BD_start_pulse     : I_Doorbell_StartPulse;
  Signal              : I_Doorbell_StartPulse
  Module              : AESDMA_DOORBELL
  DesignObjHierarchy  : u_AESDMA_TOP.u_aesdma_top.u_AESDMA_DOORBELL
  -----------------------------------------------------------------------------
  Tag                 : RegInputOutput-ML
  Description         : Port '[Signal]' is not registered [Hierarchy: '[DesignObjHierarchy]']
  Violation           : Lint:177
  Goal                : BOS_LINT_RULE
  FileName            : /storage/project/atlas/design/user/pnson/ATLAS_WORKING/IP/AESDMA/RTL/AESDMA_CORE/AESDMA_DOORBELL.v
  LineNumber          : 261
  Statement           :             end else if ( |I_Doorbell_RequestSet ) begin
  Signal              : I_Doorbell_RequestSet
  Module              : AESDMA_DOORBELL
  DesignObjHierarchy  : u_AESDMA_TOP.u_aesdma_top.u_AESDMA_DOORBELL
  -----------------------------------------------------------------------------
  Tag                 : RegInputOutput-ML
  Description         : Port '[Signal]' is not registered [Hierarchy: '[DesignObjHierarchy]']
  Violation           : Lint:178
  Goal                : BOS_LINT_RULE
  FileName            : /storage/project/atlas/design/user/pnson/ATLAS_WORKING/IP/AESDMA/RTL/AESDMA_CORE/AESDMA_TOP.v
  LineNumber          : 1806
  Statement           :         end else if (w_axidma_doorbell_done) begin
  Signal              : O_Doorbell_Done
  Module              : AESDMA_DOORBELL
  DesignObjHierarchy  : u_AESDMA_TOP.u_aesdma_top.u_AESDMA_DOORBELL
  -----------------------------------------------------------------------------
  Tag                 : RegInputOutput-ML
  Description         : Port '[Signal]' is not registered [Hierarchy: '[DesignObjHierarchy]']
  Violation           : Lint:179
  Goal                : BOS_LINT_RULE
  FileName            : /storage/project/atlas/design/user/pnson/ATLAS_WORKING/IP/AESDMA/RTL/AESDMA_CORE/AESDMA_DOORBELL.v
  LineNumber          : 35
  Statement           :     output      [3:0]                   O_Doorbell_ReqCompleteSet,
  Signal              : O_Doorbell_ReqCompleteSet
  Module              : AESDMA_DOORBELL
  DesignObjHierarchy  : u_AESDMA_TOP.u_aesdma_top.u_AESDMA_DOORBELL
  -----------------------------------------------------------------------------
  Tag                 : RegInputOutput-ML
  Description         : Port '[Signal]' is not registered [Hierarchy: '[DesignObjHierarchy]']
  Violation           : Lint:180
  Goal                : BOS_LINT_RULE
  FileName            : /storage/project/atlas/design/user/pnson/ATLAS_WORKING/IP/AESDMA/RTL/AESDMA_CORE/AESDMA_TOP.v
  LineNumber          : 1598
  Statement           :         end else if (w_axidma_bd_start_pulse) begin
  Signal              : O_BdStartPulse
  Module              : AESDMA_DOORBELL
  DesignObjHierarchy  : u_AESDMA_TOP.u_aesdma_top.u_AESDMA_DOORBELL
  -----------------------------------------------------------------------------
  Tag                 : RegInputOutput-ML
  Description         : Port '[Signal]' is not registered [Hierarchy: '[DesignObjHierarchy]']
  Violation           : Lint:181
  Goal                : BOS_LINT_RULE
  FileName            : /storage/project/atlas/design/user/pnson/ATLAS_WORKING/IP/AESDMA/RTL/AESDMA_CORE/AESDMA_BD.v
  LineNumber          : 284
  Statement           :                 r_bd_addr <= I_BdbaseAddr;
  Signal              : O_BdbaseAddr
  Module              : AESDMA_DOORBELL
  DesignObjHierarchy  : u_AESDMA_TOP.u_aesdma_top.u_AESDMA_DOORBELL
  -----------------------------------------------------------------------------
  Tag                 : RegInputOutput-ML
  Description         : Port '[Signal]' is not registered [Hierarchy: '[DesignObjHierarchy]']
  Violation           : Lint:182
  Goal                : BOS_LINT_RULE
  FileName            : /storage/project/atlas/design/user/pnson/ATLAS_WORKING/IP/AESDMA/RTL/AESDMA_CORE/AESDMA_DOORBELL.v
  LineNumber          : 216
  Statement           :         end else if ((r_doorbell_cur_st == ST_WAIT_CLEAR_INT) & I_BdDone) begin
  Signal              : I_BdDone
  Module              : AESDMA_DOORBELL
  DesignObjHierarchy  : u_AESDMA_TOP.u_aesdma_top.u_AESDMA_DOORBELL
  -----------------------------------------------------------------------------
  Tag                 : RegInputOutput-ML
  Description         : Port '[Signal]' is not registered [Hierarchy: '[DesignObjHierarchy]']
  Violation           : Lint:183
  Goal                : BOS_LINT_RULE
  FileName            : /storage/project/atlas/design/user/pnson/ATLAS_WORKING/IP/AESDMA/RTL/AESDMA_CORE/AESDMA_TOP.v
  LineNumber          : 1824
  Statement           : assign w_doorbell_fetch_valid   =  w_doorbell_fetch_req & w_axidma_datagen_svalid_bd;
  Signal              : O_Doorbell_Fetch_Req
  Module              : AESDMA_DOORBELL
  DesignObjHierarchy  : u_AESDMA_TOP.u_aesdma_top.u_AESDMA_DOORBELL
  -----------------------------------------------------------------------------
  Tag                 : RegInputOutput-ML
  Description         : Port '[Signal]' is not registered [Hierarchy: '[DesignObjHierarchy]']
  Violation           : Lint:184
  Goal                : BOS_LINT_RULE
  FileName            : /storage/project/atlas/design/user/pnson/ATLAS_WORKING/IP/AESDMA/RTL/AESDMA_CORE/AESDMA_TOP.v
  LineNumber          : 1818
  Statement           : assign w_rd_desc_startpulse     = (w_doorbell_fetch_req)? w_doorbell_fetch_startpulse : w_bd_rdstartpulse ;
  Signal              : O_RdDesc_StartPulse
  Module              : AESDMA_DOORBELL
  DesignObjHierarchy  : u_AESDMA_TOP.u_aesdma_top.u_AESDMA_DOORBELL
  -----------------------------------------------------------------------------
  Tag                 : RegInputOutput-ML
  Description         : Port '[Signal]' is not registered [Hierarchy: '[DesignObjHierarchy]']
  Violation           : Lint:185
  Goal                : BOS_LINT_RULE
  FileName            : /storage/project/atlas/design/user/pnson/ATLAS_WORKING/IP/AESDMA/RTL/AESDMA_CORE/AESDMA_TOP.v
  LineNumber          : 1819
  Statement           : assign w_rd_desc_startaddr      = (w_doorbell_fetch_req)? w_doorbell_fetch_startaddr  : w_bd_rdstartaddr;
  Signal              : O_RdDesc_StartAddr
  Module              : AESDMA_DOORBELL
  DesignObjHierarchy  : u_AESDMA_TOP.u_aesdma_top.u_AESDMA_DOORBELL
  -----------------------------------------------------------------------------
  Tag                 : RegInputOutput-ML
  Description         : Port '[Signal]' is not registered [Hierarchy: '[DesignObjHierarchy]']
  Violation           : Lint:186
  Goal                : BOS_LINT_RULE
  FileName            : /storage/project/atlas/design/user/pnson/ATLAS_WORKING/IP/AESDMA/RTL/AESDMA_CORE/AESDMA_TOP.v
  LineNumber          : 1820
  Statement           : assign w_rd_desc_rdlen          = (w_doorbell_fetch_req)? w_doorbell_fetch_len        : w_bd_rdlen;
  Signal              : O_RdDesc_Len
  Module              : AESDMA_DOORBELL
  DesignObjHierarchy  : u_AESDMA_TOP.u_aesdma_top.u_AESDMA_DOORBELL
  -----------------------------------------------------------------------------
  Tag                 : RegInputOutput-ML
  Description         : Port '[Signal]' is not registered [Hierarchy: '[DesignObjHierarchy]']
  Violation           : Lint:187
  Goal                : BOS_LINT_RULE
  FileName            : /storage/project/atlas/design/user/pnson/ATLAS_WORKING/IP/AESDMA/RTL/AESDMA_CORE/AESDMA_DOORBELL.v
  LineNumber          : 288
  Statement           :                 r_doorbell_nxt_st <= ST_DONE_FETCH;           
  Signal              : I_RdDesc_Done
  Module              : AESDMA_DOORBELL
  DesignObjHierarchy  : u_AESDMA_TOP.u_aesdma_top.u_AESDMA_DOORBELL
  -----------------------------------------------------------------------------
  Tag                 : RegInputOutput-ML
  Description         : Port '[Signal]' is not registered [Hierarchy: '[DesignObjHierarchy]']
  Violation           : Lint:188
  Goal                : BOS_LINT_RULE
  FileName            : /storage/project/atlas/design/user/pnson/ATLAS_WORKING/IP/AESDMA/RTL/AESDMA_CORE/AESDMA_DOORBELL.v
  LineNumber          : 49
  Statement           :     input                               I_RdDesc_Busy, 
  Signal              : I_RdDesc_Busy
  Module              : AESDMA_DOORBELL
  DesignObjHierarchy  : u_AESDMA_TOP.u_aesdma_top.u_AESDMA_DOORBELL
  -----------------------------------------------------------------------------
  Tag                 : RegInputOutput-ML
  Description         : Port '[Signal]' is not registered [Hierarchy: '[DesignObjHierarchy]']
  Violation           : Lint:189
  Goal                : BOS_LINT_RULE
  FileName            : /storage/project/atlas/design/user/pnson/ATLAS_WORKING/IP/AESDMA/RTL/AESDMA_CORE/AESDMA_DOORBELL.v
  LineNumber          : 180
  Statement           :                 r_BD_base_addr <= I_RdDesc_data[0 +: BD_SIZE_IN_BIT];
  Signal              : I_RdDesc_data
  Module              : AESDMA_DOORBELL
  DesignObjHierarchy  : u_AESDMA_TOP.u_aesdma_top.u_AESDMA_DOORBELL
  -----------------------------------------------------------------------------
  Tag                 : RegInputOutput-ML
  Description         : Port '[Signal]' is not registered [Hierarchy: '[DesignObjHierarchy]']
  Violation           : Lint:190
  Goal                : BOS_LINT_RULE
  FileName            : /storage/project/atlas/design/user/pnson/ATLAS_WORKING/IP/AESDMA/RTL/AESDMA_CORE/AESDMA_DOORBELL.v
  LineNumber          : 179
  Statement           :             if (I_RdDesc_valid) begin
  Signal              : I_RdDesc_valid
  Module              : AESDMA_DOORBELL
  DesignObjHierarchy  : u_AESDMA_TOP.u_aesdma_top.u_AESDMA_DOORBELL
  -----------------------------------------------------------------------------
  Tag                 : RegInputOutput-ML
  Description         : Port '[Signal]' is not registered [Hierarchy: '[DesignObjHierarchy]']
  Violation           : Lint:191
  Goal                : BOS_LINT_RULE
  FileName            : /storage/project/atlas/design/user/pnson/ATLAS_WORKING/IP/AESDMA/RTL/AESDMA_CORE/AESDMA_TOP.v
  LineNumber          : 1821
  Statement           : assign w_rd_desc_sready         = (w_doorbell_fetch_req)? w_doorbell_fetch_ready: w_axidma_rd_fifo_sready_bd;
  Signal              : O_RdDesc_ready
  Module              : AESDMA_DOORBELL
  DesignObjHierarchy  : u_AESDMA_TOP.u_aesdma_top.u_AESDMA_DOORBELL
  -----------------------------------------------------------------------------
  Tag                 : RegInputOutput-ML
  Description         : Port '[Signal]' is not registered [Hierarchy: '[DesignObjHierarchy]']
  Violation           : Lint:192
  Goal                : BOS_LINT_RULE
  FileName            : /storage/project/atlas/design/user/pnson/ATLAS_WORKING/IP/AESDMA/RTL/AESDMA_CORE/AESDMA_BD.v
  LineNumber          : 308
  Statement           :             if ( I_RdDesc_Done_d1 & ~I_PREFETCH_EN ) begin
  Signal              : I_PREFETCH_EN
  Module              : AESDMA_BD
  DesignObjHierarchy  : u_AESDMA_TOP.u_aesdma_top.u_AESDMA_BD
  -----------------------------------------------------------------------------
  Tag                 : RegInputOutput-ML
  Description         : Port '[Signal]' is not registered [Hierarchy: '[DesignObjHierarchy]']
  Violation           : Lint:193
  Goal                : BOS_LINT_RULE
  FileName            : /storage/project/atlas/design/user/pnson/ATLAS_WORKING/IP/AESDMA/RTL/AESDMA_CORE/AESDMA_BD.v
  LineNumber          : 298
  Statement           :                 r_bd_nxt_st <= ST_BD_START_FETCH;
  Signal              : I_BdStartPulse
  Module              : AESDMA_BD
  DesignObjHierarchy  : u_AESDMA_TOP.u_aesdma_top.u_AESDMA_BD
  -----------------------------------------------------------------------------
  Tag                 : RegInputOutput-ML
  Description         : Port '[Signal]' is not registered [Hierarchy: '[DesignObjHierarchy]']
  Violation           : Lint:194
  Goal                : BOS_LINT_RULE
  FileName            : /storage/project/atlas/design/user/pnson/ATLAS_WORKING/IP/AESDMA/RTL/AESDMA_CORE/AESDMA_BD.v
  LineNumber          : 284
  Statement           :                 r_bd_addr <= I_BdbaseAddr;
  Signal              : I_BdbaseAddr
  Module              : AESDMA_BD
  DesignObjHierarchy  : u_AESDMA_TOP.u_aesdma_top.u_AESDMA_BD
  -----------------------------------------------------------------------------
  Tag                 : RegInputOutput-ML
  Description         : Port '[Signal]' is not registered [Hierarchy: '[DesignObjHierarchy]']
  Violation           : Lint:195
  Goal                : BOS_LINT_RULE
  FileName            : /storage/project/atlas/design/user/pnson/ATLAS_WORKING/IP/AESDMA/RTL/AESDMA_CORE/AESDMA_TOP.v
  LineNumber          : 1818
  Statement           : assign w_rd_desc_startpulse     = (w_doorbell_fetch_req)? w_doorbell_fetch_startpulse : w_bd_rdstartpulse ;
  Signal              : O_RdDesc_StartPulse
  Module              : AESDMA_BD
  DesignObjHierarchy  : u_AESDMA_TOP.u_aesdma_top.u_AESDMA_BD
  -----------------------------------------------------------------------------
  Tag                 : RegInputOutput-ML
  Description         : Port '[Signal]' is not registered [Hierarchy: '[DesignObjHierarchy]']
  Violation           : Lint:196
  Goal                : BOS_LINT_RULE
  FileName            : /storage/project/atlas/design/user/pnson/ATLAS_WORKING/IP/AESDMA/RTL/AESDMA_CORE/AESDMA_TOP.v
  LineNumber          : 1820
  Statement           : assign w_rd_desc_rdlen          = (w_doorbell_fetch_req)? w_doorbell_fetch_len        : w_bd_rdlen;
  Signal              : O_RdDesc_Len
  Module              : AESDMA_BD
  DesignObjHierarchy  : u_AESDMA_TOP.u_aesdma_top.u_AESDMA_BD
  -----------------------------------------------------------------------------
  Tag                 : RegInputOutput-ML
  Description         : Port '[Signal]' is not registered [Hierarchy: '[DesignObjHierarchy]']
  Violation           : Lint:197
  Goal                : BOS_LINT_RULE
  FileName            : /storage/project/atlas/design/user/pnson/ATLAS_WORKING/IP/AESDMA/RTL/AESDMA_CORE/AESDMA_BD.v
  LineNumber          : 246
  Statement           :             r_buf_desc_cnt <= 32'b0;
  Signal              : I_RdDesc_Done
  Module              : AESDMA_BD
  DesignObjHierarchy  : u_AESDMA_TOP.u_aesdma_top.u_AESDMA_BD
  -----------------------------------------------------------------------------
  Tag                 : RegInputOutput-ML
  Description         : Port '[Signal]' is not registered [Hierarchy: '[DesignObjHierarchy]']
  Violation           : Lint:198
  Goal                : BOS_LINT_RULE
  FileName            : /storage/project/atlas/design/user/pnson/ATLAS_WORKING/IP/AESDMA/RTL/AESDMA_CORE/AESDMA_BD.v
  LineNumber          : 359
  Statement           :             if ( bd_fifo_sready & (bd_fifo_empty_cnt > 1) & (~I_RdDesc_Busy |I_RdDesc_Done_d1) & (nxt_bd_valid == 1'b1) )   begin 
  Signal              : I_RdDesc_Busy
  Module              : AESDMA_BD
  DesignObjHierarchy  : u_AESDMA_TOP.u_aesdma_top.u_AESDMA_BD
  -----------------------------------------------------------------------------
  Tag                 : RegInputOutput-ML
  Description         : Port '[Signal]' is not registered [Hierarchy: '[DesignObjHierarchy]']
  Violation           : Lint:199
  Goal                : BOS_LINT_RULE
  FileName            : /storage/project/atlas/design/user/pnson/ATLAS_WORKING/IP/AESDMA/RTL/AESDMA_CORE/AESDMA_BD.v
  LineNumber          : 310
  Statement           :             end else if (((r_bd_beat_pos + 1)== BD_BEAT_LEN) & I_RdDesc_valid & I_PREFETCH_EN)
  Signal              : I_RdDesc_valid
  Module              : AESDMA_BD
  DesignObjHierarchy  : u_AESDMA_TOP.u_aesdma_top.u_AESDMA_BD
  -----------------------------------------------------------------------------
  Tag                 : RegInputOutput-ML
  Description         : Port '[Signal]' is not registered [Hierarchy: '[DesignObjHierarchy]']
  Violation           : Lint:200
  Goal                : BOS_LINT_RULE
  FileName            : /storage/project/atlas/design/user/pnson/ATLAS_WORKING/IP/AESDMA/RTL/AESDMA_CORE/AESDMA_TOP.v
  LineNumber          : 1821
  Statement           : assign w_rd_desc_sready         = (w_doorbell_fetch_req)? w_doorbell_fetch_ready: w_axidma_rd_fifo_sready_bd;
  Signal              : O_RdDesc_ready
  Module              : AESDMA_BD
  DesignObjHierarchy  : u_AESDMA_TOP.u_aesdma_top.u_AESDMA_BD
  -----------------------------------------------------------------------------
  Tag                 : RegInputOutput-ML
  Description         : Port '[Signal]' is not registered [Hierarchy: '[DesignObjHierarchy]']
  Violation           : Lint:201
  Goal                : BOS_LINT_RULE
  FileName            : /storage/project/atlas/design/user/pnson/ATLAS_WORKING/IP/AESDMA/RTL/AESDMA_CORE/AESDMA_BD.v
  LineNumber          : 50
  Statement           :     input                                 I_RDCMD_ready,
  Signal              : I_RDCMD_ready
  Module              : AESDMA_BD
  DesignObjHierarchy  : u_AESDMA_TOP.u_aesdma_top.u_AESDMA_BD
  -----------------------------------------------------------------------------
  Tag                 : RegInputOutput-ML
  Description         : Port '[Signal]' is not registered [Hierarchy: '[DesignObjHierarchy]']
  Violation           : Lint:202
  Goal                : BOS_LINT_RULE
  FileName            : /storage/project/atlas/design/user/pnson/ATLAS_WORKING/IP/AESDMA/RTL/AESDMA_CORE/AESDMA_BD.v
  LineNumber          : 390
  Statement           : assign  bd_fifo_mready = (I_PREFETCH_EN)? ~I_RDCMD_busy & ~I_WRCMD_busy : (r_bd_cur_st  == ST_BD_START_DMA_TR) ;
  Signal              : I_RDCMD_busy
  Module              : AESDMA_BD
  DesignObjHierarchy  : u_AESDMA_TOP.u_aesdma_top.u_AESDMA_BD
  -----------------------------------------------------------------------------
  Tag                 : RegInputOutput-ML
  Description         : Port '[Signal]' is not registered [Hierarchy: '[DesignObjHierarchy]']
  Violation           : Lint:203
  Goal                : BOS_LINT_RULE
  FileName            : /storage/project/atlas/design/user/pnson/ATLAS_WORKING/IP/AESDMA/RTL/AESDMA_CORE/AESDMA_BD.v
  LineNumber          : 53
  Statement           :     input                                 I_WRCMD_ready,
  Signal              : I_WRCMD_ready
  Module              : AESDMA_BD
  DesignObjHierarchy  : u_AESDMA_TOP.u_aesdma_top.u_AESDMA_BD
  -----------------------------------------------------------------------------
  Tag                 : RegInputOutput-ML
  Description         : Port '[Signal]' is not registered [Hierarchy: '[DesignObjHierarchy]']
  Violation           : Lint:204
  Goal                : BOS_LINT_RULE
  FileName            : /storage/project/atlas/design/user/pnson/ATLAS_WORKING/IP/AESDMA/RTL/AESDMA_CORE/AESDMA_BD.v
  LineNumber          : 390
  Statement           : assign  bd_fifo_mready = (I_PREFETCH_EN)? ~I_RDCMD_busy & ~I_WRCMD_busy : (r_bd_cur_st  == ST_BD_START_DMA_TR) ;
  Signal              : I_WRCMD_busy
  Module              : AESDMA_BD
  DesignObjHierarchy  : u_AESDMA_TOP.u_aesdma_top.u_AESDMA_BD
  -----------------------------------------------------------------------------
  Tag                 : RegInputOutput-ML
  Description         : Port '[Signal]' is not registered [Hierarchy: '[DesignObjHierarchy]']
  Violation           : Lint:205
  Goal                : BOS_LINT_RULE
  FileName            : /storage/project/atlas/design/user/pnson/ATLAS_WORKING/IP/AESDMA/RTL/AESDMA_CORE/AESDMA_TOP.v
  LineNumber          : 1212
  Statement           : assign w_axidma_length_mux             = (w_axidma_bd_en) ? w_axidma_bd_len      : w_axidma_length   ;
  Signal              : O_DMA_Len
  Module              : AESDMA_BD
  DesignObjHierarchy  : u_AESDMA_TOP.u_aesdma_top.u_AESDMA_BD
  -----------------------------------------------------------------------------
  Tag                 : RegInputOutput-ML
  Description         : Port '[Signal]' is not registered [Hierarchy: '[DesignObjHierarchy]']
  Violation           : Lint:206
  Goal                : BOS_LINT_RULE
  FileName            : /storage/project/atlas/design/user/pnson/ATLAS_WORKING/IP/AESDMA/RTL/AESDMA_CORE/AESDMA_TOP.v
  LineNumber          : 1214
  Statement           : assign w_axidma_2d_ysize_mux           = (w_axidma_bd_en) ? w_axidma_bd_ysize      : w_axidma_2d_ysize;
  Signal              : O_DMA_YSize
  Module              : AESDMA_BD
  DesignObjHierarchy  : u_AESDMA_TOP.u_aesdma_top.u_AESDMA_BD
  -----------------------------------------------------------------------------
  Tag                 : RegInputOutput-ML
  Description         : Port '[Signal]' is not registered [Hierarchy: '[DesignObjHierarchy]']
  Violation           : Lint:207
  Goal                : BOS_LINT_RULE
  FileName            : /storage/project/atlas/design/user/pnson/ATLAS_WORKING/IP/AESDMA/RTL/AESDMA_CORE/AESDMA_TOP.v
  LineNumber          : 1218
  Statement           : assign w_axidma_3d_zsize_mux           = (w_axidma_bd_en) ? w_axidma_bd_zsize      : w_axidma_3d_zsize;
  Signal              : O_DMA_ZSize
  Module              : AESDMA_BD
  DesignObjHierarchy  : u_AESDMA_TOP.u_aesdma_top.u_AESDMA_BD
  -----------------------------------------------------------------------------
  Tag                 : RegInputOutput-ML
  Description         : Port '[Signal]' is not registered [Hierarchy: '[DesignObjHierarchy]']
  Violation           : Lint:208
  Goal                : BOS_LINT_RULE
  FileName            : /storage/project/atlas/design/user/pnson/ATLAS_WORKING/IP/AESDMA/RTL/AESDMA_CORE/AESDMA_TOP.v
  LineNumber          : 1210
  Statement           : assign w_axidma_src_addr_mux           = (w_axidma_bd_en) ? w_axidma_bd_src_addr : w_dma_src_addr[AXI_ADDR_WD-1:0] ;
  Signal              : O_DMA_SrcAddr
  Module              : AESDMA_BD
  DesignObjHierarchy  : u_AESDMA_TOP.u_aesdma_top.u_AESDMA_BD
  -----------------------------------------------------------------------------
  Tag                 : RegInputOutput-ML
  Description         : Port '[Signal]' is not registered [Hierarchy: '[DesignObjHierarchy]']
  Violation           : Lint:209
  Goal                : BOS_LINT_RULE
  FileName            : /storage/project/atlas/design/user/pnson/ATLAS_WORKING/IP/AESDMA/RTL/AESDMA_CORE/AESDMA_TOP.v
  LineNumber          : 1215
  Statement           : assign w_axidma_2d_rd_x_stride_mux     = (w_axidma_bd_en) ? w_axidma_bd_src_x_stride : w_axidma_2d_rd_x_stride;
  Signal              : O_DMA_Src_X_Stride
  Module              : AESDMA_BD
  DesignObjHierarchy  : u_AESDMA_TOP.u_aesdma_top.u_AESDMA_BD
  -----------------------------------------------------------------------------
  Tag                 : RegInputOutput-ML
  Description         : Port '[Signal]' is not registered [Hierarchy: '[DesignObjHierarchy]']
  Violation           : Lint:210
  Goal                : BOS_LINT_RULE
  FileName            : /storage/project/atlas/design/user/pnson/ATLAS_WORKING/IP/AESDMA/RTL/AESDMA_CORE/AESDMA_TOP.v
  LineNumber          : 1219
  Statement           : assign w_axidma_3d_rd_xy_stride_mux    = (w_axidma_bd_en) ? w_axidma_bd_src_xy_stride : w_axidma_3d_rd_xy_stride;
  Signal              : O_DMA_Src_XY_Stride
  Module              : AESDMA_BD
  DesignObjHierarchy  : u_AESDMA_TOP.u_aesdma_top.u_AESDMA_BD
  -----------------------------------------------------------------------------
  Tag                 : RegInputOutput-ML
  Description         : Port '[Signal]' is not registered [Hierarchy: '[DesignObjHierarchy]']
  Violation           : Lint:211
  Goal                : BOS_LINT_RULE
  FileName            : /storage/project/atlas/design/user/pnson/ATLAS_WORKING/IP/AESDMA/RTL/AESDMA_CORE/AESDMA_BD.v
  LineNumber          : 71
  Statement           :     input                                 I_DMA_RdDone_Ar, //from RDCORE
  Signal              : I_DMA_RdDone_Ar
  Module              : AESDMA_BD
  DesignObjHierarchy  : u_AESDMA_TOP.u_aesdma_top.u_AESDMA_BD
  -----------------------------------------------------------------------------
  Tag                 : RegInputOutput-ML
  Description         : Port '[Signal]' is not registered [Hierarchy: '[DesignObjHierarchy]']
  Violation           : Lint:212
  Goal                : BOS_LINT_RULE
  FileName            : /storage/project/atlas/design/user/pnson/ATLAS_WORKING/IP/AESDMA/RTL/AESDMA_CORE/AESDMA_BD.v
  LineNumber          : 73
  Statement           :     input                                 I_DMA_RdDone_R,  //from RDCORE
  Signal              : I_DMA_RdDone_R
  Module              : AESDMA_BD
  DesignObjHierarchy  : u_AESDMA_TOP.u_aesdma_top.u_AESDMA_BD
  -----------------------------------------------------------------------------
  Tag                 : RegInputOutput-ML
  Description         : Port '[Signal]' is not registered [Hierarchy: '[DesignObjHierarchy]']
  Violation           : Lint:213
  Goal                : BOS_LINT_RULE
  FileName            : /storage/project/atlas/design/user/pnson/ATLAS_WORKING/IP/AESDMA/RTL/AESDMA_CORE/AESDMA_TOP.v
  LineNumber          : 1211
  Statement           : assign w_axidma_dest_addr_mux          = (w_axidma_bd_en) ? w_axidma_bd_dst_addr : w_dma_dest_addr[AXI_ADDR_WD-1:0];
  Signal              : O_DMA_DstAddr
  Module              : AESDMA_BD
  DesignObjHierarchy  : u_AESDMA_TOP.u_aesdma_top.u_AESDMA_BD
  -----------------------------------------------------------------------------
  Tag                 : RegInputOutput-ML
  Description         : Port '[Signal]' is not registered [Hierarchy: '[DesignObjHierarchy]']
  Violation           : Lint:214
  Goal                : BOS_LINT_RULE
  FileName            : /storage/project/atlas/design/user/pnson/ATLAS_WORKING/IP/AESDMA/RTL/AESDMA_CORE/AESDMA_TOP.v
  LineNumber          : 1216
  Statement           : assign w_axidma_2d_wr_x_stride_mux     = (w_axidma_bd_en) ? w_axidma_bd_dst_x_stride : w_axidma_2d_wr_x_stride;
  Signal              : O_DMA_Dst_X_Stride
  Module              : AESDMA_BD
  DesignObjHierarchy  : u_AESDMA_TOP.u_aesdma_top.u_AESDMA_BD
  -----------------------------------------------------------------------------
  Tag                 : RegInputOutput-ML
  Description         : Port '[Signal]' is not registered [Hierarchy: '[DesignObjHierarchy]']
  Violation           : Lint:215
  Goal                : BOS_LINT_RULE
  FileName            : /storage/project/atlas/design/user/pnson/ATLAS_WORKING/IP/AESDMA/RTL/AESDMA_CORE/AESDMA_TOP.v
  LineNumber          : 1220
  Statement           : assign w_axidma_3d_wr_xy_stride_mux    = (w_axidma_bd_en) ? w_axidma_bd_dst_xy_stride : w_axidma_3d_wr_xy_stride;
  Signal              : O_DMA_Dst_XY_Stride
  Module              : AESDMA_BD
  DesignObjHierarchy  : u_AESDMA_TOP.u_aesdma_top.u_AESDMA_BD
  -----------------------------------------------------------------------------
  Tag                 : RegInputOutput-ML
  Description         : Port '[Signal]' is not registered [Hierarchy: '[DesignObjHierarchy]']
  Violation           : Lint:216
  Goal                : BOS_LINT_RULE
  FileName            : /storage/project/atlas/design/user/pnson/ATLAS_WORKING/IP/AESDMA/RTL/AESDMA_CORE/AESDMA_BD.v
  LineNumber          : 82
  Statement           :     input                                 I_DMA_WrDone_Aw, //from WRCORE
  Signal              : I_DMA_WrDone_Aw
  Module              : AESDMA_BD
  DesignObjHierarchy  : u_AESDMA_TOP.u_aesdma_top.u_AESDMA_BD
  -----------------------------------------------------------------------------
  Tag                 : RegInputOutput-ML
  Description         : Port '[Signal]' is not registered [Hierarchy: '[DesignObjHierarchy]']
  Violation           : Lint:217
  Goal                : BOS_LINT_RULE
  FileName            : /storage/project/atlas/design/user/pnson/ATLAS_WORKING/IP/AESDMA/RTL/AESDMA_CORE/AESDMA_BD.v
  LineNumber          : 83
  Statement           :     input                                 I_DMA_WrBusy_Aw, //from WRCORE
  Signal              : I_DMA_WrBusy_Aw
  Module              : AESDMA_BD
  DesignObjHierarchy  : u_AESDMA_TOP.u_aesdma_top.u_AESDMA_BD
  -----------------------------------------------------------------------------
  Tag                 : RegInputOutput-ML
  Description         : Port '[Signal]' is not registered [Hierarchy: '[DesignObjHierarchy]']
  Violation           : Lint:218
  Goal                : BOS_LINT_RULE
  FileName            : /storage/project/atlas/design/user/pnson/ATLAS_WORKING/IP/AESDMA/RTL/AESDMA_CORE/AESDMA_BD.v
  LineNumber          : 321
  Statement           :             if ( I_DMA_WrDone_W & (nxt_bd_valid == 1'b1) & ~I_PREFETCH_EN ) begin
  Signal              : I_DMA_WrDone_W
  Module              : AESDMA_BD
  DesignObjHierarchy  : u_AESDMA_TOP.u_aesdma_top.u_AESDMA_BD
  -----------------------------------------------------------------------------
  Tag                 : RegInputOutput-ML
  Description         : Port '[Signal]' is not registered [Hierarchy: '[DesignObjHierarchy]']
  Violation           : Lint:219
  Goal                : BOS_LINT_RULE
  FileName            : /storage/project/atlas/design/user/pnson/ATLAS_WORKING/IP/AESDMA/RTL/AESDMA_CORE/AESDMA_BD.v
  LineNumber          : 372
  Statement           :             if ( bd_fifo_full_cnt == {MAX_PF_CNT_WD{1'b0}} & (I_WRCMD_full_cnt == {CMD_FIFO_CNT{1'b0}} ) & ~I_DMA_WrBusy_W)   begin 
  Signal              : I_DMA_WrBusy_W
  Module              : AESDMA_BD
  DesignObjHierarchy  : u_AESDMA_TOP.u_aesdma_top.u_AESDMA_BD
  -----------------------------------------------------------------------------
  Tag                 : RegInputOutput-ML
  Description         : Port '[Signal]' is not registered [Hierarchy: '[DesignObjHierarchy]']
  Violation           : Lint:220
  Goal                : BOS_LINT_RULE
  FileName            : /storage/project/atlas/design/user/pnson/ATLAS_WORKING/IP/AESDMA/RTL/AESDMA_CORE/AESDMA_RD_DESC.sv
  LineNumber          : 300
  Statement           :                     n_rdDataState = ST_RD_BODY;
  Signal              : I_RdStartPulse
  Module              : AESDMA_RD_DESC
  DesignObjHierarchy  : u_AESDMA_TOP.u_aesdma_top.u_AESDMA_RD_DESC
  -----------------------------------------------------------------------------
  Tag                 : RegInputOutput-ML
  Description         : Port '[Signal]' is not registered [Hierarchy: '[DesignObjHierarchy]']
  Violation           : Lint:221
  Goal                : BOS_LINT_RULE
  FileName            : /storage/project/atlas/design/user/pnson/ATLAS_WORKING/IP/AESDMA/RTL/AESDMA_CORE/AESDMA_RD_DESC.sv
  LineNumber          : 299
  Statement           :                 if (I_RdStartAddr[ADDR_BASE_LSB-1:AU_ADDR_LSB] == {(ADDR_BASE_LSB-AU_ADDR_LSB){1'b0}}) begin
  Signal              : I_RdStartAddr
  Module              : AESDMA_RD_DESC
  DesignObjHierarchy  : u_AESDMA_TOP.u_aesdma_top.u_AESDMA_RD_DESC
  -----------------------------------------------------------------------------
  Tag                 : RegInputOutput-ML
  Description         : Port '[Signal]' is not registered [Hierarchy: '[DesignObjHierarchy]']
  Violation           : Lint:222
  Goal                : BOS_LINT_RULE
  FileName            : /storage/project/atlas/design/user/pnson/ATLAS_WORKING/IP/AESDMA/RTL/AESDMA_CORE/AESDMA_RD_DESC.sv
  LineNumber          : 159
  Statement           : assign w_rdLength_adj = I_RdLen + I_RdStartAddr[ADDR_BASE_LSB-1:0];
  Signal              : I_RdLen
  Module              : AESDMA_RD_DESC
  DesignObjHierarchy  : u_AESDMA_TOP.u_aesdma_top.u_AESDMA_RD_DESC
  -----------------------------------------------------------------------------
  Tag                 : RegInputOutput-ML
  Description         : Port '[Signal]' is not registered [Hierarchy: '[DesignObjHierarchy]']
  Violation           : Lint:223
  Goal                : BOS_LINT_RULE
  FileName            : /storage/project/atlas/design/user/pnson/ATLAS_WORKING/IP/AESDMA/RTL/AESDMA_CORE/AESDMA_DOORBELL.v
  LineNumber          : 288
  Statement           :                 r_doorbell_nxt_st <= ST_DONE_FETCH;           
  Signal              : O_RdDone
  Module              : AESDMA_RD_DESC
  DesignObjHierarchy  : u_AESDMA_TOP.u_aesdma_top.u_AESDMA_RD_DESC
  -----------------------------------------------------------------------------
  Tag                 : RegInputOutput-ML
  Description         : Port '[Signal]' is not registered [Hierarchy: '[DesignObjHierarchy]']
  Violation           : Lint:224
  Goal                : BOS_LINT_RULE
  FileName            : /storage/project/atlas/design/user/pnson/ATLAS_WORKING/IP/AESDMA/RTL/AESDMA_CORE/AESDMA_DOORBELL.v
  LineNumber          : 49
  Statement           :     input                               I_RdDesc_Busy, 
  Signal              : O_RdBusy
  Module              : AESDMA_RD_DESC
  DesignObjHierarchy  : u_AESDMA_TOP.u_aesdma_top.u_AESDMA_RD_DESC
  -----------------------------------------------------------------------------
  Tag                 : RegInputOutput-ML
  Description         : Port '[Signal]' is not registered [Hierarchy: '[DesignObjHierarchy]']
  Violation           : Lint:225
  Goal                : BOS_LINT_RULE
  FileName            : /storage/project/atlas/design/user/pnson/ATLAS_WORKING/IP/AESDMA/RTL/AESDMA_CORE/AESDMA_RD_DESC.sv
  LineNumber          : 38
  Statement           :     output logic                                O_RdRCntZero,
  Signal              : O_RdRCntZero
  Module              : AESDMA_RD_DESC
  DesignObjHierarchy  : u_AESDMA_TOP.u_aesdma_top.u_AESDMA_RD_DESC
  -----------------------------------------------------------------------------
  Tag                 : RegInputOutput-ML
  Description         : Port '[Signal]' is not registered [Hierarchy: '[DesignObjHierarchy]']
  Violation           : Lint:226
  Goal                : BOS_LINT_RULE
  FileName            : /storage/project/atlas/design/user/pnson/ATLAS_WORKING/IP/AESDMA/RTL/AESDMA_CORE/AESDMA_DOORBELL.v
  LineNumber          : 180
  Statement           :                 r_BD_base_addr <= I_RdDesc_data[0 +: BD_SIZE_IN_BIT];
  Signal              : O_RdFifo_Data
  Module              : AESDMA_RD_DESC
  DesignObjHierarchy  : u_AESDMA_TOP.u_aesdma_top.u_AESDMA_RD_DESC
  -----------------------------------------------------------------------------
  Tag                 : RegInputOutput-ML
  Description         : Port '[Signal]' is not registered [Hierarchy: '[DesignObjHierarchy]']
  Violation           : Lint:227
  Goal                : BOS_LINT_RULE
  FileName            : /storage/project/atlas/design/user/pnson/ATLAS_WORKING/IP/AESDMA/RTL/AESDMA_CORE/AESDMA_TOP.v
  LineNumber          : 1824
  Statement           : assign w_doorbell_fetch_valid   =  w_doorbell_fetch_req & w_axidma_datagen_svalid_bd;
  Signal              : O_RdFifo_Valid
  Module              : AESDMA_RD_DESC
  DesignObjHierarchy  : u_AESDMA_TOP.u_aesdma_top.u_AESDMA_RD_DESC
  -----------------------------------------------------------------------------
  Tag                 : RegInputOutput-ML
  Description         : Port '[Signal]' is not registered [Hierarchy: '[DesignObjHierarchy]']
  Violation           : Lint:228
  Goal                : BOS_LINT_RULE
  FileName            : /storage/project/atlas/design/user/pnson/ATLAS_WORKING/IP/AESDMA/RTL/AESDMA_CORE/AESDMA_RD_DESC.sv
  LineNumber          : 317
  Statement           :             O_RReady = I_RdFifo_Ready & (r_rCnt != {RFIFO_DATACNT_WIDTH{1'b0}});
  Signal              : I_RdFifo_Ready
  Module              : AESDMA_RD_DESC
  DesignObjHierarchy  : u_AESDMA_TOP.u_aesdma_top.u_AESDMA_RD_DESC
  -----------------------------------------------------------------------------
  Tag                 : RegInputOutput-ML
  Description         : Port '[Signal]' is not registered [Hierarchy: '[DesignObjHierarchy]']
  Violation           : Lint:229
  Goal                : BOS_LINT_RULE
  FileName            : /storage/project/atlas/design/user/pnson/ATLAS_WORKING/IP/AESDMA/RTL/AESDMA_CORE/AESDMA_RD_DESC.sv
  LineNumber          : 261
  Statement           :             w_arValid = ((r_rCnt + w_rdBurstLen) < {1'b0, I_RdFifo_EmptyCnt}) ;
  Signal              : I_RdFifo_EmptyCnt
  Module              : AESDMA_RD_DESC
  DesignObjHierarchy  : u_AESDMA_TOP.u_aesdma_top.u_AESDMA_RD_DESC
  -----------------------------------------------------------------------------
  Tag                 : RegInputOutput-ML
  Description         : Port '[Signal]' is not registered [Hierarchy: '[DesignObjHierarchy]']
  Violation           : Lint:230
  Goal                : BOS_LINT_RULE
  FileName            : /storage/project/atlas/design/user/pnson/ATLAS_WORKING/IP/AESDMA/RTL/AESDMA_CORE/AESDMA_TOP.v
  LineNumber          : 997
  Statement           :         r_sw_reset <= w_dma_rd_held & w_dma_wr_held & w_bdheld & w_sw_reset;
  Signal              : O_RdHeld
  Module              : AESDMA_RD_DESC
  DesignObjHierarchy  : u_AESDMA_TOP.u_aesdma_top.u_AESDMA_RD_DESC
  -----------------------------------------------------------------------------
  Tag                 : RegInputOutput-ML
  Description         : Port '[Signal]' is not registered [Hierarchy: '[DesignObjHierarchy]']
  Violation           : Lint:231
  Goal                : BOS_LINT_RULE
  FileName            : /storage/project/atlas/design/user/pnson/ATLAS_WORKING/IP/AESDMA/RTL/AESDMA_CORE/AESDMA_RD_DESC.sv
  LineNumber          : 54
  Statement           :     output logic      [1:0]                     O_RResp,
  Signal              : O_RResp
  Module              : AESDMA_RD_DESC
  DesignObjHierarchy  : u_AESDMA_TOP.u_aesdma_top.u_AESDMA_RD_DESC
  -----------------------------------------------------------------------------
  Tag                 : RegInputOutput-ML
  Description         : Port '[Signal]' is not registered [Hierarchy: '[DesignObjHierarchy]']
  Violation           : Lint:232
  Goal                : BOS_LINT_RULE
  FileName            : /storage/project/atlas/design/user/pnson/ATLAS_WORKING/IP/AESDMA/RTL/AESDMA_CORE/AESDMA_RD_DESC.sv
  LineNumber          : 57
  Statement           :     output logic      [AXI_ID_WD-1:0]           O_ArId,
  Signal              : O_ArId
  Module              : AESDMA_RD_DESC
  DesignObjHierarchy  : u_AESDMA_TOP.u_aesdma_top.u_AESDMA_RD_DESC
  -----------------------------------------------------------------------------
  Tag                 : RegInputOutput-ML
  Description         : Port '[Signal]' is not registered [Hierarchy: '[DesignObjHierarchy]']
  Violation           : Lint:233
  Goal                : BOS_LINT_RULE
  FileName            : /storage/project/atlas/design/user/pnson/ATLAS_WORKING/IP/AESDMA/RTL/AESDMA_CORE/AESDMA_AXIMUX_RD_2X1.v
  LineNumber          : 103
  Statement           : assign  O_M_ARADDR  = (ar_grant[0])? I_S_ARADDR_0  : I_S_ARADDR_1  ;
  Signal              : O_ArAddr
  Module              : AESDMA_RD_DESC
  DesignObjHierarchy  : u_AESDMA_TOP.u_aesdma_top.u_AESDMA_RD_DESC
  -----------------------------------------------------------------------------
  Tag                 : RegInputOutput-ML
  Description         : Port '[Signal]' is not registered [Hierarchy: '[DesignObjHierarchy]']
  Violation           : Lint:234
  Goal                : BOS_LINT_RULE
  FileName            : /storage/project/atlas/design/user/pnson/ATLAS_WORKING/IP/AESDMA/RTL/AESDMA_CORE/AESDMA_AXIMUX_RD_2X1.v
  LineNumber          : 109
  Statement           : assign  O_M_ARLEN   = (ar_grant[0])? I_S_ARLEN_0   : I_S_ARLEN_1   ;
  Signal              : O_ArLen
  Module              : AESDMA_RD_DESC
  DesignObjHierarchy  : u_AESDMA_TOP.u_aesdma_top.u_AESDMA_RD_DESC
  -----------------------------------------------------------------------------
  Tag                 : RegInputOutput-ML
  Description         : Port '[Signal]' is not registered [Hierarchy: '[DesignObjHierarchy]']
  Violation           : Lint:235
  Goal                : BOS_LINT_RULE
  FileName            : /storage/project/atlas/design/user/pnson/ATLAS_WORKING/IP/AESDMA/RTL/AESDMA_CORE/AESDMA_AXIMUX_RD_2X1.v
  LineNumber          : 104
  Statement           : assign  O_M_ARSIZE  = (ar_grant[0])? I_S_ARSIZE_0  : I_S_ARSIZE_1  ;
  Signal              : O_ArSize
  Module              : AESDMA_RD_DESC
  DesignObjHierarchy  : u_AESDMA_TOP.u_aesdma_top.u_AESDMA_RD_DESC
  -----------------------------------------------------------------------------
  Tag                 : RegInputOutput-ML
  Description         : Port '[Signal]' is not registered [Hierarchy: '[DesignObjHierarchy]']
  Violation           : Lint:236
  Goal                : BOS_LINT_RULE
  FileName            : /storage/project/atlas/design/user/pnson/ATLAS_WORKING/IP/AESDMA/RTL/AESDMA_CORE/AESDMA_AXIMUX_RD_2X1.v
  LineNumber          : 105
  Statement           : assign  O_M_ARBURST = (ar_grant[0])? I_S_ARBURST_0 : I_S_ARBURST_1 ;
  Signal              : O_ArBurst
  Module              : AESDMA_RD_DESC
  DesignObjHierarchy  : u_AESDMA_TOP.u_aesdma_top.u_AESDMA_RD_DESC
  -----------------------------------------------------------------------------
  Tag                 : RegInputOutput-ML
  Description         : Port '[Signal]' is not registered [Hierarchy: '[DesignObjHierarchy]']
  Violation           : Lint:237
  Goal                : BOS_LINT_RULE
  FileName            : /storage/project/atlas/design/user/pnson/ATLAS_WORKING/IP/AESDMA/RTL/AESDMA_CORE/AESDMA_AXIMUX_RD_2X1.v
  LineNumber          : 110
  Statement           : assign  O_M_ARLOCK  = (ar_grant[0])? I_S_ARLOCK_0  : I_S_ARLOCK_1  ;
  Signal              : O_ArLock
  Module              : AESDMA_RD_DESC
  DesignObjHierarchy  : u_AESDMA_TOP.u_aesdma_top.u_AESDMA_RD_DESC
  -----------------------------------------------------------------------------
  Tag                 : RegInputOutput-ML
  Description         : Port '[Signal]' is not registered [Hierarchy: '[DesignObjHierarchy]']
  Violation           : Lint:238
  Goal                : BOS_LINT_RULE
  FileName            : /storage/project/atlas/design/user/pnson/ATLAS_WORKING/IP/AESDMA/RTL/AESDMA_CORE/AESDMA_AXIMUX_RD_2X1.v
  LineNumber          : 102
  Statement           : assign  O_M_ARVALID = (ar_grant[0])? I_S_ARVALID_0 : I_S_ARVALID_1 ;
  Signal              : O_ArValid
  Module              : AESDMA_RD_DESC
  DesignObjHierarchy  : u_AESDMA_TOP.u_aesdma_top.u_AESDMA_RD_DESC
  -----------------------------------------------------------------------------
  Tag                 : RegInputOutput-ML
  Description         : Port '[Signal]' is not registered [Hierarchy: '[DesignObjHierarchy]']
  Violation           : Lint:239
  Goal                : BOS_LINT_RULE
  FileName            : /storage/project/atlas/design/user/pnson/ATLAS_WORKING/IP/AESDMA/RTL/AESDMA_CORE/AESDMA_RD_DESC.sv
  LineNumber          : 195
  Statement           :     end else if ((I_ArReady & O_ArValid) & (O_RReady & I_RValid)) begin
  Signal              : I_ArReady
  Module              : AESDMA_RD_DESC
  DesignObjHierarchy  : u_AESDMA_TOP.u_aesdma_top.u_AESDMA_RD_DESC
  -----------------------------------------------------------------------------
  Tag                 : RegInputOutput-ML
  Description         : Port '[Signal]' is not registered [Hierarchy: '[DesignObjHierarchy]']
  Violation           : Lint:240
  Goal                : BOS_LINT_RULE
  FileName            : /storage/project/atlas/design/user/pnson/ATLAS_WORKING/IP/AESDMA/RTL/AESDMA_CORE/AESDMA_RD_DESC.sv
  LineNumber          : 69
  Statement           :     input  logic      [AXI_ID_WD-1:0]           I_RId,
  Signal              : I_RId
  Module              : AESDMA_RD_DESC
  DesignObjHierarchy  : u_AESDMA_TOP.u_aesdma_top.u_AESDMA_RD_DESC
  -----------------------------------------------------------------------------
  Tag                 : RegInputOutput-ML
  Description         : Port '[Signal]' is not registered [Hierarchy: '[DesignObjHierarchy]']
  Violation           : Lint:241
  Goal                : BOS_LINT_RULE
  FileName            : /storage/project/atlas/design/user/pnson/ATLAS_WORKING/IP/AESDMA/RTL/AESDMA_CORE/AESDMA_RD_DESC.sv
  LineNumber          : 187
  Statement           : assign O_RdFifo_Data = w_rData_k1[w_rdAlign_minus1];
  Signal              : I_RData
  Module              : AESDMA_RD_DESC
  DesignObjHierarchy  : u_AESDMA_TOP.u_aesdma_top.u_AESDMA_RD_DESC
  -----------------------------------------------------------------------------
  Tag                 : RegInputOutput-ML
  Description         : Port '[Signal]' is not registered [Hierarchy: '[DesignObjHierarchy]']
  Violation           : Lint:242
  Goal                : BOS_LINT_RULE
  FileName            : /storage/project/atlas/design/user/pnson/ATLAS_WORKING/IP/AESDMA/RTL/AESDMA_CORE/AESDMA_RD_DESC.sv
  LineNumber          : 71
  Statement           :     input  logic      [1:0]                     I_RResp,
  Signal              : I_RResp
  Module              : AESDMA_RD_DESC
  DesignObjHierarchy  : u_AESDMA_TOP.u_aesdma_top.u_AESDMA_RD_DESC
  -----------------------------------------------------------------------------
  Tag                 : RegInputOutput-ML
  Description         : Port '[Signal]' is not registered [Hierarchy: '[DesignObjHierarchy]']
  Violation           : Lint:243
  Goal                : BOS_LINT_RULE
  FileName            : /storage/project/atlas/design/user/pnson/ATLAS_WORKING/IP/AESDMA/RTL/AESDMA_CORE/AESDMA_RD_DESC.sv
  LineNumber          : 72
  Statement           :     input  logic                                I_RLast,
  Signal              : I_RLast
  Module              : AESDMA_RD_DESC
  DesignObjHierarchy  : u_AESDMA_TOP.u_aesdma_top.u_AESDMA_RD_DESC
  -----------------------------------------------------------------------------
  Tag                 : RegInputOutput-ML
  Description         : Port '[Signal]' is not registered [Hierarchy: '[DesignObjHierarchy]']
  Violation           : Lint:244
  Goal                : BOS_LINT_RULE
  FileName            : /storage/project/atlas/design/user/pnson/ATLAS_WORKING/IP/AESDMA/RTL/AESDMA_CORE/AESDMA_RD_DESC.sv
  LineNumber          : 309
  Statement           :             if (I_RValid & O_RReady) begin
  Signal              : I_RValid
  Module              : AESDMA_RD_DESC
  DesignObjHierarchy  : u_AESDMA_TOP.u_aesdma_top.u_AESDMA_RD_DESC
  -----------------------------------------------------------------------------
  Tag                 : RegInputOutput-ML
  Description         : Port '[Signal]' is not registered [Hierarchy: '[DesignObjHierarchy]']
  Violation           : Lint:245
  Goal                : BOS_LINT_RULE
  FileName            : /storage/project/atlas/design/user/pnson/ATLAS_WORKING/IP/AESDMA/RTL/AESDMA_CORE/AESDMA_AXIMUX_RD_2X1.v
  LineNumber          : 129
  Statement           : assign  O_M_RREADY      = ( I_M_RID[0])?   I_S_RREADY_1    : I_S_RREADY_0;
  Signal              : O_RReady
  Module              : AESDMA_RD_DESC
  DesignObjHierarchy  : u_AESDMA_TOP.u_aesdma_top.u_AESDMA_RD_DESC
  -----------------------------------------------------------------------------
  Tag                 : RegInputOutput-ML
  Description         : Port '[Signal]' is not registered [Hierarchy: '[DesignObjHierarchy]']
  Violation           : Lint:246
  Goal                : BOS_LINT_RULE
  FileName            : 
  LineNumber          : 0
  Signal              : I_BD_EN
  Module              : AESDMA_AXIMUX_RD_2X1
  DesignObjHierarchy  : u_AESDMA_TOP.u_aesdma_top.u_AESDMA_AXIMUX_RD_2X1
  -----------------------------------------------------------------------------
  Tag                 : RegInputOutput-ML
  Description         : Port '[Signal]' is not registered [Hierarchy: '[DesignObjHierarchy]']
  Violation           : Lint:247
  Goal                : BOS_LINT_RULE
  FileName            : /storage/project/atlas/design/user/pnson/ATLAS_WORKING/IP/AESDMA/RTL/AESDMA_CORE/AESDMA_AXIMUX_RD_2X1.v
  LineNumber          : 108
  Statement           : assign  O_M_ARID    = (ar_grant[0])? {I_S_ARID_0, 1'b0}  : {I_S_ARID_1, 1'b1};
  Signal              : I_S_ARID_0
  Module              : AESDMA_AXIMUX_RD_2X1
  DesignObjHierarchy  : u_AESDMA_TOP.u_aesdma_top.u_AESDMA_AXIMUX_RD_2X1
  -----------------------------------------------------------------------------
  Tag                 : RegInputOutput-ML
  Description         : Port '[Signal]' is not registered [Hierarchy: '[DesignObjHierarchy]']
  Violation           : Lint:248
  Goal                : BOS_LINT_RULE
  FileName            : /storage/project/atlas/design/user/pnson/ATLAS_WORKING/IP/AESDMA/RTL/AESDMA_CORE/AESDMA_AXIMUX_RD_2X1.v
  LineNumber          : 103
  Statement           : assign  O_M_ARADDR  = (ar_grant[0])? I_S_ARADDR_0  : I_S_ARADDR_1  ;
  Signal              : I_S_ARADDR_0
  Module              : AESDMA_AXIMUX_RD_2X1
  DesignObjHierarchy  : u_AESDMA_TOP.u_aesdma_top.u_AESDMA_AXIMUX_RD_2X1
  -----------------------------------------------------------------------------
  Tag                 : RegInputOutput-ML
  Description         : Port '[Signal]' is not registered [Hierarchy: '[DesignObjHierarchy]']
  Violation           : Lint:249
  Goal                : BOS_LINT_RULE
  FileName            : /storage/project/atlas/design/user/pnson/ATLAS_WORKING/IP/AESDMA/RTL/AESDMA_CORE/AESDMA_AXIMUX_RD_2X1.v
  LineNumber          : 109
  Statement           : assign  O_M_ARLEN   = (ar_grant[0])? I_S_ARLEN_0   : I_S_ARLEN_1   ;
  Signal              : I_S_ARLEN_0
  Module              : AESDMA_AXIMUX_RD_2X1
  DesignObjHierarchy  : u_AESDMA_TOP.u_aesdma_top.u_AESDMA_AXIMUX_RD_2X1
  -----------------------------------------------------------------------------
  Tag                 : RegInputOutput-ML
  Description         : Port '[Signal]' is not registered [Hierarchy: '[DesignObjHierarchy]']
  Violation           : Lint:250
  Goal                : BOS_LINT_RULE
  FileName            : /storage/project/atlas/design/user/pnson/ATLAS_WORKING/IP/AESDMA/RTL/AESDMA_CORE/AESDMA_AXIMUX_RD_2X1.v
  LineNumber          : 104
  Statement           : assign  O_M_ARSIZE  = (ar_grant[0])? I_S_ARSIZE_0  : I_S_ARSIZE_1  ;
  Signal              : I_S_ARSIZE_0
  Module              : AESDMA_AXIMUX_RD_2X1
  DesignObjHierarchy  : u_AESDMA_TOP.u_aesdma_top.u_AESDMA_AXIMUX_RD_2X1
  -----------------------------------------------------------------------------
  Tag                 : RegInputOutput-ML
  Description         : Port '[Signal]' is not registered [Hierarchy: '[DesignObjHierarchy]']
  Violation           : Lint:251
  Goal                : BOS_LINT_RULE
  FileName            : /storage/project/atlas/design/user/pnson/ATLAS_WORKING/IP/AESDMA/RTL/AESDMA_CORE/AESDMA_AXIMUX_RD_2X1.v
  LineNumber          : 105
  Statement           : assign  O_M_ARBURST = (ar_grant[0])? I_S_ARBURST_0 : I_S_ARBURST_1 ;
  Signal              : I_S_ARBURST_0
  Module              : AESDMA_AXIMUX_RD_2X1
  DesignObjHierarchy  : u_AESDMA_TOP.u_aesdma_top.u_AESDMA_AXIMUX_RD_2X1
  -----------------------------------------------------------------------------
  Tag                 : RegInputOutput-ML
  Description         : Port '[Signal]' is not registered [Hierarchy: '[DesignObjHierarchy]']
  Violation           : Lint:252
  Goal                : BOS_LINT_RULE
  FileName            : /storage/project/atlas/design/user/pnson/ATLAS_WORKING/IP/AESDMA/RTL/AESDMA_CORE/AESDMA_AXIMUX_RD_2X1.v
  LineNumber          : 110
  Statement           : assign  O_M_ARLOCK  = (ar_grant[0])? I_S_ARLOCK_0  : I_S_ARLOCK_1  ;
  Signal              : I_S_ARLOCK_0
  Module              : AESDMA_AXIMUX_RD_2X1
  DesignObjHierarchy  : u_AESDMA_TOP.u_aesdma_top.u_AESDMA_AXIMUX_RD_2X1
  -----------------------------------------------------------------------------
  Tag                 : RegInputOutput-ML
  Description         : Port '[Signal]' is not registered [Hierarchy: '[DesignObjHierarchy]']
  Violation           : Lint:253
  Goal                : BOS_LINT_RULE
  FileName            : /storage/project/atlas/design/user/pnson/ATLAS_WORKING/IP/AESDMA/RTL/AESDMA_CORE/AESDMA_AXIMUX_RD_2X1.v
  LineNumber          : 102
  Statement           : assign  O_M_ARVALID = (ar_grant[0])? I_S_ARVALID_0 : I_S_ARVALID_1 ;
  Signal              : I_S_ARVALID_0
  Module              : AESDMA_AXIMUX_RD_2X1
  DesignObjHierarchy  : u_AESDMA_TOP.u_aesdma_top.u_AESDMA_AXIMUX_RD_2X1
  -----------------------------------------------------------------------------
  Tag                 : RegInputOutput-ML
  Description         : Port '[Signal]' is not registered [Hierarchy: '[DesignObjHierarchy]']
  Violation           : Lint:254
  Goal                : BOS_LINT_RULE
  FileName            : /storage/project/atlas/design/user/pnson/ATLAS_WORKING/IP/AESDMA/RTL/AESDMA_CORE/AESDMA_RDCORE.sv
  LineNumber          : 579
  Statement           : assign w_skip_ra_idle = I_RdStartLevel_Ar & 
  Signal              : O_S_ARREADY_0
  Module              : AESDMA_AXIMUX_RD_2X1
  DesignObjHierarchy  : u_AESDMA_TOP.u_aesdma_top.u_AESDMA_AXIMUX_RD_2X1
  -----------------------------------------------------------------------------
  Tag                 : RegInputOutput-ML
  Description         : Port '[Signal]' is not registered [Hierarchy: '[DesignObjHierarchy]']
  Violation           : Lint:255
  Goal                : BOS_LINT_RULE
  FileName            : /storage/project/atlas/design/user/pnson/ATLAS_WORKING/IP/AESDMA/RTL/AESDMA_CORE/AESDMA_SYNC_FIFO_ID_POOL.v
  LineNumber          : 78
  Statement           :                     mem[i] <= FIFO_WIDTH'(i); 
  Signal              : O_S_RID_0
  Module              : AESDMA_AXIMUX_RD_2X1
  DesignObjHierarchy  : u_AESDMA_TOP.u_aesdma_top.u_AESDMA_AXIMUX_RD_2X1
  -----------------------------------------------------------------------------
  Tag                 : RegInputOutput-ML
  Description         : Port '[Signal]' is not registered [Hierarchy: '[DesignObjHierarchy]']
  Violation           : Lint:256
  Goal                : BOS_LINT_RULE
  FileName            : /storage/project/atlas/design/user/pnson/ATLAS_WORKING/IP/AESDMA/RTL/AESDMA_CORE/AESDMA_AXIMUX_RD_2X1.v
  LineNumber          : 39
  Statement           :         output wire [ AXI_DATA_WD-1: 0]     O_S_RDATA_0,
  Signal              : O_S_RDATA_0
  Module              : AESDMA_AXIMUX_RD_2X1
  DesignObjHierarchy  : u_AESDMA_TOP.u_aesdma_top.u_AESDMA_AXIMUX_RD_2X1
  -----------------------------------------------------------------------------
  Tag                 : RegInputOutput-ML
  Description         : Port '[Signal]' is not registered [Hierarchy: '[DesignObjHierarchy]']
  Violation           : Lint:257
  Goal                : BOS_LINT_RULE
  FileName            : /storage/project/atlas/design/user/pnson/ATLAS_WORKING/IP/AESDMA/RTL/AESDMA_CORE/AESDMA_AXIMUX_RD_2X1.v
  LineNumber          : 40
  Statement           :         output wire [ 1: 0]                 O_S_RRESP_0,
  Signal              : O_S_RRESP_0
  Module              : AESDMA_AXIMUX_RD_2X1
  DesignObjHierarchy  : u_AESDMA_TOP.u_aesdma_top.u_AESDMA_AXIMUX_RD_2X1
  -----------------------------------------------------------------------------
  Tag                 : RegInputOutput-ML
  Description         : Port '[Signal]' is not registered [Hierarchy: '[DesignObjHierarchy]']
  Violation           : Lint:258
  Goal                : BOS_LINT_RULE
  FileName            : /storage/project/atlas/design/user/pnson/ATLAS_WORKING/IP/AESDMA/RTL/AESDMA_CORE/AESDMA_RDCORE.sv
  LineNumber          : 280
  Statement           : assign w_arid_push = (I_RValid & O_RReady) & I_RLast & I_RdUniqueIdEn; //store the used ID 
  Signal              : O_S_RLAST_0
  Module              : AESDMA_AXIMUX_RD_2X1
  DesignObjHierarchy  : u_AESDMA_TOP.u_aesdma_top.u_AESDMA_AXIMUX_RD_2X1
  -----------------------------------------------------------------------------
  Tag                 : RegInputOutput-ML
  Description         : Port '[Signal]' is not registered [Hierarchy: '[DesignObjHierarchy]']
  Violation           : Lint:259
  Goal                : BOS_LINT_RULE
  FileName            : /storage/project/atlas/design/user/pnson/ATLAS_WORKING/IP/AESDMA/RTL/AESDMA_CORE/AESDMA_RDCORE.sv
  LineNumber          : 449
  Statement           :     end else if ((I_ArReady & O_ArValid) & (I_RValid & O_RReady)) begin
  Signal              : O_S_RVALID_0
  Module              : AESDMA_AXIMUX_RD_2X1
  DesignObjHierarchy  : u_AESDMA_TOP.u_aesdma_top.u_AESDMA_AXIMUX_RD_2X1
  -----------------------------------------------------------------------------
  Tag                 : RegInputOutput-ML
  Description         : Port '[Signal]' is not registered [Hierarchy: '[DesignObjHierarchy]']
  Violation           : Lint:260
  Goal                : BOS_LINT_RULE
  FileName            : /storage/project/atlas/design/user/pnson/ATLAS_WORKING/IP/AESDMA/RTL/AESDMA_CORE/AESDMA_AXIMUX_RD_2X1.v
  LineNumber          : 129
  Statement           : assign  O_M_RREADY      = ( I_M_RID[0])?   I_S_RREADY_1    : I_S_RREADY_0;
  Signal              : I_S_RREADY_0
  Module              : AESDMA_AXIMUX_RD_2X1
  DesignObjHierarchy  : u_AESDMA_TOP.u_aesdma_top.u_AESDMA_AXIMUX_RD_2X1
  -----------------------------------------------------------------------------
  Tag                 : RegInputOutput-ML
  Description         : Port '[Signal]' is not registered [Hierarchy: '[DesignObjHierarchy]']
  Violation           : Lint:261
  Goal                : BOS_LINT_RULE
  FileName            : /storage/project/atlas/design/user/pnson/ATLAS_WORKING/IP/AESDMA/RTL/AESDMA_CORE/AESDMA_AXIMUX_RD_2X1.v
  LineNumber          : 108
  Statement           : assign  O_M_ARID    = (ar_grant[0])? {I_S_ARID_0, 1'b0}  : {I_S_ARID_1, 1'b1};
  Signal              : I_S_ARID_1
  Module              : AESDMA_AXIMUX_RD_2X1
  DesignObjHierarchy  : u_AESDMA_TOP.u_aesdma_top.u_AESDMA_AXIMUX_RD_2X1
  -----------------------------------------------------------------------------
  Tag                 : RegInputOutput-ML
  Description         : Port '[Signal]' is not registered [Hierarchy: '[DesignObjHierarchy]']
  Violation           : Lint:262
  Goal                : BOS_LINT_RULE
  FileName            : /storage/project/atlas/design/user/pnson/ATLAS_WORKING/IP/AESDMA/RTL/AESDMA_CORE/AESDMA_AXIMUX_RD_2X1.v
  LineNumber          : 103
  Statement           : assign  O_M_ARADDR  = (ar_grant[0])? I_S_ARADDR_0  : I_S_ARADDR_1  ;
  Signal              : I_S_ARADDR_1
  Module              : AESDMA_AXIMUX_RD_2X1
  DesignObjHierarchy  : u_AESDMA_TOP.u_aesdma_top.u_AESDMA_AXIMUX_RD_2X1
  -----------------------------------------------------------------------------
  Tag                 : RegInputOutput-ML
  Description         : Port '[Signal]' is not registered [Hierarchy: '[DesignObjHierarchy]']
  Violation           : Lint:263
  Goal                : BOS_LINT_RULE
  FileName            : /storage/project/atlas/design/user/pnson/ATLAS_WORKING/IP/AESDMA/RTL/AESDMA_CORE/AESDMA_AXIMUX_RD_2X1.v
  LineNumber          : 109
  Statement           : assign  O_M_ARLEN   = (ar_grant[0])? I_S_ARLEN_0   : I_S_ARLEN_1   ;
  Signal              : I_S_ARLEN_1
  Module              : AESDMA_AXIMUX_RD_2X1
  DesignObjHierarchy  : u_AESDMA_TOP.u_aesdma_top.u_AESDMA_AXIMUX_RD_2X1
  -----------------------------------------------------------------------------
  Tag                 : RegInputOutput-ML
  Description         : Port '[Signal]' is not registered [Hierarchy: '[DesignObjHierarchy]']
  Violation           : Lint:264
  Goal                : BOS_LINT_RULE
  FileName            : /storage/project/atlas/design/user/pnson/ATLAS_WORKING/IP/AESDMA/RTL/AESDMA_CORE/AESDMA_AXIMUX_RD_2X1.v
  LineNumber          : 104
  Statement           : assign  O_M_ARSIZE  = (ar_grant[0])? I_S_ARSIZE_0  : I_S_ARSIZE_1  ;
  Signal              : I_S_ARSIZE_1
  Module              : AESDMA_AXIMUX_RD_2X1
  DesignObjHierarchy  : u_AESDMA_TOP.u_aesdma_top.u_AESDMA_AXIMUX_RD_2X1
  -----------------------------------------------------------------------------
  Tag                 : RegInputOutput-ML
  Description         : Port '[Signal]' is not registered [Hierarchy: '[DesignObjHierarchy]']
  Violation           : Lint:265
  Goal                : BOS_LINT_RULE
  FileName            : /storage/project/atlas/design/user/pnson/ATLAS_WORKING/IP/AESDMA/RTL/AESDMA_CORE/AESDMA_AXIMUX_RD_2X1.v
  LineNumber          : 105
  Statement           : assign  O_M_ARBURST = (ar_grant[0])? I_S_ARBURST_0 : I_S_ARBURST_1 ;
  Signal              : I_S_ARBURST_1
  Module              : AESDMA_AXIMUX_RD_2X1
  DesignObjHierarchy  : u_AESDMA_TOP.u_aesdma_top.u_AESDMA_AXIMUX_RD_2X1
  -----------------------------------------------------------------------------
  Tag                 : RegInputOutput-ML
  Description         : Port '[Signal]' is not registered [Hierarchy: '[DesignObjHierarchy]']
  Violation           : Lint:266
  Goal                : BOS_LINT_RULE
  FileName            : /storage/project/atlas/design/user/pnson/ATLAS_WORKING/IP/AESDMA/RTL/AESDMA_CORE/AESDMA_AXIMUX_RD_2X1.v
  LineNumber          : 110
  Statement           : assign  O_M_ARLOCK  = (ar_grant[0])? I_S_ARLOCK_0  : I_S_ARLOCK_1  ;
  Signal              : I_S_ARLOCK_1
  Module              : AESDMA_AXIMUX_RD_2X1
  DesignObjHierarchy  : u_AESDMA_TOP.u_aesdma_top.u_AESDMA_AXIMUX_RD_2X1
  -----------------------------------------------------------------------------
  Tag                 : RegInputOutput-ML
  Description         : Port '[Signal]' is not registered [Hierarchy: '[DesignObjHierarchy]']
  Violation           : Lint:267
  Goal                : BOS_LINT_RULE
  FileName            : /storage/project/atlas/design/user/pnson/ATLAS_WORKING/IP/AESDMA/RTL/AESDMA_CORE/AESDMA_AXIMUX_RD_2X1.v
  LineNumber          : 102
  Statement           : assign  O_M_ARVALID = (ar_grant[0])? I_S_ARVALID_0 : I_S_ARVALID_1 ;
  Signal              : I_S_ARVALID_1
  Module              : AESDMA_AXIMUX_RD_2X1
  DesignObjHierarchy  : u_AESDMA_TOP.u_aesdma_top.u_AESDMA_AXIMUX_RD_2X1
  -----------------------------------------------------------------------------
  Tag                 : RegInputOutput-ML
  Description         : Port '[Signal]' is not registered [Hierarchy: '[DesignObjHierarchy]']
  Violation           : Lint:268
  Goal                : BOS_LINT_RULE
  FileName            : /storage/project/atlas/design/user/pnson/ATLAS_WORKING/IP/AESDMA/RTL/AESDMA_CORE/AESDMA_RD_DESC.sv
  LineNumber          : 195
  Statement           :     end else if ((I_ArReady & O_ArValid) & (O_RReady & I_RValid)) begin
  Signal              : O_S_ARREADY_1
  Module              : AESDMA_AXIMUX_RD_2X1
  DesignObjHierarchy  : u_AESDMA_TOP.u_aesdma_top.u_AESDMA_AXIMUX_RD_2X1
  -----------------------------------------------------------------------------
  Tag                 : RegInputOutput-ML
  Description         : Port '[Signal]' is not registered [Hierarchy: '[DesignObjHierarchy]']
  Violation           : Lint:269
  Goal                : BOS_LINT_RULE
  FileName            : /storage/project/atlas/design/user/pnson/ATLAS_WORKING/IP/AESDMA/RTL/AESDMA_CORE/AESDMA_AXIMUX_RD_2X1.v
  LineNumber          : 58
  Statement           :         output wire [ AXI_ID_WD-1: 0]       O_S_RID_1,
  Signal              : O_S_RID_1
  Module              : AESDMA_AXIMUX_RD_2X1
  DesignObjHierarchy  : u_AESDMA_TOP.u_aesdma_top.u_AESDMA_AXIMUX_RD_2X1
  -----------------------------------------------------------------------------
  Tag                 : RegInputOutput-ML
  Description         : Port '[Signal]' is not registered [Hierarchy: '[DesignObjHierarchy]']
  Violation           : Lint:270
  Goal                : BOS_LINT_RULE
  FileName            : /storage/project/atlas/design/user/pnson/ATLAS_WORKING/IP/AESDMA/RTL/AESDMA_CORE/AESDMA_AXIMUX_RD_2X1.v
  LineNumber          : 60
  Statement           :         output wire [ 1: 0]                 O_S_RRESP_1,
  Signal              : O_S_RRESP_1
  Module              : AESDMA_AXIMUX_RD_2X1
  DesignObjHierarchy  : u_AESDMA_TOP.u_aesdma_top.u_AESDMA_AXIMUX_RD_2X1
  -----------------------------------------------------------------------------
  Tag                 : RegInputOutput-ML
  Description         : Port '[Signal]' is not registered [Hierarchy: '[DesignObjHierarchy]']
  Violation           : Lint:271
  Goal                : BOS_LINT_RULE
  FileName            : /storage/project/atlas/design/user/pnson/ATLAS_WORKING/IP/AESDMA/RTL/AESDMA_CORE/AESDMA_AXIMUX_RD_2X1.v
  LineNumber          : 61
  Statement           :         output wire                         O_S_RLAST_1,
  Signal              : O_S_RLAST_1
  Module              : AESDMA_AXIMUX_RD_2X1
  DesignObjHierarchy  : u_AESDMA_TOP.u_aesdma_top.u_AESDMA_AXIMUX_RD_2X1
  -----------------------------------------------------------------------------
  Tag                 : RegInputOutput-ML
  Description         : Port '[Signal]' is not registered [Hierarchy: '[DesignObjHierarchy]']
  Violation           : Lint:272
  Goal                : BOS_LINT_RULE
  FileName            : /storage/project/atlas/design/user/pnson/ATLAS_WORKING/IP/AESDMA/RTL/AESDMA_CORE/AESDMA_RD_DESC.sv
  LineNumber          : 309
  Statement           :             if (I_RValid & O_RReady) begin
  Signal              : O_S_RVALID_1
  Module              : AESDMA_AXIMUX_RD_2X1
  DesignObjHierarchy  : u_AESDMA_TOP.u_aesdma_top.u_AESDMA_AXIMUX_RD_2X1
  -----------------------------------------------------------------------------
  Tag                 : RegInputOutput-ML
  Description         : Port '[Signal]' is not registered [Hierarchy: '[DesignObjHierarchy]']
  Violation           : Lint:273
  Goal                : BOS_LINT_RULE
  FileName            : /storage/project/atlas/design/user/pnson/ATLAS_WORKING/IP/AESDMA/RTL/AESDMA_CORE/AESDMA_AXIMUX_RD_2X1.v
  LineNumber          : 129
  Statement           : assign  O_M_RREADY      = ( I_M_RID[0])?   I_S_RREADY_1    : I_S_RREADY_0;
  Signal              : I_S_RREADY_1
  Module              : AESDMA_AXIMUX_RD_2X1
  DesignObjHierarchy  : u_AESDMA_TOP.u_aesdma_top.u_AESDMA_AXIMUX_RD_2X1
  -----------------------------------------------------------------------------
  Tag                 : RegInputOutput-ML
  Description         : Port '[Signal]' is not registered [Hierarchy: '[DesignObjHierarchy]']
  Violation           : Lint:274
  Goal                : BOS_LINT_RULE
  FileName            : /storage/project/atlas/design/user/pnson/ATLAS_WORKING/IP/AESDMA/RTL/AESDMA_CORE/AESDMA_SYNC_FIFO_REG.v
  LineNumber          : 62
  Statement           :             if ( I_SVALID && O_SREADY) begin 
  Signal              : O_M_ARVALID
  Module              : AESDMA_AXIMUX_RD_2X1
  DesignObjHierarchy  : u_AESDMA_TOP.u_aesdma_top.u_AESDMA_AXIMUX_RD_2X1
  -----------------------------------------------------------------------------
  Tag                 : RegInputOutput-ML
  Description         : Port '[Signal]' is not registered [Hierarchy: '[DesignObjHierarchy]']
  Violation           : Lint:275
  Goal                : BOS_LINT_RULE
  FileName            : /storage/project/atlas/design/user/pnson/ATLAS_WORKING/IP/AESDMA/RTL/AESDMA_CORE/AESDMA_AXIMUX_RD_2X1.v
  LineNumber          : 111
  Statement           : assign  O_S_ARREADY_0   = ( ar_grant[0])? I_M_ARREADY     :
  Signal              : I_M_ARREADY
  Module              : AESDMA_AXIMUX_RD_2X1
  DesignObjHierarchy  : u_AESDMA_TOP.u_aesdma_top.u_AESDMA_AXIMUX_RD_2X1
  -----------------------------------------------------------------------------
  Tag                 : RegInputOutput-ML
  Description         : Port '[Signal]' is not registered [Hierarchy: '[DesignObjHierarchy]']
  Violation           : Lint:276
  Goal                : BOS_LINT_RULE
  FileName            : /storage/project/atlas/design/user/pnson/ATLAS_WORKING/IP/AESDMA/RTL/AESDMA_CORE/AESDMA_AXIMUX_RD_2X1.v
  LineNumber          : 127
  Statement           : assign  O_S_RVALID_0    = (~I_M_RID[0]) & I_M_RVALID;
  Signal              : I_M_RID
  Module              : AESDMA_AXIMUX_RD_2X1
  DesignObjHierarchy  : u_AESDMA_TOP.u_aesdma_top.u_AESDMA_AXIMUX_RD_2X1
  -----------------------------------------------------------------------------
  Tag                 : RegInputOutput-ML
  Description         : Port '[Signal]' is not registered [Hierarchy: '[DesignObjHierarchy]']
  Violation           : Lint:277
  Goal                : BOS_LINT_RULE
  FileName            : /storage/project/atlas/design/user/pnson/ATLAS_WORKING/IP/AESDMA/RTL/AESDMA_CORE/AESDMA_TOP.v
  LineNumber          : 2587
  Statement           : assign w_rdcore_rdata_mux = (~w_rd_big_endian_flag ? w_rdcore_rdata : w_rdcore_rdata_bigend);
  Signal              : I_M_RDATA
  Module              : AESDMA_AXIMUX_RD_2X1
  DesignObjHierarchy  : u_AESDMA_TOP.u_aesdma_top.u_AESDMA_AXIMUX_RD_2X1
  -----------------------------------------------------------------------------
  Tag                 : RegInputOutput-ML
  Description         : Port '[Signal]' is not registered [Hierarchy: '[DesignObjHierarchy]']
  Violation           : Lint:278
  Goal                : BOS_LINT_RULE
  FileName            : /storage/project/atlas/design/user/pnson/ATLAS_WORKING/IP/AESDMA/RTL/AESDMA_CORE/AESDMA_AXIMUX_RD_2X1.v
  LineNumber          : 80
  Statement           :         input       [ 1: 0]                 I_M_RRESP,
  Signal              : I_M_RRESP
  Module              : AESDMA_AXIMUX_RD_2X1
  DesignObjHierarchy  : u_AESDMA_TOP.u_aesdma_top.u_AESDMA_AXIMUX_RD_2X1
  -----------------------------------------------------------------------------
  Tag                 : RegInputOutput-ML
  Description         : Port '[Signal]' is not registered [Hierarchy: '[DesignObjHierarchy]']
  Violation           : Lint:279
  Goal                : BOS_LINT_RULE
  FileName            : /storage/project/atlas/design/user/pnson/ATLAS_WORKING/IP/AESDMA/RTL/AESDMA_CORE/AESDMA_RDCORE.sv
  LineNumber          : 280
  Statement           : assign w_arid_push = (I_RValid & O_RReady) & I_RLast & I_RdUniqueIdEn; //store the used ID 
  Signal              : I_M_RLAST
  Module              : AESDMA_AXIMUX_RD_2X1
  DesignObjHierarchy  : u_AESDMA_TOP.u_aesdma_top.u_AESDMA_AXIMUX_RD_2X1
  -----------------------------------------------------------------------------
  Tag                 : RegInputOutput-ML
  Description         : Port '[Signal]' is not registered [Hierarchy: '[DesignObjHierarchy]']
  Violation           : Lint:280
  Goal                : BOS_LINT_RULE
  FileName            : /storage/project/atlas/design/user/pnson/ATLAS_WORKING/IP/AESDMA/RTL/AESDMA_CORE/AESDMA_AXIMUX_RD_2X1.v
  LineNumber          : 127
  Statement           : assign  O_S_RVALID_0    = (~I_M_RID[0]) & I_M_RVALID;
  Signal              : I_M_RVALID
  Module              : AESDMA_AXIMUX_RD_2X1
  DesignObjHierarchy  : u_AESDMA_TOP.u_aesdma_top.u_AESDMA_AXIMUX_RD_2X1
  -----------------------------------------------------------------------------
  Tag                 : RegInputOutput-ML
  Description         : Port '[Signal]' is not registered [Hierarchy: '[DesignObjHierarchy]']
  Violation           : Lint:281
  Goal                : BOS_LINT_RULE
  FileName            : /storage/project/atlas/design/user/pnson/ATLAS_WORKING/IP/AESDMA/RTL/AESDMA_CORE/AESDMA_SYNC_FIFO_REG.v
  LineNumber          : 111
  Statement           :     assign O_MVALID  =   ~((w_cnt == r_cnt) & (r_ex_cnt == w_ex_cnt)); 
  Signal              : O_M_RREADY
  Module              : AESDMA_AXIMUX_RD_2X1
  DesignObjHierarchy  : u_AESDMA_TOP.u_aesdma_top.u_AESDMA_AXIMUX_RD_2X1
  -----------------------------------------------------------------------------
  Tag                 : RegInputOutput-ML
  Description         : Port '[Signal]' is not registered [Hierarchy: '[DesignObjHierarchy]']
  Violation           : Lint:282
  Goal                : BOS_LINT_RULE
  FileName            : /storage/project/atlas/design/user/pnson/ATLAS_WORKING/IP/AESDMA/RTL/AESDMA_CORE/AESDMA_ARBITER_2X1.v
  LineNumber          : 52
  Statement           :             else if (I_REQUEST[0])  O_GRANT_NEXT = 2'b01;
  Signal              : I_REQ
  Module              : AESDMA_ARBITER_2X1
  DesignObjHierarchy  : u_AESDMA_TOP.u_aesdma_top.u_AESDMA_AXIMUX_RD_2X1.AR_ARBITER
  -----------------------------------------------------------------------------
  Tag                 : RegInputOutput-ML
  Description         : Port '[Signal]' is not registered [Hierarchy: '[DesignObjHierarchy]']
  Violation           : Lint:283
  Goal                : BOS_LINT_RULE
  FileName            : /storage/project/atlas/design/user/pnson/ATLAS_WORKING/IP/AESDMA/RTL/AESDMA_CORE/AESDMA_ARBITER_2X1.v
  LineNumber          : 31
  Statement           :     end else if (w_any_request & I_ARB_EN) begin
  Signal              : I_ARB_EN
  Module              : AESDMA_ARBITER_2X1
  DesignObjHierarchy  : u_AESDMA_TOP.u_aesdma_top.u_AESDMA_AXIMUX_RD_2X1.AR_ARBITER
  -----------------------------------------------------------------------------
  Tag                 : RegInputOutput-ML
  Description         : Port '[Signal]' is not registered [Hierarchy: '[DesignObjHierarchy]']
  Violation           : Lint:284
  Goal                : BOS_LINT_RULE
  FileName            : /storage/project/atlas/design/user/pnson/ATLAS_WORKING/IP/AESDMA/RTL/AESDMA_CORE/AESDMA_ARBITER_2X1.v
  LineNumber          : 14
  Statement           :     output  [1:0]   O_GRANTED_AGENT
  Signal              : O_GRANTED_AGENT
  Module              : AESDMA_ARBITER_2X1
  DesignObjHierarchy  : u_AESDMA_TOP.u_aesdma_top.u_AESDMA_AXIMUX_RD_2X1.AR_ARBITER
  -----------------------------------------------------------------------------
  Tag                 : RegInputOutput-ML
  Description         : Port '[Signal]' is not registered [Hierarchy: '[DesignObjHierarchy]']
  Violation           : Lint:285
  Goal                : BOS_LINT_RULE
  FileName            : /storage/project/atlas/design/user/pnson/ATLAS_WORKING/IP/AESDMA/RTL/AESDMA_CORE/AESDMA_ARBITER_2X1.v
  LineNumber          : 52
  Statement           :             else if (I_REQUEST[0])  O_GRANT_NEXT = 2'b01;
  Signal              : I_REQUEST
  Module              : AESDMA_RR_ARBITER2
  DesignObjHierarchy  : u_AESDMA_TOP.u_aesdma_top.u_AESDMA_AXIMUX_RD_2X1.AR_ARBITER.u_rr_arbiter
  -----------------------------------------------------------------------------
  Tag                 : RegInputOutput-ML
  Description         : Port '[Signal]' is not registered [Hierarchy: '[DesignObjHierarchy]']
  Violation           : Lint:286
  Goal                : BOS_LINT_RULE
  FileName            : /storage/project/atlas/design/user/pnson/ATLAS_WORKING/IP/AESDMA/RTL/AESDMA_CORE/AESDMA_RDCORE.sv
  LineNumber          : 512
  Statement           :                     n_rdAddrState = ST_RA_MAIN;
  Signal              : I_RdStartLevel_Ar
  Module              : AESDMA_RDCORE
  DesignObjHierarchy  : u_AESDMA_TOP.u_aesdma_top.u_AESDMA_RDCORE
  -----------------------------------------------------------------------------
  Tag                 : RegInputOutput-ML
  Description         : Port '[Signal]' is not registered [Hierarchy: '[DesignObjHierarchy]']
  Violation           : Lint:287
  Goal                : BOS_LINT_RULE
  FileName            : /storage/project/atlas/design/user/pnson/ATLAS_WORKING/IP/AESDMA/RTL/AESDMA_CORE/AESDMA_RDCORE.sv
  LineNumber          : 268
  Statement           : assign w_skip_rdLength_adj_Ar = I_RdLen_Ar + I_RdStartAddr_Ar[ADDR_BASE_LSB-1:0];
  Signal              : I_RdStartAddr_Ar
  Module              : AESDMA_RDCORE
  DesignObjHierarchy  : u_AESDMA_TOP.u_aesdma_top.u_AESDMA_RDCORE
  -----------------------------------------------------------------------------
  Tag                 : RegInputOutput-ML
  Description         : Port '[Signal]' is not registered [Hierarchy: '[DesignObjHierarchy]']
  Violation           : Lint:288
  Goal                : BOS_LINT_RULE
  FileName            : /storage/project/atlas/design/user/pnson/ATLAS_WORKING/IP/AESDMA/RTL/AESDMA_CORE/AESDMA_RDCORE.sv
  LineNumber          : 368
  Statement           : assign w_rd_len_ar = (r_rdAddrState == ST_RA_IDLE)? I_RdLen_Ar: r_rd_len_ar;
  Signal              : I_RdLen_Ar
  Module              : AESDMA_RDCORE
  DesignObjHierarchy  : u_AESDMA_TOP.u_aesdma_top.u_AESDMA_RDCORE
  -----------------------------------------------------------------------------
  Tag                 : RegInputOutput-ML
  Description         : Port '[Signal]' is not registered [Hierarchy: '[DesignObjHierarchy]']
  Violation           : Lint:289
  Goal                : BOS_LINT_RULE
  FileName            : /storage/project/atlas/design/user/pnson/ATLAS_WORKING/IP/AESDMA/RTL/AESDMA_CORE/AESDMA_TOP.v
  LineNumber          : 2037
  Statement           : assign w_axidma_rd_ar_done        = w_axidma_enabled & w_dma_rd_ar_done;
  Signal              : O_RdDone_Ar
  Module              : AESDMA_RDCORE
  DesignObjHierarchy  : u_AESDMA_TOP.u_aesdma_top.u_AESDMA_RDCORE
  -----------------------------------------------------------------------------
  Tag                 : RegInputOutput-ML
  Description         : Port '[Signal]' is not registered [Hierarchy: '[DesignObjHierarchy]']
  Violation           : Lint:290
  Goal                : BOS_LINT_RULE
  FileName            : /storage/project/atlas/design/user/pnson/ATLAS_WORKING/IP/AESDMA/RTL/AESDMA_CORE/AESDMA_RDCORE.sv
  LineNumber          : 58
  Statement           :     output logic                                O_RdBusy_Ar,
  Signal              : O_RdBusy_Ar
  Module              : AESDMA_RDCORE
  DesignObjHierarchy  : u_AESDMA_TOP.u_aesdma_top.u_AESDMA_RDCORE
  -----------------------------------------------------------------------------
  Tag                 : RegInputOutput-ML
  Description         : Port '[Signal]' is not registered [Hierarchy: '[DesignObjHierarchy]']
  Violation           : Lint:291
  Goal                : BOS_LINT_RULE
  FileName            : /storage/project/atlas/design/user/pnson/ATLAS_WORKING/IP/AESDMA/RTL/AESDMA_CORE/AESDMA_TOP.v
  LineNumber          : 2039
  Statement           : assign w_axidma_rd_ar_cmdack      = w_axidma_enabled & w_dma_rd_ar_cmdack;
  Signal              : O_RdCmdAck_Ar
  Module              : AESDMA_RDCORE
  DesignObjHierarchy  : u_AESDMA_TOP.u_aesdma_top.u_AESDMA_RDCORE
  -----------------------------------------------------------------------------
  Tag                 : RegInputOutput-ML
  Description         : Port '[Signal]' is not registered [Hierarchy: '[DesignObjHierarchy]']
  Violation           : Lint:292
  Goal                : BOS_LINT_RULE
  FileName            : /storage/project/atlas/design/user/pnson/ATLAS_WORKING/IP/AESDMA/RTL/AESDMA_CORE/AESDMA_RDCORE.sv
  LineNumber          : 602
  Statement           :                     n_rdDataState = ST_RD_BODY;
  Signal              : I_RdStartLevel_R
  Module              : AESDMA_RDCORE
  DesignObjHierarchy  : u_AESDMA_TOP.u_aesdma_top.u_AESDMA_RDCORE
  -----------------------------------------------------------------------------
  Tag                 : RegInputOutput-ML
  Description         : Port '[Signal]' is not registered [Hierarchy: '[DesignObjHierarchy]']
  Violation           : Lint:293
  Goal                : BOS_LINT_RULE
  FileName            : /storage/project/atlas/design/user/pnson/ATLAS_WORKING/IP/AESDMA/RTL/AESDMA_CORE/AESDMA_RDCORE.sv
  LineNumber          : 372
  Statement           : assign w_rd_start_addr_r  = (r_rdDataState == ST_RD_IDLE)? I_RdStartAddr_R : r_rd_start_addr_r;
  Signal              : I_RdStartAddr_R
  Module              : AESDMA_RDCORE
  DesignObjHierarchy  : u_AESDMA_TOP.u_aesdma_top.u_AESDMA_RDCORE
  -----------------------------------------------------------------------------
  Tag                 : RegInputOutput-ML
  Description         : Port '[Signal]' is not registered [Hierarchy: '[DesignObjHierarchy]']
  Violation           : Lint:294
  Goal                : BOS_LINT_RULE
  FileName            : /storage/project/atlas/design/user/pnson/ATLAS_WORKING/IP/AESDMA/RTL/AESDMA_CORE/AESDMA_RDCORE.sv
  LineNumber          : 269
  Statement           : assign w_skip_rdLength_adj_R = I_RdLen_R + I_RdStartAddr_R[ADDR_BASE_LSB-1:0];
  Signal              : I_RdLen_R
  Module              : AESDMA_RDCORE
  DesignObjHierarchy  : u_AESDMA_TOP.u_aesdma_top.u_AESDMA_RDCORE
  -----------------------------------------------------------------------------
  Tag                 : RegInputOutput-ML
  Description         : Port '[Signal]' is not registered [Hierarchy: '[DesignObjHierarchy]']
  Violation           : Lint:295
  Goal                : BOS_LINT_RULE
  FileName            : /storage/project/atlas/design/user/pnson/ATLAS_WORKING/IP/AESDMA/RTL/AESDMA_CORE/AESDMA_TOP.v
  LineNumber          : 2049
  Statement           : assign w_axidma_rd_r_done         = w_axidma_enabled & w_dma_rd_r_done;
  Signal              : O_RdDone_R
  Module              : AESDMA_RDCORE
  DesignObjHierarchy  : u_AESDMA_TOP.u_aesdma_top.u_AESDMA_RDCORE
  -----------------------------------------------------------------------------
  Tag                 : RegInputOutput-ML
  Description         : Port '[Signal]' is not registered [Hierarchy: '[DesignObjHierarchy]']
  Violation           : Lint:296
  Goal                : BOS_LINT_RULE
  FileName            : /storage/project/atlas/design/user/pnson/ATLAS_WORKING/IP/AESDMA/RTL/AESDMA_CORE/AESDMA_RDCORE.sv
  LineNumber          : 65
  Statement           :     output logic                                O_RdBusy_R,
  Signal              : O_RdBusy_R
  Module              : AESDMA_RDCORE
  DesignObjHierarchy  : u_AESDMA_TOP.u_aesdma_top.u_AESDMA_RDCORE
  -----------------------------------------------------------------------------
  Tag                 : RegInputOutput-ML
  Description         : Port '[Signal]' is not registered [Hierarchy: '[DesignObjHierarchy]']
  Violation           : Lint:297
  Goal                : BOS_LINT_RULE
  FileName            : /storage/project/atlas/design/user/pnson/ATLAS_WORKING/IP/AESDMA/RTL/AESDMA_CORE/AESDMA_TOP.v
  LineNumber          : 2055
  Statement           : assign w_aesdma_rd_r_cmdack       = (~w_axidma_enabled | w_bd_mode_aad_rd_r_state | ( w_axidma_enabled & w_aes_bd_en ) ) & w_dma_rd_r_cmdack;
  Signal              : O_RdCmdAck_R
  Module              : AESDMA_RDCORE
  DesignObjHierarchy  : u_AESDMA_TOP.u_aesdma_top.u_AESDMA_RDCORE
  -----------------------------------------------------------------------------
  Tag                 : RegInputOutput-ML
  Description         : Port '[Signal]' is not registered [Hierarchy: '[DesignObjHierarchy]']
  Violation           : Lint:298
  Goal                : BOS_LINT_RULE
  FileName            : /storage/project/atlas/design/user/pnson/ATLAS_WORKING/IP/AESDMA/RTL/AESDMA_CORE/AESDMA_RDCORE.sv
  LineNumber          : 71
  Statement           :     output logic                                O_RdRCntZero,
  Signal              : O_RdRCntZero
  Module              : AESDMA_RDCORE
  DesignObjHierarchy  : u_AESDMA_TOP.u_aesdma_top.u_AESDMA_RDCORE
  -----------------------------------------------------------------------------
  Tag                 : RegInputOutput-ML
  Description         : Port '[Signal]' is not registered [Hierarchy: '[DesignObjHierarchy]']
  Violation           : Lint:299
  Goal                : BOS_LINT_RULE
  FileName            : /storage/project/atlas/design/user/pnson/ATLAS_WORKING/IP/AESDMA/RTL/AESDMA_CORE/AESDMA_FWD_RS.v
  LineNumber          : 84
  Statement           :   assign O_SREADY = I_MREADY | ~ivalid_dst;
  Signal              : I_RdFifo_Ready
  Module              : AESDMA_RDCORE
  DesignObjHierarchy  : u_AESDMA_TOP.u_aesdma_top.u_AESDMA_RDCORE
  -----------------------------------------------------------------------------
  Tag                 : RegInputOutput-ML
  Description         : Port '[Signal]' is not registered [Hierarchy: '[DesignObjHierarchy]']
  Violation           : Lint:300
  Goal                : BOS_LINT_RULE
  FileName            : /storage/project/atlas/design/user/pnson/ATLAS_WORKING/IP/AESDMA/RTL/AESDMA_CORE/AESDMA_DATAGEN.v
  LineNumber          : 355
  Statement           : assign w_sdata_len_kkh = I_CRC_EN ? ((I_DMA_MODE_SEL != DMA_MODE_WRITE_ONLY)? I_SDATA_LEN : I_DMA_LENGTH) : r_sdata_len ;
  Signal              : O_RdLen_CRC
  Module              : AESDMA_RDCORE
  DesignObjHierarchy  : u_AESDMA_TOP.u_aesdma_top.u_AESDMA_RDCORE
  -----------------------------------------------------------------------------
  Tag                 : RegInputOutput-ML
  Description         : Port '[Signal]' is not registered [Hierarchy: '[DesignObjHierarchy]']
  Violation           : Lint:301
  Goal                : BOS_LINT_RULE
  FileName            : /storage/project/atlas/design/user/pnson/ATLAS_WORKING/IP/AESDMA/RTL/AESDMA_CORE/AESDMA_TOP.v
  LineNumber          : 997
  Statement           :         r_sw_reset <= w_dma_rd_held & w_dma_wr_held & w_bdheld & w_sw_reset;
  Signal              : O_RdHeld
  Module              : AESDMA_RDCORE
  DesignObjHierarchy  : u_AESDMA_TOP.u_aesdma_top.u_AESDMA_RDCORE
  -----------------------------------------------------------------------------
  Tag                 : RegInputOutput-ML
  Description         : Port '[Signal]' is not registered [Hierarchy: '[DesignObjHierarchy]']
  Violation           : Lint:302
  Goal                : BOS_LINT_RULE
  FileName            : /storage/project/atlas/design/user/pnson/ATLAS_WORKING/IP/AESDMA/RTL/AESDMA_CORE/AESDMA_RDCORE.sv
  LineNumber          : 89
  Statement           :     output logic      [1:0]                     O_RResp,
  Signal              : O_RResp
  Module              : AESDMA_RDCORE
  DesignObjHierarchy  : u_AESDMA_TOP.u_aesdma_top.u_AESDMA_RDCORE
  -----------------------------------------------------------------------------
  Tag                 : RegInputOutput-ML
  Description         : Port '[Signal]' is not registered [Hierarchy: '[DesignObjHierarchy]']
  Violation           : Lint:303
  Goal                : BOS_LINT_RULE
  FileName            : /storage/project/atlas/design/user/pnson/ATLAS_WORKING/IP/AESDMA/RTL/AESDMA_CORE/AESDMA_RDCORE.sv
  LineNumber          : 92
  Statement           :     output logic      [AXI_ID_WD-1:0]           O_ArId,
  Signal              : O_ArId
  Module              : AESDMA_RDCORE
  DesignObjHierarchy  : u_AESDMA_TOP.u_aesdma_top.u_AESDMA_RDCORE
  -----------------------------------------------------------------------------
  Tag                 : RegInputOutput-ML
  Description         : Port '[Signal]' is not registered [Hierarchy: '[DesignObjHierarchy]']
  Violation           : Lint:304
  Goal                : BOS_LINT_RULE
  FileName            : /storage/project/atlas/design/user/pnson/ATLAS_WORKING/IP/AESDMA/RTL/AESDMA_CORE/AESDMA_AXIMUX_RD_2X1.v
  LineNumber          : 103
  Statement           : assign  O_M_ARADDR  = (ar_grant[0])? I_S_ARADDR_0  : I_S_ARADDR_1  ;
  Signal              : O_ArAddr
  Module              : AESDMA_RDCORE
  DesignObjHierarchy  : u_AESDMA_TOP.u_aesdma_top.u_AESDMA_RDCORE
  -----------------------------------------------------------------------------
  Tag                 : RegInputOutput-ML
  Description         : Port '[Signal]' is not registered [Hierarchy: '[DesignObjHierarchy]']
  Violation           : Lint:305
  Goal                : BOS_LINT_RULE
  FileName            : /storage/project/atlas/design/user/pnson/ATLAS_WORKING/IP/AESDMA/RTL/AESDMA_CORE/AESDMA_AXIMUX_RD_2X1.v
  LineNumber          : 109
  Statement           : assign  O_M_ARLEN   = (ar_grant[0])? I_S_ARLEN_0   : I_S_ARLEN_1   ;
  Signal              : O_ArLen
  Module              : AESDMA_RDCORE
  DesignObjHierarchy  : u_AESDMA_TOP.u_aesdma_top.u_AESDMA_RDCORE
  -----------------------------------------------------------------------------
  Tag                 : RegInputOutput-ML
  Description         : Port '[Signal]' is not registered [Hierarchy: '[DesignObjHierarchy]']
  Violation           : Lint:306
  Goal                : BOS_LINT_RULE
  FileName            : /storage/project/atlas/design/user/pnson/ATLAS_WORKING/IP/AESDMA/RTL/AESDMA_CORE/AESDMA_AXIMUX_RD_2X1.v
  LineNumber          : 104
  Statement           : assign  O_M_ARSIZE  = (ar_grant[0])? I_S_ARSIZE_0  : I_S_ARSIZE_1  ;
  Signal              : O_ArSize
  Module              : AESDMA_RDCORE
  DesignObjHierarchy  : u_AESDMA_TOP.u_aesdma_top.u_AESDMA_RDCORE
  -----------------------------------------------------------------------------
  Tag                 : RegInputOutput-ML
  Description         : Port '[Signal]' is not registered [Hierarchy: '[DesignObjHierarchy]']
  Violation           : Lint:307
  Goal                : BOS_LINT_RULE
  FileName            : /storage/project/atlas/design/user/pnson/ATLAS_WORKING/IP/AESDMA/RTL/AESDMA_CORE/AESDMA_AXIMUX_RD_2X1.v
  LineNumber          : 105
  Statement           : assign  O_M_ARBURST = (ar_grant[0])? I_S_ARBURST_0 : I_S_ARBURST_1 ;
  Signal              : O_ArBurst
  Module              : AESDMA_RDCORE
  DesignObjHierarchy  : u_AESDMA_TOP.u_aesdma_top.u_AESDMA_RDCORE
  -----------------------------------------------------------------------------
  Tag                 : RegInputOutput-ML
  Description         : Port '[Signal]' is not registered [Hierarchy: '[DesignObjHierarchy]']
  Violation           : Lint:308
  Goal                : BOS_LINT_RULE
  FileName            : /storage/project/atlas/design/user/pnson/ATLAS_WORKING/IP/AESDMA/RTL/AESDMA_CORE/AESDMA_AXIMUX_RD_2X1.v
  LineNumber          : 110
  Statement           : assign  O_M_ARLOCK  = (ar_grant[0])? I_S_ARLOCK_0  : I_S_ARLOCK_1  ;
  Signal              : O_ArLock
  Module              : AESDMA_RDCORE
  DesignObjHierarchy  : u_AESDMA_TOP.u_aesdma_top.u_AESDMA_RDCORE
  -----------------------------------------------------------------------------
  Tag                 : RegInputOutput-ML
  Description         : Port '[Signal]' is not registered [Hierarchy: '[DesignObjHierarchy]']
  Violation           : Lint:309
  Goal                : BOS_LINT_RULE
  FileName            : /storage/project/atlas/design/user/pnson/ATLAS_WORKING/IP/AESDMA/RTL/AESDMA_CORE/AESDMA_AXIMUX_RD_2X1.v
  LineNumber          : 102
  Statement           : assign  O_M_ARVALID = (ar_grant[0])? I_S_ARVALID_0 : I_S_ARVALID_1 ;
  Signal              : O_ArValid
  Module              : AESDMA_RDCORE
  DesignObjHierarchy  : u_AESDMA_TOP.u_aesdma_top.u_AESDMA_RDCORE
  -----------------------------------------------------------------------------
  Tag                 : RegInputOutput-ML
  Description         : Port '[Signal]' is not registered [Hierarchy: '[DesignObjHierarchy]']
  Violation           : Lint:310
  Goal                : BOS_LINT_RULE
  FileName            : /storage/project/atlas/design/user/pnson/ATLAS_WORKING/IP/AESDMA/RTL/AESDMA_CORE/AESDMA_RDCORE.sv
  LineNumber          : 579
  Statement           : assign w_skip_ra_idle = I_RdStartLevel_Ar & 
  Signal              : I_ArReady
  Module              : AESDMA_RDCORE
  DesignObjHierarchy  : u_AESDMA_TOP.u_aesdma_top.u_AESDMA_RDCORE
  -----------------------------------------------------------------------------
  Tag                 : RegInputOutput-ML
  Description         : Port '[Signal]' is not registered [Hierarchy: '[DesignObjHierarchy]']
  Violation           : Lint:311
  Goal                : BOS_LINT_RULE
  FileName            : /storage/project/atlas/design/user/pnson/ATLAS_WORKING/IP/AESDMA/RTL/AESDMA_CORE/AESDMA_SYNC_FIFO_ID_POOL.v
  LineNumber          : 78
  Statement           :                     mem[i] <= FIFO_WIDTH'(i); 
  Signal              : I_RId
  Module              : AESDMA_RDCORE
  DesignObjHierarchy  : u_AESDMA_TOP.u_aesdma_top.u_AESDMA_RDCORE
  -----------------------------------------------------------------------------
  Tag                 : RegInputOutput-ML
  Description         : Port '[Signal]' is not registered [Hierarchy: '[DesignObjHierarchy]']
  Violation           : Lint:312
  Goal                : BOS_LINT_RULE
  FileName            : /storage/project/atlas/design/user/pnson/ATLAS_WORKING/DK/mem/SAFETY_WRAPPER/ln04lpa_a00_mc_rd2rs_hsr_lvt_320x72m2b1c1_wrapper_safety_sf64eadi1/ln04lpa_a00_mc_rd2rs_hsr_lvt_320x72m2b1c1_wrapper_safety_sf64eadi1.sv
  LineNumber          : 928
  Statement           : assign EDO[6]  = EDI[4]^EDI[9]^EDI[13]^EDI[16]^EDI[18]^EDI[20]^EDI[24]^EDI[28]^EDI[31]^EDI[33]^EDI[35]^EDI[38]^EDI[41]^EDI[43]^EDI[45]^EDI[47]^EDI[49]^EDI[51]^EDI[52]^EDI[54]^EDI[55]^EDI[57]^EDI[58]^ ...
  Signal              : I_RData
  Module              : AESDMA_RDCORE
  DesignObjHierarchy  : u_AESDMA_TOP.u_aesdma_top.u_AESDMA_RDCORE
  -----------------------------------------------------------------------------
  Tag                 : RegInputOutput-ML
  Description         : Port '[Signal]' is not registered [Hierarchy: '[DesignObjHierarchy]']
  Violation           : Lint:313
  Goal                : BOS_LINT_RULE
  FileName            : /storage/project/atlas/design/user/pnson/ATLAS_WORKING/IP/AESDMA/RTL/AESDMA_CORE/AESDMA_RDCORE.sv
  LineNumber          : 106
  Statement           :     input  logic      [1:0]                     I_RResp,
  Signal              : I_RResp
  Module              : AESDMA_RDCORE
  DesignObjHierarchy  : u_AESDMA_TOP.u_aesdma_top.u_AESDMA_RDCORE
  -----------------------------------------------------------------------------
  Tag                 : RegInputOutput-ML
  Description         : Port '[Signal]' is not registered [Hierarchy: '[DesignObjHierarchy]']
  Violation           : Lint:314
  Goal                : BOS_LINT_RULE
  FileName            : /storage/project/atlas/design/user/pnson/ATLAS_WORKING/IP/AESDMA/RTL/AESDMA_CORE/AESDMA_RDCORE.sv
  LineNumber          : 280
  Statement           : assign w_arid_push = (I_RValid & O_RReady) & I_RLast & I_RdUniqueIdEn; //store the used ID 
  Signal              : I_RLast
  Module              : AESDMA_RDCORE
  DesignObjHierarchy  : u_AESDMA_TOP.u_aesdma_top.u_AESDMA_RDCORE
  -----------------------------------------------------------------------------
  Tag                 : RegInputOutput-ML
  Description         : Port '[Signal]' is not registered [Hierarchy: '[DesignObjHierarchy]']
  Violation           : Lint:315
  Goal                : BOS_LINT_RULE
  FileName            : /storage/project/atlas/design/user/pnson/ATLAS_WORKING/IP/AESDMA/RTL/AESDMA_CORE/AESDMA_RDCORE.sv
  LineNumber          : 449
  Statement           :     end else if ((I_ArReady & O_ArValid) & (I_RValid & O_RReady)) begin
  Signal              : I_RValid
  Module              : AESDMA_RDCORE
  DesignObjHierarchy  : u_AESDMA_TOP.u_aesdma_top.u_AESDMA_RDCORE
  -----------------------------------------------------------------------------
  Tag                 : RegInputOutput-ML
  Description         : Port '[Signal]' is not registered [Hierarchy: '[DesignObjHierarchy]']
  Violation           : Lint:316
  Goal                : BOS_LINT_RULE
  FileName            : /storage/project/atlas/design/user/pnson/ATLAS_WORKING/IP/AESDMA/RTL/AESDMA_CORE/AESDMA_AXIMUX_RD_2X1.v
  LineNumber          : 129
  Statement           : assign  O_M_RREADY      = ( I_M_RID[0])?   I_S_RREADY_1    : I_S_RREADY_0;
  Signal              : O_RReady
  Module              : AESDMA_RDCORE
  DesignObjHierarchy  : u_AESDMA_TOP.u_aesdma_top.u_AESDMA_RDCORE
  -----------------------------------------------------------------------------
  Tag                 : RegInputOutput-ML
  Description         : Port '[Signal]' is not registered [Hierarchy: '[DesignObjHierarchy]']
  Violation           : Lint:317
  Goal                : BOS_LINT_RULE
  FileName            : /storage/project/atlas/design/user/pnson/ATLAS_WORKING/IP/AESDMA/RTL/AESDMA_CORE/AESDMA_SYNC_FIFO_ID_POOL.v
  LineNumber          : 75
  Statement           :                 r_ex_cnt <= 1'b0; 
  Signal              : I_TR_DONE_PULSE
  Module              : AESDMA_RDCORE
  DesignObjHierarchy  : u_AESDMA_TOP.u_aesdma_top.u_AESDMA_RDCORE
  -----------------------------------------------------------------------------
  Tag                 : RegInputOutput-ML
  Description         : Port '[Signal]' is not registered [Hierarchy: '[DesignObjHierarchy]']
  Violation           : Lint:318
  Goal                : BOS_LINT_RULE
  FileName            : /storage/project/atlas/design/user/pnson/ATLAS_WORKING/IP/AESDMA/RTL/SAFETY/BOS_AESDMA.v
  LineNumber          : 1082
  Statement           : assign w_sram_rob_clk_en = ~(w_sram_rob_wr_enb & w_sram_rob_rd_enb) | w_auto_clk_gating_disable;
  Signal              : O_SRAM_ROB_RD_ENB
  Module              : AESDMA_RDCORE
  DesignObjHierarchy  : u_AESDMA_TOP.u_aesdma_top.u_AESDMA_RDCORE
  -----------------------------------------------------------------------------
  Tag                 : RegInputOutput-ML
  Description         : Port '[Signal]' is not registered [Hierarchy: '[DesignObjHierarchy]']
  Violation           : Lint:319
  Goal                : BOS_LINT_RULE
  FileName            : /storage/project/atlas/design/user/pnson/ATLAS_WORKING/IP/AESDMA/RTL/AESDMA_CORE/AESDMA_REORDER_BUF.sv
  LineNumber          : 343
  Statement           : assign w_sramfifo_mdata      = r_sram_dout_d1_valid ? r_sram_dout_d1 : w_sram_dout;
  Signal              : I_SRAM_ROB_RD_DATA
  Module              : AESDMA_RDCORE
  DesignObjHierarchy  : u_AESDMA_TOP.u_aesdma_top.u_AESDMA_RDCORE
  -----------------------------------------------------------------------------
  Tag                 : RegInputOutput-ML
  Description         : Port '[Signal]' is not registered [Hierarchy: '[DesignObjHierarchy]']
  Violation           : Lint:320
  Goal                : BOS_LINT_RULE
  FileName            : /storage/project/atlas/design/user/pnson/ATLAS_WORKING/IP/AESDMA/RTL/SAFETY/BOS_AESDMA.v
  LineNumber          : 1082
  Statement           : assign w_sram_rob_clk_en = ~(w_sram_rob_wr_enb & w_sram_rob_rd_enb) | w_auto_clk_gating_disable;
  Signal              : O_SRAM_ROB_WR_ENB
  Module              : AESDMA_RDCORE
  DesignObjHierarchy  : u_AESDMA_TOP.u_aesdma_top.u_AESDMA_RDCORE
  -----------------------------------------------------------------------------
  Tag                 : RegInputOutput-ML
  Description         : Port '[Signal]' is not registered [Hierarchy: '[DesignObjHierarchy]']
  Violation           : Lint:321
  Goal                : BOS_LINT_RULE
  FileName            : /storage/project/atlas/design/user/pnson/ATLAS_WORKING/IP/AESDMA/RTL/AESDMA_CORE/AESDMA_RDCORE.sv
  LineNumber          : 118
  Statement           :     output logic  [SRAM_ROB_ADDR_WD-1 : 0]      O_SRAM_ROB_WR_ADDR,
  Signal              : O_SRAM_ROB_WR_ADDR
  Module              : AESDMA_RDCORE
  DesignObjHierarchy  : u_AESDMA_TOP.u_aesdma_top.u_AESDMA_RDCORE
  -----------------------------------------------------------------------------
  Tag                 : RegInputOutput-ML
  Description         : Port '[Signal]' is not registered [Hierarchy: '[DesignObjHierarchy]']
  Violation           : Lint:322
  Goal                : BOS_LINT_RULE
  FileName            : /storage/project/atlas/design/user/pnson/ATLAS_WORKING/IP/AESDMA/RTL/AESDMA_CORE/AESDMA_RDCORE.sv
  LineNumber          : 119
  Statement           :     output logic  [AXI_DATA_WD-1:0]             O_SRAM_ROB_WR_DATA
  Signal              : O_SRAM_ROB_WR_DATA
  Module              : AESDMA_RDCORE
  DesignObjHierarchy  : u_AESDMA_TOP.u_aesdma_top.u_AESDMA_RDCORE
  -----------------------------------------------------------------------------
  Tag                 : RegInputOutput-ML
  Description         : Port '[Signal]' is not registered [Hierarchy: '[DesignObjHierarchy]']
  Violation           : Lint:323
  Goal                : BOS_LINT_RULE
  FileName            : /storage/project/atlas/design/user/pnson/ATLAS_WORKING/IP/AESDMA/RTL/AESDMA_CORE/AESDMA_SYNC_FIFO_ID_POOL.v
  LineNumber          : 75
  Statement           :                 r_ex_cnt <= 1'b0; 
  Signal              : I_OP_START_PULSE
  Module              : AESDMA_SYNC_FIFO_ID_POOL
  DesignObjHierarchy  : u_AESDMA_TOP.u_aesdma_top.u_AESDMA_RDCORE.u_SYNC_FIFO_ARID_POOL
  -----------------------------------------------------------------------------
  Tag                 : RegInputOutput-ML
  Description         : Port '[Signal]' is not registered [Hierarchy: '[DesignObjHierarchy]']
  Violation           : Lint:324
  Goal                : BOS_LINT_RULE
  FileName            : /storage/project/atlas/design/user/pnson/ATLAS_WORKING/IP/AESDMA/RTL/AESDMA_CORE/AESDMA_SYNC_FIFO_ID_POOL.v
  LineNumber          : 82
  Statement           :                 if ( I_SVALID && O_SREADY) begin 
  Signal              : I_SVALID
  Module              : AESDMA_SYNC_FIFO_ID_POOL
  DesignObjHierarchy  : u_AESDMA_TOP.u_aesdma_top.u_AESDMA_RDCORE.u_SYNC_FIFO_ARID_POOL
  -----------------------------------------------------------------------------
  Tag                 : RegInputOutput-ML
  Description         : Port '[Signal]' is not registered [Hierarchy: '[DesignObjHierarchy]']
  Violation           : Lint:325
  Goal                : BOS_LINT_RULE
  FileName            : /storage/project/atlas/design/user/pnson/ATLAS_WORKING/IP/AESDMA/RTL/AESDMA_CORE/AESDMA_SYNC_FIFO_ID_POOL.v
  LineNumber          : 78
  Statement           :                     mem[i] <= FIFO_WIDTH'(i); 
  Signal              : I_SDATA
  Module              : AESDMA_SYNC_FIFO_ID_POOL
  DesignObjHierarchy  : u_AESDMA_TOP.u_aesdma_top.u_AESDMA_RDCORE.u_SYNC_FIFO_ARID_POOL
  -----------------------------------------------------------------------------
  Tag                 : RegInputOutput-ML
  Description         : Port '[Signal]' is not registered [Hierarchy: '[DesignObjHierarchy]']
  Violation           : Lint:326
  Goal                : BOS_LINT_RULE
  FileName            : /storage/project/atlas/design/user/pnson/ATLAS_WORKING/IP/AESDMA/RTL/AESDMA_CORE/AESDMA_SYNC_FIFO_ID_POOL.v
  LineNumber          : 25
  Statement           :     output                      O_SREADY        , 
  Signal              : O_SREADY
  Module              : AESDMA_SYNC_FIFO_ID_POOL
  DesignObjHierarchy  : u_AESDMA_TOP.u_aesdma_top.u_AESDMA_RDCORE.u_SYNC_FIFO_ARID_POOL
  -----------------------------------------------------------------------------
  Tag                 : RegInputOutput-ML
  Description         : Port '[Signal]' is not registered [Hierarchy: '[DesignObjHierarchy]']
  Violation           : Lint:327
  Goal                : BOS_LINT_RULE
  FileName            : /storage/project/atlas/design/user/pnson/ATLAS_WORKING/IP/AESDMA/RTL/AESDMA_CORE/AESDMA_SYNC_FIFO_ID_POOL.v
  LineNumber          : 142
  Statement           :     assign O_MVALID  =   ~((w_cnt == r_cnt) & (r_ex_cnt == w_ex_cnt)); 
  Signal              : I_MREADY
  Module              : AESDMA_SYNC_FIFO_ID_POOL
  DesignObjHierarchy  : u_AESDMA_TOP.u_aesdma_top.u_AESDMA_RDCORE.u_SYNC_FIFO_ARID_POOL
  -----------------------------------------------------------------------------
  Tag                 : RegInputOutput-ML
  Description         : Port '[Signal]' is not registered [Hierarchy: '[DesignObjHierarchy]']
  Violation           : Lint:328
  Goal                : BOS_LINT_RULE
  FileName            : /storage/project/atlas/design/user/pnson/ATLAS_WORKING/IP/AESDMA/RTL/AESDMA_CORE/AESDMA_RDCORE.sv
  LineNumber          : 361
  Statement           : assign O_ArId = I_RdUniqueIdEn ? w_arId : {AXI_ID_WD{1'b0}};
  Signal              : O_MDATA
  Module              : AESDMA_SYNC_FIFO_ID_POOL
  DesignObjHierarchy  : u_AESDMA_TOP.u_aesdma_top.u_AESDMA_RDCORE.u_SYNC_FIFO_ARID_POOL
  -----------------------------------------------------------------------------
  Tag                 : RegInputOutput-ML
  Description         : Port '[Signal]' is not registered [Hierarchy: '[DesignObjHierarchy]']
  Violation           : Lint:329
  Goal                : BOS_LINT_RULE
  FileName            : /storage/project/atlas/design/user/pnson/ATLAS_WORKING/IP/AESDMA/RTL/AESDMA_CORE/AESDMA_RDCORE.sv
  LineNumber          : 522
  Statement           :             w_arValid = (({1'b0, r_rCnt} + w_rdBurstLen) < ROB_DSLOT_DEPTH + ROB_EXTRA_DSLOT_DEPTH) & 
  Signal              : O_MVALID
  Module              : AESDMA_SYNC_FIFO_ID_POOL
  DesignObjHierarchy  : u_AESDMA_TOP.u_aesdma_top.u_AESDMA_RDCORE.u_SYNC_FIFO_ARID_POOL
  -----------------------------------------------------------------------------
  Tag                 : RegInputOutput-ML
  Description         : Port '[Signal]' is not registered [Hierarchy: '[DesignObjHierarchy]']
  Violation           : Lint:330
  Goal                : BOS_LINT_RULE
  FileName            : /storage/project/atlas/design/user/pnson/ATLAS_WORKING/IP/AESDMA/RTL/AESDMA_CORE/AESDMA_REORDER_BUF.sv
  LineNumber          : 273
  Statement           :             rd_table[wpt_cur_empty_table_id].id         <= I_AXI_ArId;
  Signal              : I_AXI_ArId
  Module              : AESDMA_REORDER_BUF
  DesignObjHierarchy  : u_AESDMA_TOP.u_aesdma_top.u_AESDMA_RDCORE.u_AESDMA_REORDER_BUF
  -----------------------------------------------------------------------------
  Tag                 : RegInputOutput-ML
  Description         : Port '[Signal]' is not registered [Hierarchy: '[DesignObjHierarchy]']
  Violation           : Lint:331
  Goal                : BOS_LINT_RULE
  FileName            : /storage/project/atlas/design/user/pnson/ATLAS_WORKING/IP/AESDMA/RTL/AESDMA_CORE/AESDMA_REORDER_BUF.sv
  LineNumber          : 270
  Statement           :             r_sram_write_addr_start_ext <= ((r_sram_write_addr_start + ( I_AXI_ArLen + 1 )) < ROB_DSLOT_DEPTH) ? r_sram_write_addr_start_ext : ~r_sram_write_addr_start_ext  ;
  Signal              : I_AXI_ArLen
  Module              : AESDMA_REORDER_BUF
  DesignObjHierarchy  : u_AESDMA_TOP.u_aesdma_top.u_AESDMA_RDCORE.u_AESDMA_REORDER_BUF
  -----------------------------------------------------------------------------
  Tag                 : RegInputOutput-ML
  Description         : Port '[Signal]' is not registered [Hierarchy: '[DesignObjHierarchy]']
  Violation           : Lint:332
  Goal                : BOS_LINT_RULE
  FileName            : /storage/project/atlas/design/user/pnson/ATLAS_WORKING/IP/AESDMA/RTL/AESDMA_CORE/AESDMA_REORDER_BUF.sv
  LineNumber          : 265
  Statement           :         if ( I_AXI_ArReady & I_AXI_ArValid ) begin
  Signal              : I_AXI_ArValid
  Module              : AESDMA_REORDER_BUF
  DesignObjHierarchy  : u_AESDMA_TOP.u_aesdma_top.u_AESDMA_RDCORE.u_AESDMA_REORDER_BUF
  -----------------------------------------------------------------------------
  Tag                 : RegInputOutput-ML
  Description         : Port '[Signal]' is not registered [Hierarchy: '[DesignObjHierarchy]']
  Violation           : Lint:333
  Goal                : BOS_LINT_RULE
  FileName            : /storage/project/atlas/design/user/pnson/ATLAS_WORKING/IP/AESDMA/RTL/AESDMA_CORE/AESDMA_REORDER_BUF.sv
  LineNumber          : 265
  Statement           :         if ( I_AXI_ArReady & I_AXI_ArValid ) begin
  Signal              : I_AXI_ArReady
  Module              : AESDMA_REORDER_BUF
  DesignObjHierarchy  : u_AESDMA_TOP.u_aesdma_top.u_AESDMA_RDCORE.u_AESDMA_REORDER_BUF
  -----------------------------------------------------------------------------
  Tag                 : RegInputOutput-ML
  Description         : Port '[Signal]' is not registered [Hierarchy: '[DesignObjHierarchy]']
  Violation           : Lint:334
  Goal                : BOS_LINT_RULE
  FileName            : /storage/project/atlas/design/user/pnson/ATLAS_WORKING/IP/AESDMA/RTL/AESDMA_CORE/AESDMA_REORDER_BUF.sv
  LineNumber          : 233
  Statement           :     assign w_id_match_flag[p] = (rd_table[p].table_entry_valid == 1'b1) & (rd_table[p].id == I_AXI_RId);
  Signal              : I_AXI_RId
  Module              : AESDMA_REORDER_BUF
  DesignObjHierarchy  : u_AESDMA_TOP.u_aesdma_top.u_AESDMA_RDCORE.u_AESDMA_REORDER_BUF
  -----------------------------------------------------------------------------
  Tag                 : RegInputOutput-ML
  Description         : Port '[Signal]' is not registered [Hierarchy: '[DesignObjHierarchy]']
  Violation           : Lint:335
  Goal                : BOS_LINT_RULE
  FileName            : /storage/project/atlas/design/user/pnson/ATLAS_WORKING/DK/mem/SAFETY_WRAPPER/ln04lpa_a00_mc_rd2rs_hsr_lvt_320x72m2b1c1_wrapper_safety_sf64eadi1/ln04lpa_a00_mc_rd2rs_hsr_lvt_320x72m2b1c1_wrapper_safety_sf64eadi1.sv
  LineNumber          : 928
  Statement           : assign EDO[6]  = EDI[4]^EDI[9]^EDI[13]^EDI[16]^EDI[18]^EDI[20]^EDI[24]^EDI[28]^EDI[31]^EDI[33]^EDI[35]^EDI[38]^EDI[41]^EDI[43]^EDI[45]^EDI[47]^EDI[49]^EDI[51]^EDI[52]^EDI[54]^EDI[55]^EDI[57]^EDI[58]^ ...
  Signal              : I_AXI_RData
  Module              : AESDMA_REORDER_BUF
  DesignObjHierarchy  : u_AESDMA_TOP.u_aesdma_top.u_AESDMA_RDCORE.u_AESDMA_REORDER_BUF
  -----------------------------------------------------------------------------
  Tag                 : RegInputOutput-ML
  Description         : Port '[Signal]' is not registered [Hierarchy: '[DesignObjHierarchy]']
  Violation           : Lint:336
  Goal                : BOS_LINT_RULE
  FileName            : /storage/project/atlas/design/user/pnson/ATLAS_WORKING/IP/AESDMA/RTL/AESDMA_CORE/AESDMA_REORDER_BUF.sv
  LineNumber          : 286
  Statement           :         if (I_AXI_ArValid | I_AXI_RValid) begin
  Signal              : I_AXI_RValid
  Module              : AESDMA_REORDER_BUF
  DesignObjHierarchy  : u_AESDMA_TOP.u_aesdma_top.u_AESDMA_RDCORE.u_AESDMA_REORDER_BUF
  -----------------------------------------------------------------------------
  Tag                 : RegInputOutput-ML
  Description         : Port '[Signal]' is not registered [Hierarchy: '[DesignObjHierarchy]']
  Violation           : Lint:337
  Goal                : BOS_LINT_RULE
  FileName            : /storage/project/atlas/design/user/pnson/ATLAS_WORKING/IP/AESDMA/RTL/AESDMA_CORE/AESDMA_REORDER_BUF.sv
  LineNumber          : 225
  Statement           :         end else if ((p == w_dest_table_id) & ( I_AXI_RValid & I_AXI_RReady & w_found_dest_table_id )) begin
  Signal              : I_AXI_RReady
  Module              : AESDMA_REORDER_BUF
  DesignObjHierarchy  : u_AESDMA_TOP.u_aesdma_top.u_AESDMA_RDCORE.u_AESDMA_REORDER_BUF
  -----------------------------------------------------------------------------
  Tag                 : RegInputOutput-ML
  Description         : Port '[Signal]' is not registered [Hierarchy: '[DesignObjHierarchy]']
  Violation           : Lint:338
  Goal                : BOS_LINT_RULE
  FileName            : /storage/project/atlas/design/user/pnson/ATLAS_WORKING/IP/AESDMA/RTL/AESDMA_CORE/AESDMA_REORDER_BUF.sv
  LineNumber          : 54
  Statement           :     output logic                                O_Data_Slot_Available_Flag,
  Signal              : O_Data_Slot_Available_Flag
  Module              : AESDMA_REORDER_BUF
  DesignObjHierarchy  : u_AESDMA_TOP.u_aesdma_top.u_AESDMA_RDCORE.u_AESDMA_REORDER_BUF
  -----------------------------------------------------------------------------
  Tag                 : RegInputOutput-ML
  Description         : Port '[Signal]' is not registered [Hierarchy: '[DesignObjHierarchy]']
  Violation           : Lint:339
  Goal                : BOS_LINT_RULE
  FileName            : /storage/project/atlas/design/user/pnson/ATLAS_WORKING/IP/AESDMA/RTL/AESDMA_CORE/AESDMA_RDCORE.sv
  LineNumber          : 522
  Statement           :             w_arValid = (({1'b0, r_rCnt} + w_rdBurstLen) < ROB_DSLOT_DEPTH + ROB_EXTRA_DSLOT_DEPTH) & 
  Signal              : O_AR_Slot_Available_Flag
  Module              : AESDMA_REORDER_BUF
  DesignObjHierarchy  : u_AESDMA_TOP.u_aesdma_top.u_AESDMA_RDCORE.u_AESDMA_REORDER_BUF
  -----------------------------------------------------------------------------
  Tag                 : RegInputOutput-ML
  Description         : Port '[Signal]' is not registered [Hierarchy: '[DesignObjHierarchy]']
  Violation           : Lint:340
  Goal                : BOS_LINT_RULE
  FileName            : /storage/project/atlas/design/user/pnson/ATLAS_WORKING/IP/AESDMA/RTL/AESDMA_CORE/AESDMA_RDCORE.sv
  LineNumber          : 634
  Statement           :             if (w_rdcore_datain_svalid & w_rdcore_datain_sready ) begin
  Signal              : O_ReorderBuf_MValid
  Module              : AESDMA_REORDER_BUF
  DesignObjHierarchy  : u_AESDMA_TOP.u_aesdma_top.u_AESDMA_RDCORE.u_AESDMA_REORDER_BUF
  -----------------------------------------------------------------------------
  Tag                 : RegInputOutput-ML
  Description         : Port '[Signal]' is not registered [Hierarchy: '[DesignObjHierarchy]']
  Violation           : Lint:341
  Goal                : BOS_LINT_RULE
  FileName            : /storage/project/atlas/design/user/pnson/ATLAS_WORKING/IP/AESDMA/RTL/AESDMA_CORE/AESDMA_SYNC_FIFO_REG.v
  LineNumber          : 111
  Statement           :     assign O_MVALID  =   ~((w_cnt == r_cnt) & (r_ex_cnt == w_ex_cnt)); 
  Signal              : I_ReorderBuf_MReady
  Module              : AESDMA_REORDER_BUF
  DesignObjHierarchy  : u_AESDMA_TOP.u_aesdma_top.u_AESDMA_RDCORE.u_AESDMA_REORDER_BUF
  -----------------------------------------------------------------------------
  Tag                 : RegInputOutput-ML
  Description         : Port '[Signal]' is not registered [Hierarchy: '[DesignObjHierarchy]']
  Violation           : Lint:342
  Goal                : BOS_LINT_RULE
  FileName            : /storage/project/atlas/design/user/pnson/ATLAS_WORKING/IP/AESDMA/RTL/SAFETY/BOS_AESDMA.v
  LineNumber          : 1082
  Statement           : assign w_sram_rob_clk_en = ~(w_sram_rob_wr_enb & w_sram_rob_rd_enb) | w_auto_clk_gating_disable;
  Signal              : O_SRAM_ROB_RD_ENB
  Module              : AESDMA_REORDER_BUF
  DesignObjHierarchy  : u_AESDMA_TOP.u_aesdma_top.u_AESDMA_RDCORE.u_AESDMA_REORDER_BUF
  -----------------------------------------------------------------------------
  Tag                 : RegInputOutput-ML
  Description         : Port '[Signal]' is not registered [Hierarchy: '[DesignObjHierarchy]']
  Violation           : Lint:343
  Goal                : BOS_LINT_RULE
  FileName            : /storage/project/atlas/design/user/pnson/ATLAS_WORKING/IP/AESDMA/RTL/AESDMA_CORE/AESDMA_REORDER_BUF.sv
  LineNumber          : 343
  Statement           : assign w_sramfifo_mdata      = r_sram_dout_d1_valid ? r_sram_dout_d1 : w_sram_dout;
  Signal              : I_SRAM_ROB_RD_DATA
  Module              : AESDMA_REORDER_BUF
  DesignObjHierarchy  : u_AESDMA_TOP.u_aesdma_top.u_AESDMA_RDCORE.u_AESDMA_REORDER_BUF
  -----------------------------------------------------------------------------
  Tag                 : RegInputOutput-ML
  Description         : Port '[Signal]' is not registered [Hierarchy: '[DesignObjHierarchy]']
  Violation           : Lint:344
  Goal                : BOS_LINT_RULE
  FileName            : /storage/project/atlas/design/user/pnson/ATLAS_WORKING/IP/AESDMA/RTL/SAFETY/BOS_AESDMA.v
  LineNumber          : 1082
  Statement           : assign w_sram_rob_clk_en = ~(w_sram_rob_wr_enb & w_sram_rob_rd_enb) | w_auto_clk_gating_disable;
  Signal              : O_SRAM_ROB_WR_ENB
  Module              : AESDMA_REORDER_BUF
  DesignObjHierarchy  : u_AESDMA_TOP.u_aesdma_top.u_AESDMA_RDCORE.u_AESDMA_REORDER_BUF
  -----------------------------------------------------------------------------
  Tag                 : RegInputOutput-ML
  Description         : Port '[Signal]' is not registered [Hierarchy: '[DesignObjHierarchy]']
  Violation           : Lint:345
  Goal                : BOS_LINT_RULE
  FileName            : /storage/project/atlas/design/user/pnson/ATLAS_WORKING/IP/AESDMA/RTL/AESDMA_CORE/AESDMA_REORDER_BUF.sv
  LineNumber          : 66
  Statement           :     output logic  [SRAM_ROB_ADDR_WD-1 : 0]      O_SRAM_ROB_WR_ADDR ,
  Signal              : O_SRAM_ROB_WR_ADDR
  Module              : AESDMA_REORDER_BUF
  DesignObjHierarchy  : u_AESDMA_TOP.u_aesdma_top.u_AESDMA_RDCORE.u_AESDMA_REORDER_BUF
  -----------------------------------------------------------------------------
  Tag                 : RegInputOutput-ML
  Description         : Port '[Signal]' is not registered [Hierarchy: '[DesignObjHierarchy]']
  Violation           : Lint:346
  Goal                : BOS_LINT_RULE
  FileName            : /storage/project/atlas/design/user/pnson/ATLAS_WORKING/IP/AESDMA/RTL/AESDMA_CORE/AESDMA_REORDER_BUF.sv
  LineNumber          : 67
  Statement           :     output logic  [AXI_DATA_WD-1:0]             O_SRAM_ROB_WR_DATA ,
  Signal              : O_SRAM_ROB_WR_DATA
  Module              : AESDMA_REORDER_BUF
  DesignObjHierarchy  : u_AESDMA_TOP.u_aesdma_top.u_AESDMA_RDCORE.u_AESDMA_REORDER_BUF
  -----------------------------------------------------------------------------
  Tag                 : RegInputOutput-ML
  Description         : Port '[Signal]' is not registered [Hierarchy: '[DesignObjHierarchy]']
  Violation           : Lint:347
  Goal                : BOS_LINT_RULE
  FileName            : /storage/project/atlas/design/user/pnson/ATLAS_WORKING/IP/AESDMA/RTL/AESDMA_CORE/AESDMA_REORDER_BUF.sv
  LineNumber          : 69
  Statement           :     output logic                                O_DEST_TABLE_ID_ERR
  Signal              : O_DEST_TABLE_ID_ERR
  Module              : AESDMA_REORDER_BUF
  DesignObjHierarchy  : u_AESDMA_TOP.u_aesdma_top.u_AESDMA_RDCORE.u_AESDMA_REORDER_BUF
  -----------------------------------------------------------------------------
  Tag                 : RegInputOutput-ML
  Description         : Port '[Signal]' is not registered [Hierarchy: '[DesignObjHierarchy]']
  Violation           : Lint:348
  Goal                : BOS_LINT_RULE
  FileName            : /storage/project/atlas/design/user/pnson/ATLAS_WORKING/IP/AESDMA/RTL/AESDMA_CORE/AESDMA_FWD_RS.v
  LineNumber          : 116
  Statement           :   assign valid_dst_en = (I_SVALID | I_MREADY);
  Signal              : I_SVALID
  Module              : AESDMA_FWD_RS
  DesignObjHierarchy  : u_AESDMA_TOP.u_aesdma_top.u_AESDMA_RDCORE.u_AESDMA_FWD_RS
  -----------------------------------------------------------------------------
  Tag                 : RegInputOutput-ML
  Description         : Port '[Signal]' is not registered [Hierarchy: '[DesignObjHierarchy]']
  Violation           : Lint:349
  Goal                : BOS_LINT_RULE
  FileName            : /storage/project/atlas/design/user/pnson/ATLAS_WORKING/IP/AESDMA/RTL/AESDMA_CORE/AESDMA_RDCORE.sv
  LineNumber          : 707
  Statement           : assign w_skip_rd_idle = I_RdStartLevel_R & (
  Signal              : O_SREADY
  Module              : AESDMA_FWD_RS
  DesignObjHierarchy  : u_AESDMA_TOP.u_aesdma_top.u_AESDMA_RDCORE.u_AESDMA_FWD_RS
  -----------------------------------------------------------------------------
  Tag                 : RegInputOutput-ML
  Description         : Port '[Signal]' is not registered [Hierarchy: '[DesignObjHierarchy]']
  Violation           : Lint:350
  Goal                : BOS_LINT_RULE
  FileName            : /storage/project/atlas/design/user/pnson/ATLAS_WORKING/IP/AESDMA/RTL/AESDMA_CORE/AESDMA_FWD_RS.v
  LineNumber          : 84
  Statement           :   assign O_SREADY = I_MREADY | ~ivalid_dst;
  Signal              : I_MREADY
  Module              : AESDMA_FWD_RS
  DesignObjHierarchy  : u_AESDMA_TOP.u_aesdma_top.u_AESDMA_RDCORE.u_AESDMA_FWD_RS
  -----------------------------------------------------------------------------
  Tag                 : RegInputOutput-ML
  Description         : Port '[Signal]' is not registered [Hierarchy: '[DesignObjHierarchy]']
  Violation           : Lint:351
  Goal                : BOS_LINT_RULE
  FileName            : /storage/project/atlas/design/user/pnson/ATLAS_WORKING/IP/AESDMA/RTL/AESDMA_CORE/AESDMA_WRCORE.sv
  LineNumber          : 539
  Statement           :                 n_wrAddrState = ST_WA_MAIN;
  Signal              : I_WrStartLevel_Aw
  Module              : AESDMA_WRCORE
  DesignObjHierarchy  : u_AESDMA_TOP.u_aesdma_top.u_AESDMA_WRCORE
  -----------------------------------------------------------------------------
  Tag                 : RegInputOutput-ML
  Description         : Port '[Signal]' is not registered [Hierarchy: '[DesignObjHierarchy]']
  Violation           : Lint:352
  Goal                : BOS_LINT_RULE
  FileName            : /storage/project/atlas/design/user/pnson/ATLAS_WORKING/IP/AESDMA/RTL/AESDMA_CORE/AESDMA_WRCORE.sv
  LineNumber          : 308
  Statement           : assign w_wr_start_addr_aw   = (r_wrAddrState == ST_WA_IDLE)? I_WrStartAddr_Aw   : r_wr_start_addr_aw;
  Signal              : I_WrStartAddr_Aw
  Module              : AESDMA_WRCORE
  DesignObjHierarchy  : u_AESDMA_TOP.u_aesdma_top.u_AESDMA_WRCORE
  -----------------------------------------------------------------------------
  Tag                 : RegInputOutput-ML
  Description         : Port '[Signal]' is not registered [Hierarchy: '[DesignObjHierarchy]']
  Violation           : Lint:353
  Goal                : BOS_LINT_RULE
  FileName            : /storage/project/atlas/design/user/pnson/ATLAS_WORKING/IP/AESDMA/RTL/AESDMA_CORE/AESDMA_WRCORE.sv
  LineNumber          : 305
  Statement           : assign w_wr_len_aw          = (r_wrAddrState == ST_WA_IDLE)? I_WrLen_Aw         :  r_wr_len_aw;
  Signal              : I_WrLen_Aw
  Module              : AESDMA_WRCORE
  DesignObjHierarchy  : u_AESDMA_TOP.u_aesdma_top.u_AESDMA_WRCORE
  -----------------------------------------------------------------------------
  Tag                 : RegInputOutput-ML
  Description         : Port '[Signal]' is not registered [Hierarchy: '[DesignObjHierarchy]']
  Violation           : Lint:354
  Goal                : BOS_LINT_RULE
  FileName            : /storage/project/atlas/design/user/pnson/ATLAS_WORKING/IP/AESDMA/RTL/AESDMA_CORE/AESDMA_TOP.v
  LineNumber          : 2146
  Statement           : assign w_axidma_wr_aw_line_done     = w_axidma_enabled & w_dma_wr_aw_line_done;
  Signal              : O_WrDone_Aw
  Module              : AESDMA_WRCORE
  DesignObjHierarchy  : u_AESDMA_TOP.u_aesdma_top.u_AESDMA_WRCORE
  -----------------------------------------------------------------------------
  Tag                 : RegInputOutput-ML
  Description         : Port '[Signal]' is not registered [Hierarchy: '[DesignObjHierarchy]']
  Violation           : Lint:355
  Goal                : BOS_LINT_RULE
  FileName            : /storage/project/atlas/design/user/pnson/ATLAS_WORKING/IP/AESDMA/RTL/AESDMA_CORE/AESDMA_WRCORE.sv
  LineNumber          : 61
  Statement           :     output logic                           O_WrBusy_Aw,
  Signal              : O_WrBusy_Aw
  Module              : AESDMA_WRCORE
  DesignObjHierarchy  : u_AESDMA_TOP.u_aesdma_top.u_AESDMA_WRCORE
  -----------------------------------------------------------------------------
  Tag                 : RegInputOutput-ML
  Description         : Port '[Signal]' is not registered [Hierarchy: '[DesignObjHierarchy]']
  Violation           : Lint:356
  Goal                : BOS_LINT_RULE
  FileName            : /storage/project/atlas/design/user/pnson/ATLAS_WORKING/IP/AESDMA/RTL/AESDMA_CORE/AESDMA_TOP.v
  LineNumber          : 2148
  Statement           : assign w_axidma_wr_aw_cmdack        = w_axidma_enabled & w_dma_wr_aw_cmdack;
  Signal              : O_WrCmdAck_Aw
  Module              : AESDMA_WRCORE
  DesignObjHierarchy  : u_AESDMA_TOP.u_aesdma_top.u_AESDMA_WRCORE
  -----------------------------------------------------------------------------
  Tag                 : RegInputOutput-ML
  Description         : Port '[Signal]' is not registered [Hierarchy: '[DesignObjHierarchy]']
  Violation           : Lint:357
  Goal                : BOS_LINT_RULE
  FileName            : /storage/project/atlas/design/user/pnson/ATLAS_WORKING/IP/AESDMA/RTL/AESDMA_CORE/AESDMA_WRCORE.sv
  LineNumber          : 651
  Statement           :                     n_wrDataState = ST_WD_BODY;
  Signal              : I_WrStartLevel_W
  Module              : AESDMA_WRCORE
  DesignObjHierarchy  : u_AESDMA_TOP.u_aesdma_top.u_AESDMA_WRCORE
  -----------------------------------------------------------------------------
  Tag                 : RegInputOutput-ML
  Description         : Port '[Signal]' is not registered [Hierarchy: '[DesignObjHierarchy]']
  Violation           : Lint:358
  Goal                : BOS_LINT_RULE
  FileName            : /storage/project/atlas/design/user/pnson/ATLAS_WORKING/IP/AESDMA/RTL/AESDMA_CORE/AESDMA_WRCORE.sv
  LineNumber          : 309
  Statement           : assign w_wr_start_addr_w    = (r_wrDataState == ST_WD_IDLE)? I_WrStartAddr_W    : r_wr_start_addr_w;
  Signal              : I_WrStartAddr_W
  Module              : AESDMA_WRCORE
  DesignObjHierarchy  : u_AESDMA_TOP.u_aesdma_top.u_AESDMA_WRCORE
  -----------------------------------------------------------------------------
  Tag                 : RegInputOutput-ML
  Description         : Port '[Signal]' is not registered [Hierarchy: '[DesignObjHierarchy]']
  Violation           : Lint:359
  Goal                : BOS_LINT_RULE
  FileName            : /storage/project/atlas/design/user/pnson/ATLAS_WORKING/IP/AESDMA/RTL/AESDMA_CORE/AESDMA_WRCORE.sv
  LineNumber          : 335
  Statement           :             r_wrDLength <= {{(AU_ADDR_LSB){1'b0}}, I_WrLen_W[DMA_LEN_WD-1:AU_ADDR_LSB]};
  Signal              : I_WrLen_W
  Module              : AESDMA_WRCORE
  DesignObjHierarchy  : u_AESDMA_TOP.u_aesdma_top.u_AESDMA_WRCORE
  -----------------------------------------------------------------------------
  Tag                 : RegInputOutput-ML
  Description         : Port '[Signal]' is not registered [Hierarchy: '[DesignObjHierarchy]']
  Violation           : Lint:360
  Goal                : BOS_LINT_RULE
  FileName            : /storage/project/atlas/design/user/pnson/ATLAS_WORKING/IP/AESDMA/RTL/AESDMA_CORE/AESDMA_TOP.v
  LineNumber          : 2159
  Statement           : assign w_axidma_wr_w_line_done      = w_axidma_enabled & w_dma_wr_w_line_done;
  Signal              : O_WrDone_W
  Module              : AESDMA_WRCORE
  DesignObjHierarchy  : u_AESDMA_TOP.u_aesdma_top.u_AESDMA_WRCORE
  -----------------------------------------------------------------------------
  Tag                 : RegInputOutput-ML
  Description         : Port '[Signal]' is not registered [Hierarchy: '[DesignObjHierarchy]']
  Violation           : Lint:361
  Goal                : BOS_LINT_RULE
  FileName            : /storage/project/atlas/design/user/pnson/ATLAS_WORKING/IP/AESDMA/RTL/AESDMA_CORE/AESDMA_TOP.v
  LineNumber          : 2160
  Statement           : assign w_axidma_wr_w_line_busy      = w_axidma_enabled & w_dma_wr_w_line_busy;
  Signal              : O_WrBusy_W
  Module              : AESDMA_WRCORE
  DesignObjHierarchy  : u_AESDMA_TOP.u_aesdma_top.u_AESDMA_WRCORE
  -----------------------------------------------------------------------------
  Tag                 : RegInputOutput-ML
  Description         : Port '[Signal]' is not registered [Hierarchy: '[DesignObjHierarchy]']
  Violation           : Lint:362
  Goal                : BOS_LINT_RULE
  FileName            : /storage/project/atlas/design/user/pnson/ATLAS_WORKING/IP/AESDMA/RTL/AESDMA_CORE/AESDMA_TOP.v
  LineNumber          : 2161
  Statement           : assign w_axidma_wr_w_cmdack         = w_axidma_enabled & w_dma_wr_w_cmdack;
  Signal              : O_WrCmdAck_W
  Module              : AESDMA_WRCORE
  DesignObjHierarchy  : u_AESDMA_TOP.u_aesdma_top.u_AESDMA_WRCORE
  -----------------------------------------------------------------------------
  Tag                 : RegInputOutput-ML
  Description         : Port '[Signal]' is not registered [Hierarchy: '[DesignObjHierarchy]']
  Violation           : Lint:363
  Goal                : BOS_LINT_RULE
  FileName            : /storage/project/atlas/design/user/pnson/ATLAS_WORKING/IP/AESDMA/RTL/AESDMA_CORE/AESDMA_WRCORE.sv
  LineNumber          : 76
  Statement           :     output logic                           O_WrBCntZero,
  Signal              : O_WrBCntZero
  Module              : AESDMA_WRCORE
  DesignObjHierarchy  : u_AESDMA_TOP.u_aesdma_top.u_AESDMA_WRCORE
  -----------------------------------------------------------------------------
  Tag                 : RegInputOutput-ML
  Description         : Port '[Signal]' is not registered [Hierarchy: '[DesignObjHierarchy]']
  Violation           : Lint:364
  Goal                : BOS_LINT_RULE
  FileName            : /storage/project/atlas/design/user/pnson/ATLAS_WORKING/DK/mem/SAFETY_WRAPPER/ln04lpa_a00_mc_rd2rs_hsr_lvt_32x138m2b1c1_wrapper_safety_sf129eadi1/ln04lpa_a00_mc_rd2rs_hsr_lvt_32x138m2b1c1_wrapper_safety_sf129eadi1.sv
  LineNumber          : 1052
  Statement           : assign EDO[7]  = EDI[5]^EDI[11]^EDI[16]^EDI[20]^EDI[23]^EDI[25]^EDI[27]^EDI[32]^EDI[37]^EDI[41]^EDI[44]^EDI[46]^EDI[48]^EDI[52]^EDI[56]^EDI[59]^EDI[61]^EDI[63]^EDI[66]^EDI[69]^EDI[71]^EDI[73]^EDI[75] ...
  Signal              : I_WrFifo_Data
  Module              : AESDMA_WRCORE
  DesignObjHierarchy  : u_AESDMA_TOP.u_aesdma_top.u_AESDMA_WRCORE
  -----------------------------------------------------------------------------
  Tag                 : RegInputOutput-ML
  Description         : Port '[Signal]' is not registered [Hierarchy: '[DesignObjHierarchy]']
  Violation           : Lint:365
  Goal                : BOS_LINT_RULE
  FileName            : /storage/project/atlas/design/user/pnson/ATLAS_WORKING/IP/AESDMA/RTL/AESDMA_CORE/AESDMA_SYNC_FIFO_TPSRAM.sv
  LineNumber          : 132
  Statement           :             if (~w_bypass_sramfifo & I_SVALID & w_sramfifo_sready) begin 
  Signal              : I_WrFifo_Valid
  Module              : AESDMA_WRCORE
  DesignObjHierarchy  : u_AESDMA_TOP.u_aesdma_top.u_AESDMA_WRCORE
  -----------------------------------------------------------------------------
  Tag                 : RegInputOutput-ML
  Description         : Port '[Signal]' is not registered [Hierarchy: '[DesignObjHierarchy]']
  Violation           : Lint:366
  Goal                : BOS_LINT_RULE
  FileName            : /storage/project/atlas/design/user/pnson/ATLAS_WORKING/IP/AESDMA/RTL/AESDMA_CORE/AESDMA_TOP.v
  LineNumber          : 2305
  Statement           : assign w_axidma_wr_fifo_sready = w_axidma_enabled & (w_dma_wr_fifo_sready | (w_axidma_mode_sel == DMA_MODE_READ_ONLY));
  Signal              : O_WrFifo_Ready
  Module              : AESDMA_WRCORE
  DesignObjHierarchy  : u_AESDMA_TOP.u_aesdma_top.u_AESDMA_WRCORE
  -----------------------------------------------------------------------------
  Tag                 : RegInputOutput-ML
  Description         : Port '[Signal]' is not registered [Hierarchy: '[DesignObjHierarchy]']
  Violation           : Lint:367
  Goal                : BOS_LINT_RULE
  FileName            : /storage/project/atlas/design/user/pnson/ATLAS_WORKING/IP/AESDMA/RTL/AESDMA_CORE/AESDMA_TOP.v
  LineNumber          : 997
  Statement           :         r_sw_reset <= w_dma_rd_held & w_dma_wr_held & w_bdheld & w_sw_reset;
  Signal              : O_WrHeld
  Module              : AESDMA_WRCORE
  DesignObjHierarchy  : u_AESDMA_TOP.u_aesdma_top.u_AESDMA_WRCORE
  -----------------------------------------------------------------------------
  Tag                 : RegInputOutput-ML
  Description         : Port '[Signal]' is not registered [Hierarchy: '[DesignObjHierarchy]']
  Violation           : Lint:368
  Goal                : BOS_LINT_RULE
  FileName            : /storage/project/atlas/design/user/pnson/ATLAS_WORKING/IP/AESDMA/RTL/AESDMA_CORE/AESDMA_FWD_RS.v
  LineNumber          : 116
  Statement           :   assign valid_dst_en = (I_SVALID | I_MREADY);
  Signal              : O_AwValid
  Module              : AESDMA_WRCORE
  DesignObjHierarchy  : u_AESDMA_TOP.u_aesdma_top.u_AESDMA_WRCORE
  -----------------------------------------------------------------------------
  Tag                 : RegInputOutput-ML
  Description         : Port '[Signal]' is not registered [Hierarchy: '[DesignObjHierarchy]']
  Violation           : Lint:369
  Goal                : BOS_LINT_RULE
  FileName            : 
  LineNumber          : 0
  Signal              : I_AwReady
  Module              : AESDMA_WRCORE
  DesignObjHierarchy  : u_AESDMA_TOP.u_aesdma_top.u_AESDMA_WRCORE
  -----------------------------------------------------------------------------
  Tag                 : RegInputOutput-ML
  Description         : Port '[Signal]' is not registered [Hierarchy: '[DesignObjHierarchy]']
  Violation           : Lint:370
  Goal                : BOS_LINT_RULE
  FileName            : /storage/project/atlas/design/user/pnson/ATLAS_WORKING/IP/AESDMA/RTL/AESDMA_CORE/AESDMA_WRCORE.sv
  LineNumber          : 101
  Statement           :     output logic [AXI_ID_WD-1:0]           O_WId,
  Signal              : O_WId
  Module              : AESDMA_WRCORE
  DesignObjHierarchy  : u_AESDMA_TOP.u_aesdma_top.u_AESDMA_WRCORE
  -----------------------------------------------------------------------------
  Tag                 : RegInputOutput-ML
  Description         : Port '[Signal]' is not registered [Hierarchy: '[DesignObjHierarchy]']
  Violation           : Lint:371
  Goal                : BOS_LINT_RULE
  FileName            : /storage/project/atlas/design/user/pnson/ATLAS_WORKING/IP/AESDMA/RTL/AESDMA_CORE/AESDMA_WRCORE.sv
  LineNumber          : 102
  Statement           :     output logic [AXI_DATA_WD-1:0]         O_WData,
  Signal              : O_WData
  Module              : AESDMA_WRCORE
  DesignObjHierarchy  : u_AESDMA_TOP.u_aesdma_top.u_AESDMA_WRCORE
  -----------------------------------------------------------------------------
  Tag                 : RegInputOutput-ML
  Description         : Port '[Signal]' is not registered [Hierarchy: '[DesignObjHierarchy]']
  Violation           : Lint:372
  Goal                : BOS_LINT_RULE
  FileName            : /storage/project/atlas/design/user/pnson/ATLAS_WORKING/IP/AESDMA/RTL/AESDMA_CORE/AESDMA_WRCORE.sv
  LineNumber          : 103
  Statement           :     output logic [AXI_STRB_WD-1:0]         O_WStrb,
  Signal              : O_WStrb
  Module              : AESDMA_WRCORE
  DesignObjHierarchy  : u_AESDMA_TOP.u_aesdma_top.u_AESDMA_WRCORE
  -----------------------------------------------------------------------------
  Tag                 : RegInputOutput-ML
  Description         : Port '[Signal]' is not registered [Hierarchy: '[DesignObjHierarchy]']
  Violation           : Lint:373
  Goal                : BOS_LINT_RULE
  FileName            : /storage/project/atlas/design/user/pnson/ATLAS_WORKING/IP/AESDMA/RTL/AESDMA_CORE/AESDMA_SYNC_FIFO_REG.v
  LineNumber          : 62
  Statement           :             if ( I_SVALID && O_SREADY) begin 
  Signal              : O_WValid
  Module              : AESDMA_WRCORE
  DesignObjHierarchy  : u_AESDMA_TOP.u_aesdma_top.u_AESDMA_WRCORE
  -----------------------------------------------------------------------------
  Tag                 : RegInputOutput-ML
  Description         : Port '[Signal]' is not registered [Hierarchy: '[DesignObjHierarchy]']
  Violation           : Lint:374
  Goal                : BOS_LINT_RULE
  FileName            : /storage/project/atlas/design/user/pnson/ATLAS_WORKING/IP/AESDMA/RTL/AESDMA_CORE/AESDMA_WRCORE.sv
  LineNumber          : 799
  Statement           : assign w_fc_WReady = w_wch_no_stop & I_WReady;
  Signal              : I_WReady
  Module              : AESDMA_WRCORE
  DesignObjHierarchy  : u_AESDMA_TOP.u_aesdma_top.u_AESDMA_WRCORE
  -----------------------------------------------------------------------------
  Tag                 : RegInputOutput-ML
  Description         : Port '[Signal]' is not registered [Hierarchy: '[DesignObjHierarchy]']
  Violation           : Lint:375
  Goal                : BOS_LINT_RULE
  FileName            : /storage/project/atlas/design/user/pnson/ATLAS_WORKING/IP/AESDMA/RTL/AESDMA_CORE/AESDMA_SYNC_FIFO_ID_POOL.v
  LineNumber          : 78
  Statement           :                     mem[i] <= FIFO_WIDTH'(i); 
  Signal              : I_BId
  Module              : AESDMA_WRCORE
  DesignObjHierarchy  : u_AESDMA_TOP.u_aesdma_top.u_AESDMA_WRCORE
  -----------------------------------------------------------------------------
  Tag                 : RegInputOutput-ML
  Description         : Port '[Signal]' is not registered [Hierarchy: '[DesignObjHierarchy]']
  Violation           : Lint:376
  Goal                : BOS_LINT_RULE
  FileName            : /storage/project/atlas/design/user/pnson/ATLAS_WORKING/IP/AESDMA/RTL/AESDMA_CORE/AESDMA_WRCORE.sv
  LineNumber          : 109
  Statement           :     input  logic [1:0]                     I_BResp,
  Signal              : I_BResp
  Module              : AESDMA_WRCORE
  DesignObjHierarchy  : u_AESDMA_TOP.u_aesdma_top.u_AESDMA_WRCORE
  -----------------------------------------------------------------------------
  Tag                 : RegInputOutput-ML
  Description         : Port '[Signal]' is not registered [Hierarchy: '[DesignObjHierarchy]']
  Violation           : Lint:377
  Goal                : BOS_LINT_RULE
  FileName            : /storage/project/atlas/design/user/pnson/ATLAS_WORKING/IP/AESDMA/RTL/AESDMA_CORE/AESDMA_WRCORE.sv
  LineNumber          : 414
  Statement           :     end else if ((I_AwReady & O_AwValid) & (I_BValid & O_BReady)) begin
  Signal              : I_BValid
  Module              : AESDMA_WRCORE
  DesignObjHierarchy  : u_AESDMA_TOP.u_aesdma_top.u_AESDMA_WRCORE
  -----------------------------------------------------------------------------
  Tag                 : RegInputOutput-ML
  Description         : Port '[Signal]' is not registered [Hierarchy: '[DesignObjHierarchy]']
  Violation           : Lint:378
  Goal                : BOS_LINT_RULE
  FileName            : /storage/project/atlas/design/user/pnson/ATLAS_WORKING/IP/AESDMA/RTL/AESDMA_CORE/AESDMA_SYNC_FIFO_REG.v
  LineNumber          : 111
  Statement           :     assign O_MVALID  =   ~((w_cnt == r_cnt) & (r_ex_cnt == w_ex_cnt)); 
  Signal              : O_BReady
  Module              : AESDMA_WRCORE
  DesignObjHierarchy  : u_AESDMA_TOP.u_aesdma_top.u_AESDMA_WRCORE
  -----------------------------------------------------------------------------
  Tag                 : RegInputOutput-ML
  Description         : Port '[Signal]' is not registered [Hierarchy: '[DesignObjHierarchy]']
  Violation           : Lint:379
  Goal                : BOS_LINT_RULE
  FileName            : /storage/project/atlas/design/user/pnson/ATLAS_WORKING/IP/AESDMA/RTL/AESDMA_CORE/AESDMA_SYNC_FIFO_ID_POOL.v
  LineNumber          : 75
  Statement           :                 r_ex_cnt <= 1'b0; 
  Signal              : I_TR_DONE_PULSE
  Module              : AESDMA_WRCORE
  DesignObjHierarchy  : u_AESDMA_TOP.u_aesdma_top.u_AESDMA_WRCORE
  -----------------------------------------------------------------------------
  Tag                 : RegInputOutput-ML
  Description         : Port '[Signal]' is not registered [Hierarchy: '[DesignObjHierarchy]']
  Violation           : Lint:380
  Goal                : BOS_LINT_RULE
  FileName            : /storage/project/atlas/design/user/pnson/ATLAS_WORKING/IP/AESDMA/RTL/AESDMA_CORE/AESDMA_WRCORE.sv
  LineNumber          : 120
  Statement           :     output logic [1:0]                     O_BResp,
  Signal              : O_BResp
  Module              : AESDMA_WRCORE
  DesignObjHierarchy  : u_AESDMA_TOP.u_aesdma_top.u_AESDMA_WRCORE
  -----------------------------------------------------------------------------
  Tag                 : RegInputOutput-ML
  Description         : Port '[Signal]' is not registered [Hierarchy: '[DesignObjHierarchy]']
  Violation           : Lint:381
  Goal                : BOS_LINT_RULE
  FileName            : /storage/project/atlas/design/user/pnson/ATLAS_WORKING/IP/AESDMA/RTL/SAFETY/BOS_AESDMA.v
  LineNumber          : 1060
  Statement           : assign w_sram_wrfifo_clk_en = ~(w_sram_wrfifo_wr_enb & w_sram_wrfifo_rd_enb) | w_auto_clk_gating_disable;
  Signal              : O_SRAM_WRFIFO_RD_ENB
  Module              : AESDMA_WRCORE
  DesignObjHierarchy  : u_AESDMA_TOP.u_aesdma_top.u_AESDMA_WRCORE
  -----------------------------------------------------------------------------
  Tag                 : RegInputOutput-ML
  Description         : Port '[Signal]' is not registered [Hierarchy: '[DesignObjHierarchy]']
  Violation           : Lint:382
  Goal                : BOS_LINT_RULE
  FileName            : /storage/project/atlas/design/user/pnson/ATLAS_WORKING/IP/AESDMA/RTL/AESDMA_CORE/AESDMA_SYNC_FIFO_TPSRAM.sv
  LineNumber          : 164
  Statement           :     assign w_sramfifo_mdata      = r_sram_dout_d1_valid ? r_sram_dout_d1 : w_sram_dout; 
  Signal              : I_SRAM_WRFIFO_RD_DATA
  Module              : AESDMA_WRCORE
  DesignObjHierarchy  : u_AESDMA_TOP.u_aesdma_top.u_AESDMA_WRCORE
  -----------------------------------------------------------------------------
  Tag                 : RegInputOutput-ML
  Description         : Port '[Signal]' is not registered [Hierarchy: '[DesignObjHierarchy]']
  Violation           : Lint:383
  Goal                : BOS_LINT_RULE
  FileName            : /storage/project/atlas/design/user/pnson/ATLAS_WORKING/IP/AESDMA/RTL/SAFETY/BOS_AESDMA.v
  LineNumber          : 1060
  Statement           : assign w_sram_wrfifo_clk_en = ~(w_sram_wrfifo_wr_enb & w_sram_wrfifo_rd_enb) | w_auto_clk_gating_disable;
  Signal              : O_SRAM_WRFIFO_WR_ENB
  Module              : AESDMA_WRCORE
  DesignObjHierarchy  : u_AESDMA_TOP.u_aesdma_top.u_AESDMA_WRCORE
  -----------------------------------------------------------------------------
  Tag                 : RegInputOutput-ML
  Description         : Port '[Signal]' is not registered [Hierarchy: '[DesignObjHierarchy]']
  Violation           : Lint:384
  Goal                : BOS_LINT_RULE
  FileName            : /storage/project/atlas/design/user/pnson/ATLAS_WORKING/IP/AESDMA/RTL/AESDMA_CORE/AESDMA_WRCORE.sv
  LineNumber          : 127
  Statement           :     output [AXI_DATA_WD-1:0]               O_SRAM_WRFIFO_WR_DATA
  Signal              : O_SRAM_WRFIFO_WR_DATA
  Module              : AESDMA_WRCORE
  DesignObjHierarchy  : u_AESDMA_TOP.u_aesdma_top.u_AESDMA_WRCORE
  -----------------------------------------------------------------------------
  Tag                 : RegInputOutput-ML
  Description         : Port '[Signal]' is not registered [Hierarchy: '[DesignObjHierarchy]']
  Violation           : Lint:385
  Goal                : BOS_LINT_RULE
  FileName            : /storage/project/atlas/design/user/pnson/ATLAS_WORKING/IP/AESDMA/RTL/AESDMA_CORE/AESDMA_AW_W_FC.v
  LineNumber          : 53
  Statement           :             if ( I_SVALID && O_SREADY) begin 
  Signal              : I_SVALID
  Module              : AESDMA_AW_W_FC
  DesignObjHierarchy  : u_AESDMA_TOP.u_aesdma_top.u_AESDMA_WRCORE.u_AESDMA_AW_W_FC
  -----------------------------------------------------------------------------
  Tag                 : RegInputOutput-ML
  Description         : Port '[Signal]' is not registered [Hierarchy: '[DesignObjHierarchy]']
  Violation           : Lint:386
  Goal                : BOS_LINT_RULE
  FileName            : /storage/project/atlas/design/user/pnson/ATLAS_WORKING/IP/AESDMA/RTL/AESDMA_CORE/AESDMA_AW_W_FC.v
  LineNumber          : 13
  Statement           :     output                      O_SREADY        , 
  Signal              : O_SREADY
  Module              : AESDMA_AW_W_FC
  DesignObjHierarchy  : u_AESDMA_TOP.u_aesdma_top.u_AESDMA_WRCORE.u_AESDMA_AW_W_FC
  -----------------------------------------------------------------------------
  Tag                 : RegInputOutput-ML
  Description         : Port '[Signal]' is not registered [Hierarchy: '[DesignObjHierarchy]']
  Violation           : Lint:387
  Goal                : BOS_LINT_RULE
  FileName            : /storage/project/atlas/design/user/pnson/ATLAS_WORKING/IP/AESDMA/RTL/AESDMA_CORE/AESDMA_AW_W_FC.v
  LineNumber          : 101
  Statement           :     assign O_MVALID  =   ~((w_cnt == r_cnt) & (r_ex_cnt == w_ex_cnt)); 
  Signal              : I_MREADY
  Module              : AESDMA_AW_W_FC
  DesignObjHierarchy  : u_AESDMA_TOP.u_aesdma_top.u_AESDMA_WRCORE.u_AESDMA_AW_W_FC
  -----------------------------------------------------------------------------
  Tag                 : RegInputOutput-ML
  Description         : Port '[Signal]' is not registered [Hierarchy: '[DesignObjHierarchy]']
  Violation           : Lint:388
  Goal                : BOS_LINT_RULE
  FileName            : /storage/project/atlas/design/user/pnson/ATLAS_WORKING/IP/AESDMA/RTL/AESDMA_CORE/AESDMA_WRCORE.sv
  LineNumber          : 659
  Statement           :             O_WValid = w_wch_no_stop & w_dma_wr_fifo_mvalid & (r_wCnt != {WFIFO_DATACNT_WIDTH{1'b0}});
  Signal              : O_MVALID
  Module              : AESDMA_AW_W_FC
  DesignObjHierarchy  : u_AESDMA_TOP.u_aesdma_top.u_AESDMA_WRCORE.u_AESDMA_AW_W_FC
  -----------------------------------------------------------------------------
  Tag                 : RegInputOutput-ML
  Description         : Port '[Signal]' is not registered [Hierarchy: '[DesignObjHierarchy]']
  Violation           : Lint:389
  Goal                : BOS_LINT_RULE
  FileName            : /storage/project/atlas/design/user/pnson/ATLAS_WORKING/IP/AESDMA/RTL/AESDMA_CORE/AESDMA_SYNC_FIFO_TPSRAM.sv
  LineNumber          : 132
  Statement           :             if (~w_bypass_sramfifo & I_SVALID & w_sramfifo_sready) begin 
  Signal              : I_SVALID
  Module              : AESDMA_SYNC_FIFO_TPSRAM
  DesignObjHierarchy  : u_AESDMA_TOP.u_aesdma_top.u_AESDMA_WRCORE.u_AESDMA_DMA_WR_FIFO
  -----------------------------------------------------------------------------
  Tag                 : RegInputOutput-ML
  Description         : Port '[Signal]' is not registered [Hierarchy: '[DesignObjHierarchy]']
  Violation           : Lint:390
  Goal                : BOS_LINT_RULE
  FileName            : /storage/project/atlas/design/user/pnson/ATLAS_WORKING/DK/mem/SAFETY_WRAPPER/ln04lpa_a00_mc_rd2rs_hsr_lvt_32x138m2b1c1_wrapper_safety_sf129eadi1/ln04lpa_a00_mc_rd2rs_hsr_lvt_32x138m2b1c1_wrapper_safety_sf129eadi1.sv
  LineNumber          : 1052
  Statement           : assign EDO[7]  = EDI[5]^EDI[11]^EDI[16]^EDI[20]^EDI[23]^EDI[25]^EDI[27]^EDI[32]^EDI[37]^EDI[41]^EDI[44]^EDI[46]^EDI[48]^EDI[52]^EDI[56]^EDI[59]^EDI[61]^EDI[63]^EDI[66]^EDI[69]^EDI[71]^EDI[73]^EDI[75] ...
  Signal              : I_SDATA
  Module              : AESDMA_SYNC_FIFO_TPSRAM
  DesignObjHierarchy  : u_AESDMA_TOP.u_aesdma_top.u_AESDMA_WRCORE.u_AESDMA_DMA_WR_FIFO
  -----------------------------------------------------------------------------
  Tag                 : RegInputOutput-ML
  Description         : Port '[Signal]' is not registered [Hierarchy: '[DesignObjHierarchy]']
  Violation           : Lint:391
  Goal                : BOS_LINT_RULE
  FileName            : /storage/project/atlas/design/user/pnson/ATLAS_WORKING/IP/AESDMA/RTL/AESDMA_CORE/AESDMA_TOP.v
  LineNumber          : 2305
  Statement           : assign w_axidma_wr_fifo_sready = w_axidma_enabled & (w_dma_wr_fifo_sready | (w_axidma_mode_sel == DMA_MODE_READ_ONLY));
  Signal              : O_SREADY
  Module              : AESDMA_SYNC_FIFO_TPSRAM
  DesignObjHierarchy  : u_AESDMA_TOP.u_aesdma_top.u_AESDMA_WRCORE.u_AESDMA_DMA_WR_FIFO
  -----------------------------------------------------------------------------
  Tag                 : RegInputOutput-ML
  Description         : Port '[Signal]' is not registered [Hierarchy: '[DesignObjHierarchy]']
  Violation           : Lint:392
  Goal                : BOS_LINT_RULE
  FileName            : /storage/project/atlas/design/user/pnson/ATLAS_WORKING/IP/AESDMA/RTL/AESDMA_CORE/AESDMA_SYNC_FIFO_TPSRAM.sv
  LineNumber          : 201
  Statement           :             if(I_SVALID & O_SREADY & I_MREADY & O_MVALID) begin 
  Signal              : I_MREADY
  Module              : AESDMA_SYNC_FIFO_TPSRAM
  DesignObjHierarchy  : u_AESDMA_TOP.u_aesdma_top.u_AESDMA_WRCORE.u_AESDMA_DMA_WR_FIFO
  -----------------------------------------------------------------------------
  Tag                 : RegInputOutput-ML
  Description         : Port '[Signal]' is not registered [Hierarchy: '[DesignObjHierarchy]']
  Violation           : Lint:393
  Goal                : BOS_LINT_RULE
  FileName            : /storage/project/atlas/design/user/pnson/ATLAS_WORKING/IP/AESDMA/RTL/AESDMA_CORE/AESDMA_WRCORE.sv
  LineNumber          : 659
  Statement           :             O_WValid = w_wch_no_stop & w_dma_wr_fifo_mvalid & (r_wCnt != {WFIFO_DATACNT_WIDTH{1'b0}});
  Signal              : O_MVALID
  Module              : AESDMA_SYNC_FIFO_TPSRAM
  DesignObjHierarchy  : u_AESDMA_TOP.u_aesdma_top.u_AESDMA_WRCORE.u_AESDMA_DMA_WR_FIFO
  -----------------------------------------------------------------------------
  Tag                 : RegInputOutput-ML
  Description         : Port '[Signal]' is not registered [Hierarchy: '[DesignObjHierarchy]']
  Violation           : Lint:394
  Goal                : BOS_LINT_RULE
  FileName            : /storage/project/atlas/design/user/pnson/ATLAS_WORKING/IP/AESDMA/RTL/SAFETY/BOS_AESDMA.v
  LineNumber          : 1060
  Statement           : assign w_sram_wrfifo_clk_en = ~(w_sram_wrfifo_wr_enb & w_sram_wrfifo_rd_enb) | w_auto_clk_gating_disable;
  Signal              : O_FIFO_SRAM_RD_ENB
  Module              : AESDMA_SYNC_FIFO_TPSRAM
  DesignObjHierarchy  : u_AESDMA_TOP.u_aesdma_top.u_AESDMA_WRCORE.u_AESDMA_DMA_WR_FIFO
  -----------------------------------------------------------------------------
  Tag                 : RegInputOutput-ML
  Description         : Port '[Signal]' is not registered [Hierarchy: '[DesignObjHierarchy]']
  Violation           : Lint:395
  Goal                : BOS_LINT_RULE
  FileName            : /storage/project/atlas/design/user/pnson/ATLAS_WORKING/IP/AESDMA/RTL/AESDMA_CORE/AESDMA_SYNC_FIFO_TPSRAM.sv
  LineNumber          : 164
  Statement           :     assign w_sramfifo_mdata      = r_sram_dout_d1_valid ? r_sram_dout_d1 : w_sram_dout; 
  Signal              : I_FIFO_SRAM_RD_DATA
  Module              : AESDMA_SYNC_FIFO_TPSRAM
  DesignObjHierarchy  : u_AESDMA_TOP.u_aesdma_top.u_AESDMA_WRCORE.u_AESDMA_DMA_WR_FIFO
  -----------------------------------------------------------------------------
  Tag                 : RegInputOutput-ML
  Description         : Port '[Signal]' is not registered [Hierarchy: '[DesignObjHierarchy]']
  Violation           : Lint:396
  Goal                : BOS_LINT_RULE
  FileName            : /storage/project/atlas/design/user/pnson/ATLAS_WORKING/IP/AESDMA/RTL/SAFETY/BOS_AESDMA.v
  LineNumber          : 1060
  Statement           : assign w_sram_wrfifo_clk_en = ~(w_sram_wrfifo_wr_enb & w_sram_wrfifo_rd_enb) | w_auto_clk_gating_disable;
  Signal              : O_FIFO_SRAM_WR_ENB
  Module              : AESDMA_SYNC_FIFO_TPSRAM
  DesignObjHierarchy  : u_AESDMA_TOP.u_aesdma_top.u_AESDMA_WRCORE.u_AESDMA_DMA_WR_FIFO
  -----------------------------------------------------------------------------
  Tag                 : RegInputOutput-ML
  Description         : Port '[Signal]' is not registered [Hierarchy: '[DesignObjHierarchy]']
  Violation           : Lint:397
  Goal                : BOS_LINT_RULE
  FileName            : /storage/project/atlas/design/user/pnson/ATLAS_WORKING/IP/AESDMA/RTL/AESDMA_CORE/AESDMA_SYNC_FIFO_TPSRAM.sv
  LineNumber          : 59
  Statement           :     output  [FIFO_WIDTH-1:0]    O_FIFO_SRAM_WR_DATA 
  Signal              : O_FIFO_SRAM_WR_DATA
  Module              : AESDMA_SYNC_FIFO_TPSRAM
  DesignObjHierarchy  : u_AESDMA_TOP.u_aesdma_top.u_AESDMA_WRCORE.u_AESDMA_DMA_WR_FIFO
  -----------------------------------------------------------------------------
  Tag                 : RegInputOutput-ML
  Description         : Port '[Signal]' is not registered [Hierarchy: '[DesignObjHierarchy]']
  Violation           : Lint:398
  Goal                : BOS_LINT_RULE
  FileName            : /storage/project/atlas/design/user/pnson/ATLAS_WORKING/IP/AESDMA/RTL/AESDMA_CORE/AESDMA_DATAGEN.v
  LineNumber          : 136
  Statement           : assign w_datagen_len = (I_DMA_START_PULSE)? I_DMA_LENGTH : r_datagen_len;
  Signal              : I_DMA_START_PULSE
  Module              : AESDMA_DATAGEN
  DesignObjHierarchy  : u_AESDMA_TOP.u_aesdma_top.u_AESDMA_DATAGEN
  -----------------------------------------------------------------------------
  Tag                 : RegInputOutput-ML
  Description         : Port '[Signal]' is not registered [Hierarchy: '[DesignObjHierarchy]']
  Violation           : Lint:399
  Goal                : BOS_LINT_RULE
  FileName            : /storage/project/atlas/design/user/pnson/ATLAS_WORKING/IP/AESDMA/RTL/AESDMA_CORE/AESDMA_DATAGEN.v
  LineNumber          : 136
  Statement           : assign w_datagen_len = (I_DMA_START_PULSE)? I_DMA_LENGTH : r_datagen_len;
  Signal              : I_DMA_LENGTH
  Module              : AESDMA_DATAGEN
  DesignObjHierarchy  : u_AESDMA_TOP.u_aesdma_top.u_AESDMA_DATAGEN
  -----------------------------------------------------------------------------
  Tag                 : RegInputOutput-ML
  Description         : Port '[Signal]' is not registered [Hierarchy: '[DesignObjHierarchy]']
  Violation           : Lint:400
  Goal                : BOS_LINT_RULE
  FileName            : /storage/project/atlas/design/user/pnson/ATLAS_WORKING/IP/AESDMA/RTL/AESDMA_CORE/AESDMA_DATAGEN.v
  LineNumber          : 131
  Statement           : assign O_DMA_DONE                = (I_DMA_MODE_SEL == DMA_MODE_READ_ONLY) ? ((~I_CRC_EN)? I_DMA_RD_DONE : r_crc_valid) : I_DMA_WR_DONE; 
  Signal              : I_DMA_MODE_SEL
  Module              : AESDMA_DATAGEN
  DesignObjHierarchy  : u_AESDMA_TOP.u_aesdma_top.u_AESDMA_DATAGEN
  -----------------------------------------------------------------------------
  Tag                 : RegInputOutput-ML
  Description         : Port '[Signal]' is not registered [Hierarchy: '[DesignObjHierarchy]']
  Violation           : Lint:401
  Goal                : BOS_LINT_RULE
  FileName            : /storage/project/atlas/design/user/pnson/ATLAS_WORKING/IP/AESDMA/RTL/AESDMA_CORE/AESDMA_DATAGEN.v
  LineNumber          : 131
  Statement           : assign O_DMA_DONE                = (I_DMA_MODE_SEL == DMA_MODE_READ_ONLY) ? ((~I_CRC_EN)? I_DMA_RD_DONE : r_crc_valid) : I_DMA_WR_DONE; 
  Signal              : I_DMA_RD_DONE
  Module              : AESDMA_DATAGEN
  DesignObjHierarchy  : u_AESDMA_TOP.u_aesdma_top.u_AESDMA_DATAGEN
  -----------------------------------------------------------------------------
  Tag                 : RegInputOutput-ML
  Description         : Port '[Signal]' is not registered [Hierarchy: '[DesignObjHierarchy]']
  Violation           : Lint:402
  Goal                : BOS_LINT_RULE
  FileName            : /storage/project/atlas/design/user/pnson/ATLAS_WORKING/IP/AESDMA/RTL/AESDMA_CORE/AESDMA_DATAGEN.v
  LineNumber          : 131
  Statement           : assign O_DMA_DONE                = (I_DMA_MODE_SEL == DMA_MODE_READ_ONLY) ? ((~I_CRC_EN)? I_DMA_RD_DONE : r_crc_valid) : I_DMA_WR_DONE; 
  Signal              : I_DMA_WR_DONE
  Module              : AESDMA_DATAGEN
  DesignObjHierarchy  : u_AESDMA_TOP.u_aesdma_top.u_AESDMA_DATAGEN
  -----------------------------------------------------------------------------
  Tag                 : RegInputOutput-ML
  Description         : Port '[Signal]' is not registered [Hierarchy: '[DesignObjHierarchy]']
  Violation           : Lint:403
  Goal                : BOS_LINT_RULE
  FileName            : /storage/project/atlas/design/user/pnson/ATLAS_WORKING/IP/AESDMA/RTL/AESDMA_CORE/AESDMA_DATAGEN.v
  LineNumber          : 213
  Statement           : assign w_alu_op0_val_mux = (I_DMA_MODE_SEL != DMA_MODE_WRITE_ONLY) ? I_DMA_RD_FIFO_SDATA : r_datagen_data;
  Signal              : I_DMA_RD_FIFO_SDATA
  Module              : AESDMA_DATAGEN
  DesignObjHierarchy  : u_AESDMA_TOP.u_aesdma_top.u_AESDMA_DATAGEN
  -----------------------------------------------------------------------------
  Tag                 : RegInputOutput-ML
  Description         : Port '[Signal]' is not registered [Hierarchy: '[DesignObjHierarchy]']
  Violation           : Lint:404
  Goal                : BOS_LINT_RULE
  FileName            : /storage/project/atlas/design/user/pnson/ATLAS_WORKING/IP/AESDMA/RTL/AESDMA_CORE/AESDMA_DATAGEN.v
  LineNumber          : 196
  Statement           :             if (((r_datagen_cur_trcnt + 1) == r_datagen_trcnt) & I_DMA_WR_FIFO_SREADY & ((I_DMA_MODE_SEL == DMA_MODE_WRITE_ONLY) | ((I_DMA_MODE_SEL != DMA_MODE_WRITE_ONLY) & I_DMA_RD_FIFO_SVALID)))
  Signal              : I_DMA_RD_FIFO_SVALID
  Module              : AESDMA_DATAGEN
  DesignObjHierarchy  : u_AESDMA_TOP.u_aesdma_top.u_AESDMA_DATAGEN
  -----------------------------------------------------------------------------
  Tag                 : RegInputOutput-ML
  Description         : Port '[Signal]' is not registered [Hierarchy: '[DesignObjHierarchy]']
  Violation           : Lint:405
  Goal                : BOS_LINT_RULE
  FileName            : /storage/project/atlas/design/user/pnson/ATLAS_WORKING/IP/AESDMA/RTL/AESDMA_CORE/AESDMA_DATAGEN.v
  LineNumber          : 196
  Statement           :             if (((r_datagen_cur_trcnt + 1) == r_datagen_trcnt) & I_DMA_WR_FIFO_SREADY & ((I_DMA_MODE_SEL == DMA_MODE_WRITE_ONLY) | ((I_DMA_MODE_SEL != DMA_MODE_WRITE_ONLY) & I_DMA_RD_FIFO_SVALID)))
  Signal              : I_DMA_WR_FIFO_SREADY
  Module              : AESDMA_DATAGEN
  DesignObjHierarchy  : u_AESDMA_TOP.u_aesdma_top.u_AESDMA_DATAGEN
  -----------------------------------------------------------------------------
  Tag                 : RegInputOutput-ML
  Description         : Port '[Signal]' is not registered [Hierarchy: '[DesignObjHierarchy]']
  Violation           : Lint:406
  Goal                : BOS_LINT_RULE
  FileName            : /storage/project/atlas/design/user/pnson/ATLAS_WORKING/IP/AESDMA/RTL/AESDMA_CORE/AESDMA_TOP.v
  LineNumber          : 2304
  Statement           : assign w_dma_wr_fifo_sdata     = w_aesdma_out_mvalid ? w_aesdma_out_mdata_mux : w_axidma_datagen_sdata_mux;
  Signal              : O_DMA_WR_FIFO_SDATA_MUX
  Module              : AESDMA_DATAGEN
  DesignObjHierarchy  : u_AESDMA_TOP.u_aesdma_top.u_AESDMA_DATAGEN
  -----------------------------------------------------------------------------
  Tag                 : RegInputOutput-ML
  Description         : Port '[Signal]' is not registered [Hierarchy: '[DesignObjHierarchy]']
  Violation           : Lint:407
  Goal                : BOS_LINT_RULE
  FileName            : /storage/project/atlas/design/user/pnson/ATLAS_WORKING/IP/AESDMA/RTL/AESDMA_CORE/AESDMA_TOP.v
  LineNumber          : 2303
  Statement           : assign w_dma_wr_fifo_svalid    = (w_axidma_mode_sel == DMA_MODE_READ_ONLY) ? 1'b0 : (w_aesdma_out_mvalid | w_axidma_datagen_svalid_mux);
  Signal              : O_DMA_WR_FIFO_SVALID_MUX
  Module              : AESDMA_DATAGEN
  DesignObjHierarchy  : u_AESDMA_TOP.u_aesdma_top.u_AESDMA_DATAGEN
  -----------------------------------------------------------------------------
  Tag                 : RegInputOutput-ML
  Description         : Port '[Signal]' is not registered [Hierarchy: '[DesignObjHierarchy]']
  Violation           : Lint:408
  Goal                : BOS_LINT_RULE
  FileName            : /storage/project/atlas/design/user/pnson/ATLAS_WORKING/IP/AESDMA/RTL/AESDMA_CORE/AESDMA_CRC_GEN.v
  LineNumber          : 274
  Statement           :             if (I_DMA_START & I_CRC_EN & I_SDATA_LEN_VALID) begin
  Signal              : I_DMA_START
  Module              : AESDMA_DATAGEN
  DesignObjHierarchy  : u_AESDMA_TOP.u_aesdma_top.u_AESDMA_DATAGEN
  -----------------------------------------------------------------------------
  Tag                 : RegInputOutput-ML
  Description         : Port '[Signal]' is not registered [Hierarchy: '[DesignObjHierarchy]']
  Violation           : Lint:409
  Goal                : BOS_LINT_RULE
  FileName            : /storage/project/atlas/design/user/pnson/ATLAS_WORKING/IP/AESDMA/RTL/AESDMA_CORE/AESDMA_DATAGEN.v
  LineNumber          : 335
  Statement           :         r_dma_done          <= (I_DMA_MODE_SEL != DMA_MODE_READ_ONLY)? I_DMA_DONE : r_dma_done_d3;
  Signal              : I_DMA_DONE
  Module              : AESDMA_DATAGEN
  DesignObjHierarchy  : u_AESDMA_TOP.u_aesdma_top.u_AESDMA_DATAGEN
  -----------------------------------------------------------------------------
  Tag                 : RegInputOutput-ML
  Description         : Port '[Signal]' is not registered [Hierarchy: '[DesignObjHierarchy]']
  Violation           : Lint:410
  Goal                : BOS_LINT_RULE
  FileName            : /storage/project/atlas/design/user/pnson/ATLAS_WORKING/IP/AESDMA/RTL/AESDMA_CORE/AESDMA_DATAGEN.v
  LineNumber          : 355
  Statement           : assign w_sdata_len_kkh = I_CRC_EN ? ((I_DMA_MODE_SEL != DMA_MODE_WRITE_ONLY)? I_SDATA_LEN : I_DMA_LENGTH) : r_sdata_len ;
  Signal              : I_SDATA_LEN
  Module              : AESDMA_DATAGEN
  DesignObjHierarchy  : u_AESDMA_TOP.u_aesdma_top.u_AESDMA_DATAGEN
  -----------------------------------------------------------------------------
  Tag                 : RegInputOutput-ML
  Description         : Port '[Signal]' is not registered [Hierarchy: '[DesignObjHierarchy]']
  Violation           : Lint:411
  Goal                : BOS_LINT_RULE
  FileName            : /storage/project/atlas/design/user/pnson/ATLAS_WORKING/IP/AESDMA/RTL/AESDMA_CORE/AESDMA_CRC_GEN.v
  LineNumber          : 274
  Statement           :             if (I_DMA_START & I_CRC_EN & I_SDATA_LEN_VALID) begin
  Signal              : I_DMA_START
  Module              : AESDMA_CRC_GEN
  DesignObjHierarchy  : u_AESDMA_TOP.u_aesdma_top.u_AESDMA_DATAGEN.u_AESDMA_CRC_GEN_in_DATAGEN
  -----------------------------------------------------------------------------
  Tag                 : RegInputOutput-ML
  Description         : Port '[Signal]' is not registered [Hierarchy: '[DesignObjHierarchy]']
  Violation           : Lint:412
  Goal                : BOS_LINT_RULE
  FileName            : /storage/project/atlas/design/user/pnson/ATLAS_WORKING/IP/AESDMA/RTL/AESDMA_CORE/AESDMA_CRC_GEN.v
  LineNumber          : 110
  Statement           : assign w_fifo_data = (I_FIFO_SDATA & w_fifo_mask);
  Signal              : I_FIFO_SDATA
  Module              : AESDMA_CRC_GEN
  DesignObjHierarchy  : u_AESDMA_TOP.u_aesdma_top.u_AESDMA_DATAGEN.u_AESDMA_CRC_GEN_in_DATAGEN
  -----------------------------------------------------------------------------
  Tag                 : RegInputOutput-ML
  Description         : Port '[Signal]' is not registered [Hierarchy: '[DesignObjHierarchy]']
  Violation           : Lint:413
  Goal                : BOS_LINT_RULE
  FileName            : /storage/project/atlas/design/user/pnson/ATLAS_WORKING/IP/AESDMA/RTL/AESDMA_CORE/AESDMA_CRC_GEN.v
  LineNumber          : 308
  Statement           :    .I_SVALID    ( I_FIFO_SDATA_VALID &  I_FIFO_SDATA_READY  ),
  Signal              : I_FIFO_SDATA_VALID
  Module              : AESDMA_CRC_GEN
  DesignObjHierarchy  : u_AESDMA_TOP.u_aesdma_top.u_AESDMA_DATAGEN.u_AESDMA_CRC_GEN_in_DATAGEN
  -----------------------------------------------------------------------------
  Tag                 : RegInputOutput-ML
  Description         : Port '[Signal]' is not registered [Hierarchy: '[DesignObjHierarchy]']
  Violation           : Lint:414
  Goal                : BOS_LINT_RULE
  FileName            : /storage/project/atlas/design/user/pnson/ATLAS_WORKING/IP/AESDMA/RTL/AESDMA_CORE/AESDMA_CRC_GEN.v
  LineNumber          : 31
  Statement           :     output                      O_CRC_CAL_READY,
  Signal              : O_CRC_CAL_READY
  Module              : AESDMA_CRC_GEN
  DesignObjHierarchy  : u_AESDMA_TOP.u_aesdma_top.u_AESDMA_DATAGEN.u_AESDMA_CRC_GEN_in_DATAGEN
  -----------------------------------------------------------------------------
  Tag                 : RegInputOutput-ML
  Description         : Port '[Signal]' is not registered [Hierarchy: '[DesignObjHierarchy]']
  Violation           : Lint:415
  Goal                : BOS_LINT_RULE
  FileName            : /storage/project/atlas/design/user/pnson/ATLAS_WORKING/IP/AESDMA/RTL/AESDMA_CORE/AESDMA_CRC_GEN.v
  LineNumber          : 125
  Statement           :             r_data_len <= {DMA_LEN_WD{1'b0}};
  Signal              : I_SDATA_LEN
  Module              : AESDMA_CRC_GEN
  DesignObjHierarchy  : u_AESDMA_TOP.u_aesdma_top.u_AESDMA_DATAGEN.u_AESDMA_CRC_GEN_in_DATAGEN
  -----------------------------------------------------------------------------
  Tag                 : RegInputOutput-ML
  Description         : Port '[Signal]' is not registered [Hierarchy: '[DesignObjHierarchy]']
  Violation           : Lint:416
  Goal                : BOS_LINT_RULE
  FileName            : /storage/project/atlas/design/user/pnson/ATLAS_WORKING/IP/AESDMA/RTL/AESDMA_CORE/AESDMA_CRC_GEN.v
  LineNumber          : 274
  Statement           :             if (I_DMA_START & I_CRC_EN & I_SDATA_LEN_VALID) begin
  Signal              : I_SDATA_LEN_VALID
  Module              : AESDMA_CRC_GEN
  DesignObjHierarchy  : u_AESDMA_TOP.u_aesdma_top.u_AESDMA_DATAGEN.u_AESDMA_CRC_GEN_in_DATAGEN
  -----------------------------------------------------------------------------
  Tag                 : RegInputOutput-ML
  Description         : Port '[Signal]' is not registered [Hierarchy: '[DesignObjHierarchy]']
  Violation           : Lint:417
  Goal                : BOS_LINT_RULE
  FileName            : /storage/project/atlas/design/user/pnson/ATLAS_WORKING/IP/AESDMA/RTL/AESDMA_CORE/AESDMA_DATAGEN.v
  LineNumber          : 131
  Statement           : assign O_DMA_DONE                = (I_DMA_MODE_SEL == DMA_MODE_READ_ONLY) ? ((~I_CRC_EN)? I_DMA_RD_DONE : r_crc_valid) : I_DMA_WR_DONE; 
  Signal              : O_CRC_VALID
  Module              : AESDMA_CRC_GEN
  DesignObjHierarchy  : u_AESDMA_TOP.u_aesdma_top.u_AESDMA_DATAGEN.u_AESDMA_CRC_GEN_in_DATAGEN
  -----------------------------------------------------------------------------
  Tag                 : RegInputOutput-ML
  Description         : Port '[Signal]' is not registered [Hierarchy: '[DesignObjHierarchy]']
  Violation           : Lint:418
  Goal                : BOS_LINT_RULE
  FileName            : /storage/project/atlas/design/user/pnson/ATLAS_WORKING/IP/AESDMA/RTL/AESDMA_CORE/AESDMA_AUTOGEN_CRC16_DATA128.v
  LineNumber          : 31
  Statement           : assign    O_CRC[8] = I_SDATA[94] ^ I_SDATA[80] ^ I_SDATA[95] ^ I_SDATA[118] ^ I_CRC[6] ^ I_SDATA[104] ^ I_SDATA[119] ^ I_CRC[7] ^ I_SDATA[90] ^ I_SDATA[76] ^ I_SDATA[91] ^ I_SDATA[62] ^ I_SDATA[48] ^  ...
  Signal              : I_CRC
  Module              : AESDMA_AUTOGEN_CRC16_DATA128
  DesignObjHierarchy  : u_AESDMA_TOP.u_aesdma_top.u_AESDMA_DATAGEN.u_AESDMA_CRC_GEN_in_DATAGEN.gen_crc_first_128.u_axidma_crc16_gen
  -----------------------------------------------------------------------------
  Tag                 : RegInputOutput-ML
  Description         : Port '[Signal]' is not registered [Hierarchy: '[DesignObjHierarchy]']
  Violation           : Lint:419
  Goal                : BOS_LINT_RULE
  FileName            : /storage/project/atlas/design/user/pnson/ATLAS_WORKING/IP/AESDMA/RTL/AESDMA_CORE/AESDMA_AUTOGEN_CRC16_DATA128.v
  LineNumber          : 19
  Statement           :     output      [16 -1 : 0]   O_CRC
  Signal              : O_CRC
  Module              : AESDMA_AUTOGEN_CRC16_DATA128
  DesignObjHierarchy  : u_AESDMA_TOP.u_aesdma_top.u_AESDMA_DATAGEN.u_AESDMA_CRC_GEN_in_DATAGEN.gen_crc_first_128.u_axidma_crc16_gen
  -----------------------------------------------------------------------------
  Tag                 : RegInputOutput-ML
  Description         : Port '[Signal]' is not registered [Hierarchy: '[DesignObjHierarchy]']
  Violation           : Lint:420
  Goal                : BOS_LINT_RULE
  FileName            : /storage/project/atlas/design/user/pnson/ATLAS_WORKING/IP/AESDMA/RTL/AESDMA_CORE/AESDMA_PRBS_GEN.v
  LineNumber          : 249
  Statement           :             if (I_DMA_START & I_PRBS_EN ) begin
  Signal              : I_PRBS_EN
  Module              : AESDMA_PRBS_GEN
  DesignObjHierarchy  : u_AESDMA_TOP.u_aesdma_top.u_AESDMA_DATAGEN.u_AESDMA_PRBS_GEN_in_DATAGEN
  -----------------------------------------------------------------------------
  Tag                 : RegInputOutput-ML
  Description         : Port '[Signal]' is not registered [Hierarchy: '[DesignObjHierarchy]']
  Violation           : Lint:421
  Goal                : BOS_LINT_RULE
  FileName            : /storage/project/atlas/design/user/pnson/ATLAS_WORKING/IP/AESDMA/RTL/AESDMA_CORE/AESDMA_PRBS_GEN.v
  LineNumber          : 249
  Statement           :             if (I_DMA_START & I_PRBS_EN ) begin
  Signal              : I_DMA_START
  Module              : AESDMA_PRBS_GEN
  DesignObjHierarchy  : u_AESDMA_TOP.u_aesdma_top.u_AESDMA_DATAGEN.u_AESDMA_PRBS_GEN_in_DATAGEN
  -----------------------------------------------------------------------------
  Tag                 : RegInputOutput-ML
  Description         : Port '[Signal]' is not registered [Hierarchy: '[DesignObjHierarchy]']
  Violation           : Lint:422
  Goal                : BOS_LINT_RULE
  FileName            : /storage/project/atlas/design/user/pnson/ATLAS_WORKING/IP/AESDMA/RTL/AESDMA_CORE/AESDMA_PRBS_GEN.v
  LineNumber          : 186
  Statement           :             r_prbs_trcnt <= I_SDATA_LEN[DMA_LEN_WD-1:ADDR_BASE_LSB] + ((|I_SDATA_LEN[ADDR_BASE_LSB-1:0])? 1:0);
  Signal              : I_SDATA_LEN
  Module              : AESDMA_PRBS_GEN
  DesignObjHierarchy  : u_AESDMA_TOP.u_aesdma_top.u_AESDMA_DATAGEN.u_AESDMA_PRBS_GEN_in_DATAGEN
  -----------------------------------------------------------------------------
  Tag                 : RegInputOutput-ML
  Description         : Port '[Signal]' is not registered [Hierarchy: '[DesignObjHierarchy]']
  Violation           : Lint:423
  Goal                : BOS_LINT_RULE
  FileName            : /storage/project/atlas/design/user/pnson/ATLAS_WORKING/IP/AESDMA/RTL/AESDMA_CORE/AESDMA_SYNC_FIFO_REG.v
  LineNumber          : 111
  Statement           :     assign O_MVALID  =   ~((w_cnt == r_cnt) & (r_ex_cnt == w_ex_cnt)); 
  Signal              : I_PRBS_DATA_READY
  Module              : AESDMA_PRBS_GEN
  DesignObjHierarchy  : u_AESDMA_TOP.u_aesdma_top.u_AESDMA_DATAGEN.u_AESDMA_PRBS_GEN_in_DATAGEN
  -----------------------------------------------------------------------------
  Tag                 : RegInputOutput-ML
  Description         : Port '[Signal]' is not registered [Hierarchy: '[DesignObjHierarchy]']
  Violation           : Lint:424
  Goal                : BOS_LINT_RULE
  FileName            : /storage/project/atlas/design/user/pnson/ATLAS_WORKING/IP/AESDMA/RTL/AESDMA_CORE/AESDMA_DATAGEN.v
  LineNumber          : 132
  Statement           : assign O_DMA_WR_FIFO_SVALID_MUX  = (I_DMA_RD_FIFO_SVALID & (I_DMA_MODE_SEL == DMA_MODE_NORMAL)) | 
  Signal              : O_PRBS_DATA_VALID
  Module              : AESDMA_PRBS_GEN
  DesignObjHierarchy  : u_AESDMA_TOP.u_aesdma_top.u_AESDMA_DATAGEN.u_AESDMA_PRBS_GEN_in_DATAGEN
  -----------------------------------------------------------------------------
  Tag                 : RegInputOutput-ML
  Description         : Port '[Signal]' is not registered [Hierarchy: '[DesignObjHierarchy]']
  Violation           : Lint:425
  Goal                : BOS_LINT_RULE
  FileName            : /storage/project/atlas/design/user/pnson/ATLAS_WORKING/IP/AESDMA/RTL/AESDMA_CORE/AESDMA_DATAGEN.v
  LineNumber          : 237
  Statement           :             O_DMA_WR_FIFO_SDATA_MUX = w_prbs_data;
  Signal              : O_PRBS_DATA
  Module              : AESDMA_PRBS_GEN
  DesignObjHierarchy  : u_AESDMA_TOP.u_aesdma_top.u_AESDMA_DATAGEN.u_AESDMA_PRBS_GEN_in_DATAGEN
  -----------------------------------------------------------------------------
  Tag                 : RegInputOutput-ML
  Description         : Port '[Signal]' is not registered [Hierarchy: '[DesignObjHierarchy]']
  Violation           : Lint:426
  Goal                : BOS_LINT_RULE
  FileName            : /storage/project/atlas/design/user/pnson/ATLAS_WORKING/IP/AESDMA/RTL/AESDMA_CORE/AESDMA_PRBS_COMB.v
  LineNumber          : 21
  Statement           : assign O_NXT_PR[6] = I_CUR_PR[6] ^ I_CUR_PR[5] ^ I_CUR_PR[2] ^ I_CUR_PR[0];
  Signal              : I_CUR_PR
  Module              : AESDMA_AutoGen_PrbsGen_Comb7_16
  DesignObjHierarchy  : u_AESDMA_TOP.u_aesdma_top.u_AESDMA_DATAGEN.u_AESDMA_PRBS_GEN_in_DATAGEN.genblk1[0].u_AutoGen_PrbsGen_Comb7_16
  -----------------------------------------------------------------------------
  Tag                 : RegInputOutput-ML
  Description         : Port '[Signal]' is not registered [Hierarchy: '[DesignObjHierarchy]']
  Violation           : Lint:427
  Goal                : BOS_LINT_RULE
  FileName            : /storage/project/atlas/design/user/pnson/ATLAS_WORKING/IP/AESDMA/RTL/AESDMA_CORE/AESDMA_PRBS_COMB.v
  LineNumber          : 11
  Statement           : output [6:0] O_NXT_PR;
  Signal              : O_NXT_PR
  Module              : AESDMA_AutoGen_PrbsGen_Comb7_16
  DesignObjHierarchy  : u_AESDMA_TOP.u_aesdma_top.u_AESDMA_DATAGEN.u_AESDMA_PRBS_GEN_in_DATAGEN.genblk1[0].u_AutoGen_PrbsGen_Comb7_16
  -----------------------------------------------------------------------------
  Tag                 : RegInputOutput-ML
  Description         : Port '[Signal]' is not registered [Hierarchy: '[DesignObjHierarchy]']
  Violation           : Lint:428
  Goal                : BOS_LINT_RULE
  FileName            : /storage/project/atlas/design/user/pnson/ATLAS_WORKING/IP/AESDMA/RTL/AESDMA_CORE/AESDMA_PRBS_COMB.v
  LineNumber          : 13
  Statement           : output [15:0] O_OUT_PR;
  Signal              : O_OUT_PR
  Module              : AESDMA_AutoGen_PrbsGen_Comb7_16
  DesignObjHierarchy  : u_AESDMA_TOP.u_aesdma_top.u_AESDMA_DATAGEN.u_AESDMA_PRBS_GEN_in_DATAGEN.genblk1[0].u_AutoGen_PrbsGen_Comb7_16
  -----------------------------------------------------------------------------
  Tag                 : RegInputOutput-ML
  Description         : Port '[Signal]' is not registered [Hierarchy: '[DesignObjHierarchy]']
  Violation           : Lint:429
  Goal                : BOS_LINT_RULE
  FileName            : /storage/project/atlas/design/user/pnson/ATLAS_WORKING/IP/AESDMA/RTL/AESDMA_CORE/AESDMA_PRBS_COMB.v
  LineNumber          : 65
  Statement           : assign O_NXT_PR[8] = I_CUR_PR[8] ^ I_CUR_PR[4] ^ I_CUR_PR[1] ^ I_CUR_PR[0];
  Signal              : I_CUR_PR
  Module              : AESDMA_AutoGen_PrbsGen_Comb9_16
  DesignObjHierarchy  : u_AESDMA_TOP.u_aesdma_top.u_AESDMA_DATAGEN.u_AESDMA_PRBS_GEN_in_DATAGEN.genblk1[0].u_AutoGen_PrbsGen_Comb9_16
  -----------------------------------------------------------------------------
  Tag                 : RegInputOutput-ML
  Description         : Port '[Signal]' is not registered [Hierarchy: '[DesignObjHierarchy]']
  Violation           : Lint:430
  Goal                : BOS_LINT_RULE
  FileName            : /storage/project/atlas/design/user/pnson/ATLAS_WORKING/IP/AESDMA/RTL/AESDMA_CORE/AESDMA_PRBS_COMB.v
  LineNumber          : 55
  Statement           : output [8:0] O_NXT_PR;
  Signal              : O_NXT_PR
  Module              : AESDMA_AutoGen_PrbsGen_Comb9_16
  DesignObjHierarchy  : u_AESDMA_TOP.u_aesdma_top.u_AESDMA_DATAGEN.u_AESDMA_PRBS_GEN_in_DATAGEN.genblk1[0].u_AutoGen_PrbsGen_Comb9_16
  -----------------------------------------------------------------------------
  Tag                 : RegInputOutput-ML
  Description         : Port '[Signal]' is not registered [Hierarchy: '[DesignObjHierarchy]']
  Violation           : Lint:431
  Goal                : BOS_LINT_RULE
  FileName            : /storage/project/atlas/design/user/pnson/ATLAS_WORKING/IP/AESDMA/RTL/AESDMA_CORE/AESDMA_PRBS_COMB.v
  LineNumber          : 57
  Statement           : output [15:0] O_OUT_PR;
  Signal              : O_OUT_PR
  Module              : AESDMA_AutoGen_PrbsGen_Comb9_16
  DesignObjHierarchy  : u_AESDMA_TOP.u_aesdma_top.u_AESDMA_DATAGEN.u_AESDMA_PRBS_GEN_in_DATAGEN.genblk1[0].u_AutoGen_PrbsGen_Comb9_16
  -----------------------------------------------------------------------------
  Tag                 : RegInputOutput-ML
  Description         : Port '[Signal]' is not registered [Hierarchy: '[DesignObjHierarchy]']
  Violation           : Lint:432
  Goal                : BOS_LINT_RULE
  FileName            : /storage/project/atlas/design/user/pnson/ATLAS_WORKING/IP/AESDMA/RTL/AESDMA_CORE/AESDMA_PRBS_COMB.v
  LineNumber          : 111
  Statement           : assign O_NXT_PR[10] = I_CUR_PR[10] ^ I_CUR_PR[9] ^ I_CUR_PR[8] ^ I_CUR_PR[6] ^ I_CUR_PR[5] ^ I_CUR_PR[4] ^ I_CUR_PR[2] ^ I_CUR_PR[0];
  Signal              : I_CUR_PR
  Module              : AESDMA_AutoGen_PrbsGen_Comb11_16
  DesignObjHierarchy  : u_AESDMA_TOP.u_aesdma_top.u_AESDMA_DATAGEN.u_AESDMA_PRBS_GEN_in_DATAGEN.genblk1[0].u_AutoGen_PrbsGen_Comb11_16
  -----------------------------------------------------------------------------
  Tag                 : RegInputOutput-ML
  Description         : Port '[Signal]' is not registered [Hierarchy: '[DesignObjHierarchy]']
  Violation           : Lint:433
  Goal                : BOS_LINT_RULE
  FileName            : /storage/project/atlas/design/user/pnson/ATLAS_WORKING/IP/AESDMA/RTL/AESDMA_CORE/AESDMA_PRBS_COMB.v
  LineNumber          : 101
  Statement           : output [10:0] O_NXT_PR;
  Signal              : O_NXT_PR
  Module              : AESDMA_AutoGen_PrbsGen_Comb11_16
  DesignObjHierarchy  : u_AESDMA_TOP.u_aesdma_top.u_AESDMA_DATAGEN.u_AESDMA_PRBS_GEN_in_DATAGEN.genblk1[0].u_AutoGen_PrbsGen_Comb11_16
  -----------------------------------------------------------------------------
  Tag                 : RegInputOutput-ML
  Description         : Port '[Signal]' is not registered [Hierarchy: '[DesignObjHierarchy]']
  Violation           : Lint:434
  Goal                : BOS_LINT_RULE
  FileName            : /storage/project/atlas/design/user/pnson/ATLAS_WORKING/IP/AESDMA/RTL/AESDMA_CORE/AESDMA_PRBS_COMB.v
  LineNumber          : 103
  Statement           : output [15:0] O_OUT_PR;
  Signal              : O_OUT_PR
  Module              : AESDMA_AutoGen_PrbsGen_Comb11_16
  DesignObjHierarchy  : u_AESDMA_TOP.u_aesdma_top.u_AESDMA_DATAGEN.u_AESDMA_PRBS_GEN_in_DATAGEN.genblk1[0].u_AutoGen_PrbsGen_Comb11_16
  -----------------------------------------------------------------------------
  Tag                 : RegInputOutput-ML
  Description         : Port '[Signal]' is not registered [Hierarchy: '[DesignObjHierarchy]']
  Violation           : Lint:435
  Goal                : BOS_LINT_RULE
  FileName            : /storage/project/atlas/design/user/pnson/ATLAS_WORKING/IP/AESDMA/RTL/AESDMA_CORE/AESDMA_PRBS_COMB.v
  LineNumber          : 159
  Statement           : assign O_NXT_PR[12] = I_CUR_PR[11] ^ I_CUR_PR[9] ^ I_CUR_PR[6] ^ I_CUR_PR[5] ^ I_CUR_PR[4] ^ I_CUR_PR[3] ^ I_CUR_PR[2] ^ I_CUR_PR[1] ^ 
  Signal              : I_CUR_PR
  Module              : AESDMA_AutoGen_PrbsGen_Comb13_16
  DesignObjHierarchy  : u_AESDMA_TOP.u_aesdma_top.u_AESDMA_DATAGEN.u_AESDMA_PRBS_GEN_in_DATAGEN.genblk1[0].u_AutoGen_PrbsGen_Comb13_16
  -----------------------------------------------------------------------------
  Tag                 : RegInputOutput-ML
  Description         : Port '[Signal]' is not registered [Hierarchy: '[DesignObjHierarchy]']
  Violation           : Lint:436
  Goal                : BOS_LINT_RULE
  FileName            : /storage/project/atlas/design/user/pnson/ATLAS_WORKING/IP/AESDMA/RTL/AESDMA_CORE/AESDMA_PRBS_COMB.v
  LineNumber          : 149
  Statement           : output [12:0] O_NXT_PR;
  Signal              : O_NXT_PR
  Module              : AESDMA_AutoGen_PrbsGen_Comb13_16
  DesignObjHierarchy  : u_AESDMA_TOP.u_aesdma_top.u_AESDMA_DATAGEN.u_AESDMA_PRBS_GEN_in_DATAGEN.genblk1[0].u_AutoGen_PrbsGen_Comb13_16
  -----------------------------------------------------------------------------
  Tag                 : RegInputOutput-ML
  Description         : Port '[Signal]' is not registered [Hierarchy: '[DesignObjHierarchy]']
  Violation           : Lint:437
  Goal                : BOS_LINT_RULE
  FileName            : /storage/project/atlas/design/user/pnson/ATLAS_WORKING/IP/AESDMA/RTL/AESDMA_CORE/AESDMA_PRBS_COMB.v
  LineNumber          : 151
  Statement           : output [15:0] O_OUT_PR;
  Signal              : O_OUT_PR
  Module              : AESDMA_AutoGen_PrbsGen_Comb13_16
  DesignObjHierarchy  : u_AESDMA_TOP.u_aesdma_top.u_AESDMA_DATAGEN.u_AESDMA_PRBS_GEN_in_DATAGEN.genblk1[0].u_AutoGen_PrbsGen_Comb13_16
  -----------------------------------------------------------------------------
  Tag                 : RegInputOutput-ML
  Description         : Port '[Signal]' is not registered [Hierarchy: '[DesignObjHierarchy]']
  Violation           : Lint:438
  Goal                : BOS_LINT_RULE
  FileName            : /storage/project/atlas/design/user/pnson/ATLAS_WORKING/IP/AESDMA/RTL/AESDMA_CORE/AESDMA_SYNC_FIFO2.v
  LineNumber          : 73
  Statement           :             if ( I_SVALID && O_SREADY) begin 
  Signal              : I_SVALID
  Module              : AESDMA_SYNC_FIFO2
  DesignObjHierarchy  : u_AESDMA_TOP.u_aesdma_top.u_aes_bd_cmd_fifo
  -----------------------------------------------------------------------------
  Tag                 : RegInputOutput-ML
  Description         : Port '[Signal]' is not registered [Hierarchy: '[DesignObjHierarchy]']
  Violation           : Lint:439
  Goal                : BOS_LINT_RULE
  FileName            : /storage/project/atlas/design/user/pnson/ATLAS_WORKING/IP/AESDMA/RTL/AESDMA_CORE/AESDMA_SYNC_FIFO2.v
  LineNumber          : 69
  Statement           :                 mem[i] <= 0; 
  Signal              : I_SDATA
  Module              : AESDMA_SYNC_FIFO2
  DesignObjHierarchy  : u_AESDMA_TOP.u_aesdma_top.u_aes_bd_cmd_fifo
  -----------------------------------------------------------------------------
  Tag                 : RegInputOutput-ML
  Description         : Port '[Signal]' is not registered [Hierarchy: '[DesignObjHierarchy]']
  Violation           : Lint:440
  Goal                : BOS_LINT_RULE
  FileName            : /storage/project/atlas/design/user/pnson/ATLAS_WORKING/IP/AESDMA/RTL/AESDMA_CORE/AESDMA_SYNC_FIFO2.v
  LineNumber          : 18
  Statement           :     output                      O_SREADY        , 
  Signal              : O_SREADY
  Module              : AESDMA_SYNC_FIFO2
  DesignObjHierarchy  : u_AESDMA_TOP.u_aesdma_top.u_aes_bd_cmd_fifo
  -----------------------------------------------------------------------------
  Tag                 : RegInputOutput-ML
  Description         : Port '[Signal]' is not registered [Hierarchy: '[DesignObjHierarchy]']
  Violation           : Lint:441
  Goal                : BOS_LINT_RULE
  FileName            : /storage/project/atlas/design/user/pnson/ATLAS_WORKING/IP/AESDMA/RTL/AESDMA_CORE/AESDMA_SYNC_FIFO2.v
  LineNumber          : 126
  Statement           :     assign O_MVALID  =   ~((w_cnt == r_cnt) & (r_ex_cnt == w_ex_cnt)); 
  Signal              : I_MREADY
  Module              : AESDMA_SYNC_FIFO2
  DesignObjHierarchy  : u_AESDMA_TOP.u_aesdma_top.u_aes_bd_cmd_fifo
  -----------------------------------------------------------------------------
  Tag                 : RegInputOutput-ML
  Description         : Port '[Signal]' is not registered [Hierarchy: '[DesignObjHierarchy]']
  Violation           : Lint:442
  Goal                : BOS_LINT_RULE
  FileName            : /storage/project/atlas/design/user/pnson/ATLAS_WORKING/IP/AESDMA/RTL/AESDMA_CORE/AESDMA_SYNC_FIFO2.v
  LineNumber          : 21
  Statement           :     output  [FIFO_WIDTH-1 : 0]  O_MDATA         , // DATA + VALID signals are same INPUT or OUTPUT 
  Signal              : O_MDATA
  Module              : AESDMA_SYNC_FIFO2
  DesignObjHierarchy  : u_AESDMA_TOP.u_aesdma_top.u_aes_bd_cmd_fifo
  -----------------------------------------------------------------------------
  Tag                 : RegInputOutput-ML
  Description         : Port '[Signal]' is not registered [Hierarchy: '[DesignObjHierarchy]']
  Violation           : Lint:443
  Goal                : BOS_LINT_RULE
  FileName            : /storage/project/atlas/design/user/pnson/ATLAS_WORKING/IP/AESDMA/RTL/AESDMA_CORE/AESDMA_TOP.v
  LineNumber          : 2376
  Statement           : assign w_aesdma_start_mux = w_aes_bd_en ? ((w_aesdma_mode_sel == AES_XTS_MODE) ? (w_bd_iv_fifo_mvalid | (w_bd_mode_aad_rd_r_state & w_axidma_rd_r_cmdack)) : 
  Signal              : O_MVALID
  Module              : AESDMA_SYNC_FIFO2
  DesignObjHierarchy  : u_AESDMA_TOP.u_aesdma_top.u_aes_bd_cmd_fifo
  -----------------------------------------------------------------------------
  Tag                 : RegInputOutput-ML
  Description         : Port '[Signal]' is not registered [Hierarchy: '[DesignObjHierarchy]']
  Violation           : Lint:444
  Goal                : BOS_LINT_RULE
  FileName            : /storage/project/atlas/design/user/pnson/ATLAS_WORKING/IP/AESDMA/RTL/AES_CORE/AES_CORE_dev.v
  LineNumber          : 550
  Statement           :             if (I_BD_MODE_EN | ~I_START)
  Signal              : I_START
  Module              : AES_CORE_dev
  DesignObjHierarchy  : u_AESDMA_TOP.u_aesdma_top.u_AES_CORE
  -----------------------------------------------------------------------------
  Tag                 : RegInputOutput-ML
  Description         : Port '[Signal]' is not registered [Hierarchy: '[DesignObjHierarchy]']
  Violation           : Lint:445
  Goal                : BOS_LINT_RULE
  FileName            : /storage/project/atlas/design/user/pnson/ATLAS_WORKING/IP/AESDMA/RTL/AESDMA_CORE/AESDMA_TOP.v
  LineNumber          : 2385
  Statement           : assign w_aesdma_bd_mode_eod = w_aes_bd_en ? ((((w_aesdma_mode_sel == AES_GCM_MODE) | (w_aesdma_mode_sel == AES_CCM_MODE)) & ~(|w_aesdma_data_byte_len_mux)) ? 
  Signal              : O_DONE_PULSE
  Module              : AES_CORE_dev
  DesignObjHierarchy  : u_AESDMA_TOP.u_aesdma_top.u_AES_CORE
  -----------------------------------------------------------------------------
  Tag                 : RegInputOutput-ML
  Description         : Port '[Signal]' is not registered [Hierarchy: '[DesignObjHierarchy]']
  Violation           : Lint:446
  Goal                : BOS_LINT_RULE
  FileName            : /storage/project/atlas/design/user/pnson/ATLAS_WORKING/IP/AESDMA/RTL/AES_CORE/AES_CORE_dev.v
  LineNumber          : 632
  Statement           : assign w_xts_sector_iv =  I_IV[31:0] + r_tweak_sector_r;
  Signal              : I_IV
  Module              : AES_CORE_dev
  DesignObjHierarchy  : u_AESDMA_TOP.u_aesdma_top.u_AES_CORE
  -----------------------------------------------------------------------------
  Tag                 : RegInputOutput-ML
  Description         : Port '[Signal]' is not registered [Hierarchy: '[DesignObjHierarchy]']
  Violation           : Lint:447
  Goal                : BOS_LINT_RULE
  FileName            : /storage/project/atlas/design/user/pnson/ATLAS_WORKING/IP/AESDMA/RTL/AES_CORE/AES_CORE_dev.v
  LineNumber          : 550
  Statement           :             if (I_BD_MODE_EN | ~I_START)
  Signal              : I_BD_MODE_EN
  Module              : AES_CORE_dev
  DesignObjHierarchy  : u_AESDMA_TOP.u_aesdma_top.u_AES_CORE
  -----------------------------------------------------------------------------
  Tag                 : RegInputOutput-ML
  Description         : Port '[Signal]' is not registered [Hierarchy: '[DesignObjHierarchy]']
  Violation           : Lint:448
  Goal                : BOS_LINT_RULE
  FileName            : /storage/project/atlas/design/user/pnson/ATLAS_WORKING/IP/AESDMA/RTL/AES_CORE/AES_CORE_dev.v
  LineNumber          : 389
  Statement           :                 if (w_iv_key_valid & (~I_BD_MODE_EN | I_BD_MODE_IV_READY))
  Signal              : I_BD_MODE_IV_READY
  Module              : AES_CORE_dev
  DesignObjHierarchy  : u_AESDMA_TOP.u_aesdma_top.u_AES_CORE
  -----------------------------------------------------------------------------
  Tag                 : RegInputOutput-ML
  Description         : Port '[Signal]' is not registered [Hierarchy: '[DesignObjHierarchy]']
  Violation           : Lint:449
  Goal                : BOS_LINT_RULE
  FileName            : /storage/project/atlas/design/user/pnson/ATLAS_WORKING/IP/AESDMA/RTL/AES_CORE/AES_CORE_dev.v
  LineNumber          : 481
  Statement           :                         nxt_st = r_cur_st;
  Signal              : I_BD_MODE_EOD
  Module              : AES_CORE_dev
  DesignObjHierarchy  : u_AESDMA_TOP.u_aesdma_top.u_AES_CORE
  -----------------------------------------------------------------------------
  Tag                 : RegInputOutput-ML
  Description         : Port '[Signal]' is not registered [Hierarchy: '[DesignObjHierarchy]']
  Violation           : Lint:450
  Goal                : BOS_LINT_RULE
  FileName            : /storage/project/atlas/design/user/pnson/ATLAS_WORKING/IP/AESDMA/RTL/AES_CORE/AES_CORE_dev.v
  LineNumber          : 635
  Statement           : assign O_SREADY = (I_AES_MODE == AES_CFB_MODE) ? ((!I_AES_ENC_DEC_MODE) ? ((r_cur_st == ST_PROCESS_DATA) && r_enc_in_ready[selected_cluster] && w_cfb_enc_ready && ~w_early_stop) :
  Signal              : I_DATA_BYTE_LEN
  Module              : AES_CORE_dev
  DesignObjHierarchy  : u_AESDMA_TOP.u_aesdma_top.u_AES_CORE
  -----------------------------------------------------------------------------
  Tag                 : RegInputOutput-ML
  Description         : Port '[Signal]' is not registered [Hierarchy: '[DesignObjHierarchy]']
  Violation           : Lint:451
  Goal                : BOS_LINT_RULE
  FileName            : /storage/project/atlas/design/user/pnson/ATLAS_WORKING/IP/AESDMA/RTL/AES_CORE/AES_CORE_dev.v
  LineNumber          : 1664
  Statement           :                     if (w_start_aes_pulse)
  Signal              : I_SDATA
  Module              : AES_CORE_dev
  DesignObjHierarchy  : u_AESDMA_TOP.u_aesdma_top.u_AES_CORE
  -----------------------------------------------------------------------------
  Tag                 : RegInputOutput-ML
  Description         : Port '[Signal]' is not registered [Hierarchy: '[DesignObjHierarchy]']
  Violation           : Lint:452
  Goal                : BOS_LINT_RULE
  FileName            : /storage/project/atlas/design/user/pnson/ATLAS_WORKING/IP/AESDMA/RTL/AES_CORE/AES_CORE_dev.v
  LineNumber          : 1093
  Statement           :                 if ((r_cfb_sbyte_ctr == DATA_BYTE_LEN) && I_SVALID && O_SREADY)
  Signal              : I_SVALID
  Module              : AES_CORE_dev
  DesignObjHierarchy  : u_AESDMA_TOP.u_aesdma_top.u_AES_CORE
  -----------------------------------------------------------------------------
  Tag                 : RegInputOutput-ML
  Description         : Port '[Signal]' is not registered [Hierarchy: '[DesignObjHierarchy]']
  Violation           : Lint:453
  Goal                : BOS_LINT_RULE
  FileName            : /storage/project/atlas/design/user/pnson/ATLAS_WORKING/IP/AESDMA/RTL/AESDMA_CORE/AESDMA_TOP.v
  LineNumber          : 2315
  Statement           : assign w_fwd_rs_mready         = (~w_axidma_enabled | w_aes_bd_en) ? w_aesdma_in_sready : w_axidma_wr_fifo_sready;
  Signal              : O_SREADY
  Module              : AES_CORE_dev
  DesignObjHierarchy  : u_AESDMA_TOP.u_aesdma_top.u_AES_CORE
  -----------------------------------------------------------------------------
  Tag                 : RegInputOutput-ML
  Description         : Port '[Signal]' is not registered [Hierarchy: '[DesignObjHierarchy]']
  Violation           : Lint:454
  Goal                : BOS_LINT_RULE
  FileName            : /storage/project/atlas/design/user/pnson/ATLAS_WORKING/IP/AESDMA/RTL/AES_CORE/AES_CORE_dev.v
  LineNumber          : 94
  Statement           :     input                                                   I_MREADY,
  Signal              : I_MREADY
  Module              : AES_CORE_dev
  DesignObjHierarchy  : u_AESDMA_TOP.u_aesdma_top.u_AES_CORE
  -----------------------------------------------------------------------------
  Tag                 : RegInputOutput-ML
  Description         : Port '[Signal]' is not registered [Hierarchy: '[DesignObjHierarchy]']
  Violation           : Lint:455
  Goal                : BOS_LINT_RULE
  FileName            : /storage/project/atlas/design/user/pnson/ATLAS_WORKING/IP/AESDMA/RTL/AES_CORE/AES_CORE_dev.v
  LineNumber          : 95
  Statement           :     output  [128*P_AES_CORE_CNT - 1:0]                      O_MDATA,
  Signal              : O_MDATA
  Module              : AES_CORE_dev
  DesignObjHierarchy  : u_AESDMA_TOP.u_aesdma_top.u_AES_CORE
  -----------------------------------------------------------------------------
  Tag                 : RegInputOutput-ML
  Description         : Port '[Signal]' is not registered [Hierarchy: '[DesignObjHierarchy]']
  Violation           : Lint:456
  Goal                : BOS_LINT_RULE
  FileName            : /storage/project/atlas/design/user/pnson/ATLAS_WORKING/IP/AESDMA/RTL/AES_CORE/COMMON/keyExpansion.v
  LineNumber          : 47
  Statement           :                 nxt_st = ST_KEY_EXPANSION;
  Signal              : I_START
  Module              : keyExpansion
  DesignObjHierarchy  : u_AESDMA_TOP.u_aesdma_top.u_AES_CORE.u_keyEXpansion
  -----------------------------------------------------------------------------
  Tag                 : RegInputOutput-ML
  Description         : Port '[Signal]' is not registered [Hierarchy: '[DesignObjHierarchy]']
  Violation           : Lint:457
  Goal                : BOS_LINT_RULE
  FileName            : /storage/project/atlas/design/user/pnson/ATLAS_WORKING/IP/AESDMA/RTL/AES_CORE/COMMON/keyExpansion.v
  LineNumber          : 60
  Statement           :                 nxt_st = ST_IDLE;
  Signal              : I_DONE
  Module              : keyExpansion
  DesignObjHierarchy  : u_AESDMA_TOP.u_aesdma_top.u_AES_CORE.u_keyEXpansion
  -----------------------------------------------------------------------------
  Tag                 : RegInputOutput-ML
  Description         : Port '[Signal]' is not registered [Hierarchy: '[DesignObjHierarchy]']
  Violation           : Lint:458
  Goal                : BOS_LINT_RULE
  FileName            : /storage/project/atlas/design/user/pnson/ATLAS_WORKING/IP/AESDMA/RTL/AES_CORE/COMMON/keyExpansion.v
  LineNumber          : 128
  Statement           :         else if((r_cur_st == ST_IDLE) && I_START && !I_AES_MODE)       
  Signal              : I_AES_MODE
  Module              : keyExpansion
  DesignObjHierarchy  : u_AESDMA_TOP.u_aesdma_top.u_AES_CORE.u_keyEXpansion
  -----------------------------------------------------------------------------
  Tag                 : RegInputOutput-ML
  Description         : Port '[Signal]' is not registered [Hierarchy: '[DesignObjHierarchy]']
  Violation           : Lint:459
  Goal                : BOS_LINT_RULE
  FileName            : /storage/project/atlas/design/user/pnson/ATLAS_WORKING/IP/AESDMA/RTL/AES_CORE/COMMON/sbox.v
  LineNumber          : 6
  Statement           : reg [7:0] c;
  Signal              : a
  Module              : sbox
  DesignObjHierarchy  : u_AESDMA_TOP.u_aesdma_top.u_AES_CORE.u_keyEXpansion.u_sbox_0
  -----------------------------------------------------------------------------
  Tag                 : RegInputOutput-ML
  Description         : Port '[Signal]' is not registered [Hierarchy: '[DesignObjHierarchy]']
  Violation           : Lint:460
  Goal                : BOS_LINT_RULE
  FileName            : /storage/project/atlas/design/user/pnson/ATLAS_WORKING/IP/AESDMA/RTL/AES_CORE/COMMON/sbox.v
  LineNumber          : 6
  Statement           : reg [7:0] c;
  Signal              : c
  Module              : sbox
  DesignObjHierarchy  : u_AESDMA_TOP.u_aesdma_top.u_AES_CORE.u_keyEXpansion.u_sbox_0
  -----------------------------------------------------------------------------
  Tag                 : RegInputOutput-ML
  Description         : Port '[Signal]' is not registered [Hierarchy: '[DesignObjHierarchy]']
  Violation           : Lint:461
  Goal                : BOS_LINT_RULE
  FileName            : /storage/project/atlas/design/user/pnson/ATLAS_WORKING/IP/AESDMA/RTL/AESDMA_CORE/AESDMA_SYNC_FIFO2.v
  LineNumber          : 66
  Statement           :             r_ex_cnt <= 1'b0; 
  Signal              : I_SW_RESET
  Module              : AESDMA_SYNC_FIFO2
  DesignObjHierarchy  : u_AESDMA_TOP.u_aesdma_top.u_AES_CORE.u_tweak_key_fifo
  -----------------------------------------------------------------------------
  Tag                 : RegInputOutput-ML
  Description         : Port '[Signal]' is not registered [Hierarchy: '[DesignObjHierarchy]']
  Violation           : Lint:462
  Goal                : BOS_LINT_RULE
  FileName            : /storage/project/atlas/design/user/pnson/ATLAS_WORKING/IP/AESDMA/RTL/AES_CORE/COMMON/addRoundKey.v
  LineNumber          : 7
  Statement           : assign out = key ^ data;
  Signal              : data
  Module              : addRoundKey
  DesignObjHierarchy  : u_AESDMA_TOP.u_aesdma_top.u_AES_CORE.u_addRoundKey_J_0
  -----------------------------------------------------------------------------
  Tag                 : RegInputOutput-ML
  Description         : Port '[Signal]' is not registered [Hierarchy: '[DesignObjHierarchy]']
  Violation           : Lint:463
  Goal                : BOS_LINT_RULE
  FileName            : /storage/project/atlas/design/user/pnson/ATLAS_WORKING/IP/AESDMA/RTL/AES_CORE/AES_CORE_dev.v
  LineNumber          : 1352
  Statement           :                 r_states_J_xts_tweak_key <= 128'h0;
  Signal              : out
  Module              : addRoundKey
  DesignObjHierarchy  : u_AESDMA_TOP.u_aesdma_top.u_AES_CORE.u_addRoundKey_J_0
  -----------------------------------------------------------------------------
  Tag                 : RegInputOutput-ML
  Description         : Port '[Signal]' is not registered [Hierarchy: '[DesignObjHierarchy]']
  Violation           : Lint:464
  Goal                : BOS_LINT_RULE
  FileName            : /storage/project/atlas/design/user/pnson/ATLAS_WORKING/IP/AESDMA/RTL/AES_CORE/COMMON/addRoundKey.v
  LineNumber          : 7
  Statement           : assign out = key ^ data;
  Signal              : key
  Module              : addRoundKey
  DesignObjHierarchy  : u_AESDMA_TOP.u_aesdma_top.u_AES_CORE.u_addRoundKey_J_0
  -----------------------------------------------------------------------------
  Tag                 : RegInputOutput-ML
  Description         : Port '[Signal]' is not registered [Hierarchy: '[DesignObjHierarchy]']
  Violation           : Lint:465
  Goal                : BOS_LINT_RULE
  FileName            : /storage/project/atlas/design/user/pnson/ATLAS_WORKING/IP/AESDMA/RTL/AES_CORE/COMMON/sbox.v
  LineNumber          : 6
  Statement           : reg [7:0] c;
  Signal              : in
  Module              : encryptRound_en
  DesignObjHierarchy  : u_AESDMA_TOP.u_aesdma_top.u_AES_CORE.u_encryptRound_en_J
  -----------------------------------------------------------------------------
  Tag                 : RegInputOutput-ML
  Description         : Port '[Signal]' is not registered [Hierarchy: '[DesignObjHierarchy]']
  Violation           : Lint:466
  Goal                : BOS_LINT_RULE
  FileName            : /storage/project/atlas/design/user/pnson/ATLAS_WORKING/IP/AESDMA/RTL/AES_CORE/COMMON/encryptRound_en.v
  LineNumber          : 15
  Statement           : assign inputaddRoundkey = enable ? afterMixColumns : afterShiftRows;
  Signal              : enable
  Module              : encryptRound_en
  DesignObjHierarchy  : u_AESDMA_TOP.u_aesdma_top.u_AES_CORE.u_encryptRound_en_J
  -----------------------------------------------------------------------------
  Tag                 : RegInputOutput-ML
  Description         : Port '[Signal]' is not registered [Hierarchy: '[DesignObjHierarchy]']
  Violation           : Lint:467
  Goal                : BOS_LINT_RULE
  FileName            : /storage/project/atlas/design/user/pnson/ATLAS_WORKING/IP/AESDMA/RTL/AES_CORE/COMMON/addRoundKey.v
  LineNumber          : 7
  Statement           : assign out = key ^ data;
  Signal              : key
  Module              : encryptRound_en
  DesignObjHierarchy  : u_AESDMA_TOP.u_aesdma_top.u_AES_CORE.u_encryptRound_en_J
  -----------------------------------------------------------------------------
  Tag                 : RegInputOutput-ML
  Description         : Port '[Signal]' is not registered [Hierarchy: '[DesignObjHierarchy]']
  Violation           : Lint:468
  Goal                : BOS_LINT_RULE
  FileName            : /storage/project/atlas/design/user/pnson/ATLAS_WORKING/IP/AESDMA/RTL/AES_CORE/AES_CORE_dev.v
  LineNumber          : 1362
  Statement           : assign w_enc_J_fin_xts_tweak_key = (r_round_cnt_xts_tweak_key == ROUND_COUNT) ? w_enc_J_temp_xts_tweak_key : 128'h0;
  Signal              : out
  Module              : encryptRound_en
  DesignObjHierarchy  : u_AESDMA_TOP.u_aesdma_top.u_AES_CORE.u_encryptRound_en_J
  -----------------------------------------------------------------------------
  Tag                 : RegInputOutput-ML
  Description         : Port '[Signal]' is not registered [Hierarchy: '[DesignObjHierarchy]']
  Violation           : Lint:469
  Goal                : BOS_LINT_RULE
  FileName            : /storage/project/atlas/design/user/pnson/ATLAS_WORKING/IP/AESDMA/RTL/AES_CORE/COMMON/sbox.v
  LineNumber          : 6
  Statement           : reg [7:0] c;
  Signal              : in
  Module              : subBytes
  DesignObjHierarchy  : u_AESDMA_TOP.u_aesdma_top.u_AES_CORE.u_encryptRound_en_J.s
  -----------------------------------------------------------------------------
  Tag                 : RegInputOutput-ML
  Description         : Port '[Signal]' is not registered [Hierarchy: '[DesignObjHierarchy]']
  Violation           : Lint:470
  Goal                : BOS_LINT_RULE
  FileName            : /storage/project/atlas/design/user/pnson/ATLAS_WORKING/IP/AESDMA/RTL/AES_CORE/COMMON/subBytes.v
  LineNumber          : 3
  Statement           : output [127:0] out;
  Signal              : out
  Module              : subBytes
  DesignObjHierarchy  : u_AESDMA_TOP.u_aesdma_top.u_AES_CORE.u_encryptRound_en_J.s
  -----------------------------------------------------------------------------
  Tag                 : RegInputOutput-ML
  Description         : Port '[Signal]' is not registered [Hierarchy: '[DesignObjHierarchy]']
  Violation           : Lint:471
  Goal                : BOS_LINT_RULE
  FileName            : /storage/project/atlas/design/user/pnson/ATLAS_WORKING/IP/AESDMA/RTL/AES_CORE/COMMON/mixColumns.v
  LineNumber          : 39
  Statement           : assign state_out[(i*32 + 24)+:8]= mb2(state_in[(i*32 + 24)+:8]) ^ mb3(state_in[(i*32 + 16)+:8]) ^ state_in[(i*32 + 8)+:8] ^ state_in[i*32+:8];
  Signal              : in
  Module              : shiftRows
  DesignObjHierarchy  : u_AESDMA_TOP.u_aesdma_top.u_AES_CORE.u_encryptRound_en_J.r
  -----------------------------------------------------------------------------
  Tag                 : RegInputOutput-ML
  Description         : Port '[Signal]' is not registered [Hierarchy: '[DesignObjHierarchy]']
  Violation           : Lint:472
  Goal                : BOS_LINT_RULE
  FileName            : /storage/project/atlas/design/user/pnson/ATLAS_WORKING/IP/AESDMA/RTL/AES_CORE/COMMON/shiftRows.v
  LineNumber          : 3
  Statement           : output [127:0] shifted;
  Signal              : shifted
  Module              : shiftRows
  DesignObjHierarchy  : u_AESDMA_TOP.u_aesdma_top.u_AES_CORE.u_encryptRound_en_J.r
  -----------------------------------------------------------------------------
  Tag                 : RegInputOutput-ML
  Description         : Port '[Signal]' is not registered [Hierarchy: '[DesignObjHierarchy]']
  Violation           : Lint:473
  Goal                : BOS_LINT_RULE
  FileName            : /storage/project/atlas/design/user/pnson/ATLAS_WORKING/IP/AESDMA/RTL/AES_CORE/COMMON/mixColumns.v
  LineNumber          : 39
  Statement           : assign state_out[(i*32 + 24)+:8]= mb2(state_in[(i*32 + 24)+:8]) ^ mb3(state_in[(i*32 + 16)+:8]) ^ state_in[(i*32 + 8)+:8] ^ state_in[i*32+:8];
  Signal              : state_in
  Module              : mixColumns
  DesignObjHierarchy  : u_AESDMA_TOP.u_aesdma_top.u_AES_CORE.u_encryptRound_en_J.m
  -----------------------------------------------------------------------------
  Tag                 : RegInputOutput-ML
  Description         : Port '[Signal]' is not registered [Hierarchy: '[DesignObjHierarchy]']
  Violation           : Lint:474
  Goal                : BOS_LINT_RULE
  FileName            : /storage/project/atlas/design/user/pnson/ATLAS_WORKING/IP/AESDMA/RTL/AES_CORE/COMMON/encryptRound_en.v
  LineNumber          : 15
  Statement           : assign inputaddRoundkey = enable ? afterMixColumns : afterShiftRows;
  Signal              : state_out
  Module              : mixColumns
  DesignObjHierarchy  : u_AESDMA_TOP.u_aesdma_top.u_AES_CORE.u_encryptRound_en_J.m
  -----------------------------------------------------------------------------
  Tag                 : RegInputOutput-ML
  Description         : Port '[Signal]' is not registered [Hierarchy: '[DesignObjHierarchy]']
  Violation           : Lint:475
  Goal                : BOS_LINT_RULE
  FileName            : /storage/project/atlas/design/user/pnson/ATLAS_WORKING/IP/AESDMA/RTL/AES_CORE/COMMON/GF.v
  LineNumber          : 21
  Statement           :         T_tmp = {w_data_temp[126:0], 1'b0} ^ 8'b10000111;
  Signal              : I_DATA
  Module              : GF
  DesignObjHierarchy  : u_AESDMA_TOP.u_aesdma_top.u_AES_CORE.gen_xts_gf[0].u_gf_xts
  -----------------------------------------------------------------------------
  Tag                 : RegInputOutput-ML
  Description         : Port '[Signal]' is not registered [Hierarchy: '[DesignObjHierarchy]']
  Violation           : Lint:476
  Goal                : BOS_LINT_RULE
  FileName            : /storage/project/atlas/design/user/pnson/ATLAS_WORKING/IP/AESDMA/RTL/AES_CORE/AES_CORE_dev.v
  LineNumber          : 925
  Statement           :         assign w_xts_gf_output[q] = (w_load_new_key & w_tweak_key_fifo_mvalid && (q == 0)) ? w_cur_enc_J_fin_xts : w_xts_gf_output_tmp[q];
  Signal              : O_DATA
  Module              : GF
  DesignObjHierarchy  : u_AESDMA_TOP.u_aesdma_top.u_AES_CORE.gen_xts_gf[0].u_gf_xts
  -----------------------------------------------------------------------------
  Tag                 : RegInputOutput-ML
  Description         : Port '[Signal]' is not registered [Hierarchy: '[DesignObjHierarchy]']
  Violation           : Lint:477
  Goal                : BOS_LINT_RULE
  FileName            : /storage/project/atlas/design/user/pnson/ATLAS_WORKING/IP/AESDMA/RTL/AES_CORE/COMMON/inverseSbox.v
  LineNumber          : 3
  Statement           : output reg [7:0] sbout;
  Signal              : in
  Module              : decryptRound_en
  DesignObjHierarchy  : u_AESDMA_TOP.u_aesdma_top.u_AES_CORE.AES_CLUSTER_OP[0].AES_CORE_OP[0].u_decryptRound_en_J
  -----------------------------------------------------------------------------
  Tag                 : RegInputOutput-ML
  Description         : Port '[Signal]' is not registered [Hierarchy: '[DesignObjHierarchy]']
  Violation           : Lint:478
  Goal                : BOS_LINT_RULE
  FileName            : /storage/project/atlas/design/user/pnson/ATLAS_WORKING/IP/AESDMA/RTL/AES_CORE/COMMON/decryptRound_en.v
  LineNumber          : 15
  Statement           : assign out = enable ? afterMixColumns : afterAddroundKey;
  Signal              : enable
  Module              : decryptRound_en
  DesignObjHierarchy  : u_AESDMA_TOP.u_aesdma_top.u_AES_CORE.AES_CLUSTER_OP[0].AES_CORE_OP[0].u_decryptRound_en_J
  -----------------------------------------------------------------------------
  Tag                 : RegInputOutput-ML
  Description         : Port '[Signal]' is not registered [Hierarchy: '[DesignObjHierarchy]']
  Violation           : Lint:479
  Goal                : BOS_LINT_RULE
  FileName            : /storage/project/atlas/design/user/pnson/ATLAS_WORKING/IP/AESDMA/RTL/AES_CORE/COMMON/addRoundKey.v
  LineNumber          : 7
  Statement           : assign out = key ^ data;
  Signal              : key
  Module              : decryptRound_en
  DesignObjHierarchy  : u_AESDMA_TOP.u_aesdma_top.u_AES_CORE.AES_CLUSTER_OP[0].AES_CORE_OP[0].u_decryptRound_en_J
  -----------------------------------------------------------------------------
  Tag                 : RegInputOutput-ML
  Description         : Port '[Signal]' is not registered [Hierarchy: '[DesignObjHierarchy]']
  Violation           : Lint:480
  Goal                : BOS_LINT_RULE
  FileName            : /storage/project/atlas/design/user/pnson/ATLAS_WORKING/IP/AESDMA/RTL/AES_CORE/COMMON/decryptRound_en.v
  LineNumber          : 4
  Statement           : output [127:0] out;
  Signal              : out
  Module              : decryptRound_en
  DesignObjHierarchy  : u_AESDMA_TOP.u_aesdma_top.u_AES_CORE.AES_CLUSTER_OP[0].AES_CORE_OP[0].u_decryptRound_en_J
  -----------------------------------------------------------------------------
  Tag                 : RegInputOutput-ML
  Description         : Port '[Signal]' is not registered [Hierarchy: '[DesignObjHierarchy]']
  Violation           : Lint:481
  Goal                : BOS_LINT_RULE
  FileName            : /storage/project/atlas/design/user/pnson/ATLAS_WORKING/IP/AESDMA/RTL/AES_CORE/COMMON/inverseSbox.v
  LineNumber          : 3
  Statement           : output reg [7:0] sbout;
  Signal              : in
  Module              : inverseShiftRows
  DesignObjHierarchy  : u_AESDMA_TOP.u_aesdma_top.u_AES_CORE.AES_CLUSTER_OP[0].AES_CORE_OP[0].u_decryptRound_en_J.r
  -----------------------------------------------------------------------------
  Tag                 : RegInputOutput-ML
  Description         : Port '[Signal]' is not registered [Hierarchy: '[DesignObjHierarchy]']
  Violation           : Lint:482
  Goal                : BOS_LINT_RULE
  FileName            : /storage/project/atlas/design/user/pnson/ATLAS_WORKING/IP/AESDMA/RTL/AES_CORE/COMMON/inverseShiftRows.v
  LineNumber          : 3
  Statement           : output [127:0] shifted;
  Signal              : shifted
  Module              : inverseShiftRows
  DesignObjHierarchy  : u_AESDMA_TOP.u_aesdma_top.u_AES_CORE.AES_CLUSTER_OP[0].AES_CORE_OP[0].u_decryptRound_en_J.r
  -----------------------------------------------------------------------------
  Tag                 : RegInputOutput-ML
  Description         : Port '[Signal]' is not registered [Hierarchy: '[DesignObjHierarchy]']
  Violation           : Lint:483
  Goal                : BOS_LINT_RULE
  FileName            : /storage/project/atlas/design/user/pnson/ATLAS_WORKING/IP/AESDMA/RTL/AES_CORE/COMMON/inverseSbox.v
  LineNumber          : 3
  Statement           : output reg [7:0] sbout;
  Signal              : in
  Module              : inverseSubBytes
  DesignObjHierarchy  : u_AESDMA_TOP.u_aesdma_top.u_AES_CORE.AES_CLUSTER_OP[0].AES_CORE_OP[0].u_decryptRound_en_J.s
  -----------------------------------------------------------------------------
  Tag                 : RegInputOutput-ML
  Description         : Port '[Signal]' is not registered [Hierarchy: '[DesignObjHierarchy]']
  Violation           : Lint:484
  Goal                : BOS_LINT_RULE
  FileName            : /storage/project/atlas/design/user/pnson/ATLAS_WORKING/IP/AESDMA/RTL/AES_CORE/COMMON/addRoundKey.v
  LineNumber          : 7
  Statement           : assign out = key ^ data;
  Signal              : out
  Module              : inverseSubBytes
  DesignObjHierarchy  : u_AESDMA_TOP.u_aesdma_top.u_AES_CORE.AES_CLUSTER_OP[0].AES_CORE_OP[0].u_decryptRound_en_J.s
  -----------------------------------------------------------------------------
  Tag                 : RegInputOutput-ML
  Description         : Port '[Signal]' is not registered [Hierarchy: '[DesignObjHierarchy]']
  Violation           : Lint:485
  Goal                : BOS_LINT_RULE
  FileName            : /storage/project/atlas/design/user/pnson/ATLAS_WORKING/IP/AESDMA/RTL/AES_CORE/COMMON/inverseSbox.v
  LineNumber          : 3
  Statement           : output reg [7:0] sbout;
  Signal              : selector
  Module              : inverseSbox
  DesignObjHierarchy  : u_AESDMA_TOP.u_aesdma_top.u_AES_CORE.AES_CLUSTER_OP[0].AES_CORE_OP[0].u_decryptRound_en_J.s.sub_Bytes[0].s
  -----------------------------------------------------------------------------
  Tag                 : RegInputOutput-ML
  Description         : Port '[Signal]' is not registered [Hierarchy: '[DesignObjHierarchy]']
  Violation           : Lint:486
  Goal                : BOS_LINT_RULE
  FileName            : /storage/project/atlas/design/user/pnson/ATLAS_WORKING/IP/AESDMA/RTL/AES_CORE/COMMON/inverseSbox.v
  LineNumber          : 3
  Statement           : output reg [7:0] sbout;
  Signal              : sbout
  Module              : inverseSbox
  DesignObjHierarchy  : u_AESDMA_TOP.u_aesdma_top.u_AES_CORE.AES_CLUSTER_OP[0].AES_CORE_OP[0].u_decryptRound_en_J.s.sub_Bytes[0].s
  -----------------------------------------------------------------------------
  Tag                 : RegInputOutput-ML
  Description         : Port '[Signal]' is not registered [Hierarchy: '[DesignObjHierarchy]']
  Violation           : Lint:487
  Goal                : BOS_LINT_RULE
  FileName            : /storage/project/atlas/design/user/pnson/ATLAS_WORKING/IP/AESDMA/RTL/AES_CORE/COMMON/inverseMixColumns.v
  LineNumber          : 16
  Statement           : 	if(x[7] == 1) x = ((x << 1) ^ 8'h1b);
  Signal              : state_in
  Module              : inverseMixColumns
  DesignObjHierarchy  : u_AESDMA_TOP.u_aesdma_top.u_AES_CORE.AES_CLUSTER_OP[0].AES_CORE_OP[0].u_decryptRound_en_J.m
  -----------------------------------------------------------------------------
  Tag                 : RegInputOutput-ML
  Description         : Port '[Signal]' is not registered [Hierarchy: '[DesignObjHierarchy]']
  Violation           : Lint:488
  Goal                : BOS_LINT_RULE
  FileName            : /storage/project/atlas/design/user/pnson/ATLAS_WORKING/IP/AESDMA/RTL/AES_CORE/COMMON/decryptRound_en.v
  LineNumber          : 15
  Statement           : assign out = enable ? afterMixColumns : afterAddroundKey;
  Signal              : state_out
  Module              : inverseMixColumns
  DesignObjHierarchy  : u_AESDMA_TOP.u_aesdma_top.u_AES_CORE.AES_CLUSTER_OP[0].AES_CORE_OP[0].u_decryptRound_en_J.m
  -----------------------------------------------------------------------------
  Tag                 : RegInputOutput-ML
  Description         : Port '[Signal]' is not registered [Hierarchy: '[DesignObjHierarchy]']
  Violation           : Lint:489
  Goal                : BOS_LINT_RULE
  FileName            : /storage/project/atlas/design/user/pnson/ATLAS_WORKING/IP/AESDMA/RTL/AES_CORE/COMMON/GHASH.v
  LineNumber          : 27
  Statement           :         assign nxt_Z[i] = w_data_temp[127-i] ? cur_Z[i] ^ states_ghash_subkey[i] : cur_Z[i];
  Signal              : I_DATA
  Module              : GHASH
  DesignObjHierarchy  : u_AESDMA_TOP.u_aesdma_top.u_AES_CORE.genblk13[0].u_ghash_0
  -----------------------------------------------------------------------------
  Tag                 : RegInputOutput-ML
  Description         : Port '[Signal]' is not registered [Hierarchy: '[DesignObjHierarchy]']
  Violation           : Lint:490
  Goal                : BOS_LINT_RULE
  FileName            : /storage/project/atlas/design/user/pnson/ATLAS_WORKING/IP/AESDMA/RTL/AES_CORE/COMMON/GHASH.v
  LineNumber          : 27
  Statement           :         assign nxt_Z[i] = w_data_temp[127-i] ? cur_Z[i] ^ states_ghash_subkey[i] : cur_Z[i];
  Signal              : I_GHASH_SUBKEY
  Module              : GHASH
  DesignObjHierarchy  : u_AESDMA_TOP.u_aesdma_top.u_AES_CORE.genblk13[0].u_ghash_0
  -----------------------------------------------------------------------------
  Tag                 : RegInputOutput-ML
  Description         : Port '[Signal]' is not registered [Hierarchy: '[DesignObjHierarchy]']
  Violation           : Lint:491
  Goal                : BOS_LINT_RULE
  FileName            : /storage/project/atlas/design/user/pnson/ATLAS_WORKING/IP/AESDMA/RTL/AES_CORE/COMMON/GHASH.v
  LineNumber          : 8
  Statement           : output [127:0] O_DATA
  Signal              : O_DATA
  Module              : GHASH
  DesignObjHierarchy  : u_AESDMA_TOP.u_aesdma_top.u_AES_CORE.genblk13[0].u_ghash_0
  -----------------------------------------------------------------------------
  Tag                 : RegInputOutput-ML
  Description         : Port '[Signal]' is not registered [Hierarchy: '[DesignObjHierarchy]']
  Violation           : Lint:492
  Goal                : BOS_LINT_RULE
  FileName            : /storage/project/atlas/design/user/pnson/ATLAS_WORKING/IP/AESDMA/RTL/AES_CORE/COMMON/GF_for_GHASH.v
  LineNumber          : 14
  Statement           :         T_tmp = {1'b0, I_DATA[127:1]} ^ {8'b11100001, 120'b0};
  Signal              : I_DATA
  Module              : GF_for_GHASH
  DesignObjHierarchy  : u_AESDMA_TOP.u_aesdma_top.u_AES_CORE.genblk13[0].u_ghash_0.loop[0].u_gf
  -----------------------------------------------------------------------------
  Tag                 : RegInputOutput-ML
  Description         : Port '[Signal]' is not registered [Hierarchy: '[DesignObjHierarchy]']
  Violation           : Lint:493
  Goal                : BOS_LINT_RULE
  FileName            : /storage/project/atlas/design/user/pnson/ATLAS_WORKING/IP/AESDMA/RTL/AES_CORE/COMMON/GF_for_GHASH.v
  LineNumber          : 7
  Statement           : output [127:0] O_DATA
  Signal              : O_DATA
  Module              : GF_for_GHASH
  DesignObjHierarchy  : u_AESDMA_TOP.u_aesdma_top.u_AES_CORE.genblk13[0].u_ghash_0.loop[0].u_gf
  -----------------------------------------------------------------------------
  Tag                 : RegInputOutput-ML
  Description         : Port '[Signal]' is not registered [Hierarchy: '[DesignObjHierarchy]']
  Violation           : Lint:494
  Goal                : BOS_LINT_RULE
  FileName            : /storage/project/atlas/design/user/pnson/ATLAS_WORKING/IP/AESDMA/RTL/AESDMA_CORE/AESDMA_FWD_RS.v
  LineNumber          : 84
  Statement           :   assign O_SREADY = I_MREADY | ~ivalid_dst;
  Signal              : O_S_AWREADY
  Module              : AESDMA_AXI_FIFO
  DesignObjHierarchy  : u_AESDMA_TOP.u_aesdma_top.u_AESDMA_AXI_FIFO
  -----------------------------------------------------------------------------
  Tag                 : RegInputOutput-ML
  Description         : Port '[Signal]' is not registered [Hierarchy: '[DesignObjHierarchy]']
  Violation           : Lint:495
  Goal                : BOS_LINT_RULE
  FileName            : /storage/project/atlas/design/user/pnson/ATLAS_WORKING/IP/AESDMA/RTL/AESDMA_CORE/AESDMA_AXI_FIFO.v
  LineNumber          : 50
  Statement           :         input       [ AXI_ID_WD-1: 0]       I_S_WID,
  Signal              : I_S_WID
  Module              : AESDMA_AXI_FIFO
  DesignObjHierarchy  : u_AESDMA_TOP.u_aesdma_top.u_AESDMA_AXI_FIFO
  -----------------------------------------------------------------------------
  Tag                 : RegInputOutput-ML
  Description         : Port '[Signal]' is not registered [Hierarchy: '[DesignObjHierarchy]']
  Violation           : Lint:496
  Goal                : BOS_LINT_RULE
  FileName            : /storage/project/atlas/design/user/pnson/ATLAS_WORKING/IP/AESDMA/RTL/AESDMA_CORE/AESDMA_SYNC_FIFO_REG.v
  LineNumber          : 62
  Statement           :             if ( I_SVALID && O_SREADY) begin 
  Signal              : I_S_WVALID
  Module              : AESDMA_AXI_FIFO
  DesignObjHierarchy  : u_AESDMA_TOP.u_aesdma_top.u_AESDMA_AXI_FIFO
  -----------------------------------------------------------------------------
  Tag                 : RegInputOutput-ML
  Description         : Port '[Signal]' is not registered [Hierarchy: '[DesignObjHierarchy]']
  Violation           : Lint:497
  Goal                : BOS_LINT_RULE
  FileName            : /storage/project/atlas/design/user/pnson/ATLAS_WORKING/IP/AESDMA/RTL/AESDMA_CORE/AESDMA_WRCORE.sv
  LineNumber          : 799
  Statement           : assign w_fc_WReady = w_wch_no_stop & I_WReady;
  Signal              : O_S_WREADY
  Module              : AESDMA_AXI_FIFO
  DesignObjHierarchy  : u_AESDMA_TOP.u_aesdma_top.u_AESDMA_AXI_FIFO
  -----------------------------------------------------------------------------
  Tag                 : RegInputOutput-ML
  Description         : Port '[Signal]' is not registered [Hierarchy: '[DesignObjHierarchy]']
  Violation           : Lint:498
  Goal                : BOS_LINT_RULE
  FileName            : /storage/project/atlas/design/user/pnson/ATLAS_WORKING/IP/AESDMA/RTL/AESDMA_CORE/AESDMA_SYNC_FIFO_ID_POOL.v
  LineNumber          : 78
  Statement           :                     mem[i] <= FIFO_WIDTH'(i); 
  Signal              : O_S_BID
  Module              : AESDMA_AXI_FIFO
  DesignObjHierarchy  : u_AESDMA_TOP.u_aesdma_top.u_AESDMA_AXI_FIFO
  -----------------------------------------------------------------------------
  Tag                 : RegInputOutput-ML
  Description         : Port '[Signal]' is not registered [Hierarchy: '[DesignObjHierarchy]']
  Violation           : Lint:499
  Goal                : BOS_LINT_RULE
  FileName            : /storage/project/atlas/design/user/pnson/ATLAS_WORKING/IP/AESDMA/RTL/AESDMA_CORE/AESDMA_AXI_FIFO.v
  LineNumber          : 58
  Statement           :         output wire [ 1: 0]                 O_S_BRESP,
  Signal              : O_S_BRESP
  Module              : AESDMA_AXI_FIFO
  DesignObjHierarchy  : u_AESDMA_TOP.u_aesdma_top.u_AESDMA_AXI_FIFO
  -----------------------------------------------------------------------------
  Tag                 : RegInputOutput-ML
  Description         : Port '[Signal]' is not registered [Hierarchy: '[DesignObjHierarchy]']
  Violation           : Lint:500
  Goal                : BOS_LINT_RULE
  FileName            : /storage/project/atlas/design/user/pnson/ATLAS_WORKING/IP/AESDMA/RTL/AESDMA_CORE/AESDMA_WRCORE.sv
  LineNumber          : 414
  Statement           :     end else if ((I_AwReady & O_AwValid) & (I_BValid & O_BReady)) begin
  Signal              : O_S_BVALID
  Module              : AESDMA_AXI_FIFO
  DesignObjHierarchy  : u_AESDMA_TOP.u_aesdma_top.u_AESDMA_AXI_FIFO
  -----------------------------------------------------------------------------
  Tag                 : RegInputOutput-ML
  Description         : Port '[Signal]' is not registered [Hierarchy: '[DesignObjHierarchy]']
  Violation           : Lint:501
  Goal                : BOS_LINT_RULE
  FileName            : /storage/project/atlas/design/user/pnson/ATLAS_WORKING/IP/AESDMA/RTL/AESDMA_CORE/AESDMA_SYNC_FIFO_REG.v
  LineNumber          : 111
  Statement           :     assign O_MVALID  =   ~((w_cnt == r_cnt) & (r_ex_cnt == w_ex_cnt)); 
  Signal              : I_S_BREADY
  Module              : AESDMA_AXI_FIFO
  DesignObjHierarchy  : u_AESDMA_TOP.u_aesdma_top.u_AESDMA_AXI_FIFO
  -----------------------------------------------------------------------------
  Tag                 : RegInputOutput-ML
  Description         : Port '[Signal]' is not registered [Hierarchy: '[DesignObjHierarchy]']
  Violation           : Lint:502
  Goal                : BOS_LINT_RULE
  FileName            : /storage/project/atlas/design/user/pnson/ATLAS_WORKING/IP/AESDMA/RTL/AESDMA_CORE/AESDMA_SYNC_FIFO_REG.v
  LineNumber          : 62
  Statement           :             if ( I_SVALID && O_SREADY) begin 
  Signal              : I_S_ARVALID
  Module              : AESDMA_AXI_FIFO
  DesignObjHierarchy  : u_AESDMA_TOP.u_aesdma_top.u_AESDMA_AXI_FIFO
  -----------------------------------------------------------------------------
  Tag                 : RegInputOutput-ML
  Description         : Port '[Signal]' is not registered [Hierarchy: '[DesignObjHierarchy]']
  Violation           : Lint:503
  Goal                : BOS_LINT_RULE
  FileName            : /storage/project/atlas/design/user/pnson/ATLAS_WORKING/IP/AESDMA/RTL/AESDMA_CORE/AESDMA_AXIMUX_RD_2X1.v
  LineNumber          : 111
  Statement           : assign  O_S_ARREADY_0   = ( ar_grant[0])? I_M_ARREADY     :
  Signal              : O_S_ARREADY
  Module              : AESDMA_AXI_FIFO
  DesignObjHierarchy  : u_AESDMA_TOP.u_aesdma_top.u_AESDMA_AXI_FIFO
  -----------------------------------------------------------------------------
  Tag                 : RegInputOutput-ML
  Description         : Port '[Signal]' is not registered [Hierarchy: '[DesignObjHierarchy]']
  Violation           : Lint:504
  Goal                : BOS_LINT_RULE
  FileName            : /storage/project/atlas/design/user/pnson/ATLAS_WORKING/IP/AESDMA/RTL/AESDMA_CORE/AESDMA_AXI_FIFO.v
  LineNumber          : 75
  Statement           :         output wire [ AXI_ID_WD-1: 0]       O_S_RID,
  Signal              : O_S_RID
  Module              : AESDMA_AXI_FIFO
  DesignObjHierarchy  : u_AESDMA_TOP.u_aesdma_top.u_AESDMA_AXI_FIFO
  -----------------------------------------------------------------------------
  Tag                 : RegInputOutput-ML
  Description         : Port '[Signal]' is not registered [Hierarchy: '[DesignObjHierarchy]']
  Violation           : Lint:505
  Goal                : BOS_LINT_RULE
  FileName            : /storage/project/atlas/design/user/pnson/ATLAS_WORKING/IP/AESDMA/RTL/AESDMA_CORE/AESDMA_AXI_FIFO.v
  LineNumber          : 77
  Statement           :         output wire [ 1: 0]                 O_S_RRESP,
  Signal              : O_S_RRESP
  Module              : AESDMA_AXI_FIFO
  DesignObjHierarchy  : u_AESDMA_TOP.u_aesdma_top.u_AESDMA_AXI_FIFO
  -----------------------------------------------------------------------------
  Tag                 : RegInputOutput-ML
  Description         : Port '[Signal]' is not registered [Hierarchy: '[DesignObjHierarchy]']
  Violation           : Lint:506
  Goal                : BOS_LINT_RULE
  FileName            : /storage/project/atlas/design/user/pnson/ATLAS_WORKING/IP/AESDMA/RTL/AESDMA_CORE/AESDMA_RDCORE.sv
  LineNumber          : 280
  Statement           : assign w_arid_push = (I_RValid & O_RReady) & I_RLast & I_RdUniqueIdEn; //store the used ID 
  Signal              : O_S_RLAST
  Module              : AESDMA_AXI_FIFO
  DesignObjHierarchy  : u_AESDMA_TOP.u_aesdma_top.u_AESDMA_AXI_FIFO
  -----------------------------------------------------------------------------
  Tag                 : RegInputOutput-ML
  Description         : Port '[Signal]' is not registered [Hierarchy: '[DesignObjHierarchy]']
  Violation           : Lint:507
  Goal                : BOS_LINT_RULE
  FileName            : /storage/project/atlas/design/user/pnson/ATLAS_WORKING/IP/AESDMA/RTL/AESDMA_CORE/AESDMA_AXIMUX_RD_2X1.v
  LineNumber          : 127
  Statement           : assign  O_S_RVALID_0    = (~I_M_RID[0]) & I_M_RVALID;
  Signal              : O_S_RVALID
  Module              : AESDMA_AXI_FIFO
  DesignObjHierarchy  : u_AESDMA_TOP.u_aesdma_top.u_AESDMA_AXI_FIFO
  -----------------------------------------------------------------------------
  Tag                 : RegInputOutput-ML
  Description         : Port '[Signal]' is not registered [Hierarchy: '[DesignObjHierarchy]']
  Violation           : Lint:508
  Goal                : BOS_LINT_RULE
  FileName            : /storage/project/atlas/design/user/pnson/ATLAS_WORKING/IP/AESDMA/RTL/AESDMA_CORE/AESDMA_SYNC_FIFO_REG.v
  LineNumber          : 111
  Statement           :     assign O_MVALID  =   ~((w_cnt == r_cnt) & (r_ex_cnt == w_ex_cnt)); 
  Signal              : I_S_RREADY
  Module              : AESDMA_AXI_FIFO
  DesignObjHierarchy  : u_AESDMA_TOP.u_aesdma_top.u_AESDMA_AXI_FIFO
  -----------------------------------------------------------------------------
  Tag                 : RegInputOutput-ML
  Description         : Port '[Signal]' is not registered [Hierarchy: '[DesignObjHierarchy]']
  Violation           : Lint:509
  Goal                : BOS_LINT_RULE
  FileName            : /storage/project/atlas/design/user/pnson/ATLAS_WORKING/IP/AESDMA/RTL/AESDMA_CORE/AESDMA_AXI_FIFO.v
  LineNumber          : 85
  Statement           :         output wire [ AXI_ID_WD-1: 0]       O_M_AWID,
  Signal              : O_M_AWID
  Module              : AESDMA_AXI_FIFO
  DesignObjHierarchy  : u_AESDMA_TOP.u_aesdma_top.u_AESDMA_AXI_FIFO
  -----------------------------------------------------------------------------
  Tag                 : RegInputOutput-ML
  Description         : Port '[Signal]' is not registered [Hierarchy: '[DesignObjHierarchy]']
  Violation           : Lint:510
  Goal                : BOS_LINT_RULE
  FileName            : /storage/project/atlas/design/user/pnson/ATLAS_WORKING/IP/AESDMA/RTL/AESDMA_CORE/AESDMA_AXI_FIFO.v
  LineNumber          : 86
  Statement           :         output wire [ AXI_ADDR_WD-1: 0]     O_M_AWADDR,
  Signal              : O_M_AWADDR
  Module              : AESDMA_AXI_FIFO
  DesignObjHierarchy  : u_AESDMA_TOP.u_aesdma_top.u_AESDMA_AXI_FIFO
  -----------------------------------------------------------------------------
  Tag                 : RegInputOutput-ML
  Description         : Port '[Signal]' is not registered [Hierarchy: '[DesignObjHierarchy]']
  Violation           : Lint:511
  Goal                : BOS_LINT_RULE
  FileName            : /storage/project/atlas/design/user/pnson/ATLAS_WORKING/IP/AESDMA/RTL/AESDMA_CORE/AESDMA_AXI_FIFO.v
  LineNumber          : 87
  Statement           :         output wire [ AXI_LEN_WD-1: 0]      O_M_AWLEN,
  Signal              : O_M_AWLEN
  Module              : AESDMA_AXI_FIFO
  DesignObjHierarchy  : u_AESDMA_TOP.u_aesdma_top.u_AESDMA_AXI_FIFO
  -----------------------------------------------------------------------------
  Tag                 : RegInputOutput-ML
  Description         : Port '[Signal]' is not registered [Hierarchy: '[DesignObjHierarchy]']
  Violation           : Lint:512
  Goal                : BOS_LINT_RULE
  FileName            : /storage/project/atlas/design/user/pnson/ATLAS_WORKING/IP/AESDMA/RTL/AESDMA_CORE/AESDMA_AXI_FIFO.v
  LineNumber          : 88
  Statement           :         output wire [ 2: 0]                 O_M_AWSIZE,
  Signal              : O_M_AWSIZE
  Module              : AESDMA_AXI_FIFO
  DesignObjHierarchy  : u_AESDMA_TOP.u_aesdma_top.u_AESDMA_AXI_FIFO
  -----------------------------------------------------------------------------
  Tag                 : RegInputOutput-ML
  Description         : Port '[Signal]' is not registered [Hierarchy: '[DesignObjHierarchy]']
  Violation           : Lint:513
  Goal                : BOS_LINT_RULE
  FileName            : /storage/project/atlas/design/user/pnson/ATLAS_WORKING/IP/AESDMA/RTL/AESDMA_CORE/AESDMA_AXI_FIFO.v
  LineNumber          : 89
  Statement           :         output wire [ 1: 0]                 O_M_AWBURST,
  Signal              : O_M_AWBURST
  Module              : AESDMA_AXI_FIFO
  DesignObjHierarchy  : u_AESDMA_TOP.u_aesdma_top.u_AESDMA_AXI_FIFO
  -----------------------------------------------------------------------------
  Tag                 : RegInputOutput-ML
  Description         : Port '[Signal]' is not registered [Hierarchy: '[DesignObjHierarchy]']
  Violation           : Lint:514
  Goal                : BOS_LINT_RULE
  FileName            : /storage/project/atlas/design/user/pnson/ATLAS_WORKING/IP/AESDMA/RTL/AESDMA_CORE/AESDMA_AXI_FIFO.v
  LineNumber          : 91
  Statement           :         output wire [ pBwAxLock-1: 0]       O_M_AWLOCK,
  Signal              : O_M_AWLOCK
  Module              : AESDMA_AXI_FIFO
  DesignObjHierarchy  : u_AESDMA_TOP.u_aesdma_top.u_AESDMA_AXI_FIFO
  -----------------------------------------------------------------------------
  Tag                 : RegInputOutput-ML
  Description         : Port '[Signal]' is not registered [Hierarchy: '[DesignObjHierarchy]']
  Violation           : Lint:515
  Goal                : BOS_LINT_RULE
  FileName            : /storage/project/atlas/design/user/pnson/ATLAS_WORKING/IP/AESDMA/RTL/AESDMA_CORE/AESDMA_AXI_FIFO.v
  LineNumber          : 92
  Statement           :         output wire [ 3: 0]                 O_M_AWCACHE,
  Signal              : O_M_AWCACHE
  Module              : AESDMA_AXI_FIFO
  DesignObjHierarchy  : u_AESDMA_TOP.u_aesdma_top.u_AESDMA_AXI_FIFO
  -----------------------------------------------------------------------------
  Tag                 : RegInputOutput-ML
  Description         : Port '[Signal]' is not registered [Hierarchy: '[DesignObjHierarchy]']
  Violation           : Lint:516
  Goal                : BOS_LINT_RULE
  FileName            : /storage/project/atlas/design/user/pnson/ATLAS_WORKING/IP/AESDMA/RTL/AESDMA_CORE/AESDMA_AXI_FIFO.v
  LineNumber          : 93
  Statement           :         output wire [ 2: 0]                 O_M_AWPROT,
  Signal              : O_M_AWPROT
  Module              : AESDMA_AXI_FIFO
  DesignObjHierarchy  : u_AESDMA_TOP.u_aesdma_top.u_AESDMA_AXI_FIFO
  -----------------------------------------------------------------------------
  Tag                 : RegInputOutput-ML
  Description         : Port '[Signal]' is not registered [Hierarchy: '[DesignObjHierarchy]']
  Violation           : Lint:517
  Goal                : BOS_LINT_RULE
  FileName            : /storage/project/atlas/design/user/pnson/ATLAS_WORKING/IP/AESDMA/RTL/AESDMA_CORE/AESDMA_AXI_FIFO.v
  LineNumber          : 94
  Statement           :         output wire [ 3: 0]                 O_M_AWQOS,
  Signal              : O_M_AWQOS
  Module              : AESDMA_AXI_FIFO
  DesignObjHierarchy  : u_AESDMA_TOP.u_aesdma_top.u_AESDMA_AXI_FIFO
  -----------------------------------------------------------------------------
  Tag                 : RegInputOutput-ML
  Description         : Port '[Signal]' is not registered [Hierarchy: '[DesignObjHierarchy]']
  Violation           : Lint:518
  Goal                : BOS_LINT_RULE
  FileName            : /storage/project/atlas/design/user/pnson/ATLAS_WORKING/IP/AESDMA/RTL/AESDMA_CORE/AESDMA_AXI_FIFO.v
  LineNumber          : 95
  Statement           :         output wire                         O_M_AWVALID,
  Signal              : O_M_AWVALID
  Module              : AESDMA_AXI_FIFO
  DesignObjHierarchy  : u_AESDMA_TOP.u_aesdma_top.u_AESDMA_AXI_FIFO
  -----------------------------------------------------------------------------
  Tag                 : RegInputOutput-ML
  Description         : Port '[Signal]' is not registered [Hierarchy: '[DesignObjHierarchy]']
  Violation           : Lint:519
  Goal                : BOS_LINT_RULE
  FileName            : /storage/project/atlas/design/user/pnson/ATLAS_WORKING/IP/AESDMA/RTL/AESDMA_CORE/AESDMA_SYNC_FIFO_REG.v
  LineNumber          : 111
  Statement           :     assign O_MVALID  =   ~((w_cnt == r_cnt) & (r_ex_cnt == w_ex_cnt)); 
  Signal              : I_M_AWREADY
  Module              : AESDMA_AXI_FIFO
  DesignObjHierarchy  : u_AESDMA_TOP.u_aesdma_top.u_AESDMA_AXI_FIFO
  -----------------------------------------------------------------------------
  Tag                 : RegInputOutput-ML
  Description         : Port '[Signal]' is not registered [Hierarchy: '[DesignObjHierarchy]']
  Violation           : Lint:520
  Goal                : BOS_LINT_RULE
  FileName            : /storage/project/atlas/design/user/pnson/ATLAS_WORKING/IP/AESDMA/RTL/AESDMA_CORE/AESDMA_AXI_FIFO.v
  LineNumber          : 99
  Statement           :         output wire [ AXI_DATA_WD-1: 0]     O_M_WDATA,
  Signal              : O_M_WDATA
  Module              : AESDMA_AXI_FIFO
  DesignObjHierarchy  : u_AESDMA_TOP.u_aesdma_top.u_AESDMA_AXI_FIFO
  -----------------------------------------------------------------------------
  Tag                 : RegInputOutput-ML
  Description         : Port '[Signal]' is not registered [Hierarchy: '[DesignObjHierarchy]']
  Violation           : Lint:521
  Goal                : BOS_LINT_RULE
  FileName            : /storage/project/atlas/design/user/pnson/ATLAS_WORKING/IP/AESDMA/RTL/AESDMA_CORE/AESDMA_AXI_FIFO.v
  LineNumber          : 100
  Statement           :         output wire [ AXI_STR_WD-1: 0]      O_M_WSTRB,
  Signal              : O_M_WSTRB
  Module              : AESDMA_AXI_FIFO
  DesignObjHierarchy  : u_AESDMA_TOP.u_aesdma_top.u_AESDMA_AXI_FIFO
  -----------------------------------------------------------------------------
  Tag                 : RegInputOutput-ML
  Description         : Port '[Signal]' is not registered [Hierarchy: '[DesignObjHierarchy]']
  Violation           : Lint:522
  Goal                : BOS_LINT_RULE
  FileName            : /storage/project/atlas/design/user/pnson/ATLAS_WORKING/IP/AESDMA/RTL/AESDMA_CORE/AESDMA_AXI_FIFO.v
  LineNumber          : 101
  Statement           :         output wire                         O_M_WLAST,
  Signal              : O_M_WLAST
  Module              : AESDMA_AXI_FIFO
  DesignObjHierarchy  : u_AESDMA_TOP.u_aesdma_top.u_AESDMA_AXI_FIFO
  -----------------------------------------------------------------------------
  Tag                 : RegInputOutput-ML
  Description         : Port '[Signal]' is not registered [Hierarchy: '[DesignObjHierarchy]']
  Violation           : Lint:523
  Goal                : BOS_LINT_RULE
  FileName            : /storage/project/atlas/design/user/pnson/ATLAS_WORKING/IP/AESDMA/RTL/AESDMA_CORE/AESDMA_AXI_FIFO.v
  LineNumber          : 102
  Statement           :         output wire                         O_M_WVALID,
  Signal              : O_M_WVALID
  Module              : AESDMA_AXI_FIFO
  DesignObjHierarchy  : u_AESDMA_TOP.u_aesdma_top.u_AESDMA_AXI_FIFO
  -----------------------------------------------------------------------------
  Tag                 : RegInputOutput-ML
  Description         : Port '[Signal]' is not registered [Hierarchy: '[DesignObjHierarchy]']
  Violation           : Lint:524
  Goal                : BOS_LINT_RULE
  FileName            : /storage/project/atlas/design/user/pnson/ATLAS_WORKING/IP/AESDMA/RTL/AESDMA_CORE/AESDMA_SYNC_FIFO_REG.v
  LineNumber          : 111
  Statement           :     assign O_MVALID  =   ~((w_cnt == r_cnt) & (r_ex_cnt == w_ex_cnt)); 
  Signal              : I_M_WREADY
  Module              : AESDMA_AXI_FIFO
  DesignObjHierarchy  : u_AESDMA_TOP.u_aesdma_top.u_AESDMA_AXI_FIFO
  -----------------------------------------------------------------------------
  Tag                 : RegInputOutput-ML
  Description         : Port '[Signal]' is not registered [Hierarchy: '[DesignObjHierarchy]']
  Violation           : Lint:525
  Goal                : BOS_LINT_RULE
  FileName            : /storage/project/atlas/design/user/pnson/ATLAS_WORKING/IP/AESDMA/RTL/AESDMA_CORE/AESDMA_SYNC_FIFO_REG.v
  LineNumber          : 62
  Statement           :             if ( I_SVALID && O_SREADY) begin 
  Signal              : I_M_BVALID
  Module              : AESDMA_AXI_FIFO
  DesignObjHierarchy  : u_AESDMA_TOP.u_aesdma_top.u_AESDMA_AXI_FIFO
  -----------------------------------------------------------------------------
  Tag                 : RegInputOutput-ML
  Description         : Port '[Signal]' is not registered [Hierarchy: '[DesignObjHierarchy]']
  Violation           : Lint:526
  Goal                : BOS_LINT_RULE
  FileName            : /storage/project/atlas/design/user/pnson/ATLAS_WORKING/IP/AESDMA/RTL/SAFETY/BOS_AESDMA.v
  LineNumber          : 233
  Statement           :     output wire                             AESDMA_AXI4_MI0_BREADY                  ,
  Signal              : O_M_BREADY
  Module              : AESDMA_AXI_FIFO
  DesignObjHierarchy  : u_AESDMA_TOP.u_aesdma_top.u_AESDMA_AXI_FIFO
  -----------------------------------------------------------------------------
  Tag                 : RegInputOutput-ML
  Description         : Port '[Signal]' is not registered [Hierarchy: '[DesignObjHierarchy]']
  Violation           : Lint:527
  Goal                : BOS_LINT_RULE
  FileName            : /storage/project/atlas/design/user/pnson/ATLAS_WORKING/IP/AESDMA/RTL/AESDMA_CORE/AESDMA_AXI_FIFO.v
  LineNumber          : 111
  Statement           :         output wire [ AXI_ID_WD-1: 0]       O_M_ARID,
  Signal              : O_M_ARID
  Module              : AESDMA_AXI_FIFO
  DesignObjHierarchy  : u_AESDMA_TOP.u_aesdma_top.u_AESDMA_AXI_FIFO
  -----------------------------------------------------------------------------
  Tag                 : RegInputOutput-ML
  Description         : Port '[Signal]' is not registered [Hierarchy: '[DesignObjHierarchy]']
  Violation           : Lint:528
  Goal                : BOS_LINT_RULE
  FileName            : /storage/project/atlas/design/user/pnson/ATLAS_WORKING/IP/AESDMA/RTL/AESDMA_CORE/AESDMA_AXI_FIFO.v
  LineNumber          : 112
  Statement           :         output wire [ AXI_ADDR_WD-1: 0]     O_M_ARADDR,
  Signal              : O_M_ARADDR
  Module              : AESDMA_AXI_FIFO
  DesignObjHierarchy  : u_AESDMA_TOP.u_aesdma_top.u_AESDMA_AXI_FIFO
  -----------------------------------------------------------------------------
  Tag                 : RegInputOutput-ML
  Description         : Port '[Signal]' is not registered [Hierarchy: '[DesignObjHierarchy]']
  Violation           : Lint:529
  Goal                : BOS_LINT_RULE
  FileName            : /storage/project/atlas/design/user/pnson/ATLAS_WORKING/IP/AESDMA/RTL/AESDMA_CORE/AESDMA_AXI_FIFO.v
  LineNumber          : 113
  Statement           :         output wire [ AXI_LEN_WD-1: 0]      O_M_ARLEN,
  Signal              : O_M_ARLEN
  Module              : AESDMA_AXI_FIFO
  DesignObjHierarchy  : u_AESDMA_TOP.u_aesdma_top.u_AESDMA_AXI_FIFO
  -----------------------------------------------------------------------------
  Tag                 : RegInputOutput-ML
  Description         : Port '[Signal]' is not registered [Hierarchy: '[DesignObjHierarchy]']
  Violation           : Lint:530
  Goal                : BOS_LINT_RULE
  FileName            : /storage/project/atlas/design/user/pnson/ATLAS_WORKING/IP/AESDMA/RTL/AESDMA_CORE/AESDMA_AXI_FIFO.v
  LineNumber          : 114
  Statement           :         output wire [ 2: 0]                 O_M_ARSIZE,
  Signal              : O_M_ARSIZE
  Module              : AESDMA_AXI_FIFO
  DesignObjHierarchy  : u_AESDMA_TOP.u_aesdma_top.u_AESDMA_AXI_FIFO
  -----------------------------------------------------------------------------
  Tag                 : RegInputOutput-ML
  Description         : Port '[Signal]' is not registered [Hierarchy: '[DesignObjHierarchy]']
  Violation           : Lint:531
  Goal                : BOS_LINT_RULE
  FileName            : /storage/project/atlas/design/user/pnson/ATLAS_WORKING/IP/AESDMA/RTL/AESDMA_CORE/AESDMA_AXI_FIFO.v
  LineNumber          : 115
  Statement           :         output wire [ 1: 0]                 O_M_ARBURST,
  Signal              : O_M_ARBURST
  Module              : AESDMA_AXI_FIFO
  DesignObjHierarchy  : u_AESDMA_TOP.u_aesdma_top.u_AESDMA_AXI_FIFO
  -----------------------------------------------------------------------------
  Tag                 : RegInputOutput-ML
  Description         : Port '[Signal]' is not registered [Hierarchy: '[DesignObjHierarchy]']
  Violation           : Lint:532
  Goal                : BOS_LINT_RULE
  FileName            : /storage/project/atlas/design/user/pnson/ATLAS_WORKING/IP/AESDMA/RTL/AESDMA_CORE/AESDMA_AXI_FIFO.v
  LineNumber          : 117
  Statement           :         output wire [ pBwAxLock-1: 0]       O_M_ARLOCK,
  Signal              : O_M_ARLOCK
  Module              : AESDMA_AXI_FIFO
  DesignObjHierarchy  : u_AESDMA_TOP.u_aesdma_top.u_AESDMA_AXI_FIFO
  -----------------------------------------------------------------------------
  Tag                 : RegInputOutput-ML
  Description         : Port '[Signal]' is not registered [Hierarchy: '[DesignObjHierarchy]']
  Violation           : Lint:533
  Goal                : BOS_LINT_RULE
  FileName            : /storage/project/atlas/design/user/pnson/ATLAS_WORKING/IP/AESDMA/RTL/AESDMA_CORE/AESDMA_AXI_FIFO.v
  LineNumber          : 118
  Statement           :         output wire [ 3: 0]                 O_M_ARCACHE,
  Signal              : O_M_ARCACHE
  Module              : AESDMA_AXI_FIFO
  DesignObjHierarchy  : u_AESDMA_TOP.u_aesdma_top.u_AESDMA_AXI_FIFO
  -----------------------------------------------------------------------------
  Tag                 : RegInputOutput-ML
  Description         : Port '[Signal]' is not registered [Hierarchy: '[DesignObjHierarchy]']
  Violation           : Lint:534
  Goal                : BOS_LINT_RULE
  FileName            : /storage/project/atlas/design/user/pnson/ATLAS_WORKING/IP/AESDMA/RTL/AESDMA_CORE/AESDMA_AXI_FIFO.v
  LineNumber          : 119
  Statement           :         output wire [ 2: 0]                 O_M_ARPROT,
  Signal              : O_M_ARPROT
  Module              : AESDMA_AXI_FIFO
  DesignObjHierarchy  : u_AESDMA_TOP.u_aesdma_top.u_AESDMA_AXI_FIFO
  -----------------------------------------------------------------------------
  Tag                 : RegInputOutput-ML
  Description         : Port '[Signal]' is not registered [Hierarchy: '[DesignObjHierarchy]']
  Violation           : Lint:535
  Goal                : BOS_LINT_RULE
  FileName            : /storage/project/atlas/design/user/pnson/ATLAS_WORKING/IP/AESDMA/RTL/AESDMA_CORE/AESDMA_AXI_FIFO.v
  LineNumber          : 120
  Statement           :         output wire [ 3: 0]                 O_M_ARQOS,
  Signal              : O_M_ARQOS
  Module              : AESDMA_AXI_FIFO
  DesignObjHierarchy  : u_AESDMA_TOP.u_aesdma_top.u_AESDMA_AXI_FIFO
  -----------------------------------------------------------------------------
  Tag                 : RegInputOutput-ML
  Description         : Port '[Signal]' is not registered [Hierarchy: '[DesignObjHierarchy]']
  Violation           : Lint:536
  Goal                : BOS_LINT_RULE
  FileName            : /storage/project/atlas/design/user/pnson/ATLAS_WORKING/IP/AESDMA/RTL/AESDMA_CORE/AESDMA_AXI_FIFO.v
  LineNumber          : 121
  Statement           :         output wire                         O_M_ARVALID,
  Signal              : O_M_ARVALID
  Module              : AESDMA_AXI_FIFO
  DesignObjHierarchy  : u_AESDMA_TOP.u_aesdma_top.u_AESDMA_AXI_FIFO
  -----------------------------------------------------------------------------
  Tag                 : RegInputOutput-ML
  Description         : Port '[Signal]' is not registered [Hierarchy: '[DesignObjHierarchy]']
  Violation           : Lint:537
  Goal                : BOS_LINT_RULE
  FileName            : /storage/project/atlas/design/user/pnson/ATLAS_WORKING/IP/AESDMA/RTL/AESDMA_CORE/AESDMA_SYNC_FIFO_REG.v
  LineNumber          : 111
  Statement           :     assign O_MVALID  =   ~((w_cnt == r_cnt) & (r_ex_cnt == w_ex_cnt)); 
  Signal              : I_M_ARREADY
  Module              : AESDMA_AXI_FIFO
  DesignObjHierarchy  : u_AESDMA_TOP.u_aesdma_top.u_AESDMA_AXI_FIFO
  -----------------------------------------------------------------------------
  Tag                 : RegInputOutput-ML
  Description         : Port '[Signal]' is not registered [Hierarchy: '[DesignObjHierarchy]']
  Violation           : Lint:538
  Goal                : BOS_LINT_RULE
  FileName            : /storage/project/atlas/design/user/pnson/ATLAS_WORKING/IP/AESDMA/RTL/AESDMA_CORE/AESDMA_SYNC_FIFO_REG.v
  LineNumber          : 62
  Statement           :             if ( I_SVALID && O_SREADY) begin 
  Signal              : I_M_RVALID
  Module              : AESDMA_AXI_FIFO
  DesignObjHierarchy  : u_AESDMA_TOP.u_aesdma_top.u_AESDMA_AXI_FIFO
  -----------------------------------------------------------------------------
  Tag                 : RegInputOutput-ML
  Description         : Port '[Signal]' is not registered [Hierarchy: '[DesignObjHierarchy]']
  Violation           : Lint:539
  Goal                : BOS_LINT_RULE
  FileName            : /storage/project/atlas/design/user/pnson/ATLAS_WORKING/IP/AESDMA/RTL/SAFETY/BOS_AESDMA.v
  LineNumber          : 240
  Statement           :     output wire                             AESDMA_AXI4_MI0_RREADY                  ,
  Signal              : O_M_RREADY
  Module              : AESDMA_AXI_FIFO
  DesignObjHierarchy  : u_AESDMA_TOP.u_aesdma_top.u_AESDMA_AXI_FIFO
  -----------------------------------------------------------------------------
  Tag                 : RegInputOutput-ML
  Description         : Port '[Signal]' is not registered [Hierarchy: '[DesignObjHierarchy]']
  Violation           : Lint:540
  Goal                : BOS_LINT_RULE
  FileName            : /storage/project/atlas/design/user/pnson/ATLAS_WORKING/IP/CSSYS/RTL/logical/css600/logical/css600_apbasyncbridge/verilog/css600_apbasyncbridgeslv.v
  LineNumber          : 66
  Statement           :   input wire                         dftcgen;
  Signal              : dftcgen
  Module              : css600_apbasyncbridgeslv
  DesignObjHierarchy  : gN1B0ApbASB.u_apbasyncbridgeslv_aesdma
  -----------------------------------------------------------------------------
  Tag                 : RegInputOutput-ML
  Description         : Port '[Signal]' is not registered [Hierarchy: '[DesignObjHierarchy]']
  Violation           : Lint:541
  Goal                : BOS_LINT_RULE
  FileName            : /storage/project/atlas/design/user/pnson/ATLAS_WORKING/IP/CSSYS/RTL/logical/css600/logical/css600_apbasyncbridge/verilog/css600_apbasyncbridgeslv_core.v
  LineNumber          : 132
  Statement           :       state_en            = psel_i & en_clk;
  Signal              : psel_s
  Module              : css600_apbasyncbridgeslv
  DesignObjHierarchy  : gN1B0ApbASB.u_apbasyncbridgeslv_aesdma
  -----------------------------------------------------------------------------
  Tag                 : RegInputOutput-ML
  Description         : Port '[Signal]' is not registered [Hierarchy: '[DesignObjHierarchy]']
  Violation           : Lint:542
  Goal                : BOS_LINT_RULE
  FileName            : /storage/project/atlas/design/user/pnson/ATLAS_WORKING/IP/CSSYS/RTL/logical/css600/logical/css600_apbasyncbridge/verilog/css600_apbasyncbridgeslv.v
  LineNumber          : 68
  Statement           :   input  wire                        penable_s;
  Signal              : penable_s
  Module              : css600_apbasyncbridgeslv
  DesignObjHierarchy  : gN1B0ApbASB.u_apbasyncbridgeslv_aesdma
  -----------------------------------------------------------------------------
  Tag                 : RegInputOutput-ML
  Description         : Port '[Signal]' is not registered [Hierarchy: '[DesignObjHierarchy]']
  Violation           : Lint:543
  Goal                : BOS_LINT_RULE
  FileName            : /storage/project/atlas/design/user/pnson/ATLAS_WORKING/IP/CSSYS/RTL/logical/css600/logical/css600_apbasyncbridge/verilog/css600_apbasyncbridgeslv.v
  LineNumber          : 73
  Statement           :   output wire [APB_DATA_WIDTH-1:0]   prdata_s;
  Signal              : prdata_s
  Module              : css600_apbasyncbridgeslv
  DesignObjHierarchy  : gN1B0ApbASB.u_apbasyncbridgeslv_aesdma
  -----------------------------------------------------------------------------
  Tag                 : RegInputOutput-ML
  Description         : Port '[Signal]' is not registered [Hierarchy: '[DesignObjHierarchy]']
  Violation           : Lint:544
  Goal                : BOS_LINT_RULE
  FileName            : /storage/project/atlas/design/user/pnson/ATLAS_WORKING/IP/CSSYS/RTL/logical/css600/logical/css600_apbasyncbridge/verilog/css600_apbasyncbridgeslv.v
  LineNumber          : 75
  Statement           :   output wire                        pslverr_s;
  Signal              : pslverr_s
  Module              : css600_apbasyncbridgeslv
  DesignObjHierarchy  : gN1B0ApbASB.u_apbasyncbridgeslv_aesdma
  -----------------------------------------------------------------------------
  Tag                 : RegInputOutput-ML
  Description         : Port '[Signal]' is not registered [Hierarchy: '[DesignObjHierarchy]']
  Violation           : Lint:545
  Goal                : BOS_LINT_RULE
  FileName            : /storage/project/atlas/design/user/pnson/ATLAS_WORKING/IP/CSSYS/RTL/logical/css600/logical/css600_apbasyncbridge/verilog/css600_apbasyncbridgeslv.v
  LineNumber          : 76
  Statement           :   input  wire                        pwakeup_s;
  Signal              : pwakeup_s
  Module              : css600_apbasyncbridgeslv
  DesignObjHierarchy  : gN1B0ApbASB.u_apbasyncbridgeslv_aesdma
  -----------------------------------------------------------------------------
  Tag                 : RegInputOutput-ML
  Description         : Port '[Signal]' is not registered [Hierarchy: '[DesignObjHierarchy]']
  Violation           : Lint:546
  Goal                : BOS_LINT_RULE
  FileName            : /storage/project/atlas/design/user/pnson/ATLAS_WORKING/IP/CSSYS/RTL/logical/css600/logical/css600_apbasyncbridge/verilog/css600_apbasyncbridgeslv.v
  LineNumber          : 80
  Statement           :   output wire                        clk_s_qactive;
  Signal              : clk_s_qactive
  Module              : css600_apbasyncbridgeslv
  DesignObjHierarchy  : gN1B0ApbASB.u_apbasyncbridgeslv_aesdma
  -----------------------------------------------------------------------------
  Tag                 : RegInputOutput-ML
  Description         : Port '[Signal]' is not registered [Hierarchy: '[DesignObjHierarchy]']
  Violation           : Lint:547
  Goal                : BOS_LINT_RULE
  FileName            : /storage/project/atlas/design/user/pnson/ATLAS_WORKING/IP/BOS_LIB/bos_logic/RVT/BOS_SOC_XOR.v
  LineNumber          : 18
  Statement           :               .A (I_A[i]),
  Signal              : pwr_qreq_n
  Module              : css600_apbasyncbridgeslv
  DesignObjHierarchy  : gN1B0ApbASB.u_apbasyncbridgeslv_aesdma
  -----------------------------------------------------------------------------
  Tag                 : RegInputOutput-ML
  Description         : Port '[Signal]' is not registered [Hierarchy: '[DesignObjHierarchy]']
  Violation           : Lint:548
  Goal                : BOS_LINT_RULE
  FileName            : /storage/project/atlas/design/user/pnson/ATLAS_WORKING/IP/CSSYS/RTL/logical/css600/logical/css600_apbasyncbridge/verilog/css600_apbasyncbridgeslv_core.v
  LineNumber          : 132
  Statement           :       state_en            = psel_i & en_clk;
  Signal              : psel_i
  Module              : css600_apbasyncbridgeslv_core
  DesignObjHierarchy  : gN1B0ApbASB.u_apbasyncbridgeslv_aesdma.u_slv_core
  -----------------------------------------------------------------------------
  Tag                 : RegInputOutput-ML
  Description         : Port '[Signal]' is not registered [Hierarchy: '[DesignObjHierarchy]']
  Violation           : Lint:549
  Goal                : BOS_LINT_RULE
  FileName            : /storage/project/atlas/design/user/pnson/ATLAS_WORKING/IP/CSSYS/RTL/logical/css600/logical/css600_apbasyncbridge/verilog/css600_apbasyncbridgeslv_core.v
  LineNumber          : 36
  Statement           :   output wire [APB_DATA_WIDTH-1:0] prdata_o,
  Signal              : prdata_o
  Module              : css600_apbasyncbridgeslv_core
  DesignObjHierarchy  : gN1B0ApbASB.u_apbasyncbridgeslv_aesdma.u_slv_core
  -----------------------------------------------------------------------------
  Tag                 : RegInputOutput-ML
  Description         : Port '[Signal]' is not registered [Hierarchy: '[DesignObjHierarchy]']
  Violation           : Lint:550
  Goal                : BOS_LINT_RULE
  FileName            : /storage/project/atlas/design/user/pnson/ATLAS_WORKING/IP/CSSYS/RTL/logical/css600/logical/css600_apbasyncbridge/verilog/css600_apbasyncbridgeslv_core.v
  LineNumber          : 38
  Statement           :   output wire                      pslverr_o,
  Signal              : pslverr_o
  Module              : css600_apbasyncbridgeslv_core
  DesignObjHierarchy  : gN1B0ApbASB.u_apbasyncbridgeslv_aesdma.u_slv_core
  -----------------------------------------------------------------------------
  Tag                 : RegInputOutput-ML
  Description         : Port '[Signal]' is not registered [Hierarchy: '[DesignObjHierarchy]']
  Violation           : Lint:551
  Goal                : BOS_LINT_RULE
  FileName            : /storage/project/atlas/design/user/pnson/ATLAS_WORKING/IP/CSSYS/RTL/logical/css600/logical/css600_apbasyncbridge/verilog/css600_apbasyncbridgeslv_core.v
  LineNumber          : 50
  Statement           :   output wire                      clken_o
  Signal              : clken_o
  Module              : css600_apbasyncbridgeslv_core
  DesignObjHierarchy  : gN1B0ApbASB.u_apbasyncbridgeslv_aesdma.u_slv_core
  -----------------------------------------------------------------------------
  Tag                 : RegInputOutput-ML
  Description         : Port '[Signal]' is not registered [Hierarchy: '[DesignObjHierarchy]']
  Violation           : Lint:552
  Goal                : BOS_LINT_RULE
  FileName            : /storage/project/atlas/design/user/pnson/ATLAS_WORKING/IP/CSSYS/RTL/logical/css600/logical/shared/css600_lpislave/verilog/css600_lpislave_fsm.v
  LineNumber          : 86
  Statement           :           next_state = Q_DENY;
  Signal              : lp_request
  Module              : css600_lpislave
  DesignObjHierarchy  : gN1B0ApbASB.u_apbasyncbridgeslv_aesdma.u_slv_core.u_lpislave_clks
  -----------------------------------------------------------------------------
  Tag                 : RegInputOutput-ML
  Description         : Port '[Signal]' is not registered [Hierarchy: '[DesignObjHierarchy]']
  Violation           : Lint:553
  Goal                : BOS_LINT_RULE
  FileName            : /storage/project/atlas/design/user/pnson/ATLAS_WORKING/IP/CSSYS/RTL/logical/css600/logical/shared/css600_lpislave/verilog/css600_lpislave_fsm.v
  LineNumber          : 68
  Statement           :             next_state = Q_DENY;
  Signal              : dev_active
  Module              : css600_lpislave
  DesignObjHierarchy  : gN1B0ApbASB.u_apbasyncbridgeslv_aesdma.u_slv_core.u_lpislave_clks
  -----------------------------------------------------------------------------
  Tag                 : RegInputOutput-ML
  Description         : Port '[Signal]' is not registered [Hierarchy: '[DesignObjHierarchy]']
  Violation           : Lint:554
  Goal                : BOS_LINT_RULE
  FileName            : /storage/project/atlas/design/user/pnson/ATLAS_WORKING/IP/CSSYS/RTL/logical/css600/logical/shared/css600_lpislave/verilog/css600_lpislave_fsm.v
  LineNumber          : 86
  Statement           :           next_state = Q_DENY;
  Signal              : lp_done
  Module              : css600_lpislave
  DesignObjHierarchy  : gN1B0ApbASB.u_apbasyncbridgeslv_aesdma.u_slv_core.u_lpislave_clks
  -----------------------------------------------------------------------------
  Tag                 : RegInputOutput-ML
  Description         : Port '[Signal]' is not registered [Hierarchy: '[DesignObjHierarchy]']
  Violation           : Lint:555
  Goal                : BOS_LINT_RULE
  FileName            : /storage/project/atlas/design/user/pnson/ATLAS_WORKING/IP/CSSYS/RTL/logical/css600/logical/shared/css600_lpislave/verilog/css600_lpislave.v
  LineNumber          : 34
  Statement           :   output wire cg_en
  Signal              : cg_en
  Module              : css600_lpislave
  DesignObjHierarchy  : gN1B0ApbASB.u_apbasyncbridgeslv_aesdma.u_slv_core.u_lpislave_clks
  -----------------------------------------------------------------------------
  Tag                 : RegInputOutput-ML
  Description         : Port '[Signal]' is not registered [Hierarchy: '[DesignObjHierarchy]']
  Violation           : Lint:556
  Goal                : BOS_LINT_RULE
  FileName            : /storage/project/atlas/design/user/pnson/ATLAS_WORKING/IP/CSSYS/RTL/logical/css600/logical/shared/css600_lpislave/verilog/css600_lpislave_fsm.v
  LineNumber          : 86
  Statement           :           next_state = Q_DENY;
  Signal              : lp_request
  Module              : css600_lpislave_fsm
  DesignObjHierarchy  : gN1B0ApbASB.u_apbasyncbridgeslv_aesdma.u_slv_core.u_lpislave_clks.u_css600_lpislave_fsm
  -----------------------------------------------------------------------------
  Tag                 : RegInputOutput-ML
  Description         : Port '[Signal]' is not registered [Hierarchy: '[DesignObjHierarchy]']
  Violation           : Lint:557
  Goal                : BOS_LINT_RULE
  FileName            : /storage/project/atlas/design/user/pnson/ATLAS_WORKING/IP/CSSYS/RTL/logical/css600/logical/shared/css600_lpislave/verilog/css600_lpislave_fsm.v
  LineNumber          : 68
  Statement           :             next_state = Q_DENY;
  Signal              : dev_active
  Module              : css600_lpislave_fsm
  DesignObjHierarchy  : gN1B0ApbASB.u_apbasyncbridgeslv_aesdma.u_slv_core.u_lpislave_clks.u_css600_lpislave_fsm
  -----------------------------------------------------------------------------
  Tag                 : RegInputOutput-ML
  Description         : Port '[Signal]' is not registered [Hierarchy: '[DesignObjHierarchy]']
  Violation           : Lint:558
  Goal                : BOS_LINT_RULE
  FileName            : /storage/project/atlas/design/user/pnson/ATLAS_WORKING/IP/CSSYS/RTL/logical/css600/logical/shared/css600_lpislave/verilog/css600_lpislave_fsm.v
  LineNumber          : 86
  Statement           :           next_state = Q_DENY;
  Signal              : lp_done
  Module              : css600_lpislave_fsm
  DesignObjHierarchy  : gN1B0ApbASB.u_apbasyncbridgeslv_aesdma.u_slv_core.u_lpislave_clks.u_css600_lpislave_fsm
  -----------------------------------------------------------------------------
  Tag                 : RegInputOutput-ML
  Description         : Port '[Signal]' is not registered [Hierarchy: '[DesignObjHierarchy]']
  Violation           : Lint:559
  Goal                : BOS_LINT_RULE
  FileName            : /storage/project/atlas/design/user/pnson/ATLAS_WORKING/IP/CSSYS/RTL/logical/css600/logical/shared/css600_lpislave/verilog/css600_lpislave_fsm.v
  LineNumber          : 34
  Statement           :   output reg  cg_en
  Signal              : cg_en
  Module              : css600_lpislave_fsm
  DesignObjHierarchy  : gN1B0ApbASB.u_apbasyncbridgeslv_aesdma.u_slv_core.u_lpislave_clks.u_css600_lpislave_fsm
  -----------------------------------------------------------------------------
  Tag                 : RegInputOutput-ML
  Description         : Port '[Signal]' is not registered [Hierarchy: '[DesignObjHierarchy]']
  Violation           : Lint:560
  Goal                : BOS_LINT_RULE
  FileName            : /storage/project/atlas/design/user/pnson/ATLAS_WORKING/IP/CSSYS/RTL/logical/css600/logical/css600_apbasyncbridge/verilog/css600_apbasyncbridgeslv_async.v
  LineNumber          : 25
  Statement           :   input wire  pwrqreqn_async_i,
  Signal              : pwrqreqn_async_i
  Module              : css600_apbasyncbridgeslv_async
  DesignObjHierarchy  : gN1B0ApbASB.u_apbasyncbridgeslv_aesdma.u_qactive_async
  -----------------------------------------------------------------------------
  Tag                 : RegInputOutput-ML
  Description         : Port '[Signal]' is not registered [Hierarchy: '[DesignObjHierarchy]']
  Violation           : Lint:561
  Goal                : BOS_LINT_RULE
  FileName            : /storage/project/atlas/design/user/pnson/ATLAS_WORKING/IP/CSSYS/RTL/logical/css600/logical/css600_apbasyncbridge/verilog/css600_apbasyncbridgeslv_async.v
  LineNumber          : 26
  Statement           :   input wire  pwakeup_i,
  Signal              : pwakeup_i
  Module              : css600_apbasyncbridgeslv_async
  DesignObjHierarchy  : gN1B0ApbASB.u_apbasyncbridgeslv_aesdma.u_qactive_async
  -----------------------------------------------------------------------------
  Tag                 : RegInputOutput-ML
  Description         : Port '[Signal]' is not registered [Hierarchy: '[DesignObjHierarchy]']
  Violation           : Lint:562
  Goal                : BOS_LINT_RULE
  FileName            : /storage/project/atlas/design/user/pnson/ATLAS_WORKING/IP/CSSYS/RTL/logical/css600/logical/css600_apbasyncbridge/verilog/css600_apbasyncbridgeslv_async.v
  LineNumber          : 29
  Statement           :   output wire clksqactive_o
  Signal              : clksqactive_o
  Module              : css600_apbasyncbridgeslv_async
  DesignObjHierarchy  : gN1B0ApbASB.u_apbasyncbridgeslv_aesdma.u_qactive_async
  -----------------------------------------------------------------------------
  Tag                 : RegInputOutput-ML
  Description         : Port '[Signal]' is not registered [Hierarchy: '[DesignObjHierarchy]']
  Violation           : Lint:563
  Goal                : BOS_LINT_RULE
  FileName            : /storage/project/atlas/design/user/pnson/ATLAS_WORKING/IP/CSSYS/RTL/logical/css600/logical/models/cells/generic/css600_xor.v
  LineNumber          : 28
  Statement           :   input in_a;
  Signal              : in_a
  Module              : css600_xor
  DesignObjHierarchy  : gN1B0ApbASB.u_apbasyncbridgeslv_aesdma.u_qactive_async.u_xor
  -----------------------------------------------------------------------------
  Tag                 : RegInputOutput-ML
  Description         : Port '[Signal]' is not registered [Hierarchy: '[DesignObjHierarchy]']
  Violation           : Lint:564
  Goal                : BOS_LINT_RULE
  FileName            : /storage/project/atlas/design/user/pnson/ATLAS_WORKING/IP/CSSYS/RTL/logical/css600/logical/models/cells/generic/css600_xor.v
  LineNumber          : 31
  Statement           :   output out_y;
  Signal              : out_y
  Module              : css600_xor
  DesignObjHierarchy  : gN1B0ApbASB.u_apbasyncbridgeslv_aesdma.u_qactive_async.u_xor
  -----------------------------------------------------------------------------
  Tag                 : RegInputOutput-ML
  Description         : Port '[Signal]' is not registered [Hierarchy: '[DesignObjHierarchy]']
  Violation           : Lint:565
  Goal                : BOS_LINT_RULE
  FileName            : /storage/project/atlas/design/user/pnson/ATLAS_WORKING/IP/BOS_LIB/bos_logic/RVT/BOS_SOC_XOR.v
  LineNumber          : 7
  Statement           :     input    [DW-1:0]       I_A     ,
  Signal              : I_A
  Module              : BOS_SOC_XOR
  DesignObjHierarchy  : gN1B0ApbASB.u_apbasyncbridgeslv_aesdma.u_qactive_async.u_xor.u_bos_soc_xor
  -----------------------------------------------------------------------------
  Tag                 : RegInputOutput-ML
  Description         : Port '[Signal]' is not registered [Hierarchy: '[DesignObjHierarchy]']
  Violation           : Lint:566
  Goal                : BOS_LINT_RULE
  FileName            : /storage/project/atlas/design/user/pnson/ATLAS_WORKING/IP/BOS_LIB/bos_logic/RVT/BOS_SOC_XOR.v
  LineNumber          : 9
  Statement           :     output   [DW-1:0]       O_Y       
  Signal              : O_Y
  Module              : BOS_SOC_XOR
  DesignObjHierarchy  : gN1B0ApbASB.u_apbasyncbridgeslv_aesdma.u_qactive_async.u_xor.u_bos_soc_xor
  -----------------------------------------------------------------------------
  Tag                 : RegInputOutput-ML
  Description         : Port '[Signal]' is not registered [Hierarchy: '[DesignObjHierarchy]']
  Violation           : Lint:567
  Goal                : BOS_LINT_RULE
  FileName            : /storage/project/atlas/design/user/pnson/ATLAS_WORKING/IP/CSSYS/RTL/logical/css600/logical/models/cells/generic/css600_or.v
  LineNumber          : 28
  Statement           :   input in_a;
  Signal              : in_a
  Module              : css600_or
  DesignObjHierarchy  : gN1B0ApbASB.u_apbasyncbridgeslv_aesdma.u_qactive_async.u_or2_pwakeup_pwrqdeny
  -----------------------------------------------------------------------------
  Tag                 : RegInputOutput-ML
  Description         : Port '[Signal]' is not registered [Hierarchy: '[DesignObjHierarchy]']
  Violation           : Lint:568
  Goal                : BOS_LINT_RULE
  FileName            : /storage/project/atlas/design/user/pnson/ATLAS_WORKING/IP/CSSYS/RTL/logical/css600/logical/models/cells/generic/css600_or.v
  LineNumber          : 31
  Statement           :   output out_y;
  Signal              : out_y
  Module              : css600_or
  DesignObjHierarchy  : gN1B0ApbASB.u_apbasyncbridgeslv_aesdma.u_qactive_async.u_or2_pwakeup_pwrqdeny
  -----------------------------------------------------------------------------
  Tag                 : RegInputOutput-ML
  Description         : Port '[Signal]' is not registered [Hierarchy: '[DesignObjHierarchy]']
  Violation           : Lint:569
  Goal                : BOS_LINT_RULE
  FileName            : /storage/project/atlas/design/user/pnson/ATLAS_WORKING/IP/CSSYS/RTL/logical/css600/logical/models/cells/generic/css600_or.v
  LineNumber          : 29
  Statement           :   input in_b;
  Signal              : in_b
  Module              : css600_or
  DesignObjHierarchy  : gN1B0ApbASB.u_apbasyncbridgeslv_aesdma.u_qactive_async.u_or2_qactive
  -----------------------------------------------------------------------------
  Tag                 : RegInputOutput-ML
  Description         : Port '[Signal]' is not registered [Hierarchy: '[DesignObjHierarchy]']
  Violation           : Lint:570
  Goal                : BOS_LINT_RULE
  FileName            : /storage/project/atlas/design/user/pnson/ATLAS_WORKING/IP/BOS_LIB/bos_logic/RVT/BOS_SOC_OR.v
  LineNumber          : 7
  Statement           :     input    [DW-1:0]       I_A     ,
  Signal              : I_A
  Module              : BOS_SOC_OR
  DesignObjHierarchy  : gN1B0ApbASB.u_apbasyncbridgeslv_aesdma.u_qactive_async.u_or2_pwakeup_pwrqdeny.u_bos_soc_or
  -----------------------------------------------------------------------------
  Tag                 : RegInputOutput-ML
  Description         : Port '[Signal]' is not registered [Hierarchy: '[DesignObjHierarchy]']
  Violation           : Lint:571
  Goal                : BOS_LINT_RULE
  FileName            : /storage/project/atlas/design/user/pnson/ATLAS_WORKING/IP/BOS_LIB/bos_logic/RVT/BOS_SOC_OR.v
  LineNumber          : 9
  Statement           :     output   [DW-1:0]       O_Y       
  Signal              : O_Y
  Module              : BOS_SOC_OR
  DesignObjHierarchy  : gN1B0ApbASB.u_apbasyncbridgeslv_aesdma.u_qactive_async.u_or2_pwakeup_pwrqdeny.u_bos_soc_or
  -----------------------------------------------------------------------------
  Tag                 : RegInputOutput-ML
  Description         : Port '[Signal]' is not registered [Hierarchy: '[DesignObjHierarchy]']
  Violation           : Lint:572
  Goal                : BOS_LINT_RULE
  FileName            : /storage/project/atlas/design/user/pnson/ATLAS_WORKING/IP/BOS_LIB/bos_logic/RVT/BOS_SOC_OR.v
  LineNumber          : 8
  Statement           :     input    [DW-1:0]       I_B     ,
  Signal              : I_B
  Module              : BOS_SOC_OR
  DesignObjHierarchy  : gN1B0ApbASB.u_apbasyncbridgeslv_aesdma.u_qactive_async.u_or2_qactive.u_bos_soc_or
  -----------------------------------------------------------------------------
  Tag                 : RegInputOutput-ML
  Description         : Port '[Signal]' is not registered [Hierarchy: '[DesignObjHierarchy]']
  Violation           : Lint:573
  Goal                : BOS_LINT_RULE
  FileName            : /storage/project/atlas/design/user/pnson/ATLAS_WORKING/IP/CSSYS/RTL/logical/css600/logical/models/cells/generic/css600_clk_gate.v
  LineNumber          : 24
  Statement           :   input  wire  clk_enable_i,  // Clock enable
  Signal              : clk_enable_i
  Module              : css600_clk_gate
  DesignObjHierarchy  : gN1B0ApbASB.u_apbasyncbridgeslv_aesdma.u_clk_gate
  -----------------------------------------------------------------------------
  Tag                 : RegInputOutput-ML
  Description         : Port '[Signal]' is not registered [Hierarchy: '[DesignObjHierarchy]']
  Violation           : Lint:574
  Goal                : BOS_LINT_RULE
  FileName            : /storage/project/atlas/design/user/pnson/ATLAS_WORKING/IP/CSSYS/RTL/logical/css600/logical/models/cells/generic/css600_clk_gate.v
  LineNumber          : 27
  Statement           :   input  wire  dftcgen        // Test mode override for clock gate
  Signal              : dftcgen
  Module              : css600_clk_gate
  DesignObjHierarchy  : gN1B0ApbASB.u_apbasyncbridgeslv_aesdma.u_clk_gate
  -----------------------------------------------------------------------------
  Tag                 : RegInputOutput-ML
  Description         : Port '[Signal]' is not registered [Hierarchy: '[DesignObjHierarchy]']
  Violation           : Lint:575
  Goal                : BOS_LINT_RULE
  FileName            : /storage/project/atlas/design/user/pnson/ATLAS_WORKING/IP/CSSYS/RTL/logical/css600/logical/css600_apbasyncbridge/verilog/css600_apbasyncbridgemstr.v
  LineNumber          : 59
  Statement           :   input wire                         dftcgen;
  Signal              : dftcgen
  Module              : css600_apbasyncbridgemstr
  DesignObjHierarchy  : gN1B0ApbASB.u_apbasyncbridgemstr_aesdma
  -----------------------------------------------------------------------------
  Tag                 : RegInputOutput-ML
  Description         : Port '[Signal]' is not registered [Hierarchy: '[DesignObjHierarchy]']
  Violation           : Lint:576
  Goal                : BOS_LINT_RULE
  FileName            : /storage/project/atlas/design/user/pnson/ATLAS_WORKING/IP/CSSYS/RTL/logical/css600/logical/css600_apbasyncbridge/verilog/css600_apbasyncbridgemstr_core.v
  LineNumber          : 153
  Statement           :       state_en            = ~apb_async_req_i;
  Signal              : pready_m
  Module              : css600_apbasyncbridgemstr
  DesignObjHierarchy  : gN1B0ApbASB.u_apbasyncbridgemstr_aesdma
  -----------------------------------------------------------------------------
  Tag                 : RegInputOutput-ML
  Description         : Port '[Signal]' is not registered [Hierarchy: '[DesignObjHierarchy]']
  Violation           : Lint:577
  Goal                : BOS_LINT_RULE
  FileName            : /storage/project/atlas/design/user/pnson/ATLAS_WORKING/IP/CSSYS/RTL/logical/css600/logical/css600_apbasyncbridge/verilog/css600_apbasyncbridgemstr_core.v
  LineNumber          : 153
  Statement           :       state_en            = ~apb_async_req_i;
  Signal              : pready_i
  Module              : css600_apbasyncbridgemstr_core
  DesignObjHierarchy  : gN1B0ApbASB.u_apbasyncbridgemstr_aesdma.u_mstr_core
  -----------------------------------------------------------------------------
  Tag                 : RegInputOutput-ML
  Description         : Port '[Signal]' is not registered [Hierarchy: '[DesignObjHierarchy]']
  Violation           : Lint:578
  Goal                : BOS_LINT_RULE
  FileName            : /storage/project/atlas/design/user/pnson/ATLAS_WORKING/IP/CSSYS/RTL/logical/css600/logical/css600_apbasyncbridge/verilog/css600_apbasyncbridgemstr_core.v
  LineNumber          : 47
  Statement           :   output wire                      clken_o
  Signal              : clken_o
  Module              : css600_apbasyncbridgemstr_core
  DesignObjHierarchy  : gN1B0ApbASB.u_apbasyncbridgemstr_aesdma.u_mstr_core
  -----------------------------------------------------------------------------
  Tag                 : RegInputOutput-ML
  Description         : Port '[Signal]' is not registered [Hierarchy: '[DesignObjHierarchy]']
  Violation           : Lint:579
  Goal                : BOS_LINT_RULE
  FileName            : /storage/project/atlas/design/user/pnson/ATLAS_WORKING/DK/mem/SAFETY_WRAPPER/ln04lpa_a00_mc_rd2rs_hsr_lvt_32x138m2b1c1_wrapper_safety_sf129eadi1/ln04lpa_a00_mc_rd2rs_hsr_lvt_32x138m2b1c1_wrapper_safety_sf129eadi1.sv
  LineNumber          : 77
  Statement           :     output logic [129-1:0]  DOUT;
  Signal              : DOUT
  Module              : ln04lpa_a00_mc_rd2rs_hsr_lvt_32x138m2b1c1_wrapper_safety_sf129eadi1
  DesignObjHierarchy  : gen_wide_SRAM_WRFIFO[0].gen_SRAM_WRFIFO[0].gSF4WrMemInst.u_SRAM_WR_FIFO
  -----------------------------------------------------------------------------
  Tag                 : RegInputOutput-ML
  Description         : Port '[Signal]' is not registered [Hierarchy: '[DesignObjHierarchy]']
  Violation           : Lint:580
  Goal                : BOS_LINT_RULE
  FileName            : /storage/project/atlas/design/user/pnson/ATLAS_WORKING/DK/imem/ln04lpa_a00_mc_rd2rs_hsr_lvt_32x138m2b1c1/ln04lpa_a00_mc_rd2rs_hsr_lvt_32x138m2b1c1_wrapper.v
  LineNumber          : 73
  Statement           : ln04lpa_a00_mc_rd2rs_hsr_lvt_32x138m2b1c1 u_mem (.DOUT(DOUT), .CK(CK), .REN(REN), .WEN(WEN), .RA(RA), .WA(WA), .DI(DI), .MCSRD(MCSRD), .MCSWR(MCSWR)
  Signal              : REN
  Module              : ln04lpa_a00_mc_rd2rs_hsr_lvt_32x138m2b1c1_wrapper_safety_sf129eadi1
  DesignObjHierarchy  : gen_wide_SRAM_WRFIFO[0].gen_SRAM_WRFIFO[0].gSF4WrMemInst.u_SRAM_WR_FIFO
  -----------------------------------------------------------------------------
  Tag                 : RegInputOutput-ML
  Description         : Port '[Signal]' is not registered [Hierarchy: '[DesignObjHierarchy]']
  Violation           : Lint:581
  Goal                : BOS_LINT_RULE
  FileName            : /storage/project/atlas/design/user/pnson/ATLAS_WORKING/DK/imem/ln04lpa_a00_mc_rd2rs_hsr_lvt_32x138m2b1c1/ln04lpa_a00_mc_rd2rs_hsr_lvt_32x138m2b1c1_wrapper.v
  LineNumber          : 73
  Statement           : ln04lpa_a00_mc_rd2rs_hsr_lvt_32x138m2b1c1 u_mem (.DOUT(DOUT), .CK(CK), .REN(REN), .WEN(WEN), .RA(RA), .WA(WA), .DI(DI), .MCSRD(MCSRD), .MCSWR(MCSWR)
  Signal              : WEN
  Module              : ln04lpa_a00_mc_rd2rs_hsr_lvt_32x138m2b1c1_wrapper_safety_sf129eadi1
  DesignObjHierarchy  : gen_wide_SRAM_WRFIFO[0].gen_SRAM_WRFIFO[0].gSF4WrMemInst.u_SRAM_WR_FIFO
  -----------------------------------------------------------------------------
  Tag                 : RegInputOutput-ML
  Description         : Port '[Signal]' is not registered [Hierarchy: '[DesignObjHierarchy]']
  Violation           : Lint:582
  Goal                : BOS_LINT_RULE
  FileName            : /storage/project/atlas/design/user/pnson/ATLAS_WORKING/DK/mem/SAFETY_WRAPPER/ln04lpa_a00_mc_rd2rs_hsr_lvt_32x138m2b1c1_wrapper_safety_sf129eadi1/ln04lpa_a00_mc_rd2rs_hsr_lvt_32x138m2b1c1_wrapper_safety_sf129eadi1.sv
  LineNumber          : 1052
  Statement           : assign EDO[7]  = EDI[5]^EDI[11]^EDI[16]^EDI[20]^EDI[23]^EDI[25]^EDI[27]^EDI[32]^EDI[37]^EDI[41]^EDI[44]^EDI[46]^EDI[48]^EDI[52]^EDI[56]^EDI[59]^EDI[61]^EDI[63]^EDI[66]^EDI[69]^EDI[71]^EDI[73]^EDI[75] ...
  Signal              : DI
  Module              : ln04lpa_a00_mc_rd2rs_hsr_lvt_32x138m2b1c1_wrapper_safety_sf129eadi1
  DesignObjHierarchy  : gen_wide_SRAM_WRFIFO[0].gen_SRAM_WRFIFO[0].gSF4WrMemInst.u_SRAM_WR_FIFO
  -----------------------------------------------------------------------------
  Tag                 : RegInputOutput-ML
  Description         : Port '[Signal]' is not registered [Hierarchy: '[DesignObjHierarchy]']
  Violation           : Lint:583
  Goal                : BOS_LINT_RULE
  FileName            : /storage/project/atlas/design/user/pnson/ATLAS_WORKING/DK/imem/ln04lpa_a00_mc_rd2rs_hsr_lvt_32x138m2b1c1/ln04lpa_a00_mc_rd2rs_hsr_lvt_32x138m2b1c1_wrapper.v
  LineNumber          : 73
  Statement           : ln04lpa_a00_mc_rd2rs_hsr_lvt_32x138m2b1c1 u_mem (.DOUT(DOUT), .CK(CK), .REN(REN), .WEN(WEN), .RA(RA), .WA(WA), .DI(DI), .MCSRD(MCSRD), .MCSWR(MCSWR)
  Signal              : MCSRD
  Module              : ln04lpa_a00_mc_rd2rs_hsr_lvt_32x138m2b1c1_wrapper_safety_sf129eadi1
  DesignObjHierarchy  : gen_wide_SRAM_WRFIFO[0].gen_SRAM_WRFIFO[0].gSF4WrMemInst.u_SRAM_WR_FIFO
  -----------------------------------------------------------------------------
  Tag                 : RegInputOutput-ML
  Description         : Port '[Signal]' is not registered [Hierarchy: '[DesignObjHierarchy]']
  Violation           : Lint:584
  Goal                : BOS_LINT_RULE
  FileName            : /storage/project/atlas/design/user/pnson/ATLAS_WORKING/DK/imem/ln04lpa_a00_mc_rd2rs_hsr_lvt_32x138m2b1c1/ln04lpa_a00_mc_rd2rs_hsr_lvt_32x138m2b1c1_wrapper.v
  LineNumber          : 73
  Statement           : ln04lpa_a00_mc_rd2rs_hsr_lvt_32x138m2b1c1 u_mem (.DOUT(DOUT), .CK(CK), .REN(REN), .WEN(WEN), .RA(RA), .WA(WA), .DI(DI), .MCSRD(MCSRD), .MCSWR(MCSWR)
  Signal              : MCSWR
  Module              : ln04lpa_a00_mc_rd2rs_hsr_lvt_32x138m2b1c1_wrapper_safety_sf129eadi1
  DesignObjHierarchy  : gen_wide_SRAM_WRFIFO[0].gen_SRAM_WRFIFO[0].gSF4WrMemInst.u_SRAM_WR_FIFO
  -----------------------------------------------------------------------------
  Tag                 : RegInputOutput-ML
  Description         : Port '[Signal]' is not registered [Hierarchy: '[DesignObjHierarchy]']
  Violation           : Lint:585
  Goal                : BOS_LINT_RULE
  FileName            : /storage/project/atlas/design/user/pnson/ATLAS_WORKING/DK/mem/SAFETY_WRAPPER/ln04lpa_a00_mc_rd2rs_hsr_lvt_32x138m2b1c1_wrapper_safety_sf129eadi1/ln04lpa_a00_mc_rd2rs_hsr_lvt_32x138m2b1c1_wrapper_safety_sf129eadi1.sv
  LineNumber          : 86
  Statement           :     output logic  SO_D_L;
  Signal              : SO_D_L
  Module              : ln04lpa_a00_mc_rd2rs_hsr_lvt_32x138m2b1c1_wrapper_safety_sf129eadi1
  DesignObjHierarchy  : gen_wide_SRAM_WRFIFO[0].gen_SRAM_WRFIFO[0].gSF4WrMemInst.u_SRAM_WR_FIFO
  -----------------------------------------------------------------------------
  Tag                 : RegInputOutput-ML
  Description         : Port '[Signal]' is not registered [Hierarchy: '[DesignObjHierarchy]']
  Violation           : Lint:586
  Goal                : BOS_LINT_RULE
  FileName            : /storage/project/atlas/design/user/pnson/ATLAS_WORKING/DK/mem/SAFETY_WRAPPER/ln04lpa_a00_mc_rd2rs_hsr_lvt_32x138m2b1c1_wrapper_safety_sf129eadi1/ln04lpa_a00_mc_rd2rs_hsr_lvt_32x138m2b1c1_wrapper_safety_sf129eadi1.sv
  LineNumber          : 87
  Statement           :     output logic  SO_D_R;
  Signal              : SO_D_R
  Module              : ln04lpa_a00_mc_rd2rs_hsr_lvt_32x138m2b1c1_wrapper_safety_sf129eadi1
  DesignObjHierarchy  : gen_wide_SRAM_WRFIFO[0].gen_SRAM_WRFIFO[0].gSF4WrMemInst.u_SRAM_WR_FIFO
  -----------------------------------------------------------------------------
  Tag                 : RegInputOutput-ML
  Description         : Port '[Signal]' is not registered [Hierarchy: '[DesignObjHierarchy]']
  Violation           : Lint:587
  Goal                : BOS_LINT_RULE
  FileName            : /storage/project/atlas/design/user/pnson/ATLAS_WORKING/DK/imem/ln04lpa_a00_mc_rd2rs_hsr_lvt_32x138m2b1c1/ln04lpa_a00_mc_rd2rs_hsr_lvt_32x138m2b1c1_wrapper.v
  LineNumber          : 74
  Statement           : 		,.SO_D_L(SO_D_L), .SO_D_R(SO_D_R), .DFTRAM(DFTRAM), .SE(SE), .SI_D_L(SI_D_L), .SI_D_R(SI_D_R)
  Signal              : DFTRAM
  Module              : ln04lpa_a00_mc_rd2rs_hsr_lvt_32x138m2b1c1_wrapper_safety_sf129eadi1
  DesignObjHierarchy  : gen_wide_SRAM_WRFIFO[0].gen_SRAM_WRFIFO[0].gSF4WrMemInst.u_SRAM_WR_FIFO
  -----------------------------------------------------------------------------
  Tag                 : RegInputOutput-ML
  Description         : Port '[Signal]' is not registered [Hierarchy: '[DesignObjHierarchy]']
  Violation           : Lint:588
  Goal                : BOS_LINT_RULE
  FileName            : /storage/project/atlas/design/user/pnson/ATLAS_WORKING/DK/imem/ln04lpa_a00_mc_rd2rs_hsr_lvt_32x138m2b1c1/ln04lpa_a00_mc_rd2rs_hsr_lvt_32x138m2b1c1_wrapper.v
  LineNumber          : 74
  Statement           : 		,.SO_D_L(SO_D_L), .SO_D_R(SO_D_R), .DFTRAM(DFTRAM), .SE(SE), .SI_D_L(SI_D_L), .SI_D_R(SI_D_R)
  Signal              : SE
  Module              : ln04lpa_a00_mc_rd2rs_hsr_lvt_32x138m2b1c1_wrapper_safety_sf129eadi1
  DesignObjHierarchy  : gen_wide_SRAM_WRFIFO[0].gen_SRAM_WRFIFO[0].gSF4WrMemInst.u_SRAM_WR_FIFO
  -----------------------------------------------------------------------------
  Tag                 : RegInputOutput-ML
  Description         : Port '[Signal]' is not registered [Hierarchy: '[DesignObjHierarchy]']
  Violation           : Lint:589
  Goal                : BOS_LINT_RULE
  FileName            : /storage/project/atlas/design/user/pnson/ATLAS_WORKING/DK/imem/ln04lpa_a00_mc_rd2rs_hsr_lvt_32x138m2b1c1/ln04lpa_a00_mc_rd2rs_hsr_lvt_32x138m2b1c1_wrapper.v
  LineNumber          : 74
  Statement           : 		,.SO_D_L(SO_D_L), .SO_D_R(SO_D_R), .DFTRAM(DFTRAM), .SE(SE), .SI_D_L(SI_D_L), .SI_D_R(SI_D_R)
  Signal              : SI_D_L
  Module              : ln04lpa_a00_mc_rd2rs_hsr_lvt_32x138m2b1c1_wrapper_safety_sf129eadi1
  DesignObjHierarchy  : gen_wide_SRAM_WRFIFO[0].gen_SRAM_WRFIFO[0].gSF4WrMemInst.u_SRAM_WR_FIFO
  -----------------------------------------------------------------------------
  Tag                 : RegInputOutput-ML
  Description         : Port '[Signal]' is not registered [Hierarchy: '[DesignObjHierarchy]']
  Violation           : Lint:590
  Goal                : BOS_LINT_RULE
  FileName            : /storage/project/atlas/design/user/pnson/ATLAS_WORKING/DK/imem/ln04lpa_a00_mc_rd2rs_hsr_lvt_32x138m2b1c1/ln04lpa_a00_mc_rd2rs_hsr_lvt_32x138m2b1c1_wrapper.v
  LineNumber          : 74
  Statement           : 		,.SO_D_L(SO_D_L), .SO_D_R(SO_D_R), .DFTRAM(DFTRAM), .SE(SE), .SI_D_L(SI_D_L), .SI_D_R(SI_D_R)
  Signal              : SI_D_R
  Module              : ln04lpa_a00_mc_rd2rs_hsr_lvt_32x138m2b1c1_wrapper_safety_sf129eadi1
  DesignObjHierarchy  : gen_wide_SRAM_WRFIFO[0].gen_SRAM_WRFIFO[0].gSF4WrMemInst.u_SRAM_WR_FIFO
  -----------------------------------------------------------------------------
  Tag                 : RegInputOutput-ML
  Description         : Port '[Signal]' is not registered [Hierarchy: '[DesignObjHierarchy]']
  Violation           : Lint:591
  Goal                : BOS_LINT_RULE
  FileName            : /storage/project/atlas/design/user/pnson/ATLAS_WORKING/DK/imem/ln04lpa_a00_mc_rd2rs_hsr_lvt_32x138m2b1c1/ln04lpa_a00_mc_rd2rs_hsr_lvt_32x138m2b1c1_wrapper.v
  LineNumber          : 75
  Statement           : 		,.RET(RET)
  Signal              : RET
  Module              : ln04lpa_a00_mc_rd2rs_hsr_lvt_32x138m2b1c1_wrapper_safety_sf129eadi1
  DesignObjHierarchy  : gen_wide_SRAM_WRFIFO[0].gen_SRAM_WRFIFO[0].gSF4WrMemInst.u_SRAM_WR_FIFO
  -----------------------------------------------------------------------------
  Tag                 : RegInputOutput-ML
  Description         : Port '[Signal]' is not registered [Hierarchy: '[DesignObjHierarchy]']
  Violation           : Lint:592
  Goal                : BOS_LINT_RULE
  FileName            : /storage/project/atlas/design/user/pnson/ATLAS_WORKING/DK/imem/ln04lpa_a00_mc_rd2rs_hsr_lvt_32x138m2b1c1/ln04lpa_a00_mc_rd2rs_hsr_lvt_32x138m2b1c1_wrapper.v
  LineNumber          : 76
  Statement           : 		,.CRE1(CRE1), .CRE2(CRE2), .FCA1(FCA1), .FCA2(FCA2)
  Signal              : CRE1
  Module              : ln04lpa_a00_mc_rd2rs_hsr_lvt_32x138m2b1c1_wrapper_safety_sf129eadi1
  DesignObjHierarchy  : gen_wide_SRAM_WRFIFO[0].gen_SRAM_WRFIFO[0].gSF4WrMemInst.u_SRAM_WR_FIFO
  -----------------------------------------------------------------------------
  Tag                 : RegInputOutput-ML
  Description         : Port '[Signal]' is not registered [Hierarchy: '[DesignObjHierarchy]']
  Violation           : Lint:593
  Goal                : BOS_LINT_RULE
  FileName            : /storage/project/atlas/design/user/pnson/ATLAS_WORKING/DK/imem/ln04lpa_a00_mc_rd2rs_hsr_lvt_32x138m2b1c1/ln04lpa_a00_mc_rd2rs_hsr_lvt_32x138m2b1c1_wrapper.v
  LineNumber          : 76
  Statement           : 		,.CRE1(CRE1), .CRE2(CRE2), .FCA1(FCA1), .FCA2(FCA2)
  Signal              : CRE2
  Module              : ln04lpa_a00_mc_rd2rs_hsr_lvt_32x138m2b1c1_wrapper_safety_sf129eadi1
  DesignObjHierarchy  : gen_wide_SRAM_WRFIFO[0].gen_SRAM_WRFIFO[0].gSF4WrMemInst.u_SRAM_WR_FIFO
  -----------------------------------------------------------------------------
  Tag                 : RegInputOutput-ML
  Description         : Port '[Signal]' is not registered [Hierarchy: '[DesignObjHierarchy]']
  Violation           : Lint:594
  Goal                : BOS_LINT_RULE
  FileName            : /storage/project/atlas/design/user/pnson/ATLAS_WORKING/DK/imem/ln04lpa_a00_mc_rd2rs_hsr_lvt_32x138m2b1c1/ln04lpa_a00_mc_rd2rs_hsr_lvt_32x138m2b1c1_wrapper.v
  LineNumber          : 76
  Statement           : 		,.CRE1(CRE1), .CRE2(CRE2), .FCA1(FCA1), .FCA2(FCA2)
  Signal              : FCA1
  Module              : ln04lpa_a00_mc_rd2rs_hsr_lvt_32x138m2b1c1_wrapper_safety_sf129eadi1
  DesignObjHierarchy  : gen_wide_SRAM_WRFIFO[0].gen_SRAM_WRFIFO[0].gSF4WrMemInst.u_SRAM_WR_FIFO
  -----------------------------------------------------------------------------
  Tag                 : RegInputOutput-ML
  Description         : Port '[Signal]' is not registered [Hierarchy: '[DesignObjHierarchy]']
  Violation           : Lint:595
  Goal                : BOS_LINT_RULE
  FileName            : /storage/project/atlas/design/user/pnson/ATLAS_WORKING/DK/imem/ln04lpa_a00_mc_rd2rs_hsr_lvt_32x138m2b1c1/ln04lpa_a00_mc_rd2rs_hsr_lvt_32x138m2b1c1_wrapper.v
  LineNumber          : 76
  Statement           : 		,.CRE1(CRE1), .CRE2(CRE2), .FCA1(FCA1), .FCA2(FCA2)
  Signal              : FCA2
  Module              : ln04lpa_a00_mc_rd2rs_hsr_lvt_32x138m2b1c1_wrapper_safety_sf129eadi1
  DesignObjHierarchy  : gen_wide_SRAM_WRFIFO[0].gen_SRAM_WRFIFO[0].gSF4WrMemInst.u_SRAM_WR_FIFO
  -----------------------------------------------------------------------------
  Tag                 : RegInputOutput-ML
  Description         : Port '[Signal]' is not registered [Hierarchy: '[DesignObjHierarchy]']
  Violation           : Lint:596
  Goal                : BOS_LINT_RULE
  FileName            : /storage/project/atlas/design/user/pnson/ATLAS_WORKING/DK/imem/ln04lpa_a00_mc_rd2rs_hsr_lvt_32x138m2b1c1/ln04lpa_a00_mc_rd2rs_hsr_lvt_32x138m2b1c1_wrapper.v
  LineNumber          : 77
  Statement           : 		,.ADME(ADME)
  Signal              : ADME
  Module              : ln04lpa_a00_mc_rd2rs_hsr_lvt_32x138m2b1c1_wrapper_safety_sf129eadi1
  DesignObjHierarchy  : gen_wide_SRAM_WRFIFO[0].gen_SRAM_WRFIFO[0].gSF4WrMemInst.u_SRAM_WR_FIFO
  -----------------------------------------------------------------------------
  Tag                 : RegInputOutput-ML
  Description         : Port '[Signal]' is not registered [Hierarchy: '[DesignObjHierarchy]']
  Violation           : Lint:597
  Goal                : BOS_LINT_RULE
  FileName            : /storage/project/atlas/design/user/pnson/ATLAS_WORKING/DK/mem/SAFETY_WRAPPER/ln04lpa_a00_mc_rd2rs_hsr_lvt_32x138m2b1c1_wrapper_safety_sf129eadi1/ln04lpa_a00_mc_rd2rs_hsr_lvt_32x138m2b1c1_wrapper_safety_sf129eadi1.sv
  LineNumber          : 289
  Statement           :     assign  DOUT= ECCEN ? w_decoder_d_Q[134 - 1 -:129] : w_SRAM_Q[129-1: 0];
  Signal              : ECCEN
  Module              : ln04lpa_a00_mc_rd2rs_hsr_lvt_32x138m2b1c1_wrapper_safety_sf129eadi1
  DesignObjHierarchy  : gen_wide_SRAM_WRFIFO[0].gen_SRAM_WRFIFO[0].gSF4WrMemInst.u_SRAM_WR_FIFO
  -----------------------------------------------------------------------------
  Tag                 : RegInputOutput-ML
  Description         : Port '[Signal]' is not registered [Hierarchy: '[DesignObjHierarchy]']
  Violation           : Lint:598
  Goal                : BOS_LINT_RULE
  FileName            : /storage/project/atlas/design/user/pnson/ATLAS_WORKING/DK/mem/SAFETY_WRAPPER/ln04lpa_a00_mc_rd2rs_hsr_lvt_32x138m2b1c1_wrapper_safety_sf129eadi1/ln04lpa_a00_mc_rd2rs_hsr_lvt_32x138m2b1c1_wrapper_safety_sf129eadi1.sv
  LineNumber          : 237
  Statement           :     assign w_SRAM_C    =  ECCEN ? {w_encoder_d_C}: 9'b0;
  Signal              : EDO
  Module              : ln04lpa_a00_mc_rd2rs_hsr_lvt_32x138m2b1c1_wrapper_safety_data_encoder
  DesignObjHierarchy  : gen_wide_SRAM_WRFIFO[0].gen_SRAM_WRFIFO[0].gSF4WrMemInst.u_SRAM_WR_FIFO.u_data_encoder
  -----------------------------------------------------------------------------
  Tag                 : RegInputOutput-ML
  Description         : Port '[Signal]' is not registered [Hierarchy: '[DesignObjHierarchy]']
  Violation           : Lint:599
  Goal                : BOS_LINT_RULE
  FileName            : /storage/project/atlas/design/user/pnson/ATLAS_WORKING/DK/mem/SAFETY_WRAPPER/ln04lpa_a00_mc_rd2rs_hsr_lvt_32x138m2b1c1_wrapper_safety_sf129eadi1/ln04lpa_a00_mc_rd2rs_hsr_lvt_32x138m2b1c1_wrapper_safety_sf129eadi1.sv
  LineNumber          : 922
  Statement           :   assign w_DDI_in            = ECCEN    ? DDI : {CODEW{1'b0}} ;
  Signal              : ECCEN
  Module              : ln04lpa_a00_mc_rd2rs_hsr_lvt_32x138m2b1c1_wrapper_safety_data_decoder_top_dcls
  DesignObjHierarchy  : gen_wide_SRAM_WRFIFO[0].gen_SRAM_WRFIFO[0].gSF4WrMemInst.u_SRAM_WR_FIFO.u_data_decoder_dcls
  -----------------------------------------------------------------------------
  Tag                 : RegInputOutput-ML
  Description         : Port '[Signal]' is not registered [Hierarchy: '[DesignObjHierarchy]']
  Violation           : Lint:600
  Goal                : BOS_LINT_RULE
  FileName            : /storage/project/atlas/design/user/pnson/ATLAS_WORKING/DK/mem/SAFETY_WRAPPER/ln04lpa_a00_mc_rd2rs_hsr_lvt_32x138m2b1c1_wrapper_safety_sf129eadi1/ln04lpa_a00_mc_rd2rs_hsr_lvt_32x138m2b1c1_wrapper_safety_sf129eadi1.sv
  LineNumber          : 964
  Statement           :     output logic [DATAW-1:0]    DDO,
  Signal              : DDO
  Module              : ln04lpa_a00_mc_rd2rs_hsr_lvt_32x138m2b1c1_wrapper_safety_data_decoder_top_dcls
  DesignObjHierarchy  : gen_wide_SRAM_WRFIFO[0].gen_SRAM_WRFIFO[0].gSF4WrMemInst.u_SRAM_WR_FIFO.u_data_decoder_dcls
  -----------------------------------------------------------------------------
  Tag                 : RegInputOutput-ML
  Description         : Port '[Signal]' is not registered [Hierarchy: '[DesignObjHierarchy]']
  Violation           : Lint:601
  Goal                : BOS_LINT_RULE
  FileName            : /storage/project/atlas/design/user/pnson/ATLAS_WORKING/DK/mem/SAFETY_WRAPPER/ln04lpa_a00_mc_rd2rs_hsr_lvt_32x138m2b1c1_wrapper_safety_sf129eadi1/ln04lpa_a00_mc_rd2rs_hsr_lvt_32x138m2b1c1_wrapper_safety_sf129eadi1.sv
  LineNumber          : 922
  Statement           :   assign w_DDI_in            = ECCEN    ? DDI : {CODEW{1'b0}} ;
  Signal              : ECCEN
  Module              : ln04lpa_a00_mc_rd2rs_hsr_lvt_32x138m2b1c1_wrapper_safety_data_decoder_st_wrap
  DesignObjHierarchy  : gen_wide_SRAM_WRFIFO[0].gen_SRAM_WRFIFO[0].gSF4WrMemInst.u_SRAM_WR_FIFO.u_data_decoder_dcls.u_d0
  -----------------------------------------------------------------------------
  Tag                 : RegInputOutput-ML
  Description         : Port '[Signal]' is not registered [Hierarchy: '[DesignObjHierarchy]']
  Violation           : Lint:602
  Goal                : BOS_LINT_RULE
  FileName            : /storage/project/atlas/design/user/pnson/ATLAS_WORKING/DK/mem/SAFETY_WRAPPER/ln04lpa_a00_mc_rd2rs_hsr_lvt_32x138m2b1c1_wrapper_safety_sf129eadi1/ln04lpa_a00_mc_rd2rs_hsr_lvt_32x138m2b1c1_wrapper_safety_sf129eadi1.sv
  LineNumber          : 868
  Statement           :   output logic [DATAW-1:0]    DDO,
  Signal              : DDO
  Module              : ln04lpa_a00_mc_rd2rs_hsr_lvt_32x138m2b1c1_wrapper_safety_data_decoder_st_wrap
  DesignObjHierarchy  : gen_wide_SRAM_WRFIFO[0].gen_SRAM_WRFIFO[0].gSF4WrMemInst.u_SRAM_WR_FIFO.u_data_decoder_dcls.u_d0
  -----------------------------------------------------------------------------
  Tag                 : RegInputOutput-ML
  Description         : Port '[Signal]' is not registered [Hierarchy: '[DesignObjHierarchy]']
  Violation           : Lint:603
  Goal                : BOS_LINT_RULE
  FileName            : /storage/project/atlas/design/user/pnson/ATLAS_WORKING/IP/BOS_LIB/RTL/BOS_ERROR_DOUBLE.v
  LineNumber          : 52
  Statement           :             r_O_Q_in[i] = 1'b1;
  Signal              : I_E1_RAW
  Module              : ln04lpa_a00_mc_rd2rs_hsr_lvt_32x138m2b1c1_wrapper_safety_data_decoder_st_ctrl
  DesignObjHierarchy  : gen_wide_SRAM_WRFIFO[0].gen_SRAM_WRFIFO[0].gSF4WrMemInst.u_SRAM_WR_FIFO.u_data_decoder_dcls.u_d0.u_selftest
  -----------------------------------------------------------------------------
  Tag                 : RegInputOutput-ML
  Description         : Port '[Signal]' is not registered [Hierarchy: '[DesignObjHierarchy]']
  Violation           : Lint:604
  Goal                : BOS_LINT_RULE
  FileName            : /storage/project/atlas/design/user/pnson/ATLAS_WORKING/IP/BOS_LIB/RTL/BOS_ERROR_DOUBLE.v
  LineNumber          : 52
  Statement           :             r_O_Q_in[i] = 1'b1;
  Signal              : I_E2_RAW
  Module              : ln04lpa_a00_mc_rd2rs_hsr_lvt_32x138m2b1c1_wrapper_safety_data_decoder_st_ctrl
  DesignObjHierarchy  : gen_wide_SRAM_WRFIFO[0].gen_SRAM_WRFIFO[0].gSF4WrMemInst.u_SRAM_WR_FIFO.u_data_decoder_dcls.u_d0.u_selftest
  -----------------------------------------------------------------------------
  Tag                 : RegInputOutput-ML
  Description         : Port '[Signal]' is not registered [Hierarchy: '[DesignObjHierarchy]']
  Violation           : Lint:605
  Goal                : BOS_LINT_RULE
  FileName            : /storage/project/atlas/design/user/pnson/ATLAS_WORKING/DK/mem/SAFETY_WRAPPER/ln04lpa_a00_mc_rd2rs_hsr_lvt_32x138m2b1c1_wrapper_safety_sf129eadi1/ln04lpa_a00_mc_rd2rs_hsr_lvt_32x138m2b1c1_wrapper_safety_sf129eadi1.sv
  LineNumber          : 940
  Statement           :   assign w_DDI_mux = w_test_en
  Signal              : O_TEST_DATA
  Module              : ln04lpa_a00_mc_rd2rs_hsr_lvt_32x138m2b1c1_wrapper_safety_data_decoder_st_ctrl
  DesignObjHierarchy  : gen_wide_SRAM_WRFIFO[0].gen_SRAM_WRFIFO[0].gSF4WrMemInst.u_SRAM_WR_FIFO.u_data_decoder_dcls.u_d0.u_selftest
  -----------------------------------------------------------------------------
  Tag                 : RegInputOutput-ML
  Description         : Port '[Signal]' is not registered [Hierarchy: '[DesignObjHierarchy]']
  Violation           : Lint:606
  Goal                : BOS_LINT_RULE
  FileName            : /storage/project/atlas/design/user/pnson/ATLAS_WORKING/DK/mem/SAFETY_WRAPPER/ln04lpa_a00_mc_rd2rs_hsr_lvt_32x138m2b1c1_wrapper_safety_sf129eadi1/ln04lpa_a00_mc_rd2rs_hsr_lvt_32x138m2b1c1_wrapper_safety_sf129eadi1.sv
  LineNumber          : 940
  Statement           :   assign w_DDI_mux = w_test_en
  Signal              : O_TEST_EN
  Module              : ln04lpa_a00_mc_rd2rs_hsr_lvt_32x138m2b1c1_wrapper_safety_data_decoder_st_ctrl
  DesignObjHierarchy  : gen_wide_SRAM_WRFIFO[0].gen_SRAM_WRFIFO[0].gSF4WrMemInst.u_SRAM_WR_FIFO.u_data_decoder_dcls.u_d0.u_selftest
  -----------------------------------------------------------------------------
  Tag                 : RegInputOutput-ML
  Description         : Port '[Signal]' is not registered [Hierarchy: '[DesignObjHierarchy]']
  Violation           : Lint:607
  Goal                : BOS_LINT_RULE
  FileName            : /storage/project/atlas/design/user/pnson/ATLAS_WORKING/DK/mem/SAFETY_WRAPPER/ln04lpa_a00_mc_rd2rs_hsr_lvt_32x138m2b1c1_wrapper_safety_sf129eadi1/ln04lpa_a00_mc_rd2rs_hsr_lvt_32x138m2b1c1_wrapper_safety_sf129eadi1.sv
  LineNumber          : 319
  Statement           : assign nc[2]  = DDI[136]^DDI[0]^DDI[7]^DDI[8]^DDI[9]^DDI[10]^DDI[11]^DDI[12]^DDI[28]^DDI[29]^DDI[30]^DDI[31]^DDI[32]^DDI[33]^DDI[49]^DDI[50]^DDI[51]^DDI[52]^DDI[53]^DDI[54]^DDI[55]^DDI[56]^DDI[57]^DD ...
  Signal              : DDI
  Module              : ln04lpa_a00_mc_rd2rs_hsr_lvt_32x138m2b1c1_wrapper_safety_data_decoder
  DesignObjHierarchy  : gen_wide_SRAM_WRFIFO[0].gen_SRAM_WRFIFO[0].gSF4WrMemInst.u_SRAM_WR_FIFO.u_data_decoder_dcls.u_d0.u_dec
  -----------------------------------------------------------------------------
  Tag                 : RegInputOutput-ML
  Description         : Port '[Signal]' is not registered [Hierarchy: '[DesignObjHierarchy]']
  Violation           : Lint:608
  Goal                : BOS_LINT_RULE
  FileName            : /storage/project/atlas/design/user/pnson/ATLAS_WORKING/DK/mem/SAFETY_WRAPPER/ln04lpa_a00_mc_rd2rs_hsr_lvt_32x138m2b1c1_wrapper_safety_sf129eadi1/ln04lpa_a00_mc_rd2rs_hsr_lvt_32x138m2b1c1_wrapper_safety_sf129eadi1.sv
  LineNumber          : 309
  Statement           : output  [133:0]  DDO;
  Signal              : DDO
  Module              : ln04lpa_a00_mc_rd2rs_hsr_lvt_32x138m2b1c1_wrapper_safety_data_decoder
  DesignObjHierarchy  : gen_wide_SRAM_WRFIFO[0].gen_SRAM_WRFIFO[0].gSF4WrMemInst.u_SRAM_WR_FIFO.u_data_decoder_dcls.u_d0.u_dec
  -----------------------------------------------------------------------------
  Tag                 : RegInputOutput-ML
  Description         : Port '[Signal]' is not registered [Hierarchy: '[DesignObjHierarchy]']
  Violation           : Lint:609
  Goal                : BOS_LINT_RULE
  FileName            : /storage/project/atlas/design/user/pnson/ATLAS_WORKING/DK/mem/SAFETY_WRAPPER/ln04lpa_a00_mc_rd2rs_hsr_lvt_32x138m2b1c1_wrapper_safety_sf129eadi1/ln04lpa_a00_mc_rd2rs_hsr_lvt_32x138m2b1c1_wrapper_safety_sf129eadi1.sv
  LineNumber          : 310
  Statement           : output E1;
  Signal              : E1
  Module              : ln04lpa_a00_mc_rd2rs_hsr_lvt_32x138m2b1c1_wrapper_safety_data_decoder
  DesignObjHierarchy  : gen_wide_SRAM_WRFIFO[0].gen_SRAM_WRFIFO[0].gSF4WrMemInst.u_SRAM_WR_FIFO.u_data_decoder_dcls.u_d0.u_dec
  -----------------------------------------------------------------------------
  Tag                 : RegInputOutput-ML
  Description         : Port '[Signal]' is not registered [Hierarchy: '[DesignObjHierarchy]']
  Violation           : Lint:610
  Goal                : BOS_LINT_RULE
  FileName            : /storage/project/atlas/design/user/pnson/ATLAS_WORKING/DK/mem/SAFETY_WRAPPER/ln04lpa_a00_mc_rd2rs_hsr_lvt_32x138m2b1c1_wrapper_safety_sf129eadi1/ln04lpa_a00_mc_rd2rs_hsr_lvt_32x138m2b1c1_wrapper_safety_sf129eadi1.sv
  LineNumber          : 311
  Statement           : output E2;
  Signal              : E2
  Module              : ln04lpa_a00_mc_rd2rs_hsr_lvt_32x138m2b1c1_wrapper_safety_data_decoder
  DesignObjHierarchy  : gen_wide_SRAM_WRFIFO[0].gen_SRAM_WRFIFO[0].gSF4WrMemInst.u_SRAM_WR_FIFO.u_data_decoder_dcls.u_d0.u_dec
  -----------------------------------------------------------------------------
  Tag                 : RegInputOutput-ML
  Description         : Port '[Signal]' is not registered [Hierarchy: '[DesignObjHierarchy]']
  Violation           : Lint:611
  Goal                : BOS_LINT_RULE
  FileName            : /storage/project/atlas/design/user/pnson/ATLAS_WORKING/IP/BOS_LIB/RTL/SAFETY/DCLS_COMPARATOR_TEMPLATE.v
  LineNumber          : 220
  Statement           :             assign segment_error[s] = (DATA_IN_A[END_BIT:START_BIT] == DATA_IN_B[END_BIT:START_BIT]) 
  Signal              : DATA_IN_A
  Module              : DCLS_SEGMENT_COMPARATOR
  DesignObjHierarchy  : gen_wide_SRAM_WRFIFO[0].gen_SRAM_WRFIFO[0].gSF4WrMemInst.u_SRAM_WR_FIFO.u_data_decoder_dcls.u_comp.u_segment_cmp
  -----------------------------------------------------------------------------
  Tag                 : RegInputOutput-ML
  Description         : Port '[Signal]' is not registered [Hierarchy: '[DesignObjHierarchy]']
  Violation           : Lint:612
  Goal                : BOS_LINT_RULE
  FileName            : /storage/project/atlas/design/user/pnson/ATLAS_WORKING/IP/BOS_LIB/RTL/SAFETY/DCLS_COMPARATOR_TEMPLATE.v
  LineNumber          : 220
  Statement           :             assign segment_error[s] = (DATA_IN_A[END_BIT:START_BIT] == DATA_IN_B[END_BIT:START_BIT]) 
  Signal              : DATA_IN_B
  Module              : DCLS_SEGMENT_COMPARATOR
  DesignObjHierarchy  : gen_wide_SRAM_WRFIFO[0].gen_SRAM_WRFIFO[0].gSF4WrMemInst.u_SRAM_WR_FIFO.u_data_decoder_dcls.u_comp.u_segment_cmp
  -----------------------------------------------------------------------------
  Tag                 : RegInputOutput-ML
  Description         : Port '[Signal]' is not registered [Hierarchy: '[DesignObjHierarchy]']
  Violation           : Lint:613
  Goal                : BOS_LINT_RULE
  FileName            : /storage/project/atlas/design/user/pnson/ATLAS_WORKING/DK/imem/ln04lpa_a00_mc_rd2rs_hsr_lvt_32x138m2b1c1/ln04lpa_a00_mc_rd2rs_hsr_lvt_32x138m2b1c1_wrapper.v
  LineNumber          : 45
  Statement           :    output [BITS-1:0] DOUT;
  Signal              : DOUT
  Module              : ln04lpa_a00_mc_rd2rs_hsr_lvt_32x138m2b1c1_wrapper
  DesignObjHierarchy  : gen_wide_SRAM_WRFIFO[0].gen_SRAM_WRFIFO[0].gSF4WrMemInst.u_SRAM_WR_FIFO.u_sram
  -----------------------------------------------------------------------------
  Tag                 : RegInputOutput-ML
  Description         : Port '[Signal]' is not registered [Hierarchy: '[DesignObjHierarchy]']
  Violation           : Lint:614
  Goal                : BOS_LINT_RULE
  FileName            : /storage/project/atlas/design/user/pnson/ATLAS_WORKING/DK/imem/ln04lpa_a00_mc_rd2rs_hsr_lvt_32x138m2b1c1/ln04lpa_a00_mc_rd2rs_hsr_lvt_32x138m2b1c1_wrapper.v
  LineNumber          : 73
  Statement           : ln04lpa_a00_mc_rd2rs_hsr_lvt_32x138m2b1c1 u_mem (.DOUT(DOUT), .CK(CK), .REN(REN), .WEN(WEN), .RA(RA), .WA(WA), .DI(DI), .MCSRD(MCSRD), .MCSWR(MCSWR)
  Signal              : REN
  Module              : ln04lpa_a00_mc_rd2rs_hsr_lvt_32x138m2b1c1_wrapper
  DesignObjHierarchy  : gen_wide_SRAM_WRFIFO[0].gen_SRAM_WRFIFO[0].gSF4WrMemInst.u_SRAM_WR_FIFO.u_sram
  -----------------------------------------------------------------------------
  Tag                 : RegInputOutput-ML
  Description         : Port '[Signal]' is not registered [Hierarchy: '[DesignObjHierarchy]']
  Violation           : Lint:615
  Goal                : BOS_LINT_RULE
  FileName            : /storage/project/atlas/design/user/pnson/ATLAS_WORKING/DK/imem/ln04lpa_a00_mc_rd2rs_hsr_lvt_32x138m2b1c1/ln04lpa_a00_mc_rd2rs_hsr_lvt_32x138m2b1c1_wrapper.v
  LineNumber          : 73
  Statement           : ln04lpa_a00_mc_rd2rs_hsr_lvt_32x138m2b1c1 u_mem (.DOUT(DOUT), .CK(CK), .REN(REN), .WEN(WEN), .RA(RA), .WA(WA), .DI(DI), .MCSRD(MCSRD), .MCSWR(MCSWR)
  Signal              : WEN
  Module              : ln04lpa_a00_mc_rd2rs_hsr_lvt_32x138m2b1c1_wrapper
  DesignObjHierarchy  : gen_wide_SRAM_WRFIFO[0].gen_SRAM_WRFIFO[0].gSF4WrMemInst.u_SRAM_WR_FIFO.u_sram
  -----------------------------------------------------------------------------
  Tag                 : RegInputOutput-ML
  Description         : Port '[Signal]' is not registered [Hierarchy: '[DesignObjHierarchy]']
  Violation           : Lint:616
  Goal                : BOS_LINT_RULE
  FileName            : /storage/project/atlas/design/user/pnson/ATLAS_WORKING/DK/imem/ln04lpa_a00_mc_rd2rs_hsr_lvt_32x138m2b1c1/ln04lpa_a00_mc_rd2rs_hsr_lvt_32x138m2b1c1_wrapper.v
  LineNumber          : 73
  Statement           : ln04lpa_a00_mc_rd2rs_hsr_lvt_32x138m2b1c1 u_mem (.DOUT(DOUT), .CK(CK), .REN(REN), .WEN(WEN), .RA(RA), .WA(WA), .DI(DI), .MCSRD(MCSRD), .MCSWR(MCSWR)
  Signal              : DI
  Module              : ln04lpa_a00_mc_rd2rs_hsr_lvt_32x138m2b1c1_wrapper
  DesignObjHierarchy  : gen_wide_SRAM_WRFIFO[0].gen_SRAM_WRFIFO[0].gSF4WrMemInst.u_SRAM_WR_FIFO.u_sram
  -----------------------------------------------------------------------------
  Tag                 : RegInputOutput-ML
  Description         : Port '[Signal]' is not registered [Hierarchy: '[DesignObjHierarchy]']
  Violation           : Lint:617
  Goal                : BOS_LINT_RULE
  FileName            : /storage/project/atlas/design/user/pnson/ATLAS_WORKING/DK/imem/ln04lpa_a00_mc_rd2rs_hsr_lvt_32x138m2b1c1/ln04lpa_a00_mc_rd2rs_hsr_lvt_32x138m2b1c1_wrapper.v
  LineNumber          : 73
  Statement           : ln04lpa_a00_mc_rd2rs_hsr_lvt_32x138m2b1c1 u_mem (.DOUT(DOUT), .CK(CK), .REN(REN), .WEN(WEN), .RA(RA), .WA(WA), .DI(DI), .MCSRD(MCSRD), .MCSWR(MCSWR)
  Signal              : MCSRD
  Module              : ln04lpa_a00_mc_rd2rs_hsr_lvt_32x138m2b1c1_wrapper
  DesignObjHierarchy  : gen_wide_SRAM_WRFIFO[0].gen_SRAM_WRFIFO[0].gSF4WrMemInst.u_SRAM_WR_FIFO.u_sram
  -----------------------------------------------------------------------------
  Tag                 : RegInputOutput-ML
  Description         : Port '[Signal]' is not registered [Hierarchy: '[DesignObjHierarchy]']
  Violation           : Lint:618
  Goal                : BOS_LINT_RULE
  FileName            : /storage/project/atlas/design/user/pnson/ATLAS_WORKING/DK/imem/ln04lpa_a00_mc_rd2rs_hsr_lvt_32x138m2b1c1/ln04lpa_a00_mc_rd2rs_hsr_lvt_32x138m2b1c1_wrapper.v
  LineNumber          : 73
  Statement           : ln04lpa_a00_mc_rd2rs_hsr_lvt_32x138m2b1c1 u_mem (.DOUT(DOUT), .CK(CK), .REN(REN), .WEN(WEN), .RA(RA), .WA(WA), .DI(DI), .MCSRD(MCSRD), .MCSWR(MCSWR)
  Signal              : MCSWR
  Module              : ln04lpa_a00_mc_rd2rs_hsr_lvt_32x138m2b1c1_wrapper
  DesignObjHierarchy  : gen_wide_SRAM_WRFIFO[0].gen_SRAM_WRFIFO[0].gSF4WrMemInst.u_SRAM_WR_FIFO.u_sram
  -----------------------------------------------------------------------------
  Tag                 : RegInputOutput-ML
  Description         : Port '[Signal]' is not registered [Hierarchy: '[DesignObjHierarchy]']
  Violation           : Lint:619
  Goal                : BOS_LINT_RULE
  FileName            : /storage/project/atlas/design/user/pnson/ATLAS_WORKING/DK/imem/ln04lpa_a00_mc_rd2rs_hsr_lvt_32x138m2b1c1/ln04lpa_a00_mc_rd2rs_hsr_lvt_32x138m2b1c1_wrapper.v
  LineNumber          : 55
  Statement           :    output   SO_D_L;
  Signal              : SO_D_L
  Module              : ln04lpa_a00_mc_rd2rs_hsr_lvt_32x138m2b1c1_wrapper
  DesignObjHierarchy  : gen_wide_SRAM_WRFIFO[0].gen_SRAM_WRFIFO[0].gSF4WrMemInst.u_SRAM_WR_FIFO.u_sram
  -----------------------------------------------------------------------------
  Tag                 : RegInputOutput-ML
  Description         : Port '[Signal]' is not registered [Hierarchy: '[DesignObjHierarchy]']
  Violation           : Lint:620
  Goal                : BOS_LINT_RULE
  FileName            : /storage/project/atlas/design/user/pnson/ATLAS_WORKING/DK/imem/ln04lpa_a00_mc_rd2rs_hsr_lvt_32x138m2b1c1/ln04lpa_a00_mc_rd2rs_hsr_lvt_32x138m2b1c1_wrapper.v
  LineNumber          : 56
  Statement           :    output   SO_D_R;
  Signal              : SO_D_R
  Module              : ln04lpa_a00_mc_rd2rs_hsr_lvt_32x138m2b1c1_wrapper
  DesignObjHierarchy  : gen_wide_SRAM_WRFIFO[0].gen_SRAM_WRFIFO[0].gSF4WrMemInst.u_SRAM_WR_FIFO.u_sram
  -----------------------------------------------------------------------------
  Tag                 : RegInputOutput-ML
  Description         : Port '[Signal]' is not registered [Hierarchy: '[DesignObjHierarchy]']
  Violation           : Lint:621
  Goal                : BOS_LINT_RULE
  FileName            : /storage/project/atlas/design/user/pnson/ATLAS_WORKING/DK/imem/ln04lpa_a00_mc_rd2rs_hsr_lvt_32x138m2b1c1/ln04lpa_a00_mc_rd2rs_hsr_lvt_32x138m2b1c1_wrapper.v
  LineNumber          : 74
  Statement           : 		,.SO_D_L(SO_D_L), .SO_D_R(SO_D_R), .DFTRAM(DFTRAM), .SE(SE), .SI_D_L(SI_D_L), .SI_D_R(SI_D_R)
  Signal              : DFTRAM
  Module              : ln04lpa_a00_mc_rd2rs_hsr_lvt_32x138m2b1c1_wrapper
  DesignObjHierarchy  : gen_wide_SRAM_WRFIFO[0].gen_SRAM_WRFIFO[0].gSF4WrMemInst.u_SRAM_WR_FIFO.u_sram
  -----------------------------------------------------------------------------
  Tag                 : RegInputOutput-ML
  Description         : Port '[Signal]' is not registered [Hierarchy: '[DesignObjHierarchy]']
  Violation           : Lint:622
  Goal                : BOS_LINT_RULE
  FileName            : /storage/project/atlas/design/user/pnson/ATLAS_WORKING/DK/imem/ln04lpa_a00_mc_rd2rs_hsr_lvt_32x138m2b1c1/ln04lpa_a00_mc_rd2rs_hsr_lvt_32x138m2b1c1_wrapper.v
  LineNumber          : 74
  Statement           : 		,.SO_D_L(SO_D_L), .SO_D_R(SO_D_R), .DFTRAM(DFTRAM), .SE(SE), .SI_D_L(SI_D_L), .SI_D_R(SI_D_R)
  Signal              : SE
  Module              : ln04lpa_a00_mc_rd2rs_hsr_lvt_32x138m2b1c1_wrapper
  DesignObjHierarchy  : gen_wide_SRAM_WRFIFO[0].gen_SRAM_WRFIFO[0].gSF4WrMemInst.u_SRAM_WR_FIFO.u_sram
  -----------------------------------------------------------------------------
  Tag                 : RegInputOutput-ML
  Description         : Port '[Signal]' is not registered [Hierarchy: '[DesignObjHierarchy]']
  Violation           : Lint:623
  Goal                : BOS_LINT_RULE
  FileName            : /storage/project/atlas/design/user/pnson/ATLAS_WORKING/DK/imem/ln04lpa_a00_mc_rd2rs_hsr_lvt_32x138m2b1c1/ln04lpa_a00_mc_rd2rs_hsr_lvt_32x138m2b1c1_wrapper.v
  LineNumber          : 74
  Statement           : 		,.SO_D_L(SO_D_L), .SO_D_R(SO_D_R), .DFTRAM(DFTRAM), .SE(SE), .SI_D_L(SI_D_L), .SI_D_R(SI_D_R)
  Signal              : SI_D_L
  Module              : ln04lpa_a00_mc_rd2rs_hsr_lvt_32x138m2b1c1_wrapper
  DesignObjHierarchy  : gen_wide_SRAM_WRFIFO[0].gen_SRAM_WRFIFO[0].gSF4WrMemInst.u_SRAM_WR_FIFO.u_sram
  -----------------------------------------------------------------------------
  Tag                 : RegInputOutput-ML
  Description         : Port '[Signal]' is not registered [Hierarchy: '[DesignObjHierarchy]']
  Violation           : Lint:624
  Goal                : BOS_LINT_RULE
  FileName            : /storage/project/atlas/design/user/pnson/ATLAS_WORKING/DK/imem/ln04lpa_a00_mc_rd2rs_hsr_lvt_32x138m2b1c1/ln04lpa_a00_mc_rd2rs_hsr_lvt_32x138m2b1c1_wrapper.v
  LineNumber          : 74
  Statement           : 		,.SO_D_L(SO_D_L), .SO_D_R(SO_D_R), .DFTRAM(DFTRAM), .SE(SE), .SI_D_L(SI_D_L), .SI_D_R(SI_D_R)
  Signal              : SI_D_R
  Module              : ln04lpa_a00_mc_rd2rs_hsr_lvt_32x138m2b1c1_wrapper
  DesignObjHierarchy  : gen_wide_SRAM_WRFIFO[0].gen_SRAM_WRFIFO[0].gSF4WrMemInst.u_SRAM_WR_FIFO.u_sram
  -----------------------------------------------------------------------------
  Tag                 : RegInputOutput-ML
  Description         : Port '[Signal]' is not registered [Hierarchy: '[DesignObjHierarchy]']
  Violation           : Lint:625
  Goal                : BOS_LINT_RULE
  FileName            : /storage/project/atlas/design/user/pnson/ATLAS_WORKING/DK/imem/ln04lpa_a00_mc_rd2rs_hsr_lvt_32x138m2b1c1/ln04lpa_a00_mc_rd2rs_hsr_lvt_32x138m2b1c1_wrapper.v
  LineNumber          : 75
  Statement           : 		,.RET(RET)
  Signal              : RET
  Module              : ln04lpa_a00_mc_rd2rs_hsr_lvt_32x138m2b1c1_wrapper
  DesignObjHierarchy  : gen_wide_SRAM_WRFIFO[0].gen_SRAM_WRFIFO[0].gSF4WrMemInst.u_SRAM_WR_FIFO.u_sram
  -----------------------------------------------------------------------------
  Tag                 : RegInputOutput-ML
  Description         : Port '[Signal]' is not registered [Hierarchy: '[DesignObjHierarchy]']
  Violation           : Lint:626
  Goal                : BOS_LINT_RULE
  FileName            : /storage/project/atlas/design/user/pnson/ATLAS_WORKING/DK/imem/ln04lpa_a00_mc_rd2rs_hsr_lvt_32x138m2b1c1/ln04lpa_a00_mc_rd2rs_hsr_lvt_32x138m2b1c1_wrapper.v
  LineNumber          : 76
  Statement           : 		,.CRE1(CRE1), .CRE2(CRE2), .FCA1(FCA1), .FCA2(FCA2)
  Signal              : CRE1
  Module              : ln04lpa_a00_mc_rd2rs_hsr_lvt_32x138m2b1c1_wrapper
  DesignObjHierarchy  : gen_wide_SRAM_WRFIFO[0].gen_SRAM_WRFIFO[0].gSF4WrMemInst.u_SRAM_WR_FIFO.u_sram
  -----------------------------------------------------------------------------
  Tag                 : RegInputOutput-ML
  Description         : Port '[Signal]' is not registered [Hierarchy: '[DesignObjHierarchy]']
  Violation           : Lint:627
  Goal                : BOS_LINT_RULE
  FileName            : /storage/project/atlas/design/user/pnson/ATLAS_WORKING/DK/imem/ln04lpa_a00_mc_rd2rs_hsr_lvt_32x138m2b1c1/ln04lpa_a00_mc_rd2rs_hsr_lvt_32x138m2b1c1_wrapper.v
  LineNumber          : 76
  Statement           : 		,.CRE1(CRE1), .CRE2(CRE2), .FCA1(FCA1), .FCA2(FCA2)
  Signal              : CRE2
  Module              : ln04lpa_a00_mc_rd2rs_hsr_lvt_32x138m2b1c1_wrapper
  DesignObjHierarchy  : gen_wide_SRAM_WRFIFO[0].gen_SRAM_WRFIFO[0].gSF4WrMemInst.u_SRAM_WR_FIFO.u_sram
  -----------------------------------------------------------------------------
  Tag                 : RegInputOutput-ML
  Description         : Port '[Signal]' is not registered [Hierarchy: '[DesignObjHierarchy]']
  Violation           : Lint:628
  Goal                : BOS_LINT_RULE
  FileName            : /storage/project/atlas/design/user/pnson/ATLAS_WORKING/DK/imem/ln04lpa_a00_mc_rd2rs_hsr_lvt_32x138m2b1c1/ln04lpa_a00_mc_rd2rs_hsr_lvt_32x138m2b1c1_wrapper.v
  LineNumber          : 76
  Statement           : 		,.CRE1(CRE1), .CRE2(CRE2), .FCA1(FCA1), .FCA2(FCA2)
  Signal              : FCA1
  Module              : ln04lpa_a00_mc_rd2rs_hsr_lvt_32x138m2b1c1_wrapper
  DesignObjHierarchy  : gen_wide_SRAM_WRFIFO[0].gen_SRAM_WRFIFO[0].gSF4WrMemInst.u_SRAM_WR_FIFO.u_sram
  -----------------------------------------------------------------------------
  Tag                 : RegInputOutput-ML
  Description         : Port '[Signal]' is not registered [Hierarchy: '[DesignObjHierarchy]']
  Violation           : Lint:629
  Goal                : BOS_LINT_RULE
  FileName            : /storage/project/atlas/design/user/pnson/ATLAS_WORKING/DK/imem/ln04lpa_a00_mc_rd2rs_hsr_lvt_32x138m2b1c1/ln04lpa_a00_mc_rd2rs_hsr_lvt_32x138m2b1c1_wrapper.v
  LineNumber          : 76
  Statement           : 		,.CRE1(CRE1), .CRE2(CRE2), .FCA1(FCA1), .FCA2(FCA2)
  Signal              : FCA2
  Module              : ln04lpa_a00_mc_rd2rs_hsr_lvt_32x138m2b1c1_wrapper
  DesignObjHierarchy  : gen_wide_SRAM_WRFIFO[0].gen_SRAM_WRFIFO[0].gSF4WrMemInst.u_SRAM_WR_FIFO.u_sram
  -----------------------------------------------------------------------------
  Tag                 : RegInputOutput-ML
  Description         : Port '[Signal]' is not registered [Hierarchy: '[DesignObjHierarchy]']
  Violation           : Lint:630
  Goal                : BOS_LINT_RULE
  FileName            : /storage/project/atlas/design/user/pnson/ATLAS_WORKING/DK/imem/ln04lpa_a00_mc_rd2rs_hsr_lvt_32x138m2b1c1/ln04lpa_a00_mc_rd2rs_hsr_lvt_32x138m2b1c1_wrapper.v
  LineNumber          : 77
  Statement           : 		,.ADME(ADME)
  Signal              : ADME
  Module              : ln04lpa_a00_mc_rd2rs_hsr_lvt_32x138m2b1c1_wrapper
  DesignObjHierarchy  : gen_wide_SRAM_WRFIFO[0].gen_SRAM_WRFIFO[0].gSF4WrMemInst.u_SRAM_WR_FIFO.u_sram
  -----------------------------------------------------------------------------
  Tag                 : RegInputOutput-ML
  Description         : Port '[Signal]' is not registered [Hierarchy: '[DesignObjHierarchy]']
  Violation           : Lint:631
  Goal                : BOS_LINT_RULE
  FileName            : /storage/project/atlas/design/user/pnson/ATLAS_WORKING/DK/mem/SAFETY_WRAPPER/ln04lpa_a00_mc_rd2rs_hsr_lvt_320x72m2b1c1_wrapper_safety_sf64eadi1/ln04lpa_a00_mc_rd2rs_hsr_lvt_320x72m2b1c1_wrapper_safety_sf64eadi1.sv
  LineNumber          : 77
  Statement           :     output logic [64-1:0]  DOUT;
  Signal              : DOUT
  Module              : ln04lpa_a00_mc_rd2rs_hsr_lvt_320x72m2b1c1_wrapper_safety_sf64eadi1
  DesignObjHierarchy  : gen_wide_SRAM_ROB[0].gen_SRAM_ROB[0].gSF4MemInst.gSF4MemBdInst.u_SRAM_ROB_FIFO_BD
  -----------------------------------------------------------------------------
  Tag                 : RegInputOutput-ML
  Description         : Port '[Signal]' is not registered [Hierarchy: '[DesignObjHierarchy]']
  Violation           : Lint:632
  Goal                : BOS_LINT_RULE
  FileName            : /storage/project/atlas/design/user/pnson/ATLAS_WORKING/DK/imem/ln04lpa_a00_mc_rd2rs_hsr_lvt_320x72m2b1c1/ln04lpa_a00_mc_rd2rs_hsr_lvt_320x72m2b1c1_wrapper.v
  LineNumber          : 73
  Statement           : ln04lpa_a00_mc_rd2rs_hsr_lvt_320x72m2b1c1 u_mem (.DOUT(DOUT), .CK(CK), .REN(REN), .WEN(WEN), .RA(RA), .WA(WA), .DI(DI), .MCSRD(MCSRD), .MCSWR(MCSWR)
  Signal              : REN
  Module              : ln04lpa_a00_mc_rd2rs_hsr_lvt_320x72m2b1c1_wrapper_safety_sf64eadi1
  DesignObjHierarchy  : gen_wide_SRAM_ROB[0].gen_SRAM_ROB[0].gSF4MemInst.gSF4MemBdInst.u_SRAM_ROB_FIFO_BD
  -----------------------------------------------------------------------------
  Tag                 : RegInputOutput-ML
  Description         : Port '[Signal]' is not registered [Hierarchy: '[DesignObjHierarchy]']
  Violation           : Lint:633
  Goal                : BOS_LINT_RULE
  FileName            : /storage/project/atlas/design/user/pnson/ATLAS_WORKING/DK/imem/ln04lpa_a00_mc_rd2rs_hsr_lvt_320x72m2b1c1/ln04lpa_a00_mc_rd2rs_hsr_lvt_320x72m2b1c1_wrapper.v
  LineNumber          : 73
  Statement           : ln04lpa_a00_mc_rd2rs_hsr_lvt_320x72m2b1c1 u_mem (.DOUT(DOUT), .CK(CK), .REN(REN), .WEN(WEN), .RA(RA), .WA(WA), .DI(DI), .MCSRD(MCSRD), .MCSWR(MCSWR)
  Signal              : WEN
  Module              : ln04lpa_a00_mc_rd2rs_hsr_lvt_320x72m2b1c1_wrapper_safety_sf64eadi1
  DesignObjHierarchy  : gen_wide_SRAM_ROB[0].gen_SRAM_ROB[0].gSF4MemInst.gSF4MemBdInst.u_SRAM_ROB_FIFO_BD
  -----------------------------------------------------------------------------
  Tag                 : RegInputOutput-ML
  Description         : Port '[Signal]' is not registered [Hierarchy: '[DesignObjHierarchy]']
  Violation           : Lint:634
  Goal                : BOS_LINT_RULE
  FileName            : /storage/project/atlas/design/user/pnson/ATLAS_WORKING/DK/mem/SAFETY_WRAPPER/ln04lpa_a00_mc_rd2rs_hsr_lvt_320x72m2b1c1_wrapper_safety_sf64eadi1/ln04lpa_a00_mc_rd2rs_hsr_lvt_320x72m2b1c1_wrapper_safety_sf64eadi1.sv
  LineNumber          : 924
  Statement           : assign EDO[2]  = EDI[0]^EDI[6]^EDI[7]^EDI[8]^EDI[9]^EDI[10]^EDI[21]^EDI[22]^EDI[23]^EDI[24]^EDI[25]^EDI[36]^EDI[37]^EDI[38]^EDI[39]^EDI[40]^EDI[41]^EDI[42]^EDI[43]^EDI[44]^EDI[45]^EDI[56]^EDI[58]^EDI ...
  Signal              : WA
  Module              : ln04lpa_a00_mc_rd2rs_hsr_lvt_320x72m2b1c1_wrapper_safety_sf64eadi1
  DesignObjHierarchy  : gen_wide_SRAM_ROB[0].gen_SRAM_ROB[0].gSF4MemInst.gSF4MemBdInst.u_SRAM_ROB_FIFO_BD
  -----------------------------------------------------------------------------
  Tag                 : RegInputOutput-ML
  Description         : Port '[Signal]' is not registered [Hierarchy: '[DesignObjHierarchy]']
  Violation           : Lint:635
  Goal                : BOS_LINT_RULE
  FileName            : /storage/project/atlas/design/user/pnson/ATLAS_WORKING/DK/mem/SAFETY_WRAPPER/ln04lpa_a00_mc_rd2rs_hsr_lvt_320x72m2b1c1_wrapper_safety_sf64eadi1/ln04lpa_a00_mc_rd2rs_hsr_lvt_320x72m2b1c1_wrapper_safety_sf64eadi1.sv
  LineNumber          : 928
  Statement           : assign EDO[6]  = EDI[4]^EDI[9]^EDI[13]^EDI[16]^EDI[18]^EDI[20]^EDI[24]^EDI[28]^EDI[31]^EDI[33]^EDI[35]^EDI[38]^EDI[41]^EDI[43]^EDI[45]^EDI[47]^EDI[49]^EDI[51]^EDI[52]^EDI[54]^EDI[55]^EDI[57]^EDI[58]^ ...
  Signal              : DI
  Module              : ln04lpa_a00_mc_rd2rs_hsr_lvt_320x72m2b1c1_wrapper_safety_sf64eadi1
  DesignObjHierarchy  : gen_wide_SRAM_ROB[0].gen_SRAM_ROB[0].gSF4MemInst.gSF4MemBdInst.u_SRAM_ROB_FIFO_BD
  -----------------------------------------------------------------------------
  Tag                 : RegInputOutput-ML
  Description         : Port '[Signal]' is not registered [Hierarchy: '[DesignObjHierarchy]']
  Violation           : Lint:636
  Goal                : BOS_LINT_RULE
  FileName            : /storage/project/atlas/design/user/pnson/ATLAS_WORKING/DK/imem/ln04lpa_a00_mc_rd2rs_hsr_lvt_320x72m2b1c1/ln04lpa_a00_mc_rd2rs_hsr_lvt_320x72m2b1c1_wrapper.v
  LineNumber          : 73
  Statement           : ln04lpa_a00_mc_rd2rs_hsr_lvt_320x72m2b1c1 u_mem (.DOUT(DOUT), .CK(CK), .REN(REN), .WEN(WEN), .RA(RA), .WA(WA), .DI(DI), .MCSRD(MCSRD), .MCSWR(MCSWR)
  Signal              : MCSRD
  Module              : ln04lpa_a00_mc_rd2rs_hsr_lvt_320x72m2b1c1_wrapper_safety_sf64eadi1
  DesignObjHierarchy  : gen_wide_SRAM_ROB[0].gen_SRAM_ROB[0].gSF4MemInst.gSF4MemBdInst.u_SRAM_ROB_FIFO_BD
  -----------------------------------------------------------------------------
  Tag                 : RegInputOutput-ML
  Description         : Port '[Signal]' is not registered [Hierarchy: '[DesignObjHierarchy]']
  Violation           : Lint:637
  Goal                : BOS_LINT_RULE
  FileName            : /storage/project/atlas/design/user/pnson/ATLAS_WORKING/DK/imem/ln04lpa_a00_mc_rd2rs_hsr_lvt_320x72m2b1c1/ln04lpa_a00_mc_rd2rs_hsr_lvt_320x72m2b1c1_wrapper.v
  LineNumber          : 73
  Statement           : ln04lpa_a00_mc_rd2rs_hsr_lvt_320x72m2b1c1 u_mem (.DOUT(DOUT), .CK(CK), .REN(REN), .WEN(WEN), .RA(RA), .WA(WA), .DI(DI), .MCSRD(MCSRD), .MCSWR(MCSWR)
  Signal              : MCSWR
  Module              : ln04lpa_a00_mc_rd2rs_hsr_lvt_320x72m2b1c1_wrapper_safety_sf64eadi1
  DesignObjHierarchy  : gen_wide_SRAM_ROB[0].gen_SRAM_ROB[0].gSF4MemInst.gSF4MemBdInst.u_SRAM_ROB_FIFO_BD
  -----------------------------------------------------------------------------
  Tag                 : RegInputOutput-ML
  Description         : Port '[Signal]' is not registered [Hierarchy: '[DesignObjHierarchy]']
  Violation           : Lint:638
  Goal                : BOS_LINT_RULE
  FileName            : /storage/project/atlas/design/user/pnson/ATLAS_WORKING/DK/mem/SAFETY_WRAPPER/ln04lpa_a00_mc_rd2rs_hsr_lvt_320x72m2b1c1_wrapper_safety_sf64eadi1/ln04lpa_a00_mc_rd2rs_hsr_lvt_320x72m2b1c1_wrapper_safety_sf64eadi1.sv
  LineNumber          : 86
  Statement           :     output logic  SO_D_L;
  Signal              : SO_D_L
  Module              : ln04lpa_a00_mc_rd2rs_hsr_lvt_320x72m2b1c1_wrapper_safety_sf64eadi1
  DesignObjHierarchy  : gen_wide_SRAM_ROB[0].gen_SRAM_ROB[0].gSF4MemInst.gSF4MemBdInst.u_SRAM_ROB_FIFO_BD
  -----------------------------------------------------------------------------
  Tag                 : RegInputOutput-ML
  Description         : Port '[Signal]' is not registered [Hierarchy: '[DesignObjHierarchy]']
  Violation           : Lint:639
  Goal                : BOS_LINT_RULE
  FileName            : /storage/project/atlas/design/user/pnson/ATLAS_WORKING/DK/mem/SAFETY_WRAPPER/ln04lpa_a00_mc_rd2rs_hsr_lvt_320x72m2b1c1_wrapper_safety_sf64eadi1/ln04lpa_a00_mc_rd2rs_hsr_lvt_320x72m2b1c1_wrapper_safety_sf64eadi1.sv
  LineNumber          : 87
  Statement           :     output logic  SO_D_R;
  Signal              : SO_D_R
  Module              : ln04lpa_a00_mc_rd2rs_hsr_lvt_320x72m2b1c1_wrapper_safety_sf64eadi1
  DesignObjHierarchy  : gen_wide_SRAM_ROB[0].gen_SRAM_ROB[0].gSF4MemInst.gSF4MemBdInst.u_SRAM_ROB_FIFO_BD
  -----------------------------------------------------------------------------
  Tag                 : RegInputOutput-ML
  Description         : Port '[Signal]' is not registered [Hierarchy: '[DesignObjHierarchy]']
  Violation           : Lint:640
  Goal                : BOS_LINT_RULE
  FileName            : /storage/project/atlas/design/user/pnson/ATLAS_WORKING/DK/imem/ln04lpa_a00_mc_rd2rs_hsr_lvt_320x72m2b1c1/ln04lpa_a00_mc_rd2rs_hsr_lvt_320x72m2b1c1_wrapper.v
  LineNumber          : 74
  Statement           : 		,.SO_D_L(SO_D_L), .SO_D_R(SO_D_R), .DFTRAM(DFTRAM), .SE(SE), .SI_D_L(SI_D_L), .SI_D_R(SI_D_R)
  Signal              : DFTRAM
  Module              : ln04lpa_a00_mc_rd2rs_hsr_lvt_320x72m2b1c1_wrapper_safety_sf64eadi1
  DesignObjHierarchy  : gen_wide_SRAM_ROB[0].gen_SRAM_ROB[0].gSF4MemInst.gSF4MemBdInst.u_SRAM_ROB_FIFO_BD
  -----------------------------------------------------------------------------
  Tag                 : RegInputOutput-ML
  Description         : Port '[Signal]' is not registered [Hierarchy: '[DesignObjHierarchy]']
  Violation           : Lint:641
  Goal                : BOS_LINT_RULE
  FileName            : /storage/project/atlas/design/user/pnson/ATLAS_WORKING/DK/imem/ln04lpa_a00_mc_rd2rs_hsr_lvt_320x72m2b1c1/ln04lpa_a00_mc_rd2rs_hsr_lvt_320x72m2b1c1_wrapper.v
  LineNumber          : 74
  Statement           : 		,.SO_D_L(SO_D_L), .SO_D_R(SO_D_R), .DFTRAM(DFTRAM), .SE(SE), .SI_D_L(SI_D_L), .SI_D_R(SI_D_R)
  Signal              : SE
  Module              : ln04lpa_a00_mc_rd2rs_hsr_lvt_320x72m2b1c1_wrapper_safety_sf64eadi1
  DesignObjHierarchy  : gen_wide_SRAM_ROB[0].gen_SRAM_ROB[0].gSF4MemInst.gSF4MemBdInst.u_SRAM_ROB_FIFO_BD
  -----------------------------------------------------------------------------
  Tag                 : RegInputOutput-ML
  Description         : Port '[Signal]' is not registered [Hierarchy: '[DesignObjHierarchy]']
  Violation           : Lint:642
  Goal                : BOS_LINT_RULE
  FileName            : /storage/project/atlas/design/user/pnson/ATLAS_WORKING/DK/imem/ln04lpa_a00_mc_rd2rs_hsr_lvt_320x72m2b1c1/ln04lpa_a00_mc_rd2rs_hsr_lvt_320x72m2b1c1_wrapper.v
  LineNumber          : 74
  Statement           : 		,.SO_D_L(SO_D_L), .SO_D_R(SO_D_R), .DFTRAM(DFTRAM), .SE(SE), .SI_D_L(SI_D_L), .SI_D_R(SI_D_R)
  Signal              : SI_D_L
  Module              : ln04lpa_a00_mc_rd2rs_hsr_lvt_320x72m2b1c1_wrapper_safety_sf64eadi1
  DesignObjHierarchy  : gen_wide_SRAM_ROB[0].gen_SRAM_ROB[0].gSF4MemInst.gSF4MemBdInst.u_SRAM_ROB_FIFO_BD
  -----------------------------------------------------------------------------
  Tag                 : RegInputOutput-ML
  Description         : Port '[Signal]' is not registered [Hierarchy: '[DesignObjHierarchy]']
  Violation           : Lint:643
  Goal                : BOS_LINT_RULE
  FileName            : /storage/project/atlas/design/user/pnson/ATLAS_WORKING/DK/imem/ln04lpa_a00_mc_rd2rs_hsr_lvt_320x72m2b1c1/ln04lpa_a00_mc_rd2rs_hsr_lvt_320x72m2b1c1_wrapper.v
  LineNumber          : 74
  Statement           : 		,.SO_D_L(SO_D_L), .SO_D_R(SO_D_R), .DFTRAM(DFTRAM), .SE(SE), .SI_D_L(SI_D_L), .SI_D_R(SI_D_R)
  Signal              : SI_D_R
  Module              : ln04lpa_a00_mc_rd2rs_hsr_lvt_320x72m2b1c1_wrapper_safety_sf64eadi1
  DesignObjHierarchy  : gen_wide_SRAM_ROB[0].gen_SRAM_ROB[0].gSF4MemInst.gSF4MemBdInst.u_SRAM_ROB_FIFO_BD
  -----------------------------------------------------------------------------
  Tag                 : RegInputOutput-ML
  Description         : Port '[Signal]' is not registered [Hierarchy: '[DesignObjHierarchy]']
  Violation           : Lint:644
  Goal                : BOS_LINT_RULE
  FileName            : /storage/project/atlas/design/user/pnson/ATLAS_WORKING/DK/imem/ln04lpa_a00_mc_rd2rs_hsr_lvt_320x72m2b1c1/ln04lpa_a00_mc_rd2rs_hsr_lvt_320x72m2b1c1_wrapper.v
  LineNumber          : 75
  Statement           : 		,.RET(RET)
  Signal              : RET
  Module              : ln04lpa_a00_mc_rd2rs_hsr_lvt_320x72m2b1c1_wrapper_safety_sf64eadi1
  DesignObjHierarchy  : gen_wide_SRAM_ROB[0].gen_SRAM_ROB[0].gSF4MemInst.gSF4MemBdInst.u_SRAM_ROB_FIFO_BD
  -----------------------------------------------------------------------------
  Tag                 : RegInputOutput-ML
  Description         : Port '[Signal]' is not registered [Hierarchy: '[DesignObjHierarchy]']
  Violation           : Lint:645
  Goal                : BOS_LINT_RULE
  FileName            : /storage/project/atlas/design/user/pnson/ATLAS_WORKING/DK/imem/ln04lpa_a00_mc_rd2rs_hsr_lvt_320x72m2b1c1/ln04lpa_a00_mc_rd2rs_hsr_lvt_320x72m2b1c1_wrapper.v
  LineNumber          : 76
  Statement           : 		,.CRE1(CRE1), .CRE2(CRE2), .FCA1(FCA1), .FCA2(FCA2)
  Signal              : CRE1
  Module              : ln04lpa_a00_mc_rd2rs_hsr_lvt_320x72m2b1c1_wrapper_safety_sf64eadi1
  DesignObjHierarchy  : gen_wide_SRAM_ROB[0].gen_SRAM_ROB[0].gSF4MemInst.gSF4MemBdInst.u_SRAM_ROB_FIFO_BD
  -----------------------------------------------------------------------------
  Tag                 : RegInputOutput-ML
  Description         : Port '[Signal]' is not registered [Hierarchy: '[DesignObjHierarchy]']
  Violation           : Lint:646
  Goal                : BOS_LINT_RULE
  FileName            : /storage/project/atlas/design/user/pnson/ATLAS_WORKING/DK/imem/ln04lpa_a00_mc_rd2rs_hsr_lvt_320x72m2b1c1/ln04lpa_a00_mc_rd2rs_hsr_lvt_320x72m2b1c1_wrapper.v
  LineNumber          : 76
  Statement           : 		,.CRE1(CRE1), .CRE2(CRE2), .FCA1(FCA1), .FCA2(FCA2)
  Signal              : CRE2
  Module              : ln04lpa_a00_mc_rd2rs_hsr_lvt_320x72m2b1c1_wrapper_safety_sf64eadi1
  DesignObjHierarchy  : gen_wide_SRAM_ROB[0].gen_SRAM_ROB[0].gSF4MemInst.gSF4MemBdInst.u_SRAM_ROB_FIFO_BD
  -----------------------------------------------------------------------------
  Tag                 : RegInputOutput-ML
  Description         : Port '[Signal]' is not registered [Hierarchy: '[DesignObjHierarchy]']
  Violation           : Lint:647
  Goal                : BOS_LINT_RULE
  FileName            : /storage/project/atlas/design/user/pnson/ATLAS_WORKING/DK/imem/ln04lpa_a00_mc_rd2rs_hsr_lvt_320x72m2b1c1/ln04lpa_a00_mc_rd2rs_hsr_lvt_320x72m2b1c1_wrapper.v
  LineNumber          : 76
  Statement           : 		,.CRE1(CRE1), .CRE2(CRE2), .FCA1(FCA1), .FCA2(FCA2)
  Signal              : FCA1
  Module              : ln04lpa_a00_mc_rd2rs_hsr_lvt_320x72m2b1c1_wrapper_safety_sf64eadi1
  DesignObjHierarchy  : gen_wide_SRAM_ROB[0].gen_SRAM_ROB[0].gSF4MemInst.gSF4MemBdInst.u_SRAM_ROB_FIFO_BD
  -----------------------------------------------------------------------------
  Tag                 : RegInputOutput-ML
  Description         : Port '[Signal]' is not registered [Hierarchy: '[DesignObjHierarchy]']
  Violation           : Lint:648
  Goal                : BOS_LINT_RULE
  FileName            : /storage/project/atlas/design/user/pnson/ATLAS_WORKING/DK/imem/ln04lpa_a00_mc_rd2rs_hsr_lvt_320x72m2b1c1/ln04lpa_a00_mc_rd2rs_hsr_lvt_320x72m2b1c1_wrapper.v
  LineNumber          : 76
  Statement           : 		,.CRE1(CRE1), .CRE2(CRE2), .FCA1(FCA1), .FCA2(FCA2)
  Signal              : FCA2
  Module              : ln04lpa_a00_mc_rd2rs_hsr_lvt_320x72m2b1c1_wrapper_safety_sf64eadi1
  DesignObjHierarchy  : gen_wide_SRAM_ROB[0].gen_SRAM_ROB[0].gSF4MemInst.gSF4MemBdInst.u_SRAM_ROB_FIFO_BD
  -----------------------------------------------------------------------------
  Tag                 : RegInputOutput-ML
  Description         : Port '[Signal]' is not registered [Hierarchy: '[DesignObjHierarchy]']
  Violation           : Lint:649
  Goal                : BOS_LINT_RULE
  FileName            : /storage/project/atlas/design/user/pnson/ATLAS_WORKING/DK/imem/ln04lpa_a00_mc_rd2rs_hsr_lvt_320x72m2b1c1/ln04lpa_a00_mc_rd2rs_hsr_lvt_320x72m2b1c1_wrapper.v
  LineNumber          : 77
  Statement           : 		,.ADME(ADME)
  Signal              : ADME
  Module              : ln04lpa_a00_mc_rd2rs_hsr_lvt_320x72m2b1c1_wrapper_safety_sf64eadi1
  DesignObjHierarchy  : gen_wide_SRAM_ROB[0].gen_SRAM_ROB[0].gSF4MemInst.gSF4MemBdInst.u_SRAM_ROB_FIFO_BD
  -----------------------------------------------------------------------------
  Tag                 : RegInputOutput-ML
  Description         : Port '[Signal]' is not registered [Hierarchy: '[DesignObjHierarchy]']
  Violation           : Lint:650
  Goal                : BOS_LINT_RULE
  FileName            : /storage/project/atlas/design/user/pnson/ATLAS_WORKING/DK/mem/SAFETY_WRAPPER/ln04lpa_a00_mc_rd2rs_hsr_lvt_320x72m2b1c1_wrapper_safety_sf64eadi1/ln04lpa_a00_mc_rd2rs_hsr_lvt_320x72m2b1c1_wrapper_safety_sf64eadi1.sv
  LineNumber          : 289
  Statement           :     assign  DOUT= ECCEN ? w_decoder_d_Q[73 - 1 -:64] : w_SRAM_Q[64-1: 0];
  Signal              : ECCEN
  Module              : ln04lpa_a00_mc_rd2rs_hsr_lvt_320x72m2b1c1_wrapper_safety_sf64eadi1
  DesignObjHierarchy  : gen_wide_SRAM_ROB[0].gen_SRAM_ROB[0].gSF4MemInst.gSF4MemBdInst.u_SRAM_ROB_FIFO_BD
  -----------------------------------------------------------------------------
  Tag                 : RegInputOutput-ML
  Description         : Port '[Signal]' is not registered [Hierarchy: '[DesignObjHierarchy]']
  Violation           : Lint:651
  Goal                : BOS_LINT_RULE
  FileName            : /storage/project/atlas/design/user/pnson/ATLAS_WORKING/DK/mem/SAFETY_WRAPPER/ln04lpa_a00_mc_rd2rs_hsr_lvt_320x72m2b1c1_wrapper_safety_sf64eadi1/ln04lpa_a00_mc_rd2rs_hsr_lvt_320x72m2b1c1_wrapper_safety_sf64eadi1.sv
  LineNumber          : 924
  Statement           : assign EDO[2]  = EDI[0]^EDI[6]^EDI[7]^EDI[8]^EDI[9]^EDI[10]^EDI[21]^EDI[22]^EDI[23]^EDI[24]^EDI[25]^EDI[36]^EDI[37]^EDI[38]^EDI[39]^EDI[40]^EDI[41]^EDI[42]^EDI[43]^EDI[44]^EDI[45]^EDI[56]^EDI[58]^EDI ...
  Signal              : EDI
  Module              : ln04lpa_a00_mc_rd2rs_hsr_lvt_320x72m2b1c1_wrapper_safety_data_encoder
  DesignObjHierarchy  : gen_wide_SRAM_ROB[0].gen_SRAM_ROB[0].gSF4MemInst.gSF4MemBdInst.u_SRAM_ROB_FIFO_BD.u_data_encoder
  -----------------------------------------------------------------------------
  Tag                 : RegInputOutput-ML
  Description         : Port '[Signal]' is not registered [Hierarchy: '[DesignObjHierarchy]']
  Violation           : Lint:652
  Goal                : BOS_LINT_RULE
  FileName            : /storage/project/atlas/design/user/pnson/ATLAS_WORKING/DK/mem/SAFETY_WRAPPER/ln04lpa_a00_mc_rd2rs_hsr_lvt_320x72m2b1c1_wrapper_safety_sf64eadi1/ln04lpa_a00_mc_rd2rs_hsr_lvt_320x72m2b1c1_wrapper_safety_sf64eadi1.sv
  LineNumber          : 237
  Statement           :     assign w_SRAM_C    =  ECCEN ? {w_encoder_d_C}: 8'b0;
  Signal              : EDO
  Module              : ln04lpa_a00_mc_rd2rs_hsr_lvt_320x72m2b1c1_wrapper_safety_data_encoder
  DesignObjHierarchy  : gen_wide_SRAM_ROB[0].gen_SRAM_ROB[0].gSF4MemInst.gSF4MemBdInst.u_SRAM_ROB_FIFO_BD.u_data_encoder
  -----------------------------------------------------------------------------
  Tag                 : RegInputOutput-ML
  Description         : Port '[Signal]' is not registered [Hierarchy: '[DesignObjHierarchy]']
  Violation           : Lint:653
  Goal                : BOS_LINT_RULE
  FileName            : /storage/project/atlas/design/user/pnson/ATLAS_WORKING/DK/mem/SAFETY_WRAPPER/ln04lpa_a00_mc_rd2rs_hsr_lvt_320x72m2b1c1_wrapper_safety_sf64eadi1/ln04lpa_a00_mc_rd2rs_hsr_lvt_320x72m2b1c1_wrapper_safety_sf64eadi1.sv
  LineNumber          : 799
  Statement           :   assign w_DDI_in            = ECCEN    ? DDI : {CODEW{1'b0}} ;
  Signal              : ECCEN
  Module              : ln04lpa_a00_mc_rd2rs_hsr_lvt_320x72m2b1c1_wrapper_safety_data_decoder_top_dcls
  DesignObjHierarchy  : gen_wide_SRAM_ROB[0].gen_SRAM_ROB[0].gSF4MemInst.gSF4MemBdInst.u_SRAM_ROB_FIFO_BD.u_data_decoder_dcls
  -----------------------------------------------------------------------------
  Tag                 : RegInputOutput-ML
  Description         : Port '[Signal]' is not registered [Hierarchy: '[DesignObjHierarchy]']
  Violation           : Lint:654
  Goal                : BOS_LINT_RULE
  FileName            : /storage/project/atlas/design/user/pnson/ATLAS_WORKING/DK/mem/SAFETY_WRAPPER/ln04lpa_a00_mc_rd2rs_hsr_lvt_320x72m2b1c1_wrapper_safety_sf64eadi1/ln04lpa_a00_mc_rd2rs_hsr_lvt_320x72m2b1c1_wrapper_safety_sf64eadi1.sv
  LineNumber          : 841
  Statement           :     output logic [DATAW-1:0]    DDO,
  Signal              : DDO
  Module              : ln04lpa_a00_mc_rd2rs_hsr_lvt_320x72m2b1c1_wrapper_safety_data_decoder_top_dcls
  DesignObjHierarchy  : gen_wide_SRAM_ROB[0].gen_SRAM_ROB[0].gSF4MemInst.gSF4MemBdInst.u_SRAM_ROB_FIFO_BD.u_data_decoder_dcls
  -----------------------------------------------------------------------------
  Tag                 : RegInputOutput-ML
  Description         : Port '[Signal]' is not registered [Hierarchy: '[DesignObjHierarchy]']
  Violation           : Lint:655
  Goal                : BOS_LINT_RULE
  FileName            : /storage/project/atlas/design/user/pnson/ATLAS_WORKING/DK/mem/SAFETY_WRAPPER/ln04lpa_a00_mc_rd2rs_hsr_lvt_320x72m2b1c1_wrapper_safety_sf64eadi1/ln04lpa_a00_mc_rd2rs_hsr_lvt_320x72m2b1c1_wrapper_safety_sf64eadi1.sv
  LineNumber          : 799
  Statement           :   assign w_DDI_in            = ECCEN    ? DDI : {CODEW{1'b0}} ;
  Signal              : ECCEN
  Module              : ln04lpa_a00_mc_rd2rs_hsr_lvt_320x72m2b1c1_wrapper_safety_data_decoder_st_wrap
  DesignObjHierarchy  : gen_wide_SRAM_ROB[0].gen_SRAM_ROB[0].gSF4MemInst.gSF4MemBdInst.u_SRAM_ROB_FIFO_BD.u_data_decoder_dcls.u_d0
  -----------------------------------------------------------------------------
  Tag                 : RegInputOutput-ML
  Description         : Port '[Signal]' is not registered [Hierarchy: '[DesignObjHierarchy]']
  Violation           : Lint:656
  Goal                : BOS_LINT_RULE
  FileName            : /storage/project/atlas/design/user/pnson/ATLAS_WORKING/DK/mem/SAFETY_WRAPPER/ln04lpa_a00_mc_rd2rs_hsr_lvt_320x72m2b1c1_wrapper_safety_sf64eadi1/ln04lpa_a00_mc_rd2rs_hsr_lvt_320x72m2b1c1_wrapper_safety_sf64eadi1.sv
  LineNumber          : 745
  Statement           :   output logic [DATAW-1:0]    DDO,
  Signal              : DDO
  Module              : ln04lpa_a00_mc_rd2rs_hsr_lvt_320x72m2b1c1_wrapper_safety_data_decoder_st_wrap
  DesignObjHierarchy  : gen_wide_SRAM_ROB[0].gen_SRAM_ROB[0].gSF4MemInst.gSF4MemBdInst.u_SRAM_ROB_FIFO_BD.u_data_decoder_dcls.u_d0
  -----------------------------------------------------------------------------
  Tag                 : RegInputOutput-ML
  Description         : Port '[Signal]' is not registered [Hierarchy: '[DesignObjHierarchy]']
  Violation           : Lint:657
  Goal                : BOS_LINT_RULE
  FileName            : /storage/project/atlas/design/user/pnson/ATLAS_WORKING/IP/BOS_LIB/RTL/BOS_ERROR_DOUBLE.v
  LineNumber          : 52
  Statement           :             r_O_Q_in[i] = 1'b1;
  Signal              : I_E1_RAW
  Module              : ln04lpa_a00_mc_rd2rs_hsr_lvt_320x72m2b1c1_wrapper_safety_data_decoder_st_ctrl
  DesignObjHierarchy  : gen_wide_SRAM_ROB[0].gen_SRAM_ROB[0].gSF4MemInst.gSF4MemBdInst.u_SRAM_ROB_FIFO_BD.u_data_decoder_dcls.u_d0.u_selftest
  -----------------------------------------------------------------------------
  Tag                 : RegInputOutput-ML
  Description         : Port '[Signal]' is not registered [Hierarchy: '[DesignObjHierarchy]']
  Violation           : Lint:658
  Goal                : BOS_LINT_RULE
  FileName            : /storage/project/atlas/design/user/pnson/ATLAS_WORKING/IP/BOS_LIB/RTL/BOS_ERROR_DOUBLE.v
  LineNumber          : 52
  Statement           :             r_O_Q_in[i] = 1'b1;
  Signal              : I_E2_RAW
  Module              : ln04lpa_a00_mc_rd2rs_hsr_lvt_320x72m2b1c1_wrapper_safety_data_decoder_st_ctrl
  DesignObjHierarchy  : gen_wide_SRAM_ROB[0].gen_SRAM_ROB[0].gSF4MemInst.gSF4MemBdInst.u_SRAM_ROB_FIFO_BD.u_data_decoder_dcls.u_d0.u_selftest
  -----------------------------------------------------------------------------
  Tag                 : RegInputOutput-ML
  Description         : Port '[Signal]' is not registered [Hierarchy: '[DesignObjHierarchy]']
  Violation           : Lint:659
  Goal                : BOS_LINT_RULE
  FileName            : /storage/project/atlas/design/user/pnson/ATLAS_WORKING/DK/mem/SAFETY_WRAPPER/ln04lpa_a00_mc_rd2rs_hsr_lvt_320x72m2b1c1_wrapper_safety_sf64eadi1/ln04lpa_a00_mc_rd2rs_hsr_lvt_320x72m2b1c1_wrapper_safety_sf64eadi1.sv
  LineNumber          : 817
  Statement           :   assign w_DDI_mux = w_test_en
  Signal              : O_TEST_DATA
  Module              : ln04lpa_a00_mc_rd2rs_hsr_lvt_320x72m2b1c1_wrapper_safety_data_decoder_st_ctrl
  DesignObjHierarchy  : gen_wide_SRAM_ROB[0].gen_SRAM_ROB[0].gSF4MemInst.gSF4MemBdInst.u_SRAM_ROB_FIFO_BD.u_data_decoder_dcls.u_d0.u_selftest
  -----------------------------------------------------------------------------
  Tag                 : RegInputOutput-ML
  Description         : Port '[Signal]' is not registered [Hierarchy: '[DesignObjHierarchy]']
  Violation           : Lint:660
  Goal                : BOS_LINT_RULE
  FileName            : /storage/project/atlas/design/user/pnson/ATLAS_WORKING/DK/mem/SAFETY_WRAPPER/ln04lpa_a00_mc_rd2rs_hsr_lvt_320x72m2b1c1_wrapper_safety_sf64eadi1/ln04lpa_a00_mc_rd2rs_hsr_lvt_320x72m2b1c1_wrapper_safety_sf64eadi1.sv
  LineNumber          : 817
  Statement           :   assign w_DDI_mux = w_test_en
  Signal              : O_TEST_EN
  Module              : ln04lpa_a00_mc_rd2rs_hsr_lvt_320x72m2b1c1_wrapper_safety_data_decoder_st_ctrl
  DesignObjHierarchy  : gen_wide_SRAM_ROB[0].gen_SRAM_ROB[0].gSF4MemInst.gSF4MemBdInst.u_SRAM_ROB_FIFO_BD.u_data_decoder_dcls.u_d0.u_selftest
  -----------------------------------------------------------------------------
  Tag                 : RegInputOutput-ML
  Description         : Port '[Signal]' is not registered [Hierarchy: '[DesignObjHierarchy]']
  Violation           : Lint:661
  Goal                : BOS_LINT_RULE
  FileName            : /storage/project/atlas/design/user/pnson/ATLAS_WORKING/DK/mem/SAFETY_WRAPPER/ln04lpa_a00_mc_rd2rs_hsr_lvt_320x72m2b1c1_wrapper_safety_sf64eadi1/ln04lpa_a00_mc_rd2rs_hsr_lvt_320x72m2b1c1_wrapper_safety_sf64eadi1.sv
  LineNumber          : 319
  Statement           : assign nc[2]  = DDI[75]^DDI[0]^DDI[6]^DDI[7]^DDI[8]^DDI[9]^DDI[10]^DDI[21]^DDI[22]^DDI[23]^DDI[24]^DDI[25]^DDI[36]^DDI[37]^DDI[38]^DDI[39]^DDI[40]^DDI[41]^DDI[42]^DDI[43]^DDI[44]^DDI[45]^DDI[56]^DDI[ ...
  Signal              : DDI
  Module              : ln04lpa_a00_mc_rd2rs_hsr_lvt_320x72m2b1c1_wrapper_safety_data_decoder
  DesignObjHierarchy  : gen_wide_SRAM_ROB[0].gen_SRAM_ROB[0].gSF4MemInst.gSF4MemBdInst.u_SRAM_ROB_FIFO_BD.u_data_decoder_dcls.u_d0.u_dec
  -----------------------------------------------------------------------------
  Tag                 : RegInputOutput-ML
  Description         : Port '[Signal]' is not registered [Hierarchy: '[DesignObjHierarchy]']
  Violation           : Lint:662
  Goal                : BOS_LINT_RULE
  FileName            : /storage/project/atlas/design/user/pnson/ATLAS_WORKING/DK/mem/SAFETY_WRAPPER/ln04lpa_a00_mc_rd2rs_hsr_lvt_320x72m2b1c1_wrapper_safety_sf64eadi1/ln04lpa_a00_mc_rd2rs_hsr_lvt_320x72m2b1c1_wrapper_safety_sf64eadi1.sv
  LineNumber          : 309
  Statement           : output  [72:0]  DDO;
  Signal              : DDO
  Module              : ln04lpa_a00_mc_rd2rs_hsr_lvt_320x72m2b1c1_wrapper_safety_data_decoder
  DesignObjHierarchy  : gen_wide_SRAM_ROB[0].gen_SRAM_ROB[0].gSF4MemInst.gSF4MemBdInst.u_SRAM_ROB_FIFO_BD.u_data_decoder_dcls.u_d0.u_dec
  -----------------------------------------------------------------------------
  Tag                 : RegInputOutput-ML
  Description         : Port '[Signal]' is not registered [Hierarchy: '[DesignObjHierarchy]']
  Violation           : Lint:663
  Goal                : BOS_LINT_RULE
  FileName            : /storage/project/atlas/design/user/pnson/ATLAS_WORKING/DK/mem/SAFETY_WRAPPER/ln04lpa_a00_mc_rd2rs_hsr_lvt_320x72m2b1c1_wrapper_safety_sf64eadi1/ln04lpa_a00_mc_rd2rs_hsr_lvt_320x72m2b1c1_wrapper_safety_sf64eadi1.sv
  LineNumber          : 310
  Statement           : output E1;
  Signal              : E1
  Module              : ln04lpa_a00_mc_rd2rs_hsr_lvt_320x72m2b1c1_wrapper_safety_data_decoder
  DesignObjHierarchy  : gen_wide_SRAM_ROB[0].gen_SRAM_ROB[0].gSF4MemInst.gSF4MemBdInst.u_SRAM_ROB_FIFO_BD.u_data_decoder_dcls.u_d0.u_dec
  -----------------------------------------------------------------------------
  Tag                 : RegInputOutput-ML
  Description         : Port '[Signal]' is not registered [Hierarchy: '[DesignObjHierarchy]']
  Violation           : Lint:664
  Goal                : BOS_LINT_RULE
  FileName            : /storage/project/atlas/design/user/pnson/ATLAS_WORKING/DK/mem/SAFETY_WRAPPER/ln04lpa_a00_mc_rd2rs_hsr_lvt_320x72m2b1c1_wrapper_safety_sf64eadi1/ln04lpa_a00_mc_rd2rs_hsr_lvt_320x72m2b1c1_wrapper_safety_sf64eadi1.sv
  LineNumber          : 311
  Statement           : output E2;
  Signal              : E2
  Module              : ln04lpa_a00_mc_rd2rs_hsr_lvt_320x72m2b1c1_wrapper_safety_data_decoder
  DesignObjHierarchy  : gen_wide_SRAM_ROB[0].gen_SRAM_ROB[0].gSF4MemInst.gSF4MemBdInst.u_SRAM_ROB_FIFO_BD.u_data_decoder_dcls.u_d0.u_dec
  -----------------------------------------------------------------------------
  Tag                 : RegInputOutput-ML
  Description         : Port '[Signal]' is not registered [Hierarchy: '[DesignObjHierarchy]']
  Violation           : Lint:665
  Goal                : BOS_LINT_RULE
  FileName            : /storage/project/atlas/design/user/pnson/ATLAS_WORKING/DK/imem/ln04lpa_a00_mc_rd2rs_hsr_lvt_320x72m2b1c1/ln04lpa_a00_mc_rd2rs_hsr_lvt_320x72m2b1c1_wrapper.v
  LineNumber          : 45
  Statement           :    output [BITS-1:0] DOUT;
  Signal              : DOUT
  Module              : ln04lpa_a00_mc_rd2rs_hsr_lvt_320x72m2b1c1_wrapper
  DesignObjHierarchy  : gen_wide_SRAM_ROB[0].gen_SRAM_ROB[0].gSF4MemInst.gSF4MemBdInst.u_SRAM_ROB_FIFO_BD.u_sram
  -----------------------------------------------------------------------------
  Tag                 : RegInputOutput-ML
  Description         : Port '[Signal]' is not registered [Hierarchy: '[DesignObjHierarchy]']
  Violation           : Lint:666
  Goal                : BOS_LINT_RULE
  FileName            : /storage/project/atlas/design/user/pnson/ATLAS_WORKING/DK/imem/ln04lpa_a00_mc_rd2rs_hsr_lvt_320x72m2b1c1/ln04lpa_a00_mc_rd2rs_hsr_lvt_320x72m2b1c1_wrapper.v
  LineNumber          : 73
  Statement           : ln04lpa_a00_mc_rd2rs_hsr_lvt_320x72m2b1c1 u_mem (.DOUT(DOUT), .CK(CK), .REN(REN), .WEN(WEN), .RA(RA), .WA(WA), .DI(DI), .MCSRD(MCSRD), .MCSWR(MCSWR)
  Signal              : REN
  Module              : ln04lpa_a00_mc_rd2rs_hsr_lvt_320x72m2b1c1_wrapper
  DesignObjHierarchy  : gen_wide_SRAM_ROB[0].gen_SRAM_ROB[0].gSF4MemInst.gSF4MemBdInst.u_SRAM_ROB_FIFO_BD.u_sram
  -----------------------------------------------------------------------------
  Tag                 : RegInputOutput-ML
  Description         : Port '[Signal]' is not registered [Hierarchy: '[DesignObjHierarchy]']
  Violation           : Lint:667
  Goal                : BOS_LINT_RULE
  FileName            : /storage/project/atlas/design/user/pnson/ATLAS_WORKING/DK/imem/ln04lpa_a00_mc_rd2rs_hsr_lvt_320x72m2b1c1/ln04lpa_a00_mc_rd2rs_hsr_lvt_320x72m2b1c1_wrapper.v
  LineNumber          : 73
  Statement           : ln04lpa_a00_mc_rd2rs_hsr_lvt_320x72m2b1c1 u_mem (.DOUT(DOUT), .CK(CK), .REN(REN), .WEN(WEN), .RA(RA), .WA(WA), .DI(DI), .MCSRD(MCSRD), .MCSWR(MCSWR)
  Signal              : WEN
  Module              : ln04lpa_a00_mc_rd2rs_hsr_lvt_320x72m2b1c1_wrapper
  DesignObjHierarchy  : gen_wide_SRAM_ROB[0].gen_SRAM_ROB[0].gSF4MemInst.gSF4MemBdInst.u_SRAM_ROB_FIFO_BD.u_sram
  -----------------------------------------------------------------------------
  Tag                 : RegInputOutput-ML
  Description         : Port '[Signal]' is not registered [Hierarchy: '[DesignObjHierarchy]']
  Violation           : Lint:668
  Goal                : BOS_LINT_RULE
  FileName            : /storage/project/atlas/design/user/pnson/ATLAS_WORKING/DK/imem/ln04lpa_a00_mc_rd2rs_hsr_lvt_320x72m2b1c1/ln04lpa_a00_mc_rd2rs_hsr_lvt_320x72m2b1c1_wrapper.v
  LineNumber          : 73
  Statement           : ln04lpa_a00_mc_rd2rs_hsr_lvt_320x72m2b1c1 u_mem (.DOUT(DOUT), .CK(CK), .REN(REN), .WEN(WEN), .RA(RA), .WA(WA), .DI(DI), .MCSRD(MCSRD), .MCSWR(MCSWR)
  Signal              : WA
  Module              : ln04lpa_a00_mc_rd2rs_hsr_lvt_320x72m2b1c1_wrapper
  DesignObjHierarchy  : gen_wide_SRAM_ROB[0].gen_SRAM_ROB[0].gSF4MemInst.gSF4MemBdInst.u_SRAM_ROB_FIFO_BD.u_sram
  -----------------------------------------------------------------------------
  Tag                 : RegInputOutput-ML
  Description         : Port '[Signal]' is not registered [Hierarchy: '[DesignObjHierarchy]']
  Violation           : Lint:669
  Goal                : BOS_LINT_RULE
  FileName            : /storage/project/atlas/design/user/pnson/ATLAS_WORKING/DK/imem/ln04lpa_a00_mc_rd2rs_hsr_lvt_320x72m2b1c1/ln04lpa_a00_mc_rd2rs_hsr_lvt_320x72m2b1c1_wrapper.v
  LineNumber          : 73
  Statement           : ln04lpa_a00_mc_rd2rs_hsr_lvt_320x72m2b1c1 u_mem (.DOUT(DOUT), .CK(CK), .REN(REN), .WEN(WEN), .RA(RA), .WA(WA), .DI(DI), .MCSRD(MCSRD), .MCSWR(MCSWR)
  Signal              : DI
  Module              : ln04lpa_a00_mc_rd2rs_hsr_lvt_320x72m2b1c1_wrapper
  DesignObjHierarchy  : gen_wide_SRAM_ROB[0].gen_SRAM_ROB[0].gSF4MemInst.gSF4MemBdInst.u_SRAM_ROB_FIFO_BD.u_sram
  -----------------------------------------------------------------------------
  Tag                 : RegInputOutput-ML
  Description         : Port '[Signal]' is not registered [Hierarchy: '[DesignObjHierarchy]']
  Violation           : Lint:670
  Goal                : BOS_LINT_RULE
  FileName            : /storage/project/atlas/design/user/pnson/ATLAS_WORKING/DK/imem/ln04lpa_a00_mc_rd2rs_hsr_lvt_320x72m2b1c1/ln04lpa_a00_mc_rd2rs_hsr_lvt_320x72m2b1c1_wrapper.v
  LineNumber          : 73
  Statement           : ln04lpa_a00_mc_rd2rs_hsr_lvt_320x72m2b1c1 u_mem (.DOUT(DOUT), .CK(CK), .REN(REN), .WEN(WEN), .RA(RA), .WA(WA), .DI(DI), .MCSRD(MCSRD), .MCSWR(MCSWR)
  Signal              : MCSRD
  Module              : ln04lpa_a00_mc_rd2rs_hsr_lvt_320x72m2b1c1_wrapper
  DesignObjHierarchy  : gen_wide_SRAM_ROB[0].gen_SRAM_ROB[0].gSF4MemInst.gSF4MemBdInst.u_SRAM_ROB_FIFO_BD.u_sram
  -----------------------------------------------------------------------------
  Tag                 : RegInputOutput-ML
  Description         : Port '[Signal]' is not registered [Hierarchy: '[DesignObjHierarchy]']
  Violation           : Lint:671
  Goal                : BOS_LINT_RULE
  FileName            : /storage/project/atlas/design/user/pnson/ATLAS_WORKING/DK/imem/ln04lpa_a00_mc_rd2rs_hsr_lvt_320x72m2b1c1/ln04lpa_a00_mc_rd2rs_hsr_lvt_320x72m2b1c1_wrapper.v
  LineNumber          : 73
  Statement           : ln04lpa_a00_mc_rd2rs_hsr_lvt_320x72m2b1c1 u_mem (.DOUT(DOUT), .CK(CK), .REN(REN), .WEN(WEN), .RA(RA), .WA(WA), .DI(DI), .MCSRD(MCSRD), .MCSWR(MCSWR)
  Signal              : MCSWR
  Module              : ln04lpa_a00_mc_rd2rs_hsr_lvt_320x72m2b1c1_wrapper
  DesignObjHierarchy  : gen_wide_SRAM_ROB[0].gen_SRAM_ROB[0].gSF4MemInst.gSF4MemBdInst.u_SRAM_ROB_FIFO_BD.u_sram
  -----------------------------------------------------------------------------
  Tag                 : RegInputOutput-ML
  Description         : Port '[Signal]' is not registered [Hierarchy: '[DesignObjHierarchy]']
  Violation           : Lint:672
  Goal                : BOS_LINT_RULE
  FileName            : /storage/project/atlas/design/user/pnson/ATLAS_WORKING/DK/imem/ln04lpa_a00_mc_rd2rs_hsr_lvt_320x72m2b1c1/ln04lpa_a00_mc_rd2rs_hsr_lvt_320x72m2b1c1_wrapper.v
  LineNumber          : 55
  Statement           :    output   SO_D_L;
  Signal              : SO_D_L
  Module              : ln04lpa_a00_mc_rd2rs_hsr_lvt_320x72m2b1c1_wrapper
  DesignObjHierarchy  : gen_wide_SRAM_ROB[0].gen_SRAM_ROB[0].gSF4MemInst.gSF4MemBdInst.u_SRAM_ROB_FIFO_BD.u_sram
  -----------------------------------------------------------------------------
  Tag                 : RegInputOutput-ML
  Description         : Port '[Signal]' is not registered [Hierarchy: '[DesignObjHierarchy]']
  Violation           : Lint:673
  Goal                : BOS_LINT_RULE
  FileName            : /storage/project/atlas/design/user/pnson/ATLAS_WORKING/DK/imem/ln04lpa_a00_mc_rd2rs_hsr_lvt_320x72m2b1c1/ln04lpa_a00_mc_rd2rs_hsr_lvt_320x72m2b1c1_wrapper.v
  LineNumber          : 56
  Statement           :    output   SO_D_R;
  Signal              : SO_D_R
  Module              : ln04lpa_a00_mc_rd2rs_hsr_lvt_320x72m2b1c1_wrapper
  DesignObjHierarchy  : gen_wide_SRAM_ROB[0].gen_SRAM_ROB[0].gSF4MemInst.gSF4MemBdInst.u_SRAM_ROB_FIFO_BD.u_sram
  -----------------------------------------------------------------------------
  Tag                 : RegInputOutput-ML
  Description         : Port '[Signal]' is not registered [Hierarchy: '[DesignObjHierarchy]']
  Violation           : Lint:674
  Goal                : BOS_LINT_RULE
  FileName            : /storage/project/atlas/design/user/pnson/ATLAS_WORKING/DK/imem/ln04lpa_a00_mc_rd2rs_hsr_lvt_320x72m2b1c1/ln04lpa_a00_mc_rd2rs_hsr_lvt_320x72m2b1c1_wrapper.v
  LineNumber          : 74
  Statement           : 		,.SO_D_L(SO_D_L), .SO_D_R(SO_D_R), .DFTRAM(DFTRAM), .SE(SE), .SI_D_L(SI_D_L), .SI_D_R(SI_D_R)
  Signal              : DFTRAM
  Module              : ln04lpa_a00_mc_rd2rs_hsr_lvt_320x72m2b1c1_wrapper
  DesignObjHierarchy  : gen_wide_SRAM_ROB[0].gen_SRAM_ROB[0].gSF4MemInst.gSF4MemBdInst.u_SRAM_ROB_FIFO_BD.u_sram
  -----------------------------------------------------------------------------
  Tag                 : RegInputOutput-ML
  Description         : Port '[Signal]' is not registered [Hierarchy: '[DesignObjHierarchy]']
  Violation           : Lint:675
  Goal                : BOS_LINT_RULE
  FileName            : /storage/project/atlas/design/user/pnson/ATLAS_WORKING/DK/imem/ln04lpa_a00_mc_rd2rs_hsr_lvt_320x72m2b1c1/ln04lpa_a00_mc_rd2rs_hsr_lvt_320x72m2b1c1_wrapper.v
  LineNumber          : 74
  Statement           : 		,.SO_D_L(SO_D_L), .SO_D_R(SO_D_R), .DFTRAM(DFTRAM), .SE(SE), .SI_D_L(SI_D_L), .SI_D_R(SI_D_R)
  Signal              : SE
  Module              : ln04lpa_a00_mc_rd2rs_hsr_lvt_320x72m2b1c1_wrapper
  DesignObjHierarchy  : gen_wide_SRAM_ROB[0].gen_SRAM_ROB[0].gSF4MemInst.gSF4MemBdInst.u_SRAM_ROB_FIFO_BD.u_sram
  -----------------------------------------------------------------------------
  Tag                 : RegInputOutput-ML
  Description         : Port '[Signal]' is not registered [Hierarchy: '[DesignObjHierarchy]']
  Violation           : Lint:676
  Goal                : BOS_LINT_RULE
  FileName            : /storage/project/atlas/design/user/pnson/ATLAS_WORKING/DK/imem/ln04lpa_a00_mc_rd2rs_hsr_lvt_320x72m2b1c1/ln04lpa_a00_mc_rd2rs_hsr_lvt_320x72m2b1c1_wrapper.v
  LineNumber          : 74
  Statement           : 		,.SO_D_L(SO_D_L), .SO_D_R(SO_D_R), .DFTRAM(DFTRAM), .SE(SE), .SI_D_L(SI_D_L), .SI_D_R(SI_D_R)
  Signal              : SI_D_L
  Module              : ln04lpa_a00_mc_rd2rs_hsr_lvt_320x72m2b1c1_wrapper
  DesignObjHierarchy  : gen_wide_SRAM_ROB[0].gen_SRAM_ROB[0].gSF4MemInst.gSF4MemBdInst.u_SRAM_ROB_FIFO_BD.u_sram
  -----------------------------------------------------------------------------
  Tag                 : RegInputOutput-ML
  Description         : Port '[Signal]' is not registered [Hierarchy: '[DesignObjHierarchy]']
  Violation           : Lint:677
  Goal                : BOS_LINT_RULE
  FileName            : /storage/project/atlas/design/user/pnson/ATLAS_WORKING/DK/imem/ln04lpa_a00_mc_rd2rs_hsr_lvt_320x72m2b1c1/ln04lpa_a00_mc_rd2rs_hsr_lvt_320x72m2b1c1_wrapper.v
  LineNumber          : 74
  Statement           : 		,.SO_D_L(SO_D_L), .SO_D_R(SO_D_R), .DFTRAM(DFTRAM), .SE(SE), .SI_D_L(SI_D_L), .SI_D_R(SI_D_R)
  Signal              : SI_D_R
  Module              : ln04lpa_a00_mc_rd2rs_hsr_lvt_320x72m2b1c1_wrapper
  DesignObjHierarchy  : gen_wide_SRAM_ROB[0].gen_SRAM_ROB[0].gSF4MemInst.gSF4MemBdInst.u_SRAM_ROB_FIFO_BD.u_sram
  -----------------------------------------------------------------------------
  Tag                 : RegInputOutput-ML
  Description         : Port '[Signal]' is not registered [Hierarchy: '[DesignObjHierarchy]']
  Violation           : Lint:678
  Goal                : BOS_LINT_RULE
  FileName            : /storage/project/atlas/design/user/pnson/ATLAS_WORKING/DK/imem/ln04lpa_a00_mc_rd2rs_hsr_lvt_320x72m2b1c1/ln04lpa_a00_mc_rd2rs_hsr_lvt_320x72m2b1c1_wrapper.v
  LineNumber          : 75
  Statement           : 		,.RET(RET)
  Signal              : RET
  Module              : ln04lpa_a00_mc_rd2rs_hsr_lvt_320x72m2b1c1_wrapper
  DesignObjHierarchy  : gen_wide_SRAM_ROB[0].gen_SRAM_ROB[0].gSF4MemInst.gSF4MemBdInst.u_SRAM_ROB_FIFO_BD.u_sram
  -----------------------------------------------------------------------------
  Tag                 : RegInputOutput-ML
  Description         : Port '[Signal]' is not registered [Hierarchy: '[DesignObjHierarchy]']
  Violation           : Lint:679
  Goal                : BOS_LINT_RULE
  FileName            : /storage/project/atlas/design/user/pnson/ATLAS_WORKING/DK/imem/ln04lpa_a00_mc_rd2rs_hsr_lvt_320x72m2b1c1/ln04lpa_a00_mc_rd2rs_hsr_lvt_320x72m2b1c1_wrapper.v
  LineNumber          : 76
  Statement           : 		,.CRE1(CRE1), .CRE2(CRE2), .FCA1(FCA1), .FCA2(FCA2)
  Signal              : CRE1
  Module              : ln04lpa_a00_mc_rd2rs_hsr_lvt_320x72m2b1c1_wrapper
  DesignObjHierarchy  : gen_wide_SRAM_ROB[0].gen_SRAM_ROB[0].gSF4MemInst.gSF4MemBdInst.u_SRAM_ROB_FIFO_BD.u_sram
  -----------------------------------------------------------------------------
  Tag                 : RegInputOutput-ML
  Description         : Port '[Signal]' is not registered [Hierarchy: '[DesignObjHierarchy]']
  Violation           : Lint:680
  Goal                : BOS_LINT_RULE
  FileName            : /storage/project/atlas/design/user/pnson/ATLAS_WORKING/DK/imem/ln04lpa_a00_mc_rd2rs_hsr_lvt_320x72m2b1c1/ln04lpa_a00_mc_rd2rs_hsr_lvt_320x72m2b1c1_wrapper.v
  LineNumber          : 76
  Statement           : 		,.CRE1(CRE1), .CRE2(CRE2), .FCA1(FCA1), .FCA2(FCA2)
  Signal              : CRE2
  Module              : ln04lpa_a00_mc_rd2rs_hsr_lvt_320x72m2b1c1_wrapper
  DesignObjHierarchy  : gen_wide_SRAM_ROB[0].gen_SRAM_ROB[0].gSF4MemInst.gSF4MemBdInst.u_SRAM_ROB_FIFO_BD.u_sram
  -----------------------------------------------------------------------------
  Tag                 : RegInputOutput-ML
  Description         : Port '[Signal]' is not registered [Hierarchy: '[DesignObjHierarchy]']
  Violation           : Lint:681
  Goal                : BOS_LINT_RULE
  FileName            : /storage/project/atlas/design/user/pnson/ATLAS_WORKING/DK/imem/ln04lpa_a00_mc_rd2rs_hsr_lvt_320x72m2b1c1/ln04lpa_a00_mc_rd2rs_hsr_lvt_320x72m2b1c1_wrapper.v
  LineNumber          : 76
  Statement           : 		,.CRE1(CRE1), .CRE2(CRE2), .FCA1(FCA1), .FCA2(FCA2)
  Signal              : FCA1
  Module              : ln04lpa_a00_mc_rd2rs_hsr_lvt_320x72m2b1c1_wrapper
  DesignObjHierarchy  : gen_wide_SRAM_ROB[0].gen_SRAM_ROB[0].gSF4MemInst.gSF4MemBdInst.u_SRAM_ROB_FIFO_BD.u_sram
  -----------------------------------------------------------------------------
  Tag                 : RegInputOutput-ML
  Description         : Port '[Signal]' is not registered [Hierarchy: '[DesignObjHierarchy]']
  Violation           : Lint:682
  Goal                : BOS_LINT_RULE
  FileName            : /storage/project/atlas/design/user/pnson/ATLAS_WORKING/DK/imem/ln04lpa_a00_mc_rd2rs_hsr_lvt_320x72m2b1c1/ln04lpa_a00_mc_rd2rs_hsr_lvt_320x72m2b1c1_wrapper.v
  LineNumber          : 76
  Statement           : 		,.CRE1(CRE1), .CRE2(CRE2), .FCA1(FCA1), .FCA2(FCA2)
  Signal              : FCA2
  Module              : ln04lpa_a00_mc_rd2rs_hsr_lvt_320x72m2b1c1_wrapper
  DesignObjHierarchy  : gen_wide_SRAM_ROB[0].gen_SRAM_ROB[0].gSF4MemInst.gSF4MemBdInst.u_SRAM_ROB_FIFO_BD.u_sram
  -----------------------------------------------------------------------------
  Tag                 : RegInputOutput-ML
  Description         : Port '[Signal]' is not registered [Hierarchy: '[DesignObjHierarchy]']
  Violation           : Lint:683
  Goal                : BOS_LINT_RULE
  FileName            : /storage/project/atlas/design/user/pnson/ATLAS_WORKING/DK/imem/ln04lpa_a00_mc_rd2rs_hsr_lvt_320x72m2b1c1/ln04lpa_a00_mc_rd2rs_hsr_lvt_320x72m2b1c1_wrapper.v
  LineNumber          : 77
  Statement           : 		,.ADME(ADME)
  Signal              : ADME
  Module              : ln04lpa_a00_mc_rd2rs_hsr_lvt_320x72m2b1c1_wrapper
  DesignObjHierarchy  : gen_wide_SRAM_ROB[0].gen_SRAM_ROB[0].gSF4MemInst.gSF4MemBdInst.u_SRAM_ROB_FIFO_BD.u_sram
  -----------------------------------------------------------------------------
  Tag                 : RegInputOutput-ML
  Description         : Port '[Signal]' is not registered [Hierarchy: '[DesignObjHierarchy]']
  Violation           : Lint:684
  Goal                : BOS_LINT_RULE
  FileName            : /storage/project/atlas/design/user/pnson/ATLAS_WORKING/IP/AESDMA/RTL/AESDMA_CORE/AESDMA_SFR.v
  LineNumber          : 117
  Statement           :     input       [31:0]      I_DEBUG_INFO2_WR_DMA_STATUS,
  Signal              : I_DEBUG_INFO2_WR_DMA_STATUS[23:18, 11:7]
  Module              : AESDMA_SFR
  DesignObjHierarchy  : u_AESDMA_TOP.u_aesdma_top.u_AESDMA_SFR
  -----------------------------------------------------------------------------
  Tag                 : RegInputOutput-ML
  Description         : Port '[Signal]' is not registered [Hierarchy: '[DesignObjHierarchy]']
  Violation           : Lint:685
  Goal                : BOS_LINT_RULE
  FileName            : /storage/project/atlas/design/user/pnson/ATLAS_WORKING/IP/AESDMA/RTL/SAFETY/BOS_AESDMA.v
  LineNumber          : 211
  Statement           :     output wire [                    2: 00] AESDMA_AXI4_MI0_AWPROT                  ,
  Signal              : AESDMA_AXI4_MI0_AWPROT[2:0]
  Module              : BOS_AESDMA
  DesignObjHierarchy  : BOS_AESDMA
  -----------------------------------------------------------------------------
  Tag                 : RegInputOutput-ML
  Description         : Port '[Signal]' is not registered [Hierarchy: '[DesignObjHierarchy]']
  Violation           : Lint:686
  Goal                : BOS_LINT_RULE
  FileName            : /storage/project/atlas/design/user/pnson/ATLAS_WORKING/IP/AESDMA/RTL/SAFETY/BOS_AESDMA.v
  LineNumber          : 206
  Statement           :     output wire [                 44-1: 00] AESDMA_AXI4_MI0_AWADDR                  ,
  Signal              : AESDMA_AXI4_MI0_AWADDR[43:0]
  Module              : BOS_AESDMA
  DesignObjHierarchy  : BOS_AESDMA
  -----------------------------------------------------------------------------
  Tag                 : RegInputOutput-ML
  Description         : Port '[Signal]' is not registered [Hierarchy: '[DesignObjHierarchy]']
  Violation           : Lint:687
  Goal                : BOS_LINT_RULE
  FileName            : /storage/project/atlas/design/user/pnson/ATLAS_WORKING/IP/AESDMA/RTL/AESDMA_CORE/AESDMA_WRCORE.sv
  LineNumber          : 113
  Statement           :     output logic [31:0]                    O_DebugInfo_Wr,
  Signal              : O_DebugInfo_Wr[23:18, 11:7]
  Module              : AESDMA_WRCORE
  DesignObjHierarchy  : u_AESDMA_TOP.u_aesdma_top.u_AESDMA_WRCORE
  -----------------------------------------------------------------------------
  Tag                 : RegInputOutput-ML
  Description         : Port '[Signal]' is not registered [Hierarchy: '[DesignObjHierarchy]']
  Violation           : Lint:688
  Goal                : BOS_LINT_RULE
  FileName            : /storage/project/atlas/design/user/pnson/ATLAS_WORKING/IP/AESDMA/RTL/AESDMA_CORE/AESDMA_BD.v
  LineNumber          : 90
  Statement           :     output       [31:0]                   O_DebugInfo_Buffer_desc
  Signal              : O_DebugInfo_Buffer_desc[31:30, 23:22, 15:3]
  Module              : AESDMA_BD
  DesignObjHierarchy  : u_AESDMA_TOP.u_aesdma_top.u_AESDMA_BD
  -----------------------------------------------------------------------------
  Tag                 : RegInputOutput-ML
  Description         : Port '[Signal]' is not registered [Hierarchy: '[DesignObjHierarchy]']
  Violation           : Lint:689
  Goal                : BOS_LINT_RULE
  FileName            : /storage/project/atlas/design/user/pnson/ATLAS_WORKING/IP/AESDMA/RTL/SAFETY/BOS_AESDMA.v
  LineNumber          : 208
  Statement           :     output wire [                    3: 00] AESDMA_AXI4_MI0_AWCACHE                 ,
  Signal              : AESDMA_AXI4_MI0_AWCACHE[3:0]
  Module              : BOS_AESDMA
  DesignObjHierarchy  : BOS_AESDMA
  -----------------------------------------------------------------------------
  Tag                 : RegInputOutput-ML
  Description         : Port '[Signal]' is not registered [Hierarchy: '[DesignObjHierarchy]']
  Violation           : Lint:690
  Goal                : BOS_LINT_RULE
  FileName            : /storage/project/atlas/design/user/pnson/ATLAS_WORKING/IP/AESDMA/RTL/SAFETY/BOS_AESDMA.v
  LineNumber          : 209
  Statement           :     output wire [                  6-1: 00] AESDMA_AXI4_MI0_AWID                    ,
  Signal              : AESDMA_AXI4_MI0_AWID[5:0]
  Module              : BOS_AESDMA
  DesignObjHierarchy  : BOS_AESDMA
  -----------------------------------------------------------------------------
  Tag                 : RegInputOutput-ML
  Description         : Port '[Signal]' is not registered [Hierarchy: '[DesignObjHierarchy]']
  Violation           : Lint:691
  Goal                : BOS_LINT_RULE
  FileName            : /storage/project/atlas/design/user/pnson/ATLAS_WORKING/DK/imem/ln04lpa_a00_mc_rd2rs_hsr_lvt_32x138m2b1c1/ln04lpa_a00_mc_rd2rs_hsr_lvt_32x138m2b1c1_wrapper.v
  LineNumber          : 73
  Statement           : ln04lpa_a00_mc_rd2rs_hsr_lvt_32x138m2b1c1 u_mem (.DOUT(DOUT), .CK(CK), .REN(REN), .WEN(WEN), .RA(RA), .WA(WA), .DI(DI), .MCSRD(MCSRD), .MCSWR(MCSWR)
  Signal              : SFR_RD2_HS_MCSRD[1:0]
  Module              : BOS_AESDMA
  DesignObjHierarchy  : BOS_AESDMA
  -----------------------------------------------------------------------------
  Tag                 : RegInputOutput-ML
  Description         : Port '[Signal]' is not registered [Hierarchy: '[DesignObjHierarchy]']
  Violation           : Lint:692
  Goal                : BOS_LINT_RULE
  FileName            : /storage/project/atlas/design/user/pnson/ATLAS_WORKING/IP/BOS_LIB/RTL/SAFETY/DCLS_COMPARATOR_TEMPLATE.v
  LineNumber          : 10
  Statement           :     input [DATA_WIDTH-1:0] DATA_IN_B,
  Signal              : DATA_IN_B[144:136, 133:0]
  Module              : DCLS_COMPARATOR_TEMPLATE
  DesignObjHierarchy  : gen_wide_SRAM_WRFIFO[0].gen_SRAM_WRFIFO[0].gSF4WrMemInst.u_SRAM_WR_FIFO.u_data_decoder_dcls.u_comp
  -----------------------------------------------------------------------------
  Tag                 : RegInputOutput-ML
  Description         : Port '[Signal]' is not registered [Hierarchy: '[DesignObjHierarchy]']
  Violation           : Lint:693
  Goal                : BOS_LINT_RULE
  FileName            : /storage/project/atlas/design/user/pnson/ATLAS_WORKING/IP/AESDMA/RTL/SAFETY/BOS_AESDMA.v
  LineNumber          : 192
  Statement           :     output wire [                  6-1: 00] AESDMA_AXI4_MI0_ARID                    ,
  Signal              : AESDMA_AXI4_MI0_ARID[5:0]
  Module              : BOS_AESDMA
  DesignObjHierarchy  : BOS_AESDMA
  -----------------------------------------------------------------------------
  Tag                 : RegInputOutput-ML
  Description         : Port '[Signal]' is not registered [Hierarchy: '[DesignObjHierarchy]']
  Violation           : Lint:694
  Goal                : BOS_LINT_RULE
  FileName            : /storage/project/atlas/design/user/pnson/ATLAS_WORKING/IP/AESDMA/RTL/SAFETY/BOS_AESDMA.v
  LineNumber          : 191
  Statement           :     output wire [                    3: 00] AESDMA_AXI4_MI0_ARCACHE                 ,
  Signal              : AESDMA_AXI4_MI0_ARCACHE[3:0]
  Module              : BOS_AESDMA
  DesignObjHierarchy  : BOS_AESDMA
  -----------------------------------------------------------------------------
  Tag                 : RegInputOutput-ML
  Description         : Port '[Signal]' is not registered [Hierarchy: '[DesignObjHierarchy]']
  Violation           : Lint:695
  Goal                : BOS_LINT_RULE
  FileName            : /storage/project/atlas/design/user/pnson/ATLAS_WORKING/DK/mem/SAFETY_WRAPPER/ln04lpa_a00_mc_rd2rs_hsr_lvt_32x138m2b1c1_wrapper_safety_sf129eadi1/ln04lpa_a00_mc_rd2rs_hsr_lvt_32x138m2b1c1_wrapper_safety_sf129eadi1.sv
  LineNumber          : 1042
  Statement           : input   [ 133:0]  EDI;
  Signal              : EDI[133:5]
  Module              : ln04lpa_a00_mc_rd2rs_hsr_lvt_32x138m2b1c1_wrapper_safety_data_encoder
  DesignObjHierarchy  : gen_wide_SRAM_WRFIFO[0].gen_SRAM_WRFIFO[0].gSF4WrMemInst.u_SRAM_WR_FIFO.u_data_encoder
  -----------------------------------------------------------------------------
  Tag                 : RegInputOutput-ML
  Description         : Port '[Signal]' is not registered [Hierarchy: '[DesignObjHierarchy]']
  Violation           : Lint:696
  Goal                : BOS_LINT_RULE
  FileName            : /storage/project/atlas/design/user/pnson/ATLAS_WORKING/IP/AESDMA/RTL/SAFETY/BOS_AESDMA.v
  LineNumber          : 284
  Statement           :     output wire [                  6-1: 00] AESDMA_AXI4_MI0_AWADDR_PARITY           ,
  Signal              : AESDMA_AXI4_MI0_AWADDR_PARITY[5:0]
  Module              : BOS_AESDMA
  DesignObjHierarchy  : BOS_AESDMA
  -----------------------------------------------------------------------------
  Tag                 : RegInputOutput-ML
  Description         : Port '[Signal]' is not registered [Hierarchy: '[DesignObjHierarchy]']
  Violation           : Lint:697
  Goal                : BOS_LINT_RULE
  FileName            : /storage/project/atlas/design/user/pnson/ATLAS_WORKING/IP/AESDMA/RTL/SAFETY/BOS_AESDMA.v
  LineNumber          : 190
  Statement           :     output wire [                    1: 00] AESDMA_AXI4_MI0_ARBURST                 ,
  Signal              : AESDMA_AXI4_MI0_ARBURST[1:0]
  Module              : BOS_AESDMA
  DesignObjHierarchy  : BOS_AESDMA
  -----------------------------------------------------------------------------
  Tag                 : RegInputOutput-ML
  Description         : Port '[Signal]' is not registered [Hierarchy: '[DesignObjHierarchy]']
  Violation           : Lint:698
  Goal                : BOS_LINT_RULE
  FileName            : /storage/project/atlas/design/user/pnson/ATLAS_WORKING/DK/imem/ln04lpa_a00_mc_rd2rs_hsr_lvt_32x138m2b1c1/ln04lpa_a00_mc_rd2rs_hsr_lvt_32x138m2b1c1_wrapper.v
  LineNumber          : 77
  Statement           : 		,.ADME(ADME)
  Signal              : SFR_RD2_HS_ADME[2:0]
  Module              : BOS_AESDMA
  DesignObjHierarchy  : BOS_AESDMA
  -----------------------------------------------------------------------------
  Tag                 : RegInputOutput-ML
  Description         : Port '[Signal]' is not registered [Hierarchy: '[DesignObjHierarchy]']
  Violation           : Lint:699
  Goal                : BOS_LINT_RULE
  FileName            : /storage/project/atlas/design/user/pnson/ATLAS_WORKING/IP/AESDMA/RTL/SAFETY/BOS_AESDMA.v
  LineNumber          : 281
  Statement           :     input  wire [                 16-1: 00] AESDMA_AXI4_MI0_RDATA_PARITY            ,
  Signal              : AESDMA_AXI4_MI0_RDATA_PARITY[15:0]
  Module              : BOS_AESDMA
  DesignObjHierarchy  : BOS_AESDMA
  -----------------------------------------------------------------------------
  Tag                 : RegInputOutput-ML
  Description         : Port '[Signal]' is not registered [Hierarchy: '[DesignObjHierarchy]']
  Violation           : Lint:700
  Goal                : BOS_LINT_RULE
  FileName            : /storage/project/atlas/design/user/pnson/ATLAS_WORKING/IP/AESDMA/RTL/AESDMA_CORE/AESDMA_SFR.v
  LineNumber          : 119
  Statement           :     input       [31:0]      I_DEBUG_INFO4_BD_DMA_STATUS,
  Signal              : I_DEBUG_INFO4_BD_DMA_STATUS[31:30, 23:22, 15:3]
  Module              : AESDMA_SFR
  DesignObjHierarchy  : u_AESDMA_TOP.u_aesdma_top.u_AESDMA_SFR
  -----------------------------------------------------------------------------
  Tag                 : RegInputOutput-ML
  Description         : Port '[Signal]' is not registered [Hierarchy: '[DesignObjHierarchy]']
  Violation           : Lint:701
  Goal                : BOS_LINT_RULE
  FileName            : /storage/project/atlas/design/user/pnson/ATLAS_WORKING/IP/AESDMA/RTL/SAFETY/BOS_AESDMA.v
  LineNumber          : 210
  Statement           :     output wire [                    3: 00] AESDMA_AXI4_MI0_AWLEN                   ,
  Signal              : AESDMA_AXI4_MI0_AWLEN[3:0]
  Module              : BOS_AESDMA
  DesignObjHierarchy  : BOS_AESDMA
  -----------------------------------------------------------------------------
  Tag                 : RegInputOutput-ML
  Description         : Port '[Signal]' is not registered [Hierarchy: '[DesignObjHierarchy]']
  Violation           : Lint:702
  Goal                : BOS_LINT_RULE
  FileName            : /storage/project/atlas/design/user/pnson/ATLAS_WORKING/IP/AESDMA/RTL/SAFETY/BOS_AESDMA.v
  LineNumber          : 212
  Statement           :     output wire [                    3: 00] AESDMA_AXI4_MI0_AWQOS                   ,
  Signal              : AESDMA_AXI4_MI0_AWQOS[3:0]
  Module              : BOS_AESDMA
  DesignObjHierarchy  : BOS_AESDMA
  -----------------------------------------------------------------------------
  Tag                 : RegInputOutput-ML
  Description         : Port '[Signal]' is not registered [Hierarchy: '[DesignObjHierarchy]']
  Violation           : Lint:703
  Goal                : BOS_LINT_RULE
  FileName            : /storage/project/atlas/design/user/pnson/ATLAS_WORKING/IP/AESDMA/RTL/SAFETY/BOS_AESDMA.v
  LineNumber          : 201
  Statement           :     output wire [                    3: 00] AESDMA_AXI4_MI0_ARQOS                   ,
  Signal              : AESDMA_AXI4_MI0_ARQOS[3:0]
  Module              : BOS_AESDMA
  DesignObjHierarchy  : BOS_AESDMA
  -----------------------------------------------------------------------------
  Tag                 : RegInputOutput-ML
  Description         : Port '[Signal]' is not registered [Hierarchy: '[DesignObjHierarchy]']
  Violation           : Lint:704
  Goal                : BOS_LINT_RULE
  FileName            : /storage/project/atlas/design/user/pnson/ATLAS_WORKING/IP/AESDMA/RTL/SAFETY/BOS_AESDMA.v
  LineNumber          : 207
  Statement           :     output wire [                    1: 00] AESDMA_AXI4_MI0_AWBURST                 ,
  Signal              : AESDMA_AXI4_MI0_AWBURST[1:0]
  Module              : BOS_AESDMA
  DesignObjHierarchy  : BOS_AESDMA
  -----------------------------------------------------------------------------
  Tag                 : RegInputOutput-ML
  Description         : Port '[Signal]' is not registered [Hierarchy: '[DesignObjHierarchy]']
  Violation           : Lint:705
  Goal                : BOS_LINT_RULE
  FileName            : /storage/project/atlas/design/user/pnson/ATLAS_WORKING/IP/AESDMA/RTL/AESDMA_CORE/AESDMA_RD_DESC.sv
  LineNumber          : 76
  Statement           :     output logic      [31:0]                    O_DebugInfo_Rd
  Signal              : O_DebugInfo_Rd[31:28, 23:19, 15:14, 7:0]
  Module              : AESDMA_RD_DESC
  DesignObjHierarchy  : u_AESDMA_TOP.u_aesdma_top.u_AESDMA_RD_DESC
  -----------------------------------------------------------------------------
  Tag                 : RegInputOutput-ML
  Description         : Port '[Signal]' is not registered [Hierarchy: '[DesignObjHierarchy]']
  Violation           : Lint:706
  Goal                : BOS_LINT_RULE
  FileName            : /storage/project/atlas/design/user/pnson/ATLAS_WORKING/DK/mem/SAFETY_WRAPPER/ln04lpa_a00_mc_rd2rs_hsr_lvt_32x138m2b1c1_wrapper_safety_sf129eadi1/ln04lpa_a00_mc_rd2rs_hsr_lvt_32x138m2b1c1_wrapper_safety_sf129eadi1.sv
  LineNumber          : 963
  Statement           :     input  logic [CODEW-1:0]    DDI,
  Signal              : DDI[142:5]
  Module              : ln04lpa_a00_mc_rd2rs_hsr_lvt_32x138m2b1c1_wrapper_safety_data_decoder_top_dcls
  DesignObjHierarchy  : gen_wide_SRAM_WRFIFO[0].gen_SRAM_WRFIFO[0].gSF4WrMemInst.u_SRAM_WR_FIFO.u_data_decoder_dcls
  -----------------------------------------------------------------------------
  Tag                 : RegInputOutput-ML
  Description         : Port '[Signal]' is not registered [Hierarchy: '[DesignObjHierarchy]']
  Violation           : Lint:707
  Goal                : BOS_LINT_RULE
  FileName            : /storage/project/atlas/design/user/pnson/ATLAS_WORKING/IP/AESDMA/RTL/SAFETY/BOS_AESDMA.v
  LineNumber          : 223
  Statement           :     output wire [                128-1: 00] AESDMA_AXI4_MI0_WDATA                   ,
  Signal              : AESDMA_AXI4_MI0_WDATA[127:0]
  Module              : BOS_AESDMA
  DesignObjHierarchy  : BOS_AESDMA
  -----------------------------------------------------------------------------
  Tag                 : RegInputOutput-ML
  Description         : Port '[Signal]' is not registered [Hierarchy: '[DesignObjHierarchy]']
  Violation           : Lint:708
  Goal                : BOS_LINT_RULE
  FileName            : /storage/project/atlas/design/user/pnson/ATLAS_WORKING/IP/AESDMA/RTL/AESDMA_CORE/AESDMA_SFR.v
  LineNumber          : 118
  Statement           :     input       [31:0]      I_DEBUG_INFO3_RD_DMA_STATUS,
  Signal              : I_DEBUG_INFO3_RD_DMA_STATUS[27, 23:9]
  Module              : AESDMA_SFR
  DesignObjHierarchy  : u_AESDMA_TOP.u_aesdma_top.u_AESDMA_SFR
  -----------------------------------------------------------------------------
  Tag                 : RegInputOutput-ML
  Description         : Port '[Signal]' is not registered [Hierarchy: '[DesignObjHierarchy]']
  Violation           : Lint:709
  Goal                : BOS_LINT_RULE
  FileName            : /storage/project/atlas/design/user/pnson/ATLAS_WORKING/IP/AESDMA/RTL/AESDMA_CORE/AESDMA_SYNC_FIFO_TPSRAM.sv
  LineNumber          : 47
  Statement           :     output  [FIFO_WIDTH-1 : 0]  O_MDATA         , // DATA + VALID signals are same INPUT or OUTPUT 
  Signal              : O_MDATA[7:0]
  Module              : AESDMA_SYNC_FIFO_TPSRAM
  DesignObjHierarchy  : u_AESDMA_TOP.u_aesdma_top.u_AESDMA_WRCORE.u_AESDMA_DMA_WR_FIFO
  -----------------------------------------------------------------------------
  Tag                 : RegInputOutput-ML
  Description         : Port '[Signal]' is not registered [Hierarchy: '[DesignObjHierarchy]']
  Violation           : Lint:710
  Goal                : BOS_LINT_RULE
  FileName            : /storage/project/atlas/design/user/pnson/ATLAS_WORKING/IP/BOS_LIB/RTL/BOS_BUS_PARITY_AXI4_M.v
  LineNumber          : 114
  Statement           :         assign w_RdDatPar[gIdx]      = ^w_rdata[gIdx*pUnitPar+:pUnitPar];
  Signal              : AESDMA_AXI4_MI0_RDATA[127:0]
  Module              : BOS_AESDMA
  DesignObjHierarchy  : BOS_AESDMA
  -----------------------------------------------------------------------------
  Tag                 : RegInputOutput-ML
  Description         : Port '[Signal]' is not registered [Hierarchy: '[DesignObjHierarchy]']
  Violation           : Lint:711
  Goal                : BOS_LINT_RULE
  FileName            : /storage/project/atlas/design/user/pnson/ATLAS_WORKING/DK/mem/SAFETY_WRAPPER/ln04lpa_a00_mc_rd2rs_hsr_lvt_320x72m2b1c1_wrapper_safety_sf64eadi1/ln04lpa_a00_mc_rd2rs_hsr_lvt_320x72m2b1c1_wrapper_safety_sf64eadi1.sv
  LineNumber          : 840
  Statement           :     input  logic [CODEW-1:0]    DDI,
  Signal              : DDI[80:9]
  Module              : ln04lpa_a00_mc_rd2rs_hsr_lvt_320x72m2b1c1_wrapper_safety_data_decoder_top_dcls
  DesignObjHierarchy  : gen_wide_SRAM_ROB[0].gen_SRAM_ROB[0].gSF4MemInst.gSF4MemBdInst.u_SRAM_ROB_FIFO_BD.u_data_decoder_dcls
  -----------------------------------------------------------------------------
  Tag                 : RegInputOutput-ML
  Description         : Port '[Signal]' is not registered [Hierarchy: '[DesignObjHierarchy]']
  Violation           : Lint:712
  Goal                : BOS_LINT_RULE
  FileName            : /storage/project/atlas/design/user/pnson/ATLAS_WORKING/DK/mem/SAFETY_WRAPPER/ln04lpa_a00_mc_rd2rs_hsr_lvt_320x72m2b1c1_wrapper_safety_sf64eadi1/ln04lpa_a00_mc_rd2rs_hsr_lvt_320x72m2b1c1_wrapper_safety_sf64eadi1.sv
  LineNumber          : 742
  Statement           :   input  logic [CODEW-1:0]    DDI,
  Signal              : DDI[80:9]
  Module              : ln04lpa_a00_mc_rd2rs_hsr_lvt_320x72m2b1c1_wrapper_safety_data_decoder_st_wrap
  DesignObjHierarchy  : gen_wide_SRAM_ROB[0].gen_SRAM_ROB[0].gSF4MemInst.gSF4MemBdInst.u_SRAM_ROB_FIFO_BD.u_data_decoder_dcls.u_d0
  -----------------------------------------------------------------------------
  Tag                 : RegInputOutput-ML
  Description         : Port '[Signal]' is not registered [Hierarchy: '[DesignObjHierarchy]']
  Violation           : Lint:713
  Goal                : BOS_LINT_RULE
  FileName            : /storage/project/atlas/design/user/pnson/ATLAS_WORKING/IP/AESDMA/RTL/SAFETY/BOS_AESDMA.v
  LineNumber          : 193
  Statement           :     output wire [                    3: 00] AESDMA_AXI4_MI0_ARLEN                   ,
  Signal              : AESDMA_AXI4_MI0_ARLEN[3:0]
  Module              : BOS_AESDMA
  DesignObjHierarchy  : BOS_AESDMA
  -----------------------------------------------------------------------------
  Tag                 : RegInputOutput-ML
  Description         : Port '[Signal]' is not registered [Hierarchy: '[DesignObjHierarchy]']
  Violation           : Lint:714
  Goal                : BOS_LINT_RULE
  FileName            : /storage/project/atlas/design/user/pnson/ATLAS_WORKING/IP/AESDMA/RTL/AESDMA_CORE/AESDMA_SFR.v
  LineNumber          : 966
  Statement           :         r_intsr_rresp_err_info <= I_INTSR_RRESP_ERR_INFO;
  Signal              : AESDMA_AXI4_MI0_RRESP[1:0]
  Module              : BOS_AESDMA
  DesignObjHierarchy  : BOS_AESDMA
  -----------------------------------------------------------------------------
  Tag                 : RegInputOutput-ML
  Description         : Port '[Signal]' is not registered [Hierarchy: '[DesignObjHierarchy]']
  Violation           : Lint:715
  Goal                : BOS_LINT_RULE
  FileName            : /storage/project/atlas/design/user/pnson/ATLAS_WORKING/IP/AESDMA/RTL/SAFETY/BOS_AESDMA.v
  LineNumber          : 226
  Statement           :     output wire [                 16-1: 00] AESDMA_AXI4_MI0_WSTRB                   ,
  Signal              : AESDMA_AXI4_MI0_WSTRB[15:0]
  Module              : BOS_AESDMA
  DesignObjHierarchy  : BOS_AESDMA
  -----------------------------------------------------------------------------
  Tag                 : RegInputOutput-ML
  Description         : Port '[Signal]' is not registered [Hierarchy: '[DesignObjHierarchy]']
  Violation           : Lint:716
  Goal                : BOS_LINT_RULE
  FileName            : /storage/project/atlas/design/user/pnson/ATLAS_WORKING/IP/AESDMA/RTL/AESDMA_CORE/AESDMA_SFR.v
  LineNumber          : 953
  Statement           :         r_intsr_bresp_err_info <= I_INTSR_BRESP_ERR_INFO;
  Signal              : AESDMA_AXI4_MI0_BRESP[1:0]
  Module              : BOS_AESDMA
  DesignObjHierarchy  : BOS_AESDMA
  -----------------------------------------------------------------------------
  Tag                 : RegInputOutput-ML
  Description         : Port '[Signal]' is not registered [Hierarchy: '[DesignObjHierarchy]']
  Violation           : Lint:717
  Goal                : BOS_LINT_RULE
  FileName            : /storage/project/atlas/design/user/pnson/ATLAS_WORKING/IP/AESDMA/RTL/SAFETY/BOS_AESDMA.v
  LineNumber          : 194
  Statement           :     output wire [                    2: 00] AESDMA_AXI4_MI0_ARPROT                  ,
  Signal              : AESDMA_AXI4_MI0_ARPROT[2:0]
  Module              : BOS_AESDMA
  DesignObjHierarchy  : BOS_AESDMA
  -----------------------------------------------------------------------------
  Tag                 : RegInputOutput-ML
  Description         : Port '[Signal]' is not registered [Hierarchy: '[DesignObjHierarchy]']
  Violation           : Lint:718
  Goal                : BOS_LINT_RULE
  FileName            : /storage/project/atlas/design/user/pnson/ATLAS_WORKING/IP/AESDMA/RTL/AESDMA_CORE/AESDMA_RDCORE.sv
  LineNumber          : 111
  Statement           :     output logic      [31:0]                    O_DebugInfo_Rd,
  Signal              : O_DebugInfo_Rd[27, 23:9]
  Module              : AESDMA_RDCORE
  DesignObjHierarchy  : u_AESDMA_TOP.u_aesdma_top.u_AESDMA_RDCORE
  -----------------------------------------------------------------------------
  Tag                 : RegInputOutput-ML
  Description         : Port '[Signal]' is not registered [Hierarchy: '[DesignObjHierarchy]']
  Violation           : Lint:719
  Goal                : BOS_LINT_RULE
  FileName            : /storage/project/atlas/design/user/pnson/ATLAS_WORKING/DK/mem/SAFETY_WRAPPER/ln04lpa_a00_mc_rd2rs_hsr_lvt_32x138m2b1c1_wrapper_safety_sf129eadi1/ln04lpa_a00_mc_rd2rs_hsr_lvt_32x138m2b1c1_wrapper_safety_sf129eadi1.sv
  LineNumber          : 865
  Statement           :   input  logic [CODEW-1:0]    DDI,
  Signal              : DDI[142:5]
  Module              : ln04lpa_a00_mc_rd2rs_hsr_lvt_32x138m2b1c1_wrapper_safety_data_decoder_st_wrap
  DesignObjHierarchy  : gen_wide_SRAM_WRFIFO[0].gen_SRAM_WRFIFO[0].gSF4WrMemInst.u_SRAM_WR_FIFO.u_data_decoder_dcls.u_d0
  -----------------------------------------------------------------------------
  Tag                 : RegInputOutput-ML
  Description         : Port '[Signal]' is not registered [Hierarchy: '[DesignObjHierarchy]']
  Violation           : Lint:720
  Goal                : BOS_LINT_RULE
  FileName            : /storage/project/atlas/design/user/pnson/ATLAS_WORKING/IP/AESDMA/RTL/SAFETY/BOS_AESDMA.v
  LineNumber          : 219
  Statement           :     output wire [                    2: 00] AESDMA_AXI4_MI0_AWSIZE                  ,
  Signal              : AESDMA_AXI4_MI0_AWSIZE[2:0]
  Module              : BOS_AESDMA
  DesignObjHierarchy  : BOS_AESDMA
  -----------------------------------------------------------------------------
  Tag                 : RegInputOutput-ML
  Description         : Port '[Signal]' is not registered [Hierarchy: '[DesignObjHierarchy]']
  Violation           : Lint:721
  Goal                : BOS_LINT_RULE
  FileName            : /storage/project/atlas/design/user/pnson/ATLAS_WORKING/DK/imem/ln04lpa_a00_mc_rd2rs_hsr_lvt_32x138m2b1c1/ln04lpa_a00_mc_rd2rs_hsr_lvt_32x138m2b1c1_wrapper.v
  LineNumber          : 73
  Statement           : ln04lpa_a00_mc_rd2rs_hsr_lvt_32x138m2b1c1 u_mem (.DOUT(DOUT), .CK(CK), .REN(REN), .WEN(WEN), .RA(RA), .WA(WA), .DI(DI), .MCSRD(MCSRD), .MCSWR(MCSWR)
  Signal              : SFR_RD2_HS_MCSWR[1:0]
  Module              : BOS_AESDMA
  DesignObjHierarchy  : BOS_AESDMA
  -----------------------------------------------------------------------------
  Tag                 : RegInputOutput-ML
  Description         : Port '[Signal]' is not registered [Hierarchy: '[DesignObjHierarchy]']
  Violation           : Lint:722
  Goal                : BOS_LINT_RULE
  FileName            : /storage/project/atlas/design/user/pnson/ATLAS_WORKING/IP/AESDMA/RTL/AESDMA_CORE/AESDMA_AXI_FIFO.v
  LineNumber          : 76
  Statement           :         output wire [ AXI_DATA_WD-1: 0]     O_S_RDATA,
  Signal              : O_S_RDATA[7:0]
  Module              : AESDMA_AXI_FIFO
  DesignObjHierarchy  : u_AESDMA_TOP.u_aesdma_top.u_AESDMA_AXI_FIFO
  -----------------------------------------------------------------------------
  Tag                 : RegInputOutput-ML
  Description         : Port '[Signal]' is not registered [Hierarchy: '[DesignObjHierarchy]']
  Violation           : Lint:723
  Goal                : BOS_LINT_RULE
  FileName            : /storage/project/atlas/design/user/pnson/ATLAS_WORKING/IP/AESDMA/RTL/AESDMA_CORE/AESDMA_AUTOGEN_CRC16_DATA128.v
  LineNumber          : 17
  Statement           :     input       [128 - 1 : 0] I_SDATA,
  Signal              : I_SDATA[111:0]
  Module              : AESDMA_AUTOGEN_CRC16_DATA128
  DesignObjHierarchy  : u_AESDMA_TOP.u_aesdma_top.u_AESDMA_DATAGEN.u_AESDMA_CRC_GEN_in_DATAGEN.gen_crc_first_128.u_axidma_crc16_gen
  -----------------------------------------------------------------------------
  Tag                 : RegInputOutput-ML
  Description         : Port '[Signal]' is not registered [Hierarchy: '[DesignObjHierarchy]']
  Violation           : Lint:724
  Goal                : BOS_LINT_RULE
  FileName            : /storage/project/atlas/design/user/pnson/ATLAS_WORKING/IP/BOS_LIB/RTL/SAFETY/DCLS_COMPARATOR_TEMPLATE.v
  LineNumber          : 9
  Statement           :     input [DATA_WIDTH-1:0] DATA_IN_A,
  Signal              : DATA_IN_A[144:136, 133:0]
  Module              : DCLS_COMPARATOR_TEMPLATE
  DesignObjHierarchy  : gen_wide_SRAM_WRFIFO[0].gen_SRAM_WRFIFO[0].gSF4WrMemInst.u_SRAM_WR_FIFO.u_data_decoder_dcls.u_comp
  -----------------------------------------------------------------------------
  Tag                 : RegInputOutput-ML
  Description         : Port '[Signal]' is not registered [Hierarchy: '[DesignObjHierarchy]']
  Violation           : Lint:725
  Goal                : BOS_LINT_RULE
  FileName            : /storage/project/atlas/design/user/pnson/ATLAS_WORKING/IP/AESDMA/RTL/SAFETY/BOS_AESDMA.v
  LineNumber          : 189
  Statement           :     output wire [                 44-1: 00] AESDMA_AXI4_MI0_ARADDR                  ,
  Signal              : AESDMA_AXI4_MI0_ARADDR[43:0]
  Module              : BOS_AESDMA
  DesignObjHierarchy  : BOS_AESDMA
  -----------------------------------------------------------------------------
  Tag                 : RegInputOutput-ML
  Description         : Port '[Signal]' is not registered [Hierarchy: '[DesignObjHierarchy]']
  Violation           : Lint:726
  Goal                : BOS_LINT_RULE
  FileName            : /storage/project/atlas/design/user/pnson/ATLAS_WORKING/IP/AESDMA/RTL/SAFETY/BOS_AESDMA.v
  LineNumber          : 203
  Statement           :     output wire [                    2: 00] AESDMA_AXI4_MI0_ARSIZE                  ,
  Signal              : AESDMA_AXI4_MI0_ARSIZE[2:0]
  Module              : BOS_AESDMA
  DesignObjHierarchy  : BOS_AESDMA
  -----------------------------------------------------------------------------
  Tag                 : RegInputOutput-ML
  Description         : Port '[Signal]' is not registered [Hierarchy: '[DesignObjHierarchy]']
  Violation           : Lint:727
  Goal                : BOS_LINT_RULE
  FileName            : /storage/project/atlas/design/user/pnson/ATLAS_WORKING/IP/AESDMA/RTL/SAFETY/BOS_AESDMA.v
  LineNumber          : 283
  Statement           :     output wire [                 16-1: 00] AESDMA_AXI4_MI0_WDATA_PARITY            ,
  Signal              : AESDMA_AXI4_MI0_WDATA_PARITY[15:0]
  Module              : BOS_AESDMA
  DesignObjHierarchy  : BOS_AESDMA
  -----------------------------------------------------------------------------
  Tag                 : RegInputOutput-ML
  Description         : Port '[Signal]' is not registered [Hierarchy: '[DesignObjHierarchy]']
  Violation           : Lint:728
  Goal                : BOS_LINT_RULE
  FileName            : /storage/project/atlas/design/user/pnson/ATLAS_WORKING/IP/AESDMA/RTL/SAFETY/BOS_AESDMA.v
  LineNumber          : 179
  Statement           :     output wire [                   31: 00] AESDMA_APB_SI0_PRDATA                   ,
  Signal              : AESDMA_APB_SI0_PRDATA[31:0]
  Module              : BOS_AESDMA
  DesignObjHierarchy  : BOS_AESDMA
  -----------------------------------------------------------------------------
  Tag                 : RegInputOutput-ML
  Description         : Port '[Signal]' is not registered [Hierarchy: '[DesignObjHierarchy]']
  Violation           : Lint:729
  Goal                : BOS_LINT_RULE
  FileName            : /storage/project/atlas/design/user/pnson/ATLAS_WORKING/IP/AESDMA/RTL/AESDMA_CORE/AESDMA_AXIMUX_RD_2X1.v
  LineNumber          : 59
  Statement           :         output wire [ AXI_DATA_WD-1: 0]     O_S_RDATA_1,
  Signal              : O_S_RDATA_1[7:0]
  Module              : AESDMA_AXIMUX_RD_2X1
  DesignObjHierarchy  : u_AESDMA_TOP.u_aesdma_top.u_AESDMA_AXIMUX_RD_2X1
  -----------------------------------------------------------------------------
  Tag                 : RegInputOutput-ML
  Description         : Port '[Signal]' is not registered [Hierarchy: '[DesignObjHierarchy]']
  Violation           : Lint:730
  Goal                : BOS_LINT_RULE
  FileName            : /storage/project/atlas/design/user/pnson/ATLAS_WORKING/IP/AESDMA/RTL/SAFETY/BOS_AESDMA.v
  LineNumber          : 282
  Statement           :     output wire [                  6-1: 00] AESDMA_AXI4_MI0_ARADDR_PARITY           ,
  Signal              : AESDMA_AXI4_MI0_ARADDR_PARITY[5:0]
  Module              : BOS_AESDMA
  DesignObjHierarchy  : BOS_AESDMA
  -----------------------------------------------------------------------------
  Tag                 : RegInputOutput-ML
  Description         : Port '[Signal]' is not registered [Hierarchy: '[DesignObjHierarchy]']
  Violation           : Lint:731
  Goal                : BOS_LINT_RULE
  FileName            : /storage/project/atlas/design/user/pnson/ATLAS_WORKING/IP/AESDMA/RTL/AESDMA_CORE/AESDMA_REORDER_BUF.sv
  LineNumber          : 58
  Statement           :     output logic      [AXI_DATA_WD-1:0]         O_ReorderBuf_MData,
  Signal              : O_ReorderBuf_MData[7:0]
  Module              : AESDMA_REORDER_BUF
  DesignObjHierarchy  : u_AESDMA_TOP.u_aesdma_top.u_AESDMA_RDCORE.u_AESDMA_REORDER_BUF

  -----------------------------------------------------------------------------
  ReportPortInfo-ML  (1 info/0 waived)
  -----------------------------------------------------------------------------
  Tag           : ReportPortInfo-ML
  Description   : Port Information for top design unit has been generated. For details see report ReportPortInfo.rpt
  Violation     : Lint:1031
  Goal          : BOS_LINT_RULE
  FileName      : /storage/project/atlas/design/user/pnson/ATLAS_WORKING/IP/AESDMA/LINT/FUNC/vcst_rtdb/.internal/spyglass/vc_lint0/BOS_AESDMA/VC_GOAL0/spyglass_reports/morelint/ReportPortInfo
  LineNumber    : 1
  Statement     : #     Comment          : Report Top Level Module Port Info
