
  -----------------------------------------------------------------------------
  Report Summary
  -----------------------------------------------------------------------------
  Product Info
    Name    : VC Static Master Shell
    Version : V-2023.12-1 -- Jan 22, 2024

  Report Info
    Created : Aug 20, 2026  16:16:18
    Options
      -limit 0
      -include_compressed
      -only_waived (may be implicitly set)

    TopLevelModule: BOS_AESDMA

  -----------------------------------------------------------------------------
  Management Summary
  -----------------------------------------------------------------------------
  Stage              Family      Fatals    Errors  Warnings     Infos    Waived
  -----              --------  --------  --------  --------  --------  --------
  LANGUAGE_CHECK     CODING           0         0         0         0       189
  LINT_FORMAL_CHECK  CODING           0         0         0         0       110
  -----              --------  --------  --------  --------  --------  --------
  Total                               0         0         0         0       299


  -----------------------------------------------------------------------------
  Tree Summary
  -----------------------------------------------------------------------------
  Severity  Stage              Tag                          Count      Waived
  --------  -----              ---------------------------  -----  ----------
  warning   LANGUAGE_CHECK     W240                             0          18
  warning   LANGUAGE_CHECK     W287b                            0          54
  warning   LANGUAGE_CHECK     W528                             0         115
  warning   LINT_FORMAL_CHECK  DeadCode-ML                      0          32
  warning   LINT_FORMAL_CHECK  MissingFsmStateTransition        0           3
  warning   LINT_FORMAL_CHECK  NotReachableFsmState             0           4
  warning   LINT_FORMAL_CHECK  SignedUnsignedExpr-ML            0           7
  warning   LINT_FORMAL_CHECK  W164a                            0          56
  warning   LINT_FORMAL_CHECK  W362                             0           3
  warning   LINT_FORMAL_CHECK  W415a                            0           3
  warning   LINT_FORMAL_CHECK  W551                             0           2
  info      LANGUAGE_CHECK     W240                             0           1
  info      LANGUAGE_CHECK     W528                             0           1
  --------  -----              ---------------------------  -----  ----------
  Total                                                         0         299



  -----------------------------------------------------------------------------
  DeadCode-ML  (0 warning/32 waived)
  -----------------------------------------------------------------------------
  Tag                 : DeadCode-ML
  Description         : Dead code exists as the block in file '[FileName]' at line(s) '[LineRange]' is not reachable.
  Violation           : Lint:739
  Module              : AESDMA_BD
  HIERARCHY           : u_AESDMA_TOP.u_aesdma_top.u_AESDMA_BD
  Statement           :         if (~I_RESETN) begin
  LineRange           : 418-421
  FileName            : /storage/project/atlas/design/user/pnson/ATLAS_WORKING/IP/AESDMA/RTL/AESDMA_CORE/AESDMA_BD.v
  LineNumber          : 418
  Goal                : BOS_LINT_RULE
  Waiver
    Name              : DeadCode-ML_740
    Comment           : Dead Code LINT warning
    Filename         : vc_waiver.tcl
    Line             : 3
    State            : Waived
  -----------------------------------------------------------------------------
  Tag                 : DeadCode-ML
  Description         : Dead code exists as the block in file '[FileName]' at line(s) '[LineRange]' is not reachable.
  Violation           : Lint:740
  Module              : AESDMA_DATAGEN
  HIERARCHY           : u_AESDMA_TOP.u_aesdma_top.u_AESDMA_DATAGEN
  Statement           :     if (!I_RESETN) begin
  LineRange           : 301-303
  FileName            : /storage/project/atlas/design/user/pnson/ATLAS_WORKING/IP/AESDMA/RTL/AESDMA_CORE/AESDMA_DATAGEN.v
  LineNumber          : 301
  Goal                : BOS_LINT_RULE
  Waiver
    Name              : DeadCode-ML_740
    Comment           : Dead Code LINT warning
    Filename         : vc_waiver.tcl
    Line             : 3
    State            : Waived
  -----------------------------------------------------------------------------
  Tag                 : DeadCode-ML
  Description         : Dead code exists as the block in file '[FileName]' at line(s) '[LineRange]' is not reachable.
  Violation           : Lint:741
  Module              : AESDMA_DOORBELL
  HIERARCHY           : u_AESDMA_TOP.u_aesdma_top.u_AESDMA_DOORBELL
  Statement           :                     if (i == r_last_active_bd_num) begin
  LineRange           : 172-174
  FileName            : /storage/project/atlas/design/user/pnson/ATLAS_WORKING/IP/AESDMA/RTL/AESDMA_CORE/AESDMA_DOORBELL.v
  LineNumber          : 172
  Goal                : BOS_LINT_RULE
  Waiver
    Name              : DeadCode-ML_740
    Comment           : Dead Code LINT warning
    Filename         : vc_waiver.tcl
    Line             : 3
    State            : Waived
  -----------------------------------------------------------------------------
  Tag                 : DeadCode-ML
  Description         : Dead code exists as the block in file '[FileName]' at line(s) '[LineRange]' is not reachable.
  Violation           : Lint:742
  Module              : AESDMA_DOORBELL
  HIERARCHY           : u_AESDMA_TOP.u_aesdma_top.u_AESDMA_DOORBELL
  Statement           :                     if (i == r_last_active_bd_num) begin
  LineRange           : 184-186
  FileName            : /storage/project/atlas/design/user/pnson/ATLAS_WORKING/IP/AESDMA/RTL/AESDMA_CORE/AESDMA_DOORBELL.v
  LineNumber          : 184
  Goal                : BOS_LINT_RULE
  Waiver
    Name              : DeadCode-ML_740
    Comment           : Dead Code LINT warning
    Filename         : vc_waiver.tcl
    Line             : 3
    State            : Waived
  -----------------------------------------------------------------------------
  Tag                 : DeadCode-ML
  Description         : Dead code exists as the block in file '[FileName]' at line(s) '[LineRange]' is not reachable.
  Violation           : Lint:743
  Module              : AESDMA_DOORBELL
  HIERARCHY           : u_AESDMA_TOP.u_aesdma_top.u_AESDMA_DOORBELL
  Statement           :                     if (i == r_last_active_bd_num) begin
  LineRange           : 193-195
  FileName            : /storage/project/atlas/design/user/pnson/ATLAS_WORKING/IP/AESDMA/RTL/AESDMA_CORE/AESDMA_DOORBELL.v
  LineNumber          : 193
  Goal                : BOS_LINT_RULE
  Waiver
    Name              : DeadCode-ML_740
    Comment           : Dead Code LINT warning
    Filename         : vc_waiver.tcl
    Line             : 3
    State            : Waived
  -----------------------------------------------------------------------------
  Tag                 : DeadCode-ML
  Description         : Dead code exists as the block in file '[FileName]' at line(s) '[LineRange]' is not reachable.
  Violation           : Lint:744
  Module              : AESDMA_DOORBELL
  HIERARCHY           : u_AESDMA_TOP.u_aesdma_top.u_AESDMA_DOORBELL
  Statement           :                 if (i == r_last_active_bd_num) begin
  LineRange           : 201-203
  FileName            : /storage/project/atlas/design/user/pnson/ATLAS_WORKING/IP/AESDMA/RTL/AESDMA_CORE/AESDMA_DOORBELL.v
  LineNumber          : 201
  Goal                : BOS_LINT_RULE
  Waiver
    Name              : DeadCode-ML_740
    Comment           : Dead Code LINT warning
    Filename         : vc_waiver.tcl
    Line             : 3
    State            : Waived
  -----------------------------------------------------------------------------
  Tag                 : DeadCode-ML
  Description         : Dead code exists as the block in file '[FileName]' at line(s) '[LineRange]' is not reachable.
  Violation           : Lint:745
  Module              : AESDMA_DOORBELL
  HIERARCHY           : u_AESDMA_TOP.u_aesdma_top.u_AESDMA_DOORBELL
  Statement           :             end else begin
  LineRange           : 305-307
  FileName            : /storage/project/atlas/design/user/pnson/ATLAS_WORKING/IP/AESDMA/RTL/AESDMA_CORE/AESDMA_DOORBELL.v
  LineNumber          : 305
  Goal                : BOS_LINT_RULE
  Waiver
    Name              : DeadCode-ML_740
    Comment           : Dead Code LINT warning
    Filename         : vc_waiver.tcl
    Line             : 3
    State            : Waived
  -----------------------------------------------------------------------------
  Tag                 : DeadCode-ML
  Description         : Dead code exists as the block in file '[FileName]' at line(s) '[LineRange]' is not reachable.
  Violation           : Lint:746
  Module              : AESDMA_RDCORE
  HIERARCHY           : u_AESDMA_TOP.u_aesdma_top.u_AESDMA_RDCORE
  Statement           :     if (~I_RESETN) begin
  LineRange           : 239-241
  FileName            : /storage/project/atlas/design/user/pnson/ATLAS_WORKING/IP/AESDMA/RTL/AESDMA_CORE/AESDMA_RDCORE.sv
  LineNumber          : 239
  Goal                : BOS_LINT_RULE
  Waiver
    Name              : DeadCode-ML_740
    Comment           : Dead Code LINT warning
    Filename         : vc_waiver.tcl
    Line             : 3
    State            : Waived
  -----------------------------------------------------------------------------
  Tag                 : DeadCode-ML
  Description         : Dead code exists as the block in file '[FileName]' at line(s) '[LineRange]' is not reachable.
  Violation           : Lint:747
  Module              : AESDMA_RD_DESC
  HIERARCHY           : u_AESDMA_TOP.u_aesdma_top.u_AESDMA_RD_DESC
  Statement           :     if (~I_RESETN) begin
  LineRange           : 142-144
  FileName            : /storage/project/atlas/design/user/pnson/ATLAS_WORKING/IP/AESDMA/RTL/AESDMA_CORE/AESDMA_RD_DESC.sv
  LineNumber          : 142
  Goal                : BOS_LINT_RULE
  Waiver
    Name              : DeadCode-ML_740
    Comment           : Dead Code LINT warning
    Filename         : vc_waiver.tcl
    Line             : 3
    State            : Waived
  -----------------------------------------------------------------------------
  Tag                 : DeadCode-ML
  Description         : Dead code exists as the block in file '[FileName]' at line(s) '[LineRange]' is not reachable.
  Violation           : Lint:748
  Module              : AESDMA_WRCORE
  HIERARCHY           : u_AESDMA_TOP.u_aesdma_top.u_AESDMA_WRCORE
  Statement           :     if (~I_RESETN) begin
  LineRange           : 255-259
  FileName            : /storage/project/atlas/design/user/pnson/ATLAS_WORKING/IP/AESDMA/RTL/AESDMA_CORE/AESDMA_WRCORE.sv
  LineNumber          : 255
  Goal                : BOS_LINT_RULE
  Waiver
    Name              : DeadCode-ML_740
    Comment           : Dead Code LINT warning
    Filename         : vc_waiver.tcl
    Line             : 3
    State            : Waived
  -----------------------------------------------------------------------------
  Tag                 : DeadCode-ML
  Description         : Dead code exists as the block in file '[FileName]' at line(s) '[LineRange]' is not reachable.
  Violation           : Lint:749
  Module              : AESDMA_WRCORE
  HIERARCHY           : u_AESDMA_TOP.u_aesdma_top.u_AESDMA_WRCORE
  Statement           :     if (~I_RESETN) begin
  LineRange           : 390-394
  FileName            : /storage/project/atlas/design/user/pnson/ATLAS_WORKING/IP/AESDMA/RTL/AESDMA_CORE/AESDMA_WRCORE.sv
  LineNumber          : 390
  Goal                : BOS_LINT_RULE
  Waiver
    Name              : DeadCode-ML_740
    Comment           : Dead Code LINT warning
    Filename         : vc_waiver.tcl
    Line             : 3
    State            : Waived
  -----------------------------------------------------------------------------
  Tag                 : DeadCode-ML
  Description         : Dead code exists as the block in file '[FileName]' at line(s) '[LineRange]' is not reachable.
  Violation           : Lint:750
  Module              : AESDMA_WRCORE
  HIERARCHY           : u_AESDMA_TOP.u_aesdma_top.u_AESDMA_WRCORE
  Statement           :                         if(O_WrBCntZero) begin
  LineRange           : 752-755
  FileName            : /storage/project/atlas/design/user/pnson/ATLAS_WORKING/IP/AESDMA/RTL/AESDMA_CORE/AESDMA_WRCORE.sv
  LineNumber          : 752
  Goal                : BOS_LINT_RULE
  Waiver
    Name              : DeadCode-ML_740
    Comment           : Dead Code LINT warning
    Filename         : vc_waiver.tcl
    Line             : 3
    State            : Waived
  -----------------------------------------------------------------------------
  Tag                 : DeadCode-ML
  Description         : Dead code exists as the block in file '[FileName]' at line(s) '[LineRange]' is not reachable.
  Violation           : Lint:751
  Module              : AES_CORE_dev
  HIERARCHY           : u_AESDMA_TOP.u_aesdma_top.u_AES_CORE
  Statement           :                     r_ccm_ctr_valid_ctr <= 'b0;
  LineRange           : 1046-1046
  FileName            : /storage/project/atlas/design/user/pnson/ATLAS_WORKING/IP/AESDMA/RTL/AES_CORE/AES_CORE_dev.v
  LineNumber          : 1046
  Goal                : BOS_LINT_RULE
  Waiver
    Name              : DeadCode-ML_740
    Comment           : Dead Code LINT warning
    Filename         : vc_waiver.tcl
    Line             : 3
    State            : Waived
  -----------------------------------------------------------------------------
  Tag                 : DeadCode-ML
  Description         : Dead code exists as the block in file '[FileName]' at line(s) '[LineRange]' is not reachable.
  Violation           : Lint:752
  Module              : AES_CORE_dev
  HIERARCHY           : u_AESDMA_TOP.u_aesdma_top.u_AES_CORE
  Statement           :                 else begin
  LineRange           : 1047-1051
  FileName            : /storage/project/atlas/design/user/pnson/ATLAS_WORKING/IP/AESDMA/RTL/AES_CORE/AES_CORE_dev.v
  LineNumber          : 1047
  Goal                : BOS_LINT_RULE
  Waiver
    Name              : DeadCode-ML_740
    Comment           : Dead Code LINT warning
    Filename         : vc_waiver.tcl
    Line             : 3
    State            : Waived
  -----------------------------------------------------------------------------
  Tag                 : DeadCode-ML
  Description         : Dead code exists as the block in file '[FileName]' at line(s) '[LineRange]' is not reachable.
  Violation           : Lint:753
  Module              : AES_CORE_dev
  HIERARCHY           : u_AESDMA_TOP.u_aesdma_top.u_AES_CORE
  Statement           :                         r_expected_serial_datablk_idx <= r_expected_serial_datablk_idx + 1'b1;
  LineRange           : 1050-1050
  FileName            : /storage/project/atlas/design/user/pnson/ATLAS_WORKING/IP/AESDMA/RTL/AES_CORE/AES_CORE_dev.v
  LineNumber          : 1050
  Goal                : BOS_LINT_RULE
  Waiver
    Name              : DeadCode-ML_740
    Comment           : Dead Code LINT warning
    Filename         : vc_waiver.tcl
    Line             : 3
    State            : Waived
  -----------------------------------------------------------------------------
  Tag                 : DeadCode-ML
  Description         : Dead code exists as the block in file '[FileName]' at line(s) '[LineRange]' is not reachable.
  Violation           : Lint:754
  Module              : AES_CORE_dev
  HIERARCHY           : u_AESDMA_TOP.u_aesdma_top.u_AES_CORE
  Statement           :                         r_serial_core_ctr <= 'b0;
  LineRange           : 1071-1071
  FileName            : /storage/project/atlas/design/user/pnson/ATLAS_WORKING/IP/AESDMA/RTL/AES_CORE/AES_CORE_dev.v
  LineNumber          : 1071
  Goal                : BOS_LINT_RULE
  Waiver
    Name              : DeadCode-ML_740
    Comment           : Dead Code LINT warning
    Filename         : vc_waiver.tcl
    Line             : 3
    State            : Waived
  -----------------------------------------------------------------------------
  Tag                 : DeadCode-ML
  Description         : Dead code exists as the block in file '[FileName]' at line(s) '[LineRange]' is not reachable.
  Violation           : Lint:755
  Module              : AES_CORE_dev
  HIERARCHY           : u_AESDMA_TOP.u_aesdma_top.u_AES_CORE
  Statement           :                         r_serial_core_ctr <= r_serial_core_ctr + 1'b1;
  LineRange           : 1073-1073
  FileName            : /storage/project/atlas/design/user/pnson/ATLAS_WORKING/IP/AESDMA/RTL/AES_CORE/AES_CORE_dev.v
  LineNumber          : 1073
  Goal                : BOS_LINT_RULE
  Waiver
    Name              : DeadCode-ML_740
    Comment           : Dead Code LINT warning
    Filename         : vc_waiver.tcl
    Line             : 3
    State            : Waived
  -----------------------------------------------------------------------------
  Tag                 : DeadCode-ML
  Description         : Dead code exists as the block in file '[FileName]' at line(s) '[LineRange]' is not reachable.
  Violation           : Lint:756
  Module              : AES_CORE_dev
  HIERARCHY           : u_AESDMA_TOP.u_aesdma_top.u_AES_CORE
  Statement           :                                     r_sdata[p][q] <= SDATA_2D[q];
  LineRange           : 1678-1678
  FileName            : /storage/project/atlas/design/user/pnson/ATLAS_WORKING/IP/AESDMA/RTL/AES_CORE/AES_CORE_dev.v
  LineNumber          : 1678
  Goal                : BOS_LINT_RULE
  Waiver
    Name              : DeadCode-ML_740
    Comment           : Dead Code LINT warning
    Filename         : vc_waiver.tcl
    Line             : 3
    State            : Waived
  -----------------------------------------------------------------------------
  Tag                 : DeadCode-ML
  Description         : Dead code exists as the block in file '[FileName]' at line(s) '[LineRange]' is not reachable.
  Violation           : Lint:757
  Module              : AES_CORE_dev
  HIERARCHY           : u_AESDMA_TOP.u_aesdma_top.u_AES_CORE
  Statement           :                                     r_sdata[p][q] <= r_sdata_for_cfb[q];
  LineRange           : 1680-1680
  FileName            : /storage/project/atlas/design/user/pnson/ATLAS_WORKING/IP/AESDMA/RTL/AES_CORE/AES_CORE_dev.v
  LineNumber          : 1680
  Goal                : BOS_LINT_RULE
  Waiver
    Name              : DeadCode-ML_740
    Comment           : Dead Code LINT warning
    Filename         : vc_waiver.tcl
    Line             : 3
    State            : Waived
  -----------------------------------------------------------------------------
  Tag                 : DeadCode-ML
  Description         : Dead code exists as the block in file '[FileName]' at line(s) '[LineRange]' is not reachable.
  Violation           : Lint:758
  Module              : AES_CORE_dev
  HIERARCHY           : u_AESDMA_TOP.u_aesdma_top.u_AES_CORE
  Statement           :                         r_mdata[0] <= w_enc_J_cipher_filtered[selected_cluster][selected_core];
  LineRange           : 2061-2061
  FileName            : /storage/project/atlas/design/user/pnson/ATLAS_WORKING/IP/AESDMA/RTL/AES_CORE/AES_CORE_dev.v
  LineNumber          : 2061
  Goal                : BOS_LINT_RULE
  Waiver
    Name              : DeadCode-ML_740
    Comment           : Dead Code LINT warning
    Filename         : vc_waiver.tcl
    Line             : 3
    State            : Waived
  -----------------------------------------------------------------------------
  Tag                 : DeadCode-ML
  Description         : Dead code exists as the block in file '[FileName]' at line(s) '[LineRange]' is not reachable.
  Violation           : Lint:759
  Module              : AES_CORE_dev
  HIERARCHY           : u_AESDMA_TOP.u_aesdma_top.u_AES_CORE
  Statement           :                         r_mvalid <= 1'b1;
  LineRange           : 2064-2064
  FileName            : /storage/project/atlas/design/user/pnson/ATLAS_WORKING/IP/AESDMA/RTL/AES_CORE/AES_CORE_dev.v
  LineNumber          : 2064
  Goal                : BOS_LINT_RULE
  Waiver
    Name              : DeadCode-ML_740
    Comment           : Dead Code LINT warning
    Filename         : vc_waiver.tcl
    Line             : 3
    State            : Waived
  -----------------------------------------------------------------------------
  Tag                 : DeadCode-ML
  Description         : Dead code exists as the block in file '[FileName]' at line(s) '[LineRange]' is not reachable.
  Violation           : Lint:760
  Module              : AES_CORE_dev
  HIERARCHY           : u_AESDMA_TOP.u_aesdma_top.u_AES_CORE
  Statement           :             w_gf_input_kkh_mux[i] = w_cur_stage_hash_in[i];
  LineRange           : 2203-2203
  FileName            : /storage/project/atlas/design/user/pnson/ATLAS_WORKING/IP/AESDMA/RTL/AES_CORE/AES_CORE_dev.v
  LineNumber          : 2203
  Goal                : BOS_LINT_RULE
  Waiver
    Name              : DeadCode-ML_740
    Comment           : Dead Code LINT warning
    Filename         : vc_waiver.tcl
    Line             : 3
    State            : Waived
  -----------------------------------------------------------------------------
  Tag                 : DeadCode-ML
  Description         : Dead code exists as the block in file '[FileName]' at line(s) '[LineRange]' is not reachable.
  Violation           : Lint:761
  Module              : AES_CORE_dev
  HIERARCHY           : u_AESDMA_TOP.u_aesdma_top.u_AES_CORE
  Statement           :             w_gf_input_kkh_mux[i] = 128'd0;
  LineRange           : 2205-2205
  FileName            : /storage/project/atlas/design/user/pnson/ATLAS_WORKING/IP/AESDMA/RTL/AES_CORE/AES_CORE_dev.v
  LineNumber          : 2205
  Goal                : BOS_LINT_RULE
  Waiver
    Name              : DeadCode-ML_740
    Comment           : Dead Code LINT warning
    Filename         : vc_waiver.tcl
    Line             : 3
    State            : Waived
  -----------------------------------------------------------------------------
  Tag                 : DeadCode-ML
  Description         : Dead code exists as the block in file '[FileName]' at line(s) '[LineRange]' is not reachable.
  Violation           : Lint:762
  Module              : AES_CORE_dev
  HIERARCHY           : u_AESDMA_TOP.u_aesdma_top.u_AES_CORE
  Statement           :             w_ghash_subkey_h_mux[i] = 128'd0;
  LineRange           : 2212-2212
  FileName            : /storage/project/atlas/design/user/pnson/ATLAS_WORKING/IP/AESDMA/RTL/AES_CORE/AES_CORE_dev.v
  LineNumber          : 2212
  Goal                : BOS_LINT_RULE
  Waiver
    Name              : DeadCode-ML_740
    Comment           : Dead Code LINT warning
    Filename         : vc_waiver.tcl
    Line             : 3
    State            : Waived
  -----------------------------------------------------------------------------
  Tag                 : DeadCode-ML
  Description         : Dead code exists as the block in file '[FileName]' at line(s) '[LineRange]' is not reachable.
  Violation           : Lint:763
  Module              : AES_CORE_dev
  HIERARCHY           : u_AESDMA_TOP.u_aesdma_top.u_AES_CORE
  Statement           :                     nxt_st = ST_PROCESS_AAD;
  LineRange           : 434-434
  FileName            : /storage/project/atlas/design/user/pnson/ATLAS_WORKING/IP/AESDMA/RTL/AES_CORE/AES_CORE_dev.v
  LineNumber          : 434
  Goal                : BOS_LINT_RULE
  Waiver
    Name              : DeadCode-ML_740
    Comment           : Dead Code LINT warning
    Filename         : vc_waiver.tcl
    Line             : 3
    State            : Waived
  -----------------------------------------------------------------------------
  Tag                 : DeadCode-ML
  Description         : Dead code exists as the block in file '[FileName]' at line(s) '[LineRange]' is not reachable.
  Violation           : Lint:764
  Module              : AES_CORE_dev
  HIERARCHY           : u_AESDMA_TOP.u_aesdma_top.u_AES_CORE
  Statement           :                     nxt_st = ST_PROCESS_DATA;
  LineRange           : 436-436
  FileName            : /storage/project/atlas/design/user/pnson/ATLAS_WORKING/IP/AESDMA/RTL/AES_CORE/AES_CORE_dev.v
  LineNumber          : 436
  Goal                : BOS_LINT_RULE
  Waiver
    Name              : DeadCode-ML_740
    Comment           : Dead Code LINT warning
    Filename         : vc_waiver.tcl
    Line             : 3
    State            : Waived
  -----------------------------------------------------------------------------
  Tag                 : DeadCode-ML
  Description         : Dead code exists as the block in file '[FileName]' at line(s) '[LineRange]' is not reachable.
  Violation           : Lint:765
  Module              : AES_CORE_dev
  HIERARCHY           : u_AESDMA_TOP.u_aesdma_top.u_AES_CORE
  Statement           :                 nxt_st = r_cur_st;
  LineRange           : 438-438
  FileName            : /storage/project/atlas/design/user/pnson/ATLAS_WORKING/IP/AESDMA/RTL/AES_CORE/AES_CORE_dev.v
  LineNumber          : 438
  Goal                : BOS_LINT_RULE
  Waiver
    Name              : DeadCode-ML_740
    Comment           : Dead Code LINT warning
    Filename         : vc_waiver.tcl
    Line             : 3
    State            : Waived
  -----------------------------------------------------------------------------
  Tag                 : DeadCode-ML
  Description         : Dead code exists as the block in file '[FileName]' at line(s) '[LineRange]' is not reachable.
  Violation           : Lint:766
  Module              : AES_CORE_dev
  HIERARCHY           : u_AESDMA_TOP.u_aesdma_top.u_AES_CORE
  Statement           :                             nxt_st = ST_WAIT_UNTIL_LAST_CCM_ENC;
  LineRange           : 464-464
  FileName            : /storage/project/atlas/design/user/pnson/ATLAS_WORKING/IP/AESDMA/RTL/AES_CORE/AES_CORE_dev.v
  LineNumber          : 464
  Goal                : BOS_LINT_RULE
  Waiver
    Name              : DeadCode-ML_740
    Comment           : Dead Code LINT warning
    Filename         : vc_waiver.tcl
    Line             : 3
    State            : Waived
  -----------------------------------------------------------------------------
  Tag                 : DeadCode-ML
  Description         : Dead code exists as the block in file '[FileName]' at line(s) '[LineRange]' is not reachable.
  Violation           : Lint:767
  Module              : css600_apbasyncbridgeslv_core
  HIERARCHY           : gN1B0ApbASB.u_apbasyncbridgeslv_aesdma.u_slv_core
  Statement           :     begin
  LineRange           : 117-119
  FileName            : /storage/project/atlas/design/user/pnson/ATLAS_WORKING/IP/CSSYS/RTL/logical/css600/logical/css600_apbasyncbridge/verilog/css600_apbasyncbridgeslv_core.v
  LineNumber          : 117
  Goal                : BOS_LINT_RULE
  Waiver
    Name              : DeadCode-ML_740
    Comment           : Dead Code LINT warning
    Filename         : vc_waiver.tcl
    Line             : 3
    State            : Waived
  -----------------------------------------------------------------------------
  Tag                 : DeadCode-ML
  Description         : Dead code exists as the block in file '[FileName]' at line(s) '[LineRange]' is not reachable.
  Violation           : Lint:768
  Module              : css600_apbasyncbridgeslv_core
  HIERARCHY           : gN1B0ApbASB.u_apbasyncbridgeslv_aesdma.u_slv_core
  Statement           :     begin
  LineRange           : 180-188
  FileName            : /storage/project/atlas/design/user/pnson/ATLAS_WORKING/IP/CSSYS/RTL/logical/css600/logical/css600_apbasyncbridge/verilog/css600_apbasyncbridgeslv_core.v
  LineNumber          : 180
  Goal                : BOS_LINT_RULE
  Waiver
    Name              : DeadCode-ML_740
    Comment           : Dead Code LINT warning
    Filename         : vc_waiver.tcl
    Line             : 3
    State            : Waived
  -----------------------------------------------------------------------------
  Tag                 : DeadCode-ML
  Description         : Dead code exists as the block in file '[FileName]' at line(s) '[LineRange]' is not reachable.
  Violation           : Lint:769
  Module              : css600_lpislave_fsm
  HIERARCHY           : gN1B0ApbASB.u_apbasyncbridgeslv_aesdma.u_slv_core.u_lpislave_clks.u_css600_lpislave_fsm
  Statement           :       UNUSED_2: begin
  LineRange           : 92-94
  FileName            : /storage/project/atlas/design/user/pnson/ATLAS_WORKING/IP/CSSYS/RTL/logical/css600/logical/shared/css600_lpislave/verilog/css600_lpislave_fsm.v
  LineNumber          : 92
  Goal                : BOS_LINT_RULE
  Waiver
    Name              : DeadCode-ML_740
    Comment           : Dead Code LINT warning
    Filename         : vc_waiver.tcl
    Line             : 3
    State            : Waived
  -----------------------------------------------------------------------------
  Tag                 : DeadCode-ML
  Description         : Dead code exists as the block in file '[FileName]' at line(s) '[LineRange]' is not reachable.
  Violation           : Lint:770
  Module              : css600_lpislave_fsm
  HIERARCHY           : gN1B0ApbASB.u_apbasyncbridgeslv_aesdma.u_slv_core.u_lpislave_clks.u_css600_lpislave_fsm
  Statement           :       UNUSED_3: begin
  LineRange           : 95-97
  FileName            : /storage/project/atlas/design/user/pnson/ATLAS_WORKING/IP/CSSYS/RTL/logical/css600/logical/shared/css600_lpislave/verilog/css600_lpislave_fsm.v
  LineNumber          : 95
  Goal                : BOS_LINT_RULE
  Waiver
    Name              : DeadCode-ML_740
    Comment           : Dead Code LINT warning
    Filename         : vc_waiver.tcl
    Line             : 3
    State            : Waived

  -----------------------------------------------------------------------------
  MissingFsmStateTransition  (0 warning/3 waived)
  -----------------------------------------------------------------------------
  Tag                 : MissingFsmStateTransition
  Description         : FSM '[FsmName]' may have a missing transition pair from '[FromState]' to '[ToState]'
  Violation           : Lint:732
  Module              : AES_CORE_dev
  HIERARCHY           : u_AESDMA_TOP.u_aesdma_top.u_AES_CORE
  FsmName             : r_cur_st
  FromState           : ST_CALC_H2
  ToState             : ST_PROCESS_DATA
  Statement           :                     nxt_st = ST_PROCESS_DATA;
  FileName            : /storage/project/atlas/design/user/pnson/ATLAS_WORKING/IP/AESDMA/RTL/AES_CORE/AES_CORE_dev.v
  LineNumber          : 436
  Goal                : BOS_LINT_RULE
  Waiver
    Name              : MissingFsmStateTransition_719
    Comment           : This FSM is flexible because FSM depends on the bus data width
    Filename         : vc_waiver.tcl
    Line             : 36
    State            : Waived
  -----------------------------------------------------------------------------
  Tag                 : MissingFsmStateTransition
  Description         : FSM '[FsmName]' may have a missing transition pair from '[FromState]' to '[ToState]'
  Violation           : Lint:733
  Module              : AES_CORE_dev
  HIERARCHY           : u_AESDMA_TOP.u_aesdma_top.u_AES_CORE
  FsmName             : r_cur_st
  FromState           : ST_ENC_BEFORE_ENC
  ToState             : ST_CALC_H2
  Statement           :                     nxt_st = (P_AES_CORE_CNT > 1) ? ST_CALC_H2     :
  FileName            : /storage/project/atlas/design/user/pnson/ATLAS_WORKING/IP/AESDMA/RTL/AES_CORE/AES_CORE_dev.v
  LineNumber          : 408
  Goal                : BOS_LINT_RULE
  Waiver
    Name              : MissingFsmStateTransition_719
    Comment           : This FSM is flexible because FSM depends on the bus data width
    Filename         : vc_waiver.tcl
    Line             : 36
    State            : Waived
  -----------------------------------------------------------------------------
  Tag                 : MissingFsmStateTransition
  Description         : FSM '[FsmName]' may have a missing transition pair from '[FromState]' to '[ToState]'
  Violation           : Lint:734
  Module              : AES_CORE_dev
  HIERARCHY           : u_AESDMA_TOP.u_aesdma_top.u_AES_CORE
  FsmName             : r_cur_st
  FromState           : ST_CALC_H2
  ToState             : ST_PROCESS_AAD
  Statement           :                     nxt_st = ST_PROCESS_AAD;
  FileName            : /storage/project/atlas/design/user/pnson/ATLAS_WORKING/IP/AESDMA/RTL/AES_CORE/AES_CORE_dev.v
  LineNumber          : 434
  Goal                : BOS_LINT_RULE
  Waiver
    Name              : MissingFsmStateTransition_719
    Comment           : This FSM is flexible because FSM depends on the bus data width
    Filename         : vc_waiver.tcl
    Line             : 36
    State            : Waived

  -----------------------------------------------------------------------------
  NotReachableFsmState  (0 warning/4 waived)
  -----------------------------------------------------------------------------
  Tag                 : NotReachableFsmState
  Description         : State '[FsmState]' may not be reachable in FSM '[FsmName]'
  Violation           : Lint:735
  Module              : AES_CORE_dev
  HIERARCHY           : u_AESDMA_TOP.u_aesdma_top.u_AES_CORE
  FsmName             : r_cur_st
  FsmState            : ST_CALC_H2
  Statement           :                     nxt_st = (P_AES_CORE_CNT > 1) ? ST_CALC_H2     :
  FileName            : /storage/project/atlas/design/user/pnson/ATLAS_WORKING/IP/AESDMA/RTL/AES_CORE/AES_CORE_dev.v
  LineNumber          : 408
  Goal                : BOS_LINT_RULE
  Waiver
    Name              : NotReachableFsmState_722
    Comment           : AESDMA FSM warning is because of the flexibity for Bus width generalization. Other FSM warning is from generated ARM Async bridge.
    Filename         : vc_waiver.tcl
    Line             : 39
    State            : Waived
  -----------------------------------------------------------------------------
  Tag                 : NotReachableFsmState
  Description         : State '[FsmState]' may not be reachable in FSM '[FsmName]'
  Violation           : Lint:736
  Module              : css600_apbasyncbridgeslv_core
  HIERARCHY           : gN1B0ApbASB.u_apbasyncbridgeslv_aesdma.u_slv_core
  FsmName             : state
  FsmState            : SLVERR
  Statement           :     SLVERR:
  FileName            : /storage/project/atlas/design/user/pnson/ATLAS_WORKING/IP/CSSYS/RTL/logical/css600/logical/css600_apbasyncbridge/verilog/css600_apbasyncbridgeslv_core.v
  LineNumber          : 179
  Goal                : BOS_LINT_RULE
  Waiver
    Name              : NotReachableFsmState_722
    Comment           : AESDMA FSM warning is because of the flexibity for Bus width generalization. Other FSM warning is from generated ARM Async bridge.
    Filename         : vc_waiver.tcl
    Line             : 39
    State            : Waived
  -----------------------------------------------------------------------------
  Tag                 : NotReachableFsmState
  Description         : State '[FsmState]' may not be reachable in FSM '[FsmName]'
  Violation           : Lint:737
  Module              : css600_lpislave_fsm
  HIERARCHY           : gN1B0ApbASB.u_apbasyncbridgeslv_aesdma.u_slv_core.u_lpislave_clks.u_css600_lpislave_fsm
  FsmName             : state
  FsmState            : UNUSED_2
  Statement           :       UNUSED_2: begin
  FileName            : /storage/project/atlas/design/user/pnson/ATLAS_WORKING/IP/CSSYS/RTL/logical/css600/logical/shared/css600_lpislave/verilog/css600_lpislave_fsm.v
  LineNumber          : 92
  Goal                : BOS_LINT_RULE
  Waiver
    Name              : NotReachableFsmState_722
    Comment           : AESDMA FSM warning is because of the flexibity for Bus width generalization. Other FSM warning is from generated ARM Async bridge.
    Filename         : vc_waiver.tcl
    Line             : 39
    State            : Waived
  -----------------------------------------------------------------------------
  Tag                 : NotReachableFsmState
  Description         : State '[FsmState]' may not be reachable in FSM '[FsmName]'
  Violation           : Lint:738
  Module              : css600_lpislave_fsm
  HIERARCHY           : gN1B0ApbASB.u_apbasyncbridgeslv_aesdma.u_slv_core.u_lpislave_clks.u_css600_lpislave_fsm
  FsmName             : state
  FsmState            : UNUSED_3
  Statement           :       UNUSED_3: begin
  FileName            : /storage/project/atlas/design/user/pnson/ATLAS_WORKING/IP/CSSYS/RTL/logical/css600/logical/shared/css600_lpislave/verilog/css600_lpislave_fsm.v
  LineNumber          : 95
  Goal                : BOS_LINT_RULE
  Waiver
    Name              : NotReachableFsmState_722
    Comment           : AESDMA FSM warning is because of the flexibity for Bus width generalization. Other FSM warning is from generated ARM Async bridge.
    Filename         : vc_waiver.tcl
    Line             : 39
    State            : Waived

  -----------------------------------------------------------------------------
  SignedUnsignedExpr-ML  (0 warning/7 waived)
  -----------------------------------------------------------------------------
  Tag                 : SignedUnsignedExpr-ML
  Description         : Unsigned expression '[RTL_EXPRESSION]' used with signed expression '[HdlExp]'[HDL_STATEMENT]
  Violation           : Lint:771
  Goal                : BOS_LINT_RULE
  Module              : BOS_SOC_SYNCHSR_LVT
  FileName            : /storage/project/atlas/design/user/pnson/ATLAS_WORKING/IP/BOS_LIB/bos_logic/LVT/BOS_SOC_SYNCHSR_LVT.v
  LineNumber          : 31
  Statement           :         for (i = 0; i < DW; i = i + 1) begin: sync_inst
  RTL_EXPRESSION      : DW
  HdlExp              : i
  HDL_STATEMENT       :  in comparison
  Waiver
    Name              : SignedUnsignedExpr-ML_799
    Comment           : This is confirmed by designer
    Filename         : vc_waiver.tcl
    Line             : 44
    State            : Waived
  -----------------------------------------------------------------------------
  Tag                 : SignedUnsignedExpr-ML
  Description         : Unsigned expression '[RTL_EXPRESSION]' used with signed expression '[HdlExp]'[HDL_STATEMENT]
  Violation           : Lint:787
  Goal                : BOS_LINT_RULE
  Module              : AESDMA_RD_DESC
  FileName            : /storage/project/atlas/design/user/pnson/ATLAS_WORKING/IP/AESDMA/RTL/AESDMA_CORE/AESDMA_RD_DESC.sv
  LineNumber          : 263
  Statement           :                 n_rdAddr[AXI_ADDR_WD-1:ADDR_BASE_LSB] = r_rdAddr[AXI_ADDR_WD-1:ADDR_BASE_LSB] + {{(AXI_ADDR_WD-ADDR_BASE_LSB-AXI_LEN_WD){1'b0}}, w_rdBurstLen} + 1;
  RTL_EXPRESSION      : AXI_LEN_WD
  HdlExp              : (AXI_ADDR_WD - ADDR_BASE_LSB)
  HDL_STATEMENT       : 
  Waiver
    Name              : SignedUnsignedExpr-ML_799
    Comment           : This is confirmed by designer
    Filename         : vc_waiver.tcl
    Line             : 44
    State            : Waived
  -----------------------------------------------------------------------------
  Tag                 : SignedUnsignedExpr-ML
  Description         : Unsigned expression '[RTL_EXPRESSION]' used with signed expression '[HdlExp]'[HDL_STATEMENT]
  Violation           : Lint:788
  Goal                : BOS_LINT_RULE
  Module              : AESDMA_RD_DESC
  FileName            : /storage/project/atlas/design/user/pnson/ATLAS_WORKING/IP/AESDMA/RTL/AESDMA_CORE/AESDMA_RD_DESC.sv
  LineNumber          : 276
  Statement           :                 n_rdAddr[AXI_ADDR_WD-1:ADDR_BASE_LSB] = r_rdAddr[AXI_ADDR_WD-1:ADDR_BASE_LSB] + {{(AXI_ADDR_WD-ADDR_BASE_LSB-AXI_LEN_WD){1'b0}}, w_rdBurstLen} + 1;
  RTL_EXPRESSION      : AXI_LEN_WD
  HdlExp              : (AXI_ADDR_WD - ADDR_BASE_LSB)
  HDL_STATEMENT       : 
  Waiver
    Name              : SignedUnsignedExpr-ML_799
    Comment           : This is confirmed by designer
    Filename         : vc_waiver.tcl
    Line             : 44
    State            : Waived
  -----------------------------------------------------------------------------
  Tag                 : SignedUnsignedExpr-ML
  Description         : Unsigned expression '[RTL_EXPRESSION]' used with signed expression '[HdlExp]'[HDL_STATEMENT]
  Violation           : Lint:830
  Goal                : BOS_LINT_RULE
  Module              : AES_CORE_dev
  FileName            : /storage/project/atlas/design/user/pnson/ATLAS_WORKING/IP/AESDMA/RTL/AES_CORE/AES_CORE_dev.v
  LineNumber          : 1403
  Statement           :     for(p=0; p < P_AES_CLUSTER_CNT; p = p + 1) begin: AES_CLUSTER_OP
  RTL_EXPRESSION      : P_AES_CLUSTER_CNT
  HdlExp              : p
  HDL_STATEMENT       :  in comparison
  Waiver
    Name              : SignedUnsignedExpr-ML_799
    Comment           : This is confirmed by designer
    Filename         : vc_waiver.tcl
    Line             : 44
    State            : Waived
  -----------------------------------------------------------------------------
  Tag                 : SignedUnsignedExpr-ML
  Description         : Unsigned expression '[RTL_EXPRESSION]' used with signed expression '[HdlExp]'[HDL_STATEMENT]
  Violation           : Lint:831
  Goal                : BOS_LINT_RULE
  Module              : AES_CORE_dev
  FileName            : /storage/project/atlas/design/user/pnson/ATLAS_WORKING/IP/AESDMA/RTL/AES_CORE/AES_CORE_dev.v
  LineNumber          : 1581
  Statement           :                         else if (I_AES_ENC_DEC_MODE && r_enc_in_ready[r_cur_aes_in_idx] &&
  RTL_EXPRESSION      : r_cur_aes_in_idx
  HdlExp              : (p - 1)
  HDL_STATEMENT       :  in comparison
  Waiver
    Name              : SignedUnsignedExpr-ML_799
    Comment           : This is confirmed by designer
    Filename         : vc_waiver.tcl
    Line             : 44
    State            : Waived
  -----------------------------------------------------------------------------
  Tag                 : SignedUnsignedExpr-ML
  Description         : Unsigned expression '[RTL_EXPRESSION]' used with signed expression '[HdlExp]'[HDL_STATEMENT]
  Violation           : Lint:832
  Goal                : BOS_LINT_RULE
  Module              : AES_CORE_dev
  FileName            : /storage/project/atlas/design/user/pnson/ATLAS_WORKING/IP/AESDMA/RTL/AES_CORE/AES_CORE_dev.v
  LineNumber          : 1889
  Statement           :     for(p=0; p < P_AES_CLUSTER_CNT; p = p + 1) begin: gen_enc_J_cipher_or_in_0
  RTL_EXPRESSION      : P_AES_CLUSTER_CNT
  HdlExp              : p
  HDL_STATEMENT       :  in comparison
  Waiver
    Name              : SignedUnsignedExpr-ML_799
    Comment           : This is confirmed by designer
    Filename         : vc_waiver.tcl
    Line             : 44
    State            : Waived
  -----------------------------------------------------------------------------
  Tag                 : SignedUnsignedExpr-ML
  Description         : Unsigned expression '[RTL_EXPRESSION]' used with signed expression '[HdlExp]'[HDL_STATEMENT]
  Violation           : Lint:833
  Goal                : BOS_LINT_RULE
  Module              : AES_CORE_dev
  FileName            : /storage/project/atlas/design/user/pnson/ATLAS_WORKING/IP/AESDMA/RTL/AES_CORE/AES_CORE_dev.v
  LineNumber          : 2032
  Statement           :     for(p=0; p < P_AES_CLUSTER_CNT; p = p + 1) begin: gen_mdata_for_cfb_or_in_0
  RTL_EXPRESSION      : P_AES_CLUSTER_CNT
  HdlExp              : p
  HDL_STATEMENT       :  in comparison
  Waiver
    Name              : SignedUnsignedExpr-ML_799
    Comment           : This is confirmed by designer
    Filename         : vc_waiver.tcl
    Line             : 44
    State            : Waived

  -----------------------------------------------------------------------------
  W164a  (0 warning/56 waived)
  -----------------------------------------------------------------------------
  Tag                 : W164a
  Description         : LHS[NodeName]: '[LHSExpr]' width [LHS_Size] is less than RHS: '[RHSExpr]' width [RHS_Size] in[NodeType] assignment [Hierarchy: '[HIERARCHY]']
  Violation           : Lint:772
  Goal                : BOS_LINT_RULE
  Module              : AESDMA_TOP
  FileName            : /storage/project/atlas/design/user/pnson/ATLAS_WORKING/IP/AESDMA/RTL/AESDMA_CORE/AESDMA_TOP.v
  LineNumber          : 1288
  Statement           :                     r_axidma_2d_rd_ar_x_start_addr        <= r_axidma_3d_rd_ar_xy_start_addr + w_axidma_3d_rd_xy_stride_mux;
  NodeName            : 
  LHSExpr             : r_axidma_2d_rd_ar_x_start_addr
  LHS_Size            : 44
  RHSExpr             : (r_axidma_3d_rd_ar_xy_start_addr + w_axidma_3d_rd_xy_stride_mux)
  RHS_Size            : 45
  NodeType            : 
  HIERARCHY           : :BOS_AESDMA:u_AESDMA_TOP@AESDMA_TOP_DCLS:u_aesdma_top@AESDMA_TOP
  Waiver
    Name              : W164a_785
    Comment           : These counters updating logic are confirmed by designer
    Filename         : vc_waiver.tcl
    Line             : 51
    State            : Waived
  -----------------------------------------------------------------------------
  Tag                 : W164a
  Description         : LHS[NodeName]: '[LHSExpr]' width [LHS_Size] is less than RHS: '[RHSExpr]' width [RHS_Size] in[NodeType] assignment [Hierarchy: '[HIERARCHY]']
  Violation           : Lint:773
  Goal                : BOS_LINT_RULE
  Module              : AESDMA_TOP
  FileName            : /storage/project/atlas/design/user/pnson/ATLAS_WORKING/IP/AESDMA/RTL/AESDMA_CORE/AESDMA_TOP.v
  LineNumber          : 1289
  Statement           :                     r_axidma_3d_rd_ar_xy_start_addr       <= r_axidma_3d_rd_ar_xy_start_addr + w_axidma_3d_rd_xy_stride_mux;
  NodeName            : 
  LHSExpr             : r_axidma_3d_rd_ar_xy_start_addr
  LHS_Size            : 44
  RHSExpr             : (r_axidma_3d_rd_ar_xy_start_addr + w_axidma_3d_rd_xy_stride_mux)
  RHS_Size            : 45
  NodeType            : 
  HIERARCHY           : :BOS_AESDMA:u_AESDMA_TOP@AESDMA_TOP_DCLS:u_aesdma_top@AESDMA_TOP
  Waiver
    Name              : W164a_785
    Comment           : These counters updating logic are confirmed by designer
    Filename         : vc_waiver.tcl
    Line             : 51
    State            : Waived
  -----------------------------------------------------------------------------
  Tag                 : W164a
  Description         : LHS[NodeName]: '[LHSExpr]' width [LHS_Size] is less than RHS: '[RHSExpr]' width [RHS_Size] in[NodeType] assignment [Hierarchy: '[HIERARCHY]']
  Violation           : Lint:774
  Goal                : BOS_LINT_RULE
  Module              : AESDMA_TOP
  FileName            : /storage/project/atlas/design/user/pnson/ATLAS_WORKING/IP/AESDMA/RTL/AESDMA_CORE/AESDMA_TOP.v
  LineNumber          : 1293
  Statement           :                     r_axidma_2d_rd_ar_x_start_addr        <= r_axidma_2d_rd_ar_x_start_addr + w_axidma_2d_rd_x_stride_mux;
  NodeName            : 
  LHSExpr             : r_axidma_2d_rd_ar_x_start_addr
  LHS_Size            : 44
  RHSExpr             : (r_axidma_2d_rd_ar_x_start_addr + w_axidma_2d_rd_x_stride_mux)
  RHS_Size            : 45
  NodeType            : 
  HIERARCHY           : :BOS_AESDMA:u_AESDMA_TOP@AESDMA_TOP_DCLS:u_aesdma_top@AESDMA_TOP
  Waiver
    Name              : W164a_785
    Comment           : These counters updating logic are confirmed by designer
    Filename         : vc_waiver.tcl
    Line             : 51
    State            : Waived
  -----------------------------------------------------------------------------
  Tag                 : W164a
  Description         : LHS[NodeName]: '[LHSExpr]' width [LHS_Size] is less than RHS: '[RHSExpr]' width [RHS_Size] in[NodeType] assignment [Hierarchy: '[HIERARCHY]']
  Violation           : Lint:775
  Goal                : BOS_LINT_RULE
  Module              : AESDMA_TOP
  FileName            : /storage/project/atlas/design/user/pnson/ATLAS_WORKING/IP/AESDMA/RTL/AESDMA_CORE/AESDMA_TOP.v
  LineNumber          : 1395
  Statement           :                     r_axidma_2d_rd_r_x_start_addr        <= r_axidma_3d_rd_r_xy_start_addr + w_axidma_3d_rd_xy_stride_mux;
  NodeName            : 
  LHSExpr             : r_axidma_2d_rd_r_x_start_addr
  LHS_Size            : 44
  RHSExpr             : (r_axidma_3d_rd_r_xy_start_addr + w_axidma_3d_rd_xy_stride_mux)
  RHS_Size            : 45
  NodeType            : 
  HIERARCHY           : :BOS_AESDMA:u_AESDMA_TOP@AESDMA_TOP_DCLS:u_aesdma_top@AESDMA_TOP
  Waiver
    Name              : W164a_785
    Comment           : These counters updating logic are confirmed by designer
    Filename         : vc_waiver.tcl
    Line             : 51
    State            : Waived
  -----------------------------------------------------------------------------
  Tag                 : W164a
  Description         : LHS[NodeName]: '[LHSExpr]' width [LHS_Size] is less than RHS: '[RHSExpr]' width [RHS_Size] in[NodeType] assignment [Hierarchy: '[HIERARCHY]']
  Violation           : Lint:776
  Goal                : BOS_LINT_RULE
  Module              : AESDMA_TOP
  FileName            : /storage/project/atlas/design/user/pnson/ATLAS_WORKING/IP/AESDMA/RTL/AESDMA_CORE/AESDMA_TOP.v
  LineNumber          : 1396
  Statement           :                     r_axidma_3d_rd_r_xy_start_addr       <= r_axidma_3d_rd_r_xy_start_addr + w_axidma_3d_rd_xy_stride_mux;
  NodeName            : 
  LHSExpr             : r_axidma_3d_rd_r_xy_start_addr
  LHS_Size            : 44
  RHSExpr             : (r_axidma_3d_rd_r_xy_start_addr + w_axidma_3d_rd_xy_stride_mux)
  RHS_Size            : 45
  NodeType            : 
  HIERARCHY           : :BOS_AESDMA:u_AESDMA_TOP@AESDMA_TOP_DCLS:u_aesdma_top@AESDMA_TOP
  Waiver
    Name              : W164a_785
    Comment           : These counters updating logic are confirmed by designer
    Filename         : vc_waiver.tcl
    Line             : 51
    State            : Waived
  -----------------------------------------------------------------------------
  Tag                 : W164a
  Description         : LHS[NodeName]: '[LHSExpr]' width [LHS_Size] is less than RHS: '[RHSExpr]' width [RHS_Size] in[NodeType] assignment [Hierarchy: '[HIERARCHY]']
  Violation           : Lint:777
  Goal                : BOS_LINT_RULE
  Module              : AESDMA_TOP
  FileName            : /storage/project/atlas/design/user/pnson/ATLAS_WORKING/IP/AESDMA/RTL/AESDMA_CORE/AESDMA_TOP.v
  LineNumber          : 1400
  Statement           :                     r_axidma_2d_rd_r_x_start_addr        <= r_axidma_2d_rd_r_x_start_addr + w_axidma_2d_rd_x_stride_mux;
  NodeName            : 
  LHSExpr             : r_axidma_2d_rd_r_x_start_addr
  LHS_Size            : 44
  RHSExpr             : (r_axidma_2d_rd_r_x_start_addr + w_axidma_2d_rd_x_stride_mux)
  RHS_Size            : 45
  NodeType            : 
  HIERARCHY           : :BOS_AESDMA:u_AESDMA_TOP@AESDMA_TOP_DCLS:u_aesdma_top@AESDMA_TOP
  Waiver
    Name              : W164a_785
    Comment           : These counters updating logic are confirmed by designer
    Filename         : vc_waiver.tcl
    Line             : 51
    State            : Waived
  -----------------------------------------------------------------------------
  Tag                 : W164a
  Description         : LHS[NodeName]: '[LHSExpr]' width [LHS_Size] is less than RHS: '[RHSExpr]' width [RHS_Size] in[NodeType] assignment [Hierarchy: '[HIERARCHY]']
  Violation           : Lint:778
  Goal                : BOS_LINT_RULE
  Module              : AESDMA_TOP
  FileName            : /storage/project/atlas/design/user/pnson/ATLAS_WORKING/IP/AESDMA/RTL/AESDMA_CORE/AESDMA_TOP.v
  LineNumber          : 1500
  Statement           :                     r_axidma_2d_wr_aw_x_start_addr      <= r_axidma_3d_wr_aw_xy_start_addr + w_axidma_3d_wr_xy_stride_mux;
  NodeName            : 
  LHSExpr             : r_axidma_2d_wr_aw_x_start_addr
  LHS_Size            : 44
  RHSExpr             : (r_axidma_3d_wr_aw_xy_start_addr + w_axidma_3d_wr_xy_stride_mux)
  RHS_Size            : 45
  NodeType            : 
  HIERARCHY           : :BOS_AESDMA:u_AESDMA_TOP@AESDMA_TOP_DCLS:u_aesdma_top@AESDMA_TOP
  Waiver
    Name              : W164a_785
    Comment           : These counters updating logic are confirmed by designer
    Filename         : vc_waiver.tcl
    Line             : 51
    State            : Waived
  -----------------------------------------------------------------------------
  Tag                 : W164a
  Description         : LHS[NodeName]: '[LHSExpr]' width [LHS_Size] is less than RHS: '[RHSExpr]' width [RHS_Size] in[NodeType] assignment [Hierarchy: '[HIERARCHY]']
  Violation           : Lint:779
  Goal                : BOS_LINT_RULE
  Module              : AESDMA_TOP
  FileName            : /storage/project/atlas/design/user/pnson/ATLAS_WORKING/IP/AESDMA/RTL/AESDMA_CORE/AESDMA_TOP.v
  LineNumber          : 1501
  Statement           :                     r_axidma_3d_wr_aw_xy_start_addr     <= r_axidma_3d_wr_aw_xy_start_addr + w_axidma_3d_wr_xy_stride_mux;
  NodeName            : 
  LHSExpr             : r_axidma_3d_wr_aw_xy_start_addr
  LHS_Size            : 44
  RHSExpr             : (r_axidma_3d_wr_aw_xy_start_addr + w_axidma_3d_wr_xy_stride_mux)
  RHS_Size            : 45
  NodeType            : 
  HIERARCHY           : :BOS_AESDMA:u_AESDMA_TOP@AESDMA_TOP_DCLS:u_aesdma_top@AESDMA_TOP
  Waiver
    Name              : W164a_785
    Comment           : These counters updating logic are confirmed by designer
    Filename         : vc_waiver.tcl
    Line             : 51
    State            : Waived
  -----------------------------------------------------------------------------
  Tag                 : W164a
  Description         : LHS[NodeName]: '[LHSExpr]' width [LHS_Size] is less than RHS: '[RHSExpr]' width [RHS_Size] in[NodeType] assignment [Hierarchy: '[HIERARCHY]']
  Violation           : Lint:780
  Goal                : BOS_LINT_RULE
  Module              : AESDMA_TOP
  FileName            : /storage/project/atlas/design/user/pnson/ATLAS_WORKING/IP/AESDMA/RTL/AESDMA_CORE/AESDMA_TOP.v
  LineNumber          : 1505
  Statement           :                     r_axidma_2d_wr_aw_x_start_addr      <= r_axidma_2d_wr_aw_x_start_addr + w_axidma_2d_wr_x_stride_mux;
  NodeName            : 
  LHSExpr             : r_axidma_2d_wr_aw_x_start_addr
  LHS_Size            : 44
  RHSExpr             : (r_axidma_2d_wr_aw_x_start_addr + w_axidma_2d_wr_x_stride_mux)
  RHS_Size            : 45
  NodeType            : 
  HIERARCHY           : :BOS_AESDMA:u_AESDMA_TOP@AESDMA_TOP_DCLS:u_aesdma_top@AESDMA_TOP
  Waiver
    Name              : W164a_785
    Comment           : These counters updating logic are confirmed by designer
    Filename         : vc_waiver.tcl
    Line             : 51
    State            : Waived
  -----------------------------------------------------------------------------
  Tag                 : W164a
  Description         : LHS[NodeName]: '[LHSExpr]' width [LHS_Size] is less than RHS: '[RHSExpr]' width [RHS_Size] in[NodeType] assignment [Hierarchy: '[HIERARCHY]']
  Violation           : Lint:781
  Goal                : BOS_LINT_RULE
  Module              : AESDMA_DOORBELL
  FileName            : /storage/project/atlas/design/user/pnson/ATLAS_WORKING/IP/AESDMA/RTL/AESDMA_CORE/AESDMA_DOORBELL.v
  LineNumber          : 110
  Statement           : assign O_RdDesc_StartAddr   = (r_active_bd_num != 0)? I_Doorbell_BaseAddr + BD_SIZE_IN_BYTE * (r_active_bd_num-1) : {AXI_ADDR_WD{1'b0}};
  NodeName            : 
  LHSExpr             : O_RdDesc_StartAddr
  LHS_Size            : 44
  RHSExpr             : (I_Doorbell_BaseAddr + (BD_SIZE_IN_BYTE * (r_active_bd_num - 1)))
  RHS_Size            : 45
  NodeType            : 
  HIERARCHY           : :BOS_AESDMA:u_AESDMA_TOP@AESDMA_TOP_DCLS:u_aesdma_top@AESDMA_TOP:u_AESDMA_DOORBELL@AESDMA_DOORBELL
  Waiver
    Name              : W164a_785
    Comment           : These counters updating logic are confirmed by designer
    Filename         : vc_waiver.tcl
    Line             : 51
    State            : Waived
  -----------------------------------------------------------------------------
  Tag                 : W164a
  Description         : LHS[NodeName]: '[LHSExpr]' width [LHS_Size] is less than RHS: '[RHSExpr]' width [RHS_Size] in[NodeType] assignment [Hierarchy: '[HIERARCHY]']
  Violation           : Lint:783
  Goal                : BOS_LINT_RULE
  Module              : AESDMA_RD_DESC
  FileName            : /storage/project/atlas/design/user/pnson/ATLAS_WORKING/IP/AESDMA/RTL/AESDMA_CORE/AESDMA_RD_DESC.sv
  LineNumber          : 196
  Statement           :         r_rCnt <= r_rCnt + O_ArLen;
  NodeName            : 
  LHSExpr             : r_rCnt
  LHS_Size            : 6
  RHSExpr             : (r_rCnt + O_ArLen)
  RHS_Size            : 7
  NodeType            : 
  HIERARCHY           : :BOS_AESDMA:u_AESDMA_TOP@AESDMA_TOP_DCLS:u_aesdma_top@AESDMA_TOP:u_AESDMA_RD_DESC@AESDMA_RD_DESC
  Waiver
    Name              : W164a_785
    Comment           : These counters updating logic are confirmed by designer
    Filename         : vc_waiver.tcl
    Line             : 51
    State            : Waived
  -----------------------------------------------------------------------------
  Tag                 : W164a
  Description         : LHS[NodeName]: '[LHSExpr]' width [LHS_Size] is less than RHS: '[RHSExpr]' width [RHS_Size] in[NodeType] assignment [Hierarchy: '[HIERARCHY]']
  Violation           : Lint:784
  Goal                : BOS_LINT_RULE
  Module              : AESDMA_RD_DESC
  FileName            : /storage/project/atlas/design/user/pnson/ATLAS_WORKING/IP/AESDMA/RTL/AESDMA_CORE/AESDMA_RD_DESC.sv
  LineNumber          : 198
  Statement           :         r_rCnt <= r_rCnt + O_ArLen + 1;
  NodeName            : 
  LHSExpr             : r_rCnt
  LHS_Size            : 6
  RHSExpr             : ((r_rCnt + O_ArLen) + 1)
  RHS_Size            : 7
  NodeType            : 
  HIERARCHY           : :BOS_AESDMA:u_AESDMA_TOP@AESDMA_TOP_DCLS:u_aesdma_top@AESDMA_TOP:u_AESDMA_RD_DESC@AESDMA_RD_DESC
  Waiver
    Name              : W164a_785
    Comment           : These counters updating logic are confirmed by designer
    Filename         : vc_waiver.tcl
    Line             : 51
    State            : Waived
  -----------------------------------------------------------------------------
  Tag                 : W164a
  Description         : LHS[NodeName]: '[LHSExpr]' width [LHS_Size] is less than RHS: '[RHSExpr]' width [RHS_Size] in[NodeType] assignment [Hierarchy: '[HIERARCHY]']
  Violation           : Lint:785
  Goal                : BOS_LINT_RULE
  Module              : AESDMA_RD_DESC
  FileName            : /storage/project/atlas/design/user/pnson/ATLAS_WORKING/IP/AESDMA/RTL/AESDMA_CORE/AESDMA_RD_DESC.sv
  LineNumber          : 263
  Statement           :                 n_rdAddr[AXI_ADDR_WD-1:ADDR_BASE_LSB] = r_rdAddr[AXI_ADDR_WD-1:ADDR_BASE_LSB] + {{(AXI_ADDR_WD-ADDR_BASE_LSB-AXI_LEN_WD){1'b0}}, w_rdBurstLen} + 1;
  NodeName            : 
  LHSExpr             : n_rdAddr[(AXI_ADDR_WD - 1):ADDR_BASE_LSB] 
  LHS_Size            : 40
  RHSExpr             : ((r_rdAddr[(AXI_ADDR_WD - 1):ADDR_BASE_LSB]  + {{ ((AXI_ADDR_WD - ADDR_BASE_LSB) - AXI_LEN_WD){ 1'b0} }  ,w_rdBurstLen}) + 1)
  RHS_Size            : 41
  NodeType            : 
  HIERARCHY           : :BOS_AESDMA:u_AESDMA_TOP@AESDMA_TOP_DCLS:u_aesdma_top@AESDMA_TOP:u_AESDMA_RD_DESC@AESDMA_RD_DESC
  Waiver
    Name              : W164a_785
    Comment           : These counters updating logic are confirmed by designer
    Filename         : vc_waiver.tcl
    Line             : 51
    State            : Waived
  -----------------------------------------------------------------------------
  Tag                 : W164a
  Description         : LHS[NodeName]: '[LHSExpr]' width [LHS_Size] is less than RHS: '[RHSExpr]' width [RHS_Size] in[NodeType] assignment [Hierarchy: '[HIERARCHY]']
  Violation           : Lint:786
  Goal                : BOS_LINT_RULE
  Module              : AESDMA_RD_DESC
  FileName            : /storage/project/atlas/design/user/pnson/ATLAS_WORKING/IP/AESDMA/RTL/AESDMA_CORE/AESDMA_RD_DESC.sv
  LineNumber          : 276
  Statement           :                 n_rdAddr[AXI_ADDR_WD-1:ADDR_BASE_LSB] = r_rdAddr[AXI_ADDR_WD-1:ADDR_BASE_LSB] + {{(AXI_ADDR_WD-ADDR_BASE_LSB-AXI_LEN_WD){1'b0}}, w_rdBurstLen} + 1;
  NodeName            : 
  LHSExpr             : n_rdAddr[(AXI_ADDR_WD - 1):ADDR_BASE_LSB] 
  LHS_Size            : 40
  RHSExpr             : ((r_rdAddr[(AXI_ADDR_WD - 1):ADDR_BASE_LSB]  + {{ ((AXI_ADDR_WD - ADDR_BASE_LSB) - AXI_LEN_WD){ 1'b0} }  ,w_rdBurstLen}) + 1)
  RHS_Size            : 41
  NodeType            : 
  HIERARCHY           : :BOS_AESDMA:u_AESDMA_TOP@AESDMA_TOP_DCLS:u_aesdma_top@AESDMA_TOP:u_AESDMA_RD_DESC@AESDMA_RD_DESC
  Waiver
    Name              : W164a_785
    Comment           : These counters updating logic are confirmed by designer
    Filename         : vc_waiver.tcl
    Line             : 51
    State            : Waived
  -----------------------------------------------------------------------------
  Tag                 : W164a
  Description         : LHS[NodeName]: '[LHSExpr]' width [LHS_Size] is less than RHS: '[RHSExpr]' width [RHS_Size] in[NodeType] assignment [Hierarchy: '[HIERARCHY]']
  Violation           : Lint:789
  Goal                : BOS_LINT_RULE
  Module              : AESDMA_RDCORE
  FileName            : /storage/project/atlas/design/user/pnson/ATLAS_WORKING/IP/AESDMA/RTL/AESDMA_CORE/AESDMA_RDCORE.sv
  LineNumber          : 450
  Statement           :         r_rCnt_for_AXI <= r_rCnt_for_AXI + O_ArLen;
  NodeName            : 
  LHSExpr             : r_rCnt_for_AXI
  LHS_Size            : 9
  RHSExpr             : (r_rCnt_for_AXI + O_ArLen)
  RHS_Size            : 10
  NodeType            : 
  HIERARCHY           : :BOS_AESDMA:u_AESDMA_TOP@AESDMA_TOP_DCLS:u_aesdma_top@AESDMA_TOP:u_AESDMA_RDCORE@AESDMA_RDCORE
  Waiver
    Name              : W164a_785
    Comment           : These counters updating logic are confirmed by designer
    Filename         : vc_waiver.tcl
    Line             : 51
    State            : Waived
  -----------------------------------------------------------------------------
  Tag                 : W164a
  Description         : LHS[NodeName]: '[LHSExpr]' width [LHS_Size] is less than RHS: '[RHSExpr]' width [RHS_Size] in[NodeType] assignment [Hierarchy: '[HIERARCHY]']
  Violation           : Lint:790
  Goal                : BOS_LINT_RULE
  Module              : AESDMA_RDCORE
  FileName            : /storage/project/atlas/design/user/pnson/ATLAS_WORKING/IP/AESDMA/RTL/AESDMA_CORE/AESDMA_RDCORE.sv
  LineNumber          : 452
  Statement           :         r_rCnt_for_AXI <= r_rCnt_for_AXI + O_ArLen + 1;
  NodeName            : 
  LHSExpr             : r_rCnt_for_AXI
  LHS_Size            : 9
  RHSExpr             : ((r_rCnt_for_AXI + O_ArLen) + 1)
  RHS_Size            : 10
  NodeType            : 
  HIERARCHY           : :BOS_AESDMA:u_AESDMA_TOP@AESDMA_TOP_DCLS:u_aesdma_top@AESDMA_TOP:u_AESDMA_RDCORE@AESDMA_RDCORE
  Waiver
    Name              : W164a_785
    Comment           : These counters updating logic are confirmed by designer
    Filename         : vc_waiver.tcl
    Line             : 51
    State            : Waived
  -----------------------------------------------------------------------------
  Tag                 : W164a
  Description         : LHS[NodeName]: '[LHSExpr]' width [LHS_Size] is less than RHS: '[RHSExpr]' width [RHS_Size] in[NodeType] assignment [Hierarchy: '[HIERARCHY]']
  Violation           : Lint:791
  Goal                : BOS_LINT_RULE
  Module              : AESDMA_RDCORE
  FileName            : /storage/project/atlas/design/user/pnson/ATLAS_WORKING/IP/AESDMA/RTL/AESDMA_CORE/AESDMA_RDCORE.sv
  LineNumber          : 526
  Statement           :                 n_rdAddr[AXI_ADDR_WD-1:ADDR_BASE_LSB] = r_rdAddr[AXI_ADDR_WD-1:ADDR_BASE_LSB] +  {{(AXI_ADDR_WD-ADDR_BASE_LSB-AXI_LEN_WD){1'b0}}, w_rdBurstLen} + 1;
  NodeName            : 
  LHSExpr             : n_rdAddr[(AXI_ADDR_WD - 1):ADDR_BASE_LSB] 
  LHS_Size            : 40
  RHSExpr             : ((r_rdAddr[(AXI_ADDR_WD - 1):ADDR_BASE_LSB]  + {{ ((AXI_ADDR_WD - ADDR_BASE_LSB) - AXI_LEN_WD){ 1'b0} }  ,w_rdBurstLen}) + 1)
  RHS_Size            : 41
  NodeType            : 
  HIERARCHY           : :BOS_AESDMA:u_AESDMA_TOP@AESDMA_TOP_DCLS:u_aesdma_top@AESDMA_TOP:u_AESDMA_RDCORE@AESDMA_RDCORE
  Waiver
    Name              : W164a_785
    Comment           : These counters updating logic are confirmed by designer
    Filename         : vc_waiver.tcl
    Line             : 51
    State            : Waived
  -----------------------------------------------------------------------------
  Tag                 : W164a
  Description         : LHS[NodeName]: '[LHSExpr]' width [LHS_Size] is less than RHS: '[RHSExpr]' width [RHS_Size] in[NodeType] assignment [Hierarchy: '[HIERARCHY]']
  Violation           : Lint:792
  Goal                : BOS_LINT_RULE
  Module              : AESDMA_RDCORE
  FileName            : /storage/project/atlas/design/user/pnson/ATLAS_WORKING/IP/AESDMA/RTL/AESDMA_CORE/AESDMA_RDCORE.sv
  LineNumber          : 554
  Statement           :                 n_rdAddr[AXI_ADDR_WD-1:ADDR_BASE_LSB] = r_rdAddr[AXI_ADDR_WD-1:ADDR_BASE_LSB] + {{(AXI_ADDR_WD-ADDR_BASE_LSB-AXI_LEN_WD){1'b0}}, w_rdBurstLen} + 1;
  NodeName            : 
  LHSExpr             : n_rdAddr[(AXI_ADDR_WD - 1):ADDR_BASE_LSB] 
  LHS_Size            : 40
  RHSExpr             : ((r_rdAddr[(AXI_ADDR_WD - 1):ADDR_BASE_LSB]  + {{ ((AXI_ADDR_WD - ADDR_BASE_LSB) - AXI_LEN_WD){ 1'b0} }  ,w_rdBurstLen}) + 1)
  RHS_Size            : 41
  NodeType            : 
  HIERARCHY           : :BOS_AESDMA:u_AESDMA_TOP@AESDMA_TOP_DCLS:u_aesdma_top@AESDMA_TOP:u_AESDMA_RDCORE@AESDMA_RDCORE
  Waiver
    Name              : W164a_785
    Comment           : These counters updating logic are confirmed by designer
    Filename         : vc_waiver.tcl
    Line             : 51
    State            : Waived
  -----------------------------------------------------------------------------
  Tag                 : W164a
  Description         : LHS[NodeName]: '[LHSExpr]' width [LHS_Size] is less than RHS: '[RHSExpr]' width [RHS_Size] in[NodeType] assignment [Hierarchy: '[HIERARCHY]']
  Violation           : Lint:793
  Goal                : BOS_LINT_RULE
  Module              : AESDMA_RDCORE
  FileName            : /storage/project/atlas/design/user/pnson/ATLAS_WORKING/IP/AESDMA/RTL/AESDMA_CORE/AESDMA_RDCORE.sv
  LineNumber          : 615
  Statement           :                 n_rdAddr_R[AXI_ADDR_WD-1:ADDR_BASE_LSB] = r_rdAddr_R[AXI_ADDR_WD-1:ADDR_BASE_LSB] + {{(AXI_ADDR_WD-ADDR_BASE_LSB-AXI_LEN_WD){1'b0}}, w_rdBurstLen} + 1;
  NodeName            : 
  LHSExpr             : n_rdAddr_R[(AXI_ADDR_WD - 1):ADDR_BASE_LSB] 
  LHS_Size            : 40
  RHSExpr             : ((r_rdAddr_R[(AXI_ADDR_WD - 1):ADDR_BASE_LSB]  + {{ ((AXI_ADDR_WD - ADDR_BASE_LSB) - AXI_LEN_WD){ 1'b0} }  ,w_rdBurstLen}) + 1)
  RHS_Size            : 41
  NodeType            : 
  HIERARCHY           : :BOS_AESDMA:u_AESDMA_TOP@AESDMA_TOP_DCLS:u_aesdma_top@AESDMA_TOP:u_AESDMA_RDCORE@AESDMA_RDCORE
  Waiver
    Name              : W164a_785
    Comment           : These counters updating logic are confirmed by designer
    Filename         : vc_waiver.tcl
    Line             : 51
    State            : Waived
  -----------------------------------------------------------------------------
  Tag                 : W164a
  Description         : LHS[NodeName]: '[LHSExpr]' width [LHS_Size] is less than RHS: '[RHSExpr]' width [RHS_Size] in[NodeType] assignment [Hierarchy: '[HIERARCHY]']
  Violation           : Lint:794
  Goal                : BOS_LINT_RULE
  Module              : AESDMA_RDCORE
  FileName            : /storage/project/atlas/design/user/pnson/ATLAS_WORKING/IP/AESDMA/RTL/AESDMA_CORE/AESDMA_RDCORE.sv
  LineNumber          : 636
  Statement           :                 n_rdAddr_R[AXI_ADDR_WD-1:ADDR_BASE_LSB] = r_rdAddr_R[AXI_ADDR_WD-1:ADDR_BASE_LSB] + {{(AXI_ADDR_WD-ADDR_BASE_LSB-AXI_LEN_WD){1'b0}}, w_rdBurstLen} + 1;
  NodeName            : 
  LHSExpr             : n_rdAddr_R[(AXI_ADDR_WD - 1):ADDR_BASE_LSB] 
  LHS_Size            : 40
  RHSExpr             : ((r_rdAddr_R[(AXI_ADDR_WD - 1):ADDR_BASE_LSB]  + {{ ((AXI_ADDR_WD - ADDR_BASE_LSB) - AXI_LEN_WD){ 1'b0} }  ,w_rdBurstLen}) + 1)
  RHS_Size            : 41
  NodeType            : 
  HIERARCHY           : :BOS_AESDMA:u_AESDMA_TOP@AESDMA_TOP_DCLS:u_aesdma_top@AESDMA_TOP:u_AESDMA_RDCORE@AESDMA_RDCORE
  Waiver
    Name              : W164a_785
    Comment           : These counters updating logic are confirmed by designer
    Filename         : vc_waiver.tcl
    Line             : 51
    State            : Waived
  -----------------------------------------------------------------------------
  Tag                 : W164a
  Description         : LHS[NodeName]: '[LHSExpr]' width [LHS_Size] is less than RHS: '[RHSExpr]' width [RHS_Size] in[NodeType] assignment [Hierarchy: '[HIERARCHY]']
  Violation           : Lint:798
  Goal                : BOS_LINT_RULE
  Module              : AESDMA_REORDER_BUF
  FileName            : /storage/project/atlas/design/user/pnson/ATLAS_WORKING/IP/AESDMA/RTL/AESDMA_CORE/AESDMA_REORDER_BUF.sv
  LineNumber          : 189
  Statement           :     w_sram_write_addr = rd_table[w_dest_table_id].start_addr + rd_table[w_dest_table_id].burst_cnt;
  NodeName            : 
  LHSExpr             : w_sram_write_addr
  LHS_Size            : 9
  RHSExpr             : (rd_table[w_dest_table_id].start_addr + rd_table[w_dest_table_id].burst_cnt)
  RHS_Size            : 10
  NodeType            : 
  HIERARCHY           : :BOS_AESDMA:u_AESDMA_TOP@AESDMA_TOP_DCLS:u_aesdma_top@AESDMA_TOP:u_AESDMA_RDCORE@AESDMA_RDCORE:u_AESDMA_REORDER_BUF@AESDMA_REORDER_BUF
  Waiver
    Name              : W164a_785
    Comment           : These counters updating logic are confirmed by designer
    Filename         : vc_waiver.tcl
    Line             : 51
    State            : Waived
  -----------------------------------------------------------------------------
  Tag                 : W164a
  Description         : LHS[NodeName]: '[LHSExpr]' width [LHS_Size] is less than RHS: '[RHSExpr]' width [RHS_Size] in[NodeType] assignment [Hierarchy: '[HIERARCHY]']
  Violation           : Lint:799
  Goal                : BOS_LINT_RULE
  Module              : AESDMA_REORDER_BUF
  FileName            : /storage/project/atlas/design/user/pnson/ATLAS_WORKING/IP/AESDMA/RTL/AESDMA_CORE/AESDMA_REORDER_BUF.sv
  LineNumber          : 240
  Statement           : assign r_stop_rptr_tmp = rd_table[rpt_cur_last_processed_table_id].start_addr + rd_table[rpt_cur_last_processed_table_id].burst_cnt;
  NodeName            : 
  LHSExpr             : r_stop_rptr_tmp
  LHS_Size            : 9
  RHSExpr             : (rd_table[rpt_cur_last_processed_table_id].start_addr + rd_table[rpt_cur_last_processed_table_id].burst_cnt)
  RHS_Size            : 10
  NodeType            : 
  HIERARCHY           : :BOS_AESDMA:u_AESDMA_TOP@AESDMA_TOP_DCLS:u_aesdma_top@AESDMA_TOP:u_AESDMA_RDCORE@AESDMA_RDCORE:u_AESDMA_REORDER_BUF@AESDMA_REORDER_BUF
  Waiver
    Name              : W164a_785
    Comment           : These counters updating logic are confirmed by designer
    Filename         : vc_waiver.tcl
    Line             : 51
    State            : Waived
  -----------------------------------------------------------------------------
  Tag                 : W164a
  Description         : LHS[NodeName]: '[LHSExpr]' width [LHS_Size] is less than RHS: '[RHSExpr]' width [RHS_Size] in[NodeType] assignment [Hierarchy: '[HIERARCHY]']
  Violation           : Lint:800
  Goal                : BOS_LINT_RULE
  Module              : AESDMA_REORDER_BUF
  FileName            : /storage/project/atlas/design/user/pnson/ATLAS_WORKING/IP/AESDMA/RTL/AESDMA_CORE/AESDMA_REORDER_BUF.sv
  LineNumber          : 241
  Statement           : assign nxt_stop_rptr_tmp = r_stop_rptr_tmp + 1;
  NodeName            : 
  LHSExpr             : nxt_stop_rptr_tmp
  LHS_Size            : 9
  RHSExpr             : (r_stop_rptr_tmp + 1)
  RHS_Size            : 10
  NodeType            : 
  HIERARCHY           : :BOS_AESDMA:u_AESDMA_TOP@AESDMA_TOP_DCLS:u_aesdma_top@AESDMA_TOP:u_AESDMA_RDCORE@AESDMA_RDCORE:u_AESDMA_REORDER_BUF@AESDMA_REORDER_BUF
  Waiver
    Name              : W164a_785
    Comment           : These counters updating logic are confirmed by designer
    Filename         : vc_waiver.tcl
    Line             : 51
    State            : Waived
  -----------------------------------------------------------------------------
  Tag                 : W164a
  Description         : LHS[NodeName]: '[LHSExpr]' width [LHS_Size] is less than RHS: '[RHSExpr]' width [RHS_Size] in[NodeType] assignment [Hierarchy: '[HIERARCHY]']
  Violation           : Lint:801
  Goal                : BOS_LINT_RULE
  Module              : AESDMA_REORDER_BUF
  FileName            : /storage/project/atlas/design/user/pnson/ATLAS_WORKING/IP/AESDMA/RTL/AESDMA_CORE/AESDMA_REORDER_BUF.sv
  LineNumber          : 316
  Statement           : assign nxt_r_cnt = (r_cnt == (DATA_SLOT_CNT-1)) ? ({SRAM_ROB_ADDR_WD{1'b0}}) : (r_cnt + 1'b1);
  NodeName            : 
  LHSExpr             : nxt_r_cnt
  LHS_Size            : 9
  RHSExpr             : (r_cnt + 1'b1)
  RHS_Size            : 10
  NodeType            : 
  HIERARCHY           : :BOS_AESDMA:u_AESDMA_TOP@AESDMA_TOP_DCLS:u_aesdma_top@AESDMA_TOP:u_AESDMA_RDCORE@AESDMA_RDCORE:u_AESDMA_REORDER_BUF@AESDMA_REORDER_BUF
  Waiver
    Name              : W164a_785
    Comment           : These counters updating logic are confirmed by designer
    Filename         : vc_waiver.tcl
    Line             : 51
    State            : Waived
  -----------------------------------------------------------------------------
  Tag                 : W164a
  Description         : LHS[NodeName]: '[LHSExpr]' width [LHS_Size] is less than RHS: '[RHSExpr]' width [RHS_Size] in[NodeType] assignment [Hierarchy: '[HIERARCHY]']
  Violation           : Lint:802
  Goal                : BOS_LINT_RULE
  Module              : AESDMA_REORDER_BUF
  FileName            : /storage/project/atlas/design/user/pnson/ATLAS_WORKING/IP/AESDMA/RTL/AESDMA_CORE/AESDMA_REORDER_BUF.sv
  LineNumber          : 226
  Statement           :             nxt_burst_cnt[p]            = rd_table[p].burst_cnt + 'b1;
  NodeName            : 
  LHSExpr             : nxt_burst_cnt[p]
  LHS_Size            : 5
  RHSExpr             : (rd_table[p].burst_cnt + 'b1)
  RHS_Size            : 6
  NodeType            : 
  HIERARCHY           : :BOS_AESDMA:u_AESDMA_TOP@AESDMA_TOP_DCLS:u_aesdma_top@AESDMA_TOP:u_AESDMA_RDCORE@AESDMA_RDCORE:u_AESDMA_REORDER_BUF@AESDMA_REORDER_BUF:\GEN_BURST_CNT_AND_VALID[0] 
  Waiver
    Name              : W164a_785
    Comment           : These counters updating logic are confirmed by designer
    Filename         : vc_waiver.tcl
    Line             : 51
    State            : Waived
  -----------------------------------------------------------------------------
  Tag                 : W164a
  Description         : LHS[NodeName]: '[LHSExpr]' width [LHS_Size] is less than RHS: '[RHSExpr]' width [RHS_Size] in[NodeType] assignment [Hierarchy: '[HIERARCHY]']
  Violation           : Lint:803
  Goal                : BOS_LINT_RULE
  Module              : AESDMA_SYNC_FIFO_REG
  FileName            : /storage/project/atlas/design/user/pnson/ATLAS_WORKING/IP/AESDMA/RTL/AESDMA_CORE/AESDMA_SYNC_FIFO_REG.v
  LineNumber          : 43
  Statement           :     assign nxt_w_cnt = (w_cnt == FIFO_DEPTH-1) ? ({AW{1'b0}}) : (w_cnt + 1'b1);      
  NodeName            : 
  LHSExpr             : nxt_w_cnt
  LHS_Size            : 2
  RHSExpr             : (w_cnt + 1'b1)
  RHS_Size            : 3
  NodeType            : 
  HIERARCHY           : :BOS_AESDMA:u_AESDMA_TOP@AESDMA_TOP_DCLS:u_aesdma_top@AESDMA_TOP:u_AESDMA_RDCORE@AESDMA_RDCORE:u_AESDMA_REORDER_BUF@AESDMA_REORDER_BUF:u_REGFIFO@AESDMA_SYNC_FIFO_REG
  Waiver
    Name              : W164a_785
    Comment           : These counters updating logic are confirmed by designer
    Filename         : vc_waiver.tcl
    Line             : 51
    State            : Waived
  -----------------------------------------------------------------------------
  Tag                 : W164a
  Description         : LHS[NodeName]: '[LHSExpr]' width [LHS_Size] is less than RHS: '[RHSExpr]' width [RHS_Size] in[NodeType] assignment [Hierarchy: '[HIERARCHY]']
  Violation           : Lint:806
  Goal                : BOS_LINT_RULE
  Module              : AESDMA_WRCORE
  FileName            : /storage/project/atlas/design/user/pnson/ATLAS_WORKING/IP/AESDMA/RTL/AESDMA_CORE/AESDMA_WRCORE.sv
  LineNumber          : 547
  Statement           :                 n_wrAddr[AXI_ADDR_WD-1:ADDR_BASE_LSB] = r_wrAddr[AXI_ADDR_WD-1:ADDR_BASE_LSB] + {{(AXI_ADDR_WD-ADDR_BASE_LSB-BURSTLEN_WD){1'b0}}, w_wrBurstLen} + 1;
  NodeName            : 
  LHSExpr             : n_wrAddr[(AXI_ADDR_WD - 1):ADDR_BASE_LSB] 
  LHS_Size            : 40
  RHSExpr             : ((r_wrAddr[(AXI_ADDR_WD - 1):ADDR_BASE_LSB]  + {{ ((AXI_ADDR_WD - ADDR_BASE_LSB) - BURSTLEN_WD){ 1'b0} }  ,w_wrBurstLen}) + 1)
  RHS_Size            : 41
  NodeType            : 
  HIERARCHY           : :BOS_AESDMA:u_AESDMA_TOP@AESDMA_TOP_DCLS:u_aesdma_top@AESDMA_TOP:u_AESDMA_WRCORE@AESDMA_WRCORE
  Waiver
    Name              : W164a_785
    Comment           : These counters updating logic are confirmed by designer
    Filename         : vc_waiver.tcl
    Line             : 51
    State            : Waived
  -----------------------------------------------------------------------------
  Tag                 : W164a
  Description         : LHS[NodeName]: '[LHSExpr]' width [LHS_Size] is less than RHS: '[RHSExpr]' width [RHS_Size] in[NodeType] assignment [Hierarchy: '[HIERARCHY]']
  Violation           : Lint:807
  Goal                : BOS_LINT_RULE
  Module              : AESDMA_WRCORE
  FileName            : /storage/project/atlas/design/user/pnson/ATLAS_WORKING/IP/AESDMA/RTL/AESDMA_CORE/AESDMA_WRCORE.sv
  LineNumber          : 601
  Statement           :                 n_wrAddr[AXI_ADDR_WD-1:ADDR_BASE_LSB] = r_wrAddr[AXI_ADDR_WD-1:ADDR_BASE_LSB] + 1;
  NodeName            : 
  LHSExpr             : n_wrAddr[(AXI_ADDR_WD - 1):ADDR_BASE_LSB] 
  LHS_Size            : 40
  RHSExpr             : (r_wrAddr[(AXI_ADDR_WD - 1):ADDR_BASE_LSB]  + 1)
  RHS_Size            : 41
  NodeType            : 
  HIERARCHY           : :BOS_AESDMA:u_AESDMA_TOP@AESDMA_TOP_DCLS:u_aesdma_top@AESDMA_TOP:u_AESDMA_WRCORE@AESDMA_WRCORE
  Waiver
    Name              : W164a_785
    Comment           : These counters updating logic are confirmed by designer
    Filename         : vc_waiver.tcl
    Line             : 51
    State            : Waived
  -----------------------------------------------------------------------------
  Tag                 : W164a
  Description         : LHS[NodeName]: '[LHSExpr]' width [LHS_Size] is less than RHS: '[RHSExpr]' width [RHS_Size] in[NodeType] assignment [Hierarchy: '[HIERARCHY]']
  Violation           : Lint:808
  Goal                : BOS_LINT_RULE
  Module              : AESDMA_AW_W_FC
  FileName            : /storage/project/atlas/design/user/pnson/ATLAS_WORKING/IP/AESDMA/RTL/AESDMA_CORE/AESDMA_AW_W_FC.v
  LineNumber          : 36
  Statement           :     assign nxt_r_cnt = (r_cnt == FIFO_DEPTH-1) ? ({AW{1'b0}}) : (r_cnt + 1'b1); 
  NodeName            : 
  LHSExpr             : nxt_r_cnt
  LHS_Size            : 7
  RHSExpr             : (r_cnt + 1'b1)
  RHS_Size            : 8
  NodeType            : 
  HIERARCHY           : :BOS_AESDMA:u_AESDMA_TOP@AESDMA_TOP_DCLS:u_aesdma_top@AESDMA_TOP:u_AESDMA_WRCORE@AESDMA_WRCORE:u_AESDMA_AW_W_FC@AESDMA_AW_W_FC
  Waiver
    Name              : W164a_785
    Comment           : These counters updating logic are confirmed by designer
    Filename         : vc_waiver.tcl
    Line             : 51
    State            : Waived
  -----------------------------------------------------------------------------
  Tag                 : W164a
  Description         : LHS[NodeName]: '[LHSExpr]' width [LHS_Size] is less than RHS: '[RHSExpr]' width [RHS_Size] in[NodeType] assignment [Hierarchy: '[HIERARCHY]']
  Violation           : Lint:809
  Goal                : BOS_LINT_RULE
  Module              : AESDMA_AW_W_FC
  FileName            : /storage/project/atlas/design/user/pnson/ATLAS_WORKING/IP/AESDMA/RTL/AESDMA_CORE/AESDMA_AW_W_FC.v
  LineNumber          : 37
  Statement           :     assign nxt_w_cnt = (w_cnt == FIFO_DEPTH-1) ? ({AW{1'b0}}) : (w_cnt + 1'b1);      
  NodeName            : 
  LHSExpr             : nxt_w_cnt
  LHS_Size            : 7
  RHSExpr             : (w_cnt + 1'b1)
  RHS_Size            : 8
  NodeType            : 
  HIERARCHY           : :BOS_AESDMA:u_AESDMA_TOP@AESDMA_TOP_DCLS:u_aesdma_top@AESDMA_TOP:u_AESDMA_WRCORE@AESDMA_WRCORE:u_AESDMA_AW_W_FC@AESDMA_AW_W_FC
  Waiver
    Name              : W164a_785
    Comment           : These counters updating logic are confirmed by designer
    Filename         : vc_waiver.tcl
    Line             : 51
    State            : Waived
  -----------------------------------------------------------------------------
  Tag                 : W164a
  Description         : LHS[NodeName]: '[LHSExpr]' width [LHS_Size] is less than RHS: '[RHSExpr]' width [RHS_Size] in[NodeType] assignment [Hierarchy: '[HIERARCHY]']
  Violation           : Lint:810
  Goal                : BOS_LINT_RULE
  Module              : AESDMA_DATAGEN
  FileName            : /storage/project/atlas/design/user/pnson/ATLAS_WORKING/IP/AESDMA/RTL/AESDMA_CORE/AESDMA_DATAGEN.v
  LineNumber          : 157
  Statement           :             r_datagen_trcnt <= w_datagen_len[DMA_LEN_WD-1:ADDR_BASE_LSB] + ((|w_datagen_len[ADDR_BASE_LSB-1:0]) ? 1 : 0);
  NodeName            : 
  LHSExpr             : r_datagen_trcnt
  LHS_Size            : 28
  RHSExpr             : (w_datagen_len[(DMA_LEN_WD - 1):ADDR_BASE_LSB]  + ((| w_datagen_len[(ADDR_BASE_LSB - 1):0] ) ? 1 : 0))
  RHS_Size            : 29
  NodeType            : 
  HIERARCHY           : :BOS_AESDMA:u_AESDMA_TOP@AESDMA_TOP_DCLS:u_aesdma_top@AESDMA_TOP:u_AESDMA_DATAGEN@AESDMA_DATAGEN
  Waiver
    Name              : W164a_785
    Comment           : These counters updating logic are confirmed by designer
    Filename         : vc_waiver.tcl
    Line             : 51
    State            : Waived
  -----------------------------------------------------------------------------
  Tag                 : W164a
  Description         : LHS[NodeName]: '[LHSExpr]' width [LHS_Size] is less than RHS: '[RHSExpr]' width [RHS_Size] in[NodeType] assignment [Hierarchy: '[HIERARCHY]']
  Violation           : Lint:811
  Goal                : BOS_LINT_RULE
  Module              : AESDMA_DATAGEN
  FileName            : /storage/project/atlas/design/user/pnson/ATLAS_WORKING/IP/AESDMA/RTL/AESDMA_CORE/AESDMA_DATAGEN.v
  LineNumber          : 250
  Statement           :             next_datagen_data[i*32 +: 32] = r_datagen_data[i*32 +: 32] + I_ALU_OP1_VAL[i*32 +: 32]; 
  NodeName            : 
  LHSExpr             : next_datagen_data[(i * 32) +:32] 
  LHS_Size            : 32
  RHSExpr             : (r_datagen_data[(i * 32) +:32]  + I_ALU_OP1_VAL[(i * 32) +:32] )
  RHS_Size            : 33
  NodeType            : 
  HIERARCHY           : :BOS_AESDMA:u_AESDMA_TOP@AESDMA_TOP_DCLS:u_aesdma_top@AESDMA_TOP:u_AESDMA_DATAGEN@AESDMA_DATAGEN
  Waiver
    Name              : W164a_785
    Comment           : These counters updating logic are confirmed by designer
    Filename         : vc_waiver.tcl
    Line             : 51
    State            : Waived
  -----------------------------------------------------------------------------
  Tag                 : W164a
  Description         : LHS[NodeName]: '[LHSExpr]' width [LHS_Size] is less than RHS: '[RHSExpr]' width [RHS_Size] in[NodeType] assignment [Hierarchy: '[HIERARCHY]']
  Violation           : Lint:812
  Goal                : BOS_LINT_RULE
  Module              : AESDMA_DATAGEN
  FileName            : /storage/project/atlas/design/user/pnson/ATLAS_WORKING/IP/AESDMA/RTL/AESDMA_CORE/AESDMA_DATAGEN.v
  LineNumber          : 254
  Statement           :             next_datagen_data[i*32 +: 32] = r_datagen_data[i*32 +: 32] + I_ALU_OP1_VAL[i*32 +: 32]; 
  NodeName            : 
  LHSExpr             : next_datagen_data[(i * 32) +:32] 
  LHS_Size            : 32
  RHSExpr             : (r_datagen_data[(i * 32) +:32]  + I_ALU_OP1_VAL[(i * 32) +:32] )
  RHS_Size            : 33
  NodeType            : 
  HIERARCHY           : :BOS_AESDMA:u_AESDMA_TOP@AESDMA_TOP_DCLS:u_aesdma_top@AESDMA_TOP:u_AESDMA_DATAGEN@AESDMA_DATAGEN
  Waiver
    Name              : W164a_785
    Comment           : These counters updating logic are confirmed by designer
    Filename         : vc_waiver.tcl
    Line             : 51
    State            : Waived
  -----------------------------------------------------------------------------
  Tag                 : W164a
  Description         : LHS[NodeName]: '[LHSExpr]' width [LHS_Size] is less than RHS: '[RHSExpr]' width [RHS_Size] in[NodeType] assignment [Hierarchy: '[HIERARCHY]']
  Violation           : Lint:813
  Goal                : BOS_LINT_RULE
  Module              : AESDMA_DATAGEN
  FileName            : /storage/project/atlas/design/user/pnson/ATLAS_WORKING/IP/AESDMA/RTL/AESDMA_CORE/AESDMA_DATAGEN.v
  LineNumber          : 219
  Statement           :     assign alu_out_val[k*32 +: 32] = (I_DMA_OP_SEL == DATAGEN_OP_ADD)  ? w_alu_op0_val_mux[k*32 +: 32] + I_ALU_OP1_VAL_mux[k*32 +: 32] : 
  NodeName            : 
  LHSExpr             : alu_out_val[(k * 32) +:32] 
  LHS_Size            : 32
  RHSExpr             : (w_alu_op0_val_mux[(k * 32) +:32]  + I_ALU_OP1_VAL_mux[(k * 32) +:32] )
  RHS_Size            : 33
  NodeType            : 
  HIERARCHY           : :BOS_AESDMA:u_AESDMA_TOP@AESDMA_TOP_DCLS:u_aesdma_top@AESDMA_TOP:u_AESDMA_DATAGEN@AESDMA_DATAGEN:\gen_alu_out_val[0] 
  Waiver
    Name              : W164a_785
    Comment           : These counters updating logic are confirmed by designer
    Filename         : vc_waiver.tcl
    Line             : 51
    State            : Waived
  -----------------------------------------------------------------------------
  Tag                 : W164a
  Description         : LHS[NodeName]: '[LHSExpr]' width [LHS_Size] is less than RHS: '[RHSExpr]' width [RHS_Size] in[NodeType] assignment [Hierarchy: '[HIERARCHY]']
  Violation           : Lint:814
  Goal                : BOS_LINT_RULE
  Module              : AESDMA_CRC_GEN
  FileName            : /storage/project/atlas/design/user/pnson/ATLAS_WORKING/IP/AESDMA/RTL/AESDMA_CORE/AESDMA_CRC_GEN.v
  LineNumber          : 140
  Statement           :                 r_data_len_cnt_mem <= r_data_len_cnt_mem + (AXI_DATA_WD/8) ;
  NodeName            : 
  LHSExpr             : r_data_len_cnt_mem
  LHS_Size            : 32
  RHSExpr             : (r_data_len_cnt_mem + (AXI_DATA_WD / 8))
  RHS_Size            : 33
  NodeType            : 
  HIERARCHY           : :BOS_AESDMA:u_AESDMA_TOP@AESDMA_TOP_DCLS:u_aesdma_top@AESDMA_TOP:u_AESDMA_DATAGEN@AESDMA_DATAGEN:u_AESDMA_CRC_GEN_in_DATAGEN@AESDMA_CRC_GEN
  Waiver
    Name              : W164a_785
    Comment           : These counters updating logic are confirmed by designer
    Filename         : vc_waiver.tcl
    Line             : 51
    State            : Waived
  -----------------------------------------------------------------------------
  Tag                 : W164a
  Description         : LHS[NodeName]: '[LHSExpr]' width [LHS_Size] is less than RHS: '[RHSExpr]' width [RHS_Size] in[NodeType] assignment [Hierarchy: '[HIERARCHY]']
  Violation           : Lint:815
  Goal                : BOS_LINT_RULE
  Module              : AESDMA_PRBS_GEN
  FileName            : /storage/project/atlas/design/user/pnson/ATLAS_WORKING/IP/AESDMA/RTL/AESDMA_CORE/AESDMA_PRBS_GEN.v
  LineNumber          : 186
  Statement           :             r_prbs_trcnt <= I_SDATA_LEN[DMA_LEN_WD-1:ADDR_BASE_LSB] + ((|I_SDATA_LEN[ADDR_BASE_LSB-1:0])? 1:0);
  NodeName            : 
  LHSExpr             : r_prbs_trcnt
  LHS_Size            : 28
  RHSExpr             : (I_SDATA_LEN[(DMA_LEN_WD - 1):ADDR_BASE_LSB]  + ((| I_SDATA_LEN[(ADDR_BASE_LSB - 1):0] ) ? 1 : 0))
  RHS_Size            : 29
  NodeType            : 
  HIERARCHY           : :BOS_AESDMA:u_AESDMA_TOP@AESDMA_TOP_DCLS:u_aesdma_top@AESDMA_TOP:u_AESDMA_DATAGEN@AESDMA_DATAGEN:u_AESDMA_PRBS_GEN_in_DATAGEN@AESDMA_PRBS_GEN
  Waiver
    Name              : W164a_785
    Comment           : These counters updating logic are confirmed by designer
    Filename         : vc_waiver.tcl
    Line             : 51
    State            : Waived
  -----------------------------------------------------------------------------
  Tag                 : W164a
  Description         : LHS[NodeName]: '[LHSExpr]' width [LHS_Size] is less than RHS: '[RHSExpr]' width [RHS_Size] in[NodeType] assignment [Hierarchy: '[HIERARCHY]']
  Violation           : Lint:816
  Goal                : BOS_LINT_RULE
  Module              : AES_CORE_dev
  FileName            : /storage/project/atlas/design/user/pnson/ATLAS_WORKING/IP/AESDMA/RTL/AES_CORE/AES_CORE_dev.v
  LineNumber          : 632
  Statement           : assign w_xts_sector_iv =  I_IV[31:0] + r_tweak_sector_r;
  NodeName            : 
  LHSExpr             : w_xts_sector_iv
  LHS_Size            : 32
  RHSExpr             : (I_IV[31:0]  + r_tweak_sector_r)
  RHS_Size            : 33
  NodeType            : 
  HIERARCHY           : :BOS_AESDMA:u_AESDMA_TOP@AESDMA_TOP_DCLS:u_aesdma_top@AESDMA_TOP:u_AES_CORE@AES_CORE_dev
  Waiver
    Name              : W164a_785
    Comment           : These counters updating logic are confirmed by designer
    Filename         : vc_waiver.tcl
    Line             : 51
    State            : Waived
  -----------------------------------------------------------------------------
  Tag                 : W164a
  Description         : LHS[NodeName]: '[LHSExpr]' width [LHS_Size] is less than RHS: '[RHSExpr]' width [RHS_Size] in[NodeType] assignment [Hierarchy: '[HIERARCHY]']
  Violation           : Lint:817
  Goal                : BOS_LINT_RULE
  Module              : AES_CORE_dev
  FileName            : /storage/project/atlas/design/user/pnson/ATLAS_WORKING/IP/AESDMA/RTL/AES_CORE/AES_CORE_dev.v
  LineNumber          : 690
  Statement           :                 r_cur_rdata_cnt_r <= r_cur_rdata_cnt_r + P_AES_CORE_CNT * 16;
  NodeName            : 
  LHSExpr             : r_cur_rdata_cnt_r
  LHS_Size            : 14
  RHSExpr             : (r_cur_rdata_cnt_r + (P_AES_CORE_CNT * 16))
  RHS_Size            : 15
  NodeType            : 
  HIERARCHY           : :BOS_AESDMA:u_AESDMA_TOP@AESDMA_TOP_DCLS:u_aesdma_top@AESDMA_TOP:u_AES_CORE@AES_CORE_dev
  Waiver
    Name              : W164a_785
    Comment           : These counters updating logic are confirmed by designer
    Filename         : vc_waiver.tcl
    Line             : 51
    State            : Waived
  -----------------------------------------------------------------------------
  Tag                 : W164a
  Description         : LHS[NodeName]: '[LHSExpr]' width [LHS_Size] is less than RHS: '[RHSExpr]' width [RHS_Size] in[NodeType] assignment [Hierarchy: '[HIERARCHY]']
  Violation           : Lint:818
  Goal                : BOS_LINT_RULE
  Module              : AES_CORE_dev
  FileName            : /storage/project/atlas/design/user/pnson/ATLAS_WORKING/IP/AESDMA/RTL/AES_CORE/AES_CORE_dev.v
  LineNumber          : 693
  Statement           :             r_cur_sdata_cnt <= r_cur_sdata_cnt + P_AES_CORE_CNT * 16;
  NodeName            : 
  LHSExpr             : r_cur_sdata_cnt
  LHS_Size            : 32
  RHSExpr             : (r_cur_sdata_cnt + (P_AES_CORE_CNT * 16))
  RHS_Size            : 33
  NodeType            : 
  HIERARCHY           : :BOS_AESDMA:u_AESDMA_TOP@AESDMA_TOP_DCLS:u_aesdma_top@AESDMA_TOP:u_AES_CORE@AES_CORE_dev
  Waiver
    Name              : W164a_785
    Comment           : These counters updating logic are confirmed by designer
    Filename         : vc_waiver.tcl
    Line             : 51
    State            : Waived
  -----------------------------------------------------------------------------
  Tag                 : W164a
  Description         : LHS[NodeName]: '[LHSExpr]' width [LHS_Size] is less than RHS: '[RHSExpr]' width [RHS_Size] in[NodeType] assignment [Hierarchy: '[HIERARCHY]']
  Violation           : Lint:819
  Goal                : BOS_LINT_RULE
  Module              : AES_CORE_dev
  FileName            : /storage/project/atlas/design/user/pnson/ATLAS_WORKING/IP/AESDMA/RTL/AES_CORE/AES_CORE_dev.v
  LineNumber          : 762
  Statement           : assign qdata_for_B0_CTR = I_NONCE_BYTE_LEN + 2'd1;//n + q = 15, qdata = q-1
  NodeName            : 
  LHSExpr             : qdata_for_B0_CTR
  LHS_Size            : 3
  RHSExpr             : (I_NONCE_BYTE_LEN + 2'd1)
  RHS_Size            : 4
  NodeType            : 
  HIERARCHY           : :BOS_AESDMA:u_AESDMA_TOP@AESDMA_TOP_DCLS:u_aesdma_top@AESDMA_TOP:u_AES_CORE@AES_CORE_dev
  Waiver
    Name              : W164a_785
    Comment           : These counters updating logic are confirmed by designer
    Filename         : vc_waiver.tcl
    Line             : 51
    State            : Waived
  -----------------------------------------------------------------------------
  Tag                 : W164a
  Description         : LHS[NodeName]: '[LHSExpr]' width [LHS_Size] is less than RHS: '[RHSExpr]' width [RHS_Size] in[NodeType] assignment [Hierarchy: '[HIERARCHY]']
  Violation           : Lint:820
  Goal                : BOS_LINT_RULE
  Module              : AES_CORE_dev
  FileName            : /storage/project/atlas/design/user/pnson/ATLAS_WORKING/IP/AESDMA/RTL/AES_CORE/AES_CORE_dev.v
  LineNumber          : 810
  Statement           : assign w_ccm_ctr_selector_mdata = r_ccm_ctr_valid_ctr - 1;
  NodeName            : 
  LHSExpr             : w_ccm_ctr_selector_mdata
  LHS_Size            : 1
  RHSExpr             : (r_ccm_ctr_valid_ctr - 1)
  RHS_Size            : 2
  NodeType            : 
  HIERARCHY           : :BOS_AESDMA:u_AESDMA_TOP@AESDMA_TOP_DCLS:u_aesdma_top@AESDMA_TOP:u_AES_CORE@AES_CORE_dev
  Waiver
    Name              : W164a_785
    Comment           : These counters updating logic are confirmed by designer
    Filename         : vc_waiver.tcl
    Line             : 51
    State            : Waived
  -----------------------------------------------------------------------------
  Tag                 : W164a
  Description         : LHS[NodeName]: '[LHSExpr]' width [LHS_Size] is less than RHS: '[RHSExpr]' width [RHS_Size] in[NodeType] assignment [Hierarchy: '[HIERARCHY]']
  Violation           : Lint:821
  Goal                : BOS_LINT_RULE
  Module              : AES_CORE_dev
  FileName            : /storage/project/atlas/design/user/pnson/ATLAS_WORKING/IP/AESDMA/RTL/AES_CORE/AES_CORE_dev.v
  LineNumber          : 1009
  Statement           :                         r_gf_output_selector_data_1d <= ((r_expected_parallel_datablk_idx + P_AES_CORE_CNT <= DATA_BLK_LEN) ? (P_AES_CORE_CNT - 1) : (DATA_BLK_LEN - 1 - r_expected_parallel_datablk_idx));
  NodeName            : 
  LHSExpr             : r_gf_output_selector_data_1d
  LHS_Size            : 1
  RHSExpr             : ((DATA_BLK_LEN - 1) - r_expected_parallel_datablk_idx)
  RHS_Size            : 29
  NodeType            : 
  HIERARCHY           : :BOS_AESDMA:u_AESDMA_TOP@AESDMA_TOP_DCLS:u_aesdma_top@AESDMA_TOP:u_AES_CORE@AES_CORE_dev
  Waiver
    Name              : W164a_785
    Comment           : These counters updating logic are confirmed by designer
    Filename         : vc_waiver.tcl
    Line             : 51
    State            : Waived
  -----------------------------------------------------------------------------
  Tag                 : W164a
  Description         : LHS[NodeName]: '[LHSExpr]' width [LHS_Size] is less than RHS: '[RHSExpr]' width [RHS_Size] in[NodeType] assignment [Hierarchy: '[HIERARCHY]']
  Violation           : Lint:822
  Goal                : BOS_LINT_RULE
  Module              : AES_CORE_dev
  FileName            : /storage/project/atlas/design/user/pnson/ATLAS_WORKING/IP/AESDMA/RTL/AES_CORE/AES_CORE_dev.v
  LineNumber          : 1013
  Statement           :                     r_expected_parallel_datablk_idx <= r_expected_parallel_datablk_idx + w_nxt_cfb_sbyte_ctr_type_X_p_aes_core_cnt[AES_CORE_CNT_WD + 5 - 1: AES_BLK_BYTE_LEN_WD] ;
  NodeName            : 
  LHSExpr             : r_expected_parallel_datablk_idx
  LHS_Size            : 28
  RHSExpr             : (r_expected_parallel_datablk_idx + w_nxt_cfb_sbyte_ctr_type_X_p_aes_core_cnt[((AES_CORE_CNT_WD + 5) - 1):AES_BLK_BYTE_LEN_WD] )
  RHS_Size            : 29
  NodeType            : 
  HIERARCHY           : :BOS_AESDMA:u_AESDMA_TOP@AESDMA_TOP_DCLS:u_aesdma_top@AESDMA_TOP:u_AES_CORE@AES_CORE_dev
  Waiver
    Name              : W164a_785
    Comment           : These counters updating logic are confirmed by designer
    Filename         : vc_waiver.tcl
    Line             : 51
    State            : Waived
  -----------------------------------------------------------------------------
  Tag                 : W164a
  Description         : LHS[NodeName]: '[LHSExpr]' width [LHS_Size] is less than RHS: '[RHSExpr]' width [RHS_Size] in[NodeType] assignment [Hierarchy: '[HIERARCHY]']
  Violation           : Lint:823
  Goal                : BOS_LINT_RULE
  Module              : AES_CORE_dev
  FileName            : /storage/project/atlas/design/user/pnson/ATLAS_WORKING/IP/AESDMA/RTL/AES_CORE/AES_CORE_dev.v
  LineNumber          : 1096
  Statement           :                     r_cfb_sbyte_ctr <= r_cfb_sbyte_ctr + CFB_SBYTE_CTR_TYPE;
  NodeName            : 
  LHSExpr             : r_cfb_sbyte_ctr
  LHS_Size            : 6
  RHSExpr             : (r_cfb_sbyte_ctr + CFB_SBYTE_CTR_TYPE)
  RHS_Size            : 7
  NodeType            : 
  HIERARCHY           : :BOS_AESDMA:u_AESDMA_TOP@AESDMA_TOP_DCLS:u_aesdma_top@AESDMA_TOP:u_AES_CORE@AES_CORE_dev
  Waiver
    Name              : W164a_785
    Comment           : These counters updating logic are confirmed by designer
    Filename         : vc_waiver.tcl
    Line             : 51
    State            : Waived
  -----------------------------------------------------------------------------
  Tag                 : W164a
  Description         : LHS[NodeName]: '[LHSExpr]' width [LHS_Size] is less than RHS: '[RHSExpr]' width [RHS_Size] in[NodeType] assignment [Hierarchy: '[HIERARCHY]']
  Violation           : Lint:824
  Goal                : BOS_LINT_RULE
  Module              : AES_CORE_dev
  FileName            : /storage/project/atlas/design/user/pnson/ATLAS_WORKING/IP/AESDMA/RTL/AES_CORE/AES_CORE_dev.v
  LineNumber          : 1102
  Statement           :                         r_cfb_sbyte_ctr <= r_cfb_sbyte_ctr + (r_cfb_sbyte_ctr_type_X_p_aes_core_cnt);
  NodeName            : 
  LHSExpr             : r_cfb_sbyte_ctr
  LHS_Size            : 6
  RHSExpr             : (r_cfb_sbyte_ctr + r_cfb_sbyte_ctr_type_X_p_aes_core_cnt)
  RHS_Size            : 7
  NodeType            : 
  HIERARCHY           : :BOS_AESDMA:u_AESDMA_TOP@AESDMA_TOP_DCLS:u_aesdma_top@AESDMA_TOP:u_AES_CORE@AES_CORE_dev
  Waiver
    Name              : W164a_785
    Comment           : These counters updating logic are confirmed by designer
    Filename         : vc_waiver.tcl
    Line             : 51
    State            : Waived
  -----------------------------------------------------------------------------
  Tag                 : W164a
  Description         : LHS[NodeName]: '[LHSExpr]' width [LHS_Size] is less than RHS: '[RHSExpr]' width [RHS_Size] in[NodeType] assignment [Hierarchy: '[HIERARCHY]']
  Violation           : Lint:825
  Goal                : BOS_LINT_RULE
  Module              : AES_CORE_dev
  FileName            : /storage/project/atlas/design/user/pnson/ATLAS_WORKING/IP/AESDMA/RTL/AES_CORE/AES_CORE_dev.v
  LineNumber          : 2140
  Statement           : assign w_gf_output_selector = (r_cur_st == ST_PROCESS_AAD)  ? ((r_expected_gcm_aadblk_idx  + P_AES_CORE_CNT <= AAD_BLK_LEN ) ? (P_AES_CORE_CNT - 1) : (AAD_BLK_LEN  - 1 - r_expected_gcm_aadblk_idx )) :
  NodeName            : 
  LHSExpr             : w_gf_output_selector
  LHS_Size            : 1
  RHSExpr             : ((AAD_BLK_LEN - 1) - r_expected_gcm_aadblk_idx)
  RHS_Size            : 29
  NodeType            : 
  HIERARCHY           : :BOS_AESDMA:u_AESDMA_TOP@AESDMA_TOP_DCLS:u_aesdma_top@AESDMA_TOP:u_AES_CORE@AES_CORE_dev
  Waiver
    Name              : W164a_785
    Comment           : These counters updating logic are confirmed by designer
    Filename         : vc_waiver.tcl
    Line             : 51
    State            : Waived
  -----------------------------------------------------------------------------
  Tag                 : W164a
  Description         : LHS[NodeName]: '[LHSExpr]' width [LHS_Size] is less than RHS: '[RHSExpr]' width [RHS_Size] in[NodeType] assignment [Hierarchy: '[HIERARCHY]']
  Violation           : Lint:826
  Goal                : BOS_LINT_RULE
  Module              : AES_CORE_dev
  FileName            : /storage/project/atlas/design/user/pnson/ATLAS_WORKING/IP/AESDMA/RTL/AES_CORE/AES_CORE_dev.v
  LineNumber          : 1596
  Statement           :             wire [SBIT_INPUT_16BIT_SEL_WD  - 1:0]  w_mcore_cfb_dec_sbit_16bit_msb  = (w_mcore_cfb_dec_sbit_input_mux2_sel*P_AES_CORE_CNT + 8  - 1 - q);
  NodeName            : 
  LHSExpr             : w_mcore_cfb_dec_sbit_16bit_msb
  LHS_Size            : 4
  RHSExpr             : ((((w_mcore_cfb_dec_sbit_input_mux2_sel * P_AES_CORE_CNT) + 8) - 1) - q)
  RHS_Size            : 6
  NodeType            : 
  HIERARCHY           : :BOS_AESDMA:u_AESDMA_TOP@AESDMA_TOP_DCLS:u_aesdma_top@AESDMA_TOP:u_AES_CORE@AES_CORE_dev:\AES_CLUSTER_OP[0].AES_CORE_OP[0] 
  Waiver
    Name              : W164a_785
    Comment           : These counters updating logic are confirmed by designer
    Filename         : vc_waiver.tcl
    Line             : 51
    State            : Waived
  -----------------------------------------------------------------------------
  Tag                 : W164a
  Description         : LHS[NodeName]: '[LHSExpr]' width [LHS_Size] is less than RHS: '[RHSExpr]' width [RHS_Size] in[NodeType] assignment [Hierarchy: '[HIERARCHY]']
  Violation           : Lint:827
  Goal                : BOS_LINT_RULE
  Module              : AES_CORE_dev
  FileName            : /storage/project/atlas/design/user/pnson/ATLAS_WORKING/IP/AESDMA/RTL/AES_CORE/AES_CORE_dev.v
  LineNumber          : 1597
  Statement           :             wire [SBIT_INPUT_32BIT_SEL_WD  - 1:0]  w_mcore_cfb_dec_sbit_32bit_msb  = (w_mcore_cfb_dec_sbit_input_mux2_sel*P_AES_CORE_CNT + 4  - 1 - q);
  NodeName            : 
  LHSExpr             : w_mcore_cfb_dec_sbit_32bit_msb
  LHS_Size            : 3
  RHSExpr             : ((((w_mcore_cfb_dec_sbit_input_mux2_sel * P_AES_CORE_CNT) + 4) - 1) - q)
  RHS_Size            : 6
  NodeType            : 
  HIERARCHY           : :BOS_AESDMA:u_AESDMA_TOP@AESDMA_TOP_DCLS:u_aesdma_top@AESDMA_TOP:u_AES_CORE@AES_CORE_dev:\AES_CLUSTER_OP[0].AES_CORE_OP[0] 
  Waiver
    Name              : W164a_785
    Comment           : These counters updating logic are confirmed by designer
    Filename         : vc_waiver.tcl
    Line             : 51
    State            : Waived
  -----------------------------------------------------------------------------
  Tag                 : W164a
  Description         : LHS[NodeName]: '[LHSExpr]' width [LHS_Size] is less than RHS: '[RHSExpr]' width [RHS_Size] in[NodeType] assignment [Hierarchy: '[HIERARCHY]']
  Violation           : Lint:828
  Goal                : BOS_LINT_RULE
  Module              : AES_CORE_dev
  FileName            : /storage/project/atlas/design/user/pnson/ATLAS_WORKING/IP/AESDMA/RTL/AES_CORE/AES_CORE_dev.v
  LineNumber          : 1598
  Statement           :             wire [SBIT_INPUT_64BIT_SEL_WD  - 1:0]  w_mcore_cfb_dec_sbit_64bit_msb  = (w_mcore_cfb_dec_sbit_input_mux2_sel*P_AES_CORE_CNT + 2  - 1 - q);
  NodeName            : 
  LHSExpr             : w_mcore_cfb_dec_sbit_64bit_msb
  LHS_Size            : 2
  RHSExpr             : ((((w_mcore_cfb_dec_sbit_input_mux2_sel * P_AES_CORE_CNT) + 2) - 1) - q)
  RHS_Size            : 6
  NodeType            : 
  HIERARCHY           : :BOS_AESDMA:u_AESDMA_TOP@AESDMA_TOP_DCLS:u_aesdma_top@AESDMA_TOP:u_AES_CORE@AES_CORE_dev:\AES_CLUSTER_OP[0].AES_CORE_OP[0] 
  Waiver
    Name              : W164a_785
    Comment           : These counters updating logic are confirmed by designer
    Filename         : vc_waiver.tcl
    Line             : 51
    State            : Waived
  -----------------------------------------------------------------------------
  Tag                 : W164a
  Description         : LHS[NodeName]: '[LHSExpr]' width [LHS_Size] is less than RHS: '[RHSExpr]' width [RHS_Size] in[NodeType] assignment [Hierarchy: '[HIERARCHY]']
  Violation           : Lint:829
  Goal                : BOS_LINT_RULE
  Module              : AES_CORE_dev
  FileName            : /storage/project/atlas/design/user/pnson/ATLAS_WORKING/IP/AESDMA/RTL/AES_CORE/AES_CORE_dev.v
  LineNumber          : 1599
  Statement           :             wire [SBIT_INPUT_128BIT_SEL_WD - 1:0]  w_mcore_cfb_dec_sbit_128bit_msb = (w_mcore_cfb_dec_sbit_input_mux2_sel*P_AES_CORE_CNT + 1  - 1 - q);
  NodeName            : 
  LHSExpr             : w_mcore_cfb_dec_sbit_128bit_msb
  LHS_Size            : 1
  RHSExpr             : ((((w_mcore_cfb_dec_sbit_input_mux2_sel * P_AES_CORE_CNT) + 1) - 1) - q)
  RHS_Size            : 5
  NodeType            : 
  HIERARCHY           : :BOS_AESDMA:u_AESDMA_TOP@AESDMA_TOP_DCLS:u_aesdma_top@AESDMA_TOP:u_AES_CORE@AES_CORE_dev:\AES_CLUSTER_OP[0].AES_CORE_OP[0] 
  Waiver
    Name              : W164a_785
    Comment           : These counters updating logic are confirmed by designer
    Filename         : vc_waiver.tcl
    Line             : 51
    State            : Waived
  -----------------------------------------------------------------------------
  Tag                 : W164a
  Description         : LHS[NodeName]: '[LHSExpr]' width [LHS_Size] is less than RHS: '[RHSExpr]' width [RHS_Size] in[NodeType] assignment [Hierarchy: '[HIERARCHY]']
  Violation           : Lint:835
  Goal                : BOS_LINT_RULE
  Module              : ln04lpa_a00_mc_rd2rs_hsr_lvt_32x138m2b1c1_wrapper_safety_data_decoder_st_ctrl
  FileName            : /storage/project/atlas/design/user/pnson/ATLAS_WORKING/DK/mem/SAFETY_WRAPPER/ln04lpa_a00_mc_rd2rs_hsr_lvt_32x138m2b1c1_wrapper_safety_sf129eadi1/ln04lpa_a00_mc_rd2rs_hsr_lvt_32x138m2b1c1_wrapper_safety_sf129eadi1.sv
  LineNumber          : 697
  Statement           :     w_twohot = 1 << r_idx  |  1 << w_idx2 ;
  NodeName            : 
  LHSExpr             : w_twohot
  LHS_Size            : 143
  RHSExpr             : ((1 << r_idx) | (1 << w_idx2))
  RHS_Size            : 256
  NodeType            : 
  HIERARCHY           : :BOS_AESDMA:\gen_wide_SRAM_WRFIFO[0].gen_SRAM_WRFIFO[0].gSF4WrMemInst.u_SRAM_WR_FIFO @ln04lpa_a00_mc_rd2rs_hsr_lvt_32x138m2b1c1_wrapper_safety_sf129eadi1:u_data_decoder_dcls@ln04lpa_a00_mc_rd2rs_hsr_lvt_32x138m2b1c1_wrapper_safety_data_decoder_top_dcls:u_d0@ln04lpa_a00_mc_rd2rs_hsr_lvt_32x138m2b1c1_wrapper_safety_data_decoder_st_wrap:u_selftest@ln04lpa_a00_mc_rd2rs_hsr_lvt_32x138m2b1c1_wrapper_safety_data_decoder_st_ctrl
  Waiver
    Name              : W164a_785
    Comment           : These counters updating logic are confirmed by designer
    Filename         : vc_waiver.tcl
    Line             : 51
    State            : Waived
  -----------------------------------------------------------------------------
  Tag                 : W164a
  Description         : LHS[NodeName]: '[LHSExpr]' width [LHS_Size] is less than RHS: '[RHSExpr]' width [RHS_Size] in[NodeType] assignment [Hierarchy: '[HIERARCHY]']
  Violation           : Lint:836
  Goal                : BOS_LINT_RULE
  Module              : ln04lpa_a00_mc_rd2rs_hsr_lvt_32x138m2b1c1_wrapper_safety_data_decoder_st_ctrl
  FileName            : /storage/project/atlas/design/user/pnson/ATLAS_WORKING/DK/mem/SAFETY_WRAPPER/ln04lpa_a00_mc_rd2rs_hsr_lvt_32x138m2b1c1_wrapper_safety_sf129eadi1/ln04lpa_a00_mc_rd2rs_hsr_lvt_32x138m2b1c1_wrapper_safety_sf129eadi1.sv
  LineNumber          : 748
  Statement           :           r_idx_nxt   = r_idx + 1'b1;
  NodeName            : 
  LHSExpr             : r_idx_nxt
  LHS_Size            : 8
  RHSExpr             : (r_idx + 1'b1)
  RHS_Size            : 9
  NodeType            : 
  HIERARCHY           : :BOS_AESDMA:\gen_wide_SRAM_WRFIFO[0].gen_SRAM_WRFIFO[0].gSF4WrMemInst.u_SRAM_WR_FIFO @ln04lpa_a00_mc_rd2rs_hsr_lvt_32x138m2b1c1_wrapper_safety_sf129eadi1:u_data_decoder_dcls@ln04lpa_a00_mc_rd2rs_hsr_lvt_32x138m2b1c1_wrapper_safety_data_decoder_top_dcls:u_d0@ln04lpa_a00_mc_rd2rs_hsr_lvt_32x138m2b1c1_wrapper_safety_data_decoder_st_wrap:u_selftest@ln04lpa_a00_mc_rd2rs_hsr_lvt_32x138m2b1c1_wrapper_safety_data_decoder_st_ctrl
  Waiver
    Name              : W164a_785
    Comment           : These counters updating logic are confirmed by designer
    Filename         : vc_waiver.tcl
    Line             : 51
    State            : Waived
  -----------------------------------------------------------------------------
  Tag                 : W164a
  Description         : LHS[NodeName]: '[LHSExpr]' width [LHS_Size] is less than RHS: '[RHSExpr]' width [RHS_Size] in[NodeType] assignment [Hierarchy: '[HIERARCHY]']
  Violation           : Lint:837
  Goal                : BOS_LINT_RULE
  Module              : ln04lpa_a00_mc_rd2rs_hsr_lvt_32x138m2b1c1_wrapper_safety_data_decoder_st_ctrl
  FileName            : /storage/project/atlas/design/user/pnson/ATLAS_WORKING/DK/mem/SAFETY_WRAPPER/ln04lpa_a00_mc_rd2rs_hsr_lvt_32x138m2b1c1_wrapper_safety_sf129eadi1/ln04lpa_a00_mc_rd2rs_hsr_lvt_32x138m2b1c1_wrapper_safety_sf129eadi1.sv
  LineNumber          : 749
  Statement           :           r_cycle_nxt = r_cycle + 1'b1;
  NodeName            : 
  LHSExpr             : r_cycle_nxt
  LHS_Size            : 8
  RHSExpr             : (r_cycle + 1'b1)
  RHS_Size            : 9
  NodeType            : 
  HIERARCHY           : :BOS_AESDMA:\gen_wide_SRAM_WRFIFO[0].gen_SRAM_WRFIFO[0].gSF4WrMemInst.u_SRAM_WR_FIFO @ln04lpa_a00_mc_rd2rs_hsr_lvt_32x138m2b1c1_wrapper_safety_sf129eadi1:u_data_decoder_dcls@ln04lpa_a00_mc_rd2rs_hsr_lvt_32x138m2b1c1_wrapper_safety_data_decoder_top_dcls:u_d0@ln04lpa_a00_mc_rd2rs_hsr_lvt_32x138m2b1c1_wrapper_safety_data_decoder_st_wrap:u_selftest@ln04lpa_a00_mc_rd2rs_hsr_lvt_32x138m2b1c1_wrapper_safety_data_decoder_st_ctrl
  Waiver
    Name              : W164a_785
    Comment           : These counters updating logic are confirmed by designer
    Filename         : vc_waiver.tcl
    Line             : 51
    State            : Waived
  -----------------------------------------------------------------------------
  Tag                 : W164a
  Description         : LHS[NodeName]: '[LHSExpr]' width [LHS_Size] is less than RHS: '[RHSExpr]' width [RHS_Size] in[NodeType] assignment [Hierarchy: '[HIERARCHY]']
  Violation           : Lint:839
  Goal                : BOS_LINT_RULE
  Module              : ln04lpa_a00_mc_rd2rs_hsr_lvt_320x72m2b1c1_wrapper_safety_data_decoder_st_ctrl
  FileName            : /storage/project/atlas/design/user/pnson/ATLAS_WORKING/DK/mem/SAFETY_WRAPPER/ln04lpa_a00_mc_rd2rs_hsr_lvt_320x72m2b1c1_wrapper_safety_sf64eadi1/ln04lpa_a00_mc_rd2rs_hsr_lvt_320x72m2b1c1_wrapper_safety_sf64eadi1.sv
  LineNumber          : 574
  Statement           :     w_twohot = 1 << r_idx  |  1 << w_idx2 ;
  NodeName            : 
  LHSExpr             : w_twohot
  LHS_Size            : 81
  RHSExpr             : ((1 << r_idx) | (1 << w_idx2))
  RHS_Size            : 128
  NodeType            : 
  HIERARCHY           : :BOS_AESDMA:\gen_wide_SRAM_ROB[0].gen_SRAM_ROB[0].gSF4MemInst.gSF4MemBdInst.u_SRAM_ROB_FIFO_BD @ln04lpa_a00_mc_rd2rs_hsr_lvt_320x72m2b1c1_wrapper_safety_sf64eadi1:u_data_decoder_dcls@ln04lpa_a00_mc_rd2rs_hsr_lvt_320x72m2b1c1_wrapper_safety_data_decoder_top_dcls:u_d0@ln04lpa_a00_mc_rd2rs_hsr_lvt_320x72m2b1c1_wrapper_safety_data_decoder_st_wrap:u_selftest@ln04lpa_a00_mc_rd2rs_hsr_lvt_320x72m2b1c1_wrapper_safety_data_decoder_st_ctrl
  Waiver
    Name              : W164a_785
    Comment           : These counters updating logic are confirmed by designer
    Filename         : vc_waiver.tcl
    Line             : 51
    State            : Waived
  -----------------------------------------------------------------------------
  Tag                 : W164a
  Description         : LHS[NodeName]: '[LHSExpr]' width [LHS_Size] is less than RHS: '[RHSExpr]' width [RHS_Size] in[NodeType] assignment [Hierarchy: '[HIERARCHY]']
  Violation           : Lint:840
  Goal                : BOS_LINT_RULE
  Module              : ln04lpa_a00_mc_rd2rs_hsr_lvt_320x72m2b1c1_wrapper_safety_data_decoder_st_ctrl
  FileName            : /storage/project/atlas/design/user/pnson/ATLAS_WORKING/DK/mem/SAFETY_WRAPPER/ln04lpa_a00_mc_rd2rs_hsr_lvt_320x72m2b1c1_wrapper_safety_sf64eadi1/ln04lpa_a00_mc_rd2rs_hsr_lvt_320x72m2b1c1_wrapper_safety_sf64eadi1.sv
  LineNumber          : 625
  Statement           :           r_idx_nxt   = r_idx + 1'b1;
  NodeName            : 
  LHSExpr             : r_idx_nxt
  LHS_Size            : 7
  RHSExpr             : (r_idx + 1'b1)
  RHS_Size            : 8
  NodeType            : 
  HIERARCHY           : :BOS_AESDMA:\gen_wide_SRAM_ROB[0].gen_SRAM_ROB[0].gSF4MemInst.gSF4MemBdInst.u_SRAM_ROB_FIFO_BD @ln04lpa_a00_mc_rd2rs_hsr_lvt_320x72m2b1c1_wrapper_safety_sf64eadi1:u_data_decoder_dcls@ln04lpa_a00_mc_rd2rs_hsr_lvt_320x72m2b1c1_wrapper_safety_data_decoder_top_dcls:u_d0@ln04lpa_a00_mc_rd2rs_hsr_lvt_320x72m2b1c1_wrapper_safety_data_decoder_st_wrap:u_selftest@ln04lpa_a00_mc_rd2rs_hsr_lvt_320x72m2b1c1_wrapper_safety_data_decoder_st_ctrl
  Waiver
    Name              : W164a_785
    Comment           : These counters updating logic are confirmed by designer
    Filename         : vc_waiver.tcl
    Line             : 51
    State            : Waived
  -----------------------------------------------------------------------------
  Tag                 : W164a
  Description         : LHS[NodeName]: '[LHSExpr]' width [LHS_Size] is less than RHS: '[RHSExpr]' width [RHS_Size] in[NodeType] assignment [Hierarchy: '[HIERARCHY]']
  Violation           : Lint:841
  Goal                : BOS_LINT_RULE
  Module              : ln04lpa_a00_mc_rd2rs_hsr_lvt_320x72m2b1c1_wrapper_safety_data_decoder_st_ctrl
  FileName            : /storage/project/atlas/design/user/pnson/ATLAS_WORKING/DK/mem/SAFETY_WRAPPER/ln04lpa_a00_mc_rd2rs_hsr_lvt_320x72m2b1c1_wrapper_safety_sf64eadi1/ln04lpa_a00_mc_rd2rs_hsr_lvt_320x72m2b1c1_wrapper_safety_sf64eadi1.sv
  LineNumber          : 626
  Statement           :           r_cycle_nxt = r_cycle + 1'b1;
  NodeName            : 
  LHSExpr             : r_cycle_nxt
  LHS_Size            : 7
  RHSExpr             : (r_cycle + 1'b1)
  RHS_Size            : 8
  NodeType            : 
  HIERARCHY           : :BOS_AESDMA:\gen_wide_SRAM_ROB[0].gen_SRAM_ROB[0].gSF4MemInst.gSF4MemBdInst.u_SRAM_ROB_FIFO_BD @ln04lpa_a00_mc_rd2rs_hsr_lvt_320x72m2b1c1_wrapper_safety_sf64eadi1:u_data_decoder_dcls@ln04lpa_a00_mc_rd2rs_hsr_lvt_320x72m2b1c1_wrapper_safety_data_decoder_top_dcls:u_d0@ln04lpa_a00_mc_rd2rs_hsr_lvt_320x72m2b1c1_wrapper_safety_data_decoder_st_wrap:u_selftest@ln04lpa_a00_mc_rd2rs_hsr_lvt_320x72m2b1c1_wrapper_safety_data_decoder_st_ctrl
  Waiver
    Name              : W164a_785
    Comment           : These counters updating logic are confirmed by designer
    Filename         : vc_waiver.tcl
    Line             : 51
    State            : Waived

  -----------------------------------------------------------------------------
  W240  (0 warning/18 waived)
  -----------------------------------------------------------------------------
  Tag           : W240
  Description   : Input '[Signal]' declared but not read.[Hierarchy: '[HIERARCHY]']
  Violation     : Lint:859
  Goal          : BOS_LINT_RULE
  Module        : BOS_BUS_PARITY_AXI4_M
  FileName      : /storage/project/atlas/design/user/pnson/ATLAS_WORKING/IP/BOS_LIB/RTL/BOS_BUS_PARITY_AXI4_M.v
  LineNumber    : 26
  Statement     :     input  wire     [  pBwParDt-1:00]   AXI_MI0_RDATA_PARITY                ,      
  Signal        : AXI_MI0_RDATA_PARITY[15:0]
  HIERARCHY     : :BOS_AESDMA:u_AESDMA_BUS_PARITY_AXI4_M@BOS_BUS_PARITY_AXI4_M
  Waiver
    Name        : W240_830
    Comment     : output port is not connected warning
    Filename   : vc_waiver.tcl
    Line       : 104
    State      : Waived
  -----------------------------------------------------------------------------
  Tag           : W240
  Description   : Input '[Signal]' declared but not read.[Hierarchy: '[HIERARCHY]']
  Violation     : Lint:863
  Goal          : BOS_LINT_RULE
  Module        : AESDMA_TOP
  FileName      : /storage/project/atlas/design/user/pnson/ATLAS_WORKING/IP/AESDMA/RTL/AESDMA_CORE/AESDMA_TOP.v
  LineNumber    : 141
  Statement     :     input                                                           TIEL_DFT_CGEN
  Signal        : TIEL_DFT_CGEN
  HIERARCHY     : :BOS_AESDMA:u_AESDMA_TOP@AESDMA_TOP_DCLS:u_aesdma_top@AESDMA_TOP
  Waiver
    Name        : W240_830
    Comment     : output port is not connected warning
    Filename   : vc_waiver.tcl
    Line       : 104
    State      : Waived
  -----------------------------------------------------------------------------
  Tag           : W240
  Description   : Input '[Signal]' declared but not read.[Hierarchy: '[HIERARCHY]']
  Violation     : Lint:902
  Goal          : BOS_LINT_RULE
  Module        : AESDMA_SFR
  FileName      : /storage/project/atlas/design/user/pnson/ATLAS_WORKING/IP/AESDMA/RTL/AESDMA_CORE/AESDMA_SFR.v
  LineNumber    : 28
  Statement     :     input        [31:0]     I_PADDR,
  Signal        : I_PADDR[31:16]
  HIERARCHY     : :BOS_AESDMA:u_AESDMA_TOP@AESDMA_TOP_DCLS:u_aesdma_top@AESDMA_TOP:u_AESDMA_SFR@AESDMA_SFR
  Waiver
    Name        : W240_830
    Comment     : output port is not connected warning
    Filename   : vc_waiver.tcl
    Line       : 104
    State      : Waived
  -----------------------------------------------------------------------------
  Tag           : W240
  Description   : Input '[Signal]' declared but not read.[Hierarchy: '[HIERARCHY]']
  Violation     : Lint:903
  Goal          : BOS_LINT_RULE
  Module        : AESDMA_DOORBELL
  FileName      : /storage/project/atlas/design/user/pnson/ATLAS_WORKING/IP/AESDMA/RTL/AESDMA_CORE/AESDMA_DOORBELL.v
  LineNumber    : 49
  Statement     :     input                               I_RdDesc_Busy, 
  Signal        : I_RdDesc_Busy
  HIERARCHY     : :BOS_AESDMA:u_AESDMA_TOP@AESDMA_TOP_DCLS:u_aesdma_top@AESDMA_TOP:u_AESDMA_DOORBELL@AESDMA_DOORBELL
  Waiver
    Name        : W240_830
    Comment     : output port is not connected warning
    Filename   : vc_waiver.tcl
    Line       : 104
    State      : Waived
  -----------------------------------------------------------------------------
  Tag           : W240
  Description   : Input '[Signal]' declared but not read.[Hierarchy: '[HIERARCHY]']
  Violation     : Lint:905
  Goal          : BOS_LINT_RULE
  Module        : AESDMA_BD
  FileName      : /storage/project/atlas/design/user/pnson/ATLAS_WORKING/IP/AESDMA/RTL/AESDMA_CORE/AESDMA_BD.v
  LineNumber    : 72
  Statement     :     input                                 I_DMA_RdBusy_Ar, //from RDCORE
  Signal        : I_DMA_RdBusy_Ar
  HIERARCHY     : :BOS_AESDMA:u_AESDMA_TOP@AESDMA_TOP_DCLS:u_aesdma_top@AESDMA_TOP:u_AESDMA_BD@AESDMA_BD
  Waiver
    Name        : W240_830
    Comment     : output port is not connected warning
    Filename   : vc_waiver.tcl
    Line       : 104
    State      : Waived
  -----------------------------------------------------------------------------
  Tag           : W240
  Description   : Input '[Signal]' declared but not read.[Hierarchy: '[HIERARCHY]']
  Violation     : Lint:906
  Goal          : BOS_LINT_RULE
  Module        : AESDMA_BD
  FileName      : /storage/project/atlas/design/user/pnson/ATLAS_WORKING/IP/AESDMA/RTL/AESDMA_CORE/AESDMA_BD.v
  LineNumber    : 74
  Statement     :     input                                 I_DMA_RdBusy_R,  //from RDCORE
  Signal        : I_DMA_RdBusy_R
  HIERARCHY     : :BOS_AESDMA:u_AESDMA_TOP@AESDMA_TOP_DCLS:u_aesdma_top@AESDMA_TOP:u_AESDMA_BD@AESDMA_BD
  Waiver
    Name        : W240_830
    Comment     : output port is not connected warning
    Filename   : vc_waiver.tcl
    Line       : 104
    State      : Waived
  -----------------------------------------------------------------------------
  Tag           : W240
  Description   : Input '[Signal]' declared but not read.[Hierarchy: '[HIERARCHY]']
  Violation     : Lint:907
  Goal          : BOS_LINT_RULE
  Module        : AESDMA_BD
  FileName      : /storage/project/atlas/design/user/pnson/ATLAS_WORKING/IP/AESDMA/RTL/AESDMA_CORE/AESDMA_BD.v
  LineNumber    : 71
  Statement     :     input                                 I_DMA_RdDone_Ar, //from RDCORE
  Signal        : I_DMA_RdDone_Ar
  HIERARCHY     : :BOS_AESDMA:u_AESDMA_TOP@AESDMA_TOP_DCLS:u_aesdma_top@AESDMA_TOP:u_AESDMA_BD@AESDMA_BD
  Waiver
    Name        : W240_830
    Comment     : output port is not connected warning
    Filename   : vc_waiver.tcl
    Line       : 104
    State      : Waived
  -----------------------------------------------------------------------------
  Tag           : W240
  Description   : Input '[Signal]' declared but not read.[Hierarchy: '[HIERARCHY]']
  Violation     : Lint:908
  Goal          : BOS_LINT_RULE
  Module        : AESDMA_BD
  FileName      : /storage/project/atlas/design/user/pnson/ATLAS_WORKING/IP/AESDMA/RTL/AESDMA_CORE/AESDMA_BD.v
  LineNumber    : 73
  Statement     :     input                                 I_DMA_RdDone_R,  //from RDCORE
  Signal        : I_DMA_RdDone_R
  HIERARCHY     : :BOS_AESDMA:u_AESDMA_TOP@AESDMA_TOP_DCLS:u_aesdma_top@AESDMA_TOP:u_AESDMA_BD@AESDMA_BD
  Waiver
    Name        : W240_830
    Comment     : output port is not connected warning
    Filename   : vc_waiver.tcl
    Line       : 104
    State      : Waived
  -----------------------------------------------------------------------------
  Tag           : W240
  Description   : Input '[Signal]' declared but not read.[Hierarchy: '[HIERARCHY]']
  Violation     : Lint:909
  Goal          : BOS_LINT_RULE
  Module        : AESDMA_BD
  FileName      : /storage/project/atlas/design/user/pnson/ATLAS_WORKING/IP/AESDMA/RTL/AESDMA_CORE/AESDMA_BD.v
  LineNumber    : 83
  Statement     :     input                                 I_DMA_WrBusy_Aw, //from WRCORE
  Signal        : I_DMA_WrBusy_Aw
  HIERARCHY     : :BOS_AESDMA:u_AESDMA_TOP@AESDMA_TOP_DCLS:u_aesdma_top@AESDMA_TOP:u_AESDMA_BD@AESDMA_BD
  Waiver
    Name        : W240_830
    Comment     : output port is not connected warning
    Filename   : vc_waiver.tcl
    Line       : 104
    State      : Waived
  -----------------------------------------------------------------------------
  Tag           : W240
  Description   : Input '[Signal]' declared but not read.[Hierarchy: '[HIERARCHY]']
  Violation     : Lint:910
  Goal          : BOS_LINT_RULE
  Module        : AESDMA_BD
  FileName      : /storage/project/atlas/design/user/pnson/ATLAS_WORKING/IP/AESDMA/RTL/AESDMA_CORE/AESDMA_BD.v
  LineNumber    : 82
  Statement     :     input                                 I_DMA_WrDone_Aw, //from WRCORE
  Signal        : I_DMA_WrDone_Aw
  HIERARCHY     : :BOS_AESDMA:u_AESDMA_TOP@AESDMA_TOP_DCLS:u_aesdma_top@AESDMA_TOP:u_AESDMA_BD@AESDMA_BD
  Waiver
    Name        : W240_830
    Comment     : output port is not connected warning
    Filename   : vc_waiver.tcl
    Line       : 104
    State      : Waived
  -----------------------------------------------------------------------------
  Tag           : W240
  Description   : Input '[Signal]' declared but not read.[Hierarchy: '[HIERARCHY]']
  Violation     : Lint:911
  Goal          : BOS_LINT_RULE
  Module        : AESDMA_BD
  FileName      : /storage/project/atlas/design/user/pnson/ATLAS_WORKING/IP/AESDMA/RTL/AESDMA_CORE/AESDMA_BD.v
  LineNumber    : 50
  Statement     :     input                                 I_RDCMD_ready,
  Signal        : I_RDCMD_ready
  HIERARCHY     : :BOS_AESDMA:u_AESDMA_TOP@AESDMA_TOP_DCLS:u_aesdma_top@AESDMA_TOP:u_AESDMA_BD@AESDMA_BD
  Waiver
    Name        : W240_830
    Comment     : output port is not connected warning
    Filename   : vc_waiver.tcl
    Line       : 104
    State      : Waived
  -----------------------------------------------------------------------------
  Tag           : W240
  Description   : Input '[Signal]' declared but not read.[Hierarchy: '[HIERARCHY]']
  Violation     : Lint:912
  Goal          : BOS_LINT_RULE
  Module        : AESDMA_BD
  FileName      : /storage/project/atlas/design/user/pnson/ATLAS_WORKING/IP/AESDMA/RTL/AESDMA_CORE/AESDMA_BD.v
  LineNumber    : 53
  Statement     :     input                                 I_WRCMD_ready,
  Signal        : I_WRCMD_ready
  HIERARCHY     : :BOS_AESDMA:u_AESDMA_TOP@AESDMA_TOP_DCLS:u_aesdma_top@AESDMA_TOP:u_AESDMA_BD@AESDMA_BD
  Waiver
    Name        : W240_830
    Comment     : output port is not connected warning
    Filename   : vc_waiver.tcl
    Line       : 104
    State      : Waived
  -----------------------------------------------------------------------------
  Tag           : W240
  Description   : Input '[Signal]' declared but not read.[Hierarchy: '[HIERARCHY]']
  Violation     : Lint:914
  Goal          : BOS_LINT_RULE
  Module        : AESDMA_RD_DESC
  FileName      : /storage/project/atlas/design/user/pnson/ATLAS_WORKING/IP/AESDMA/RTL/AESDMA_CORE/AESDMA_RD_DESC.sv
  LineNumber    : 72
  Statement     :     input  logic                                I_RLast,
  Signal        : I_RLast
  HIERARCHY     : :BOS_AESDMA:u_AESDMA_TOP@AESDMA_TOP_DCLS:u_aesdma_top@AESDMA_TOP:u_AESDMA_RD_DESC@AESDMA_RD_DESC
  Waiver
    Name        : W240_830
    Comment     : output port is not connected warning
    Filename   : vc_waiver.tcl
    Line       : 104
    State      : Waived
  -----------------------------------------------------------------------------
  Tag           : W240
  Description   : Input '[Signal]' declared but not read.[Hierarchy: '[HIERARCHY]']
  Violation     : Lint:915
  Goal          : BOS_LINT_RULE
  Module        : AESDMA_RD_DESC
  FileName      : /storage/project/atlas/design/user/pnson/ATLAS_WORKING/IP/AESDMA/RTL/AESDMA_CORE/AESDMA_RD_DESC.sv
  LineNumber    : 69
  Statement     :     input  logic      [AXI_ID_WD-1:0]           I_RId,
  Signal        : I_RId[4:0]
  HIERARCHY     : :BOS_AESDMA:u_AESDMA_TOP@AESDMA_TOP_DCLS:u_aesdma_top@AESDMA_TOP:u_AESDMA_RD_DESC@AESDMA_RD_DESC
  Waiver
    Name        : W240_830
    Comment     : output port is not connected warning
    Filename   : vc_waiver.tcl
    Line       : 104
    State      : Waived
  -----------------------------------------------------------------------------
  Tag           : W240
  Description   : Input '[Signal]' declared but not read.[Hierarchy: '[HIERARCHY]']
  Violation     : Lint:940
  Goal          : BOS_LINT_RULE
  Module        : AESDMA_PRBS_GEN
  FileName      : /storage/project/atlas/design/user/pnson/ATLAS_WORKING/IP/AESDMA/RTL/AESDMA_CORE/AESDMA_PRBS_GEN.v
  LineNumber    : 28
  Statement     :     input   [DMA_TEST_VECTOR_SIZE-1:0] I_INIT_VAL,
  Signal        : I_INIT_VAL[1023:256, 242:224, ...]
  HIERARCHY     : :BOS_AESDMA:u_AESDMA_TOP@AESDMA_TOP_DCLS:u_aesdma_top@AESDMA_TOP:u_AESDMA_DATAGEN@AESDMA_DATAGEN:u_AESDMA_PRBS_GEN_in_DATAGEN@AESDMA_PRBS_GEN
  Waiver
    Name        : W240_830
    Comment     : output port is not connected warning
    Filename   : vc_waiver.tcl
    Line       : 104
    State      : Waived
  -----------------------------------------------------------------------------
  Tag           : W240
  Description   : Input '[Signal]' declared but not read.[Hierarchy: '[HIERARCHY]']
  Violation     : Lint:943
  Goal          : BOS_LINT_RULE
  Module        : AES_CORE_dev
  FileName      : /storage/project/atlas/design/user/pnson/ATLAS_WORKING/IP/AESDMA/RTL/AES_CORE/AES_CORE_dev.v
  LineNumber    : 94
  Statement     :     input                                                   I_MREADY,
  Signal        : I_MREADY
  HIERARCHY     : :BOS_AESDMA:u_AESDMA_TOP@AESDMA_TOP_DCLS:u_aesdma_top@AESDMA_TOP:u_AES_CORE@AES_CORE_dev
  Waiver
    Name        : W240_830
    Comment     : output port is not connected warning
    Filename   : vc_waiver.tcl
    Line       : 104
    State      : Waived
  -----------------------------------------------------------------------------
  Tag           : W240
  Description   : Input '[Signal]' declared but not read.[Hierarchy: '[HIERARCHY]']
  Violation     : Lint:1000
  Goal          : BOS_LINT_RULE
  Module        : AESDMA_AXI_FIFO
  FileName      : /storage/project/atlas/design/user/pnson/ATLAS_WORKING/IP/AESDMA/RTL/AESDMA_CORE/AESDMA_AXI_FIFO.v
  LineNumber    : 50
  Statement     :         input       [ AXI_ID_WD-1: 0]       I_S_WID,
  Signal        : I_S_WID[5:0]
  HIERARCHY     : :BOS_AESDMA:u_AESDMA_TOP@AESDMA_TOP_DCLS:u_aesdma_top@AESDMA_TOP:u_AESDMA_AXI_FIFO@AESDMA_AXI_FIFO
  Waiver
    Name        : W240_830
    Comment     : output port is not connected warning
    Filename   : vc_waiver.tcl
    Line       : 104
    State      : Waived
  -----------------------------------------------------------------------------
  Tag           : W240
  Description   : Input '[Signal]' declared but not read.[Hierarchy: '[HIERARCHY]']
  Violation     : Lint:1011
  Goal          : BOS_LINT_RULE
  Module        : css600_apbasyncbridgeslv
  FileName      : /storage/project/atlas/design/user/pnson/ATLAS_WORKING/IP/CSSYS/RTL/logical/css600/logical/css600_apbasyncbridge/verilog/css600_apbasyncbridgeslv.v
  LineNumber    : 68
  Statement     :   input  wire                        penable_s;
  Signal        : penable_s
  HIERARCHY     : :BOS_AESDMA:\gN1B0ApbASB.u_apbasyncbridgeslv_aesdma @css600_apbasyncbridgeslv
  Waiver
    Name        : W240_830
    Comment     : output port is not connected warning
    Filename   : vc_waiver.tcl
    Line       : 104
    State      : Waived

  -----------------------------------------------------------------------------
  W287b  (0 warning/54 waived)
  -----------------------------------------------------------------------------
  Tag           : W287b
  Description   : Instance output port '[ModPortName]' is not connected
  Violation     : Lint:842
  Goal          : BOS_LINT_RULE
  Module        : BOS_AESDMA
  FileName      : /storage/project/atlas/design/user/pnson/ATLAS_WORKING/IP/AESDMA/RTL/SAFETY/BOS_AESDMA.v
  LineNumber    : 1320
  Statement     :                     .SO_D_L                         (                                               ),
  ModPortName   : SO_D_L
  Waiver
    Name        : W287b_800
    Comment     : output port is not connected warning
    Filename   : vc_waiver.tcl
    Line       : 84
    State      : Waived
  -----------------------------------------------------------------------------
  Tag           : W287b
  Description   : Instance output port '[ModPortName]' is not connected
  Violation     : Lint:843
  Goal          : BOS_LINT_RULE
  Module        : BOS_AESDMA
  FileName      : /storage/project/atlas/design/user/pnson/ATLAS_WORKING/IP/AESDMA/RTL/SAFETY/BOS_AESDMA.v
  LineNumber    : 1321
  Statement     :                     .SO_D_R                         (                                               ),
  ModPortName   : SO_D_R
  Waiver
    Name        : W287b_800
    Comment     : output port is not connected warning
    Filename   : vc_waiver.tcl
    Line       : 84
    State      : Waived
  -----------------------------------------------------------------------------
  Tag           : W287b
  Description   : Instance output port '[ModPortName]' is not connected
  Violation     : Lint:844
  Goal          : BOS_LINT_RULE
  Module        : BOS_AESDMA
  FileName      : /storage/project/atlas/design/user/pnson/ATLAS_WORKING/IP/AESDMA/RTL/SAFETY/BOS_AESDMA.v
  LineNumber    : 1504
  Statement     :                         .SO_D_L                     (                                           ),
  ModPortName   : SO_D_L
  Waiver
    Name        : W287b_800
    Comment     : output port is not connected warning
    Filename   : vc_waiver.tcl
    Line       : 84
    State      : Waived
  -----------------------------------------------------------------------------
  Tag           : W287b
  Description   : Instance output port '[ModPortName]' is not connected
  Violation     : Lint:845
  Goal          : BOS_LINT_RULE
  Module        : BOS_AESDMA
  FileName      : /storage/project/atlas/design/user/pnson/ATLAS_WORKING/IP/AESDMA/RTL/SAFETY/BOS_AESDMA.v
  LineNumber    : 1505
  Statement     :                         .SO_D_R                     (                                           ),
  ModPortName   : SO_D_R
  Waiver
    Name        : W287b_800
    Comment     : output port is not connected warning
    Filename   : vc_waiver.tcl
    Line       : 84
    State      : Waived
  -----------------------------------------------------------------------------
  Tag           : W287b
  Description   : Instance output port '[ModPortName]' is not connected
  Violation     : Lint:860
  Goal          : BOS_LINT_RULE
  Module        : BOS_ERROR_DOUBLE
  FileName      : /storage/project/atlas/design/user/pnson/ATLAS_WORKING/IP/BOS_LIB/RTL/BOS_ERROR_DOUBLE.v
  LineNumber    : 66
  Statement     :     .O_QN       (           )
  ModPortName   : O_QN
  Waiver
    Name        : W287b_800
    Comment     : output port is not connected warning
    Filename   : vc_waiver.tcl
    Line       : 84
    State      : Waived
  -----------------------------------------------------------------------------
  Tag           : W287b
  Description   : Instance output port '[ModPortName]' is not connected
  Violation     : Lint:861
  Goal          : BOS_LINT_RULE
  Module        : BOS_ERROR_DOUBLE
  FileName      : /storage/project/atlas/design/user/pnson/ATLAS_WORKING/IP/BOS_LIB/RTL/BOS_ERROR_DOUBLE.v
  LineNumber    : 74
  Statement     :     .O_QN       (           )
  ModPortName   : O_QN
  Waiver
    Name        : W287b_800
    Comment     : output port is not connected warning
    Filename   : vc_waiver.tcl
    Line       : 84
    State      : Waived
  -----------------------------------------------------------------------------
  Tag           : W287b
  Description   : Instance output port '[ModPortName]' is not connected
  Violation     : Lint:864
  Goal          : BOS_LINT_RULE
  Module        : AESDMA_TOP
  FileName      : /storage/project/atlas/design/user/pnson/ATLAS_WORKING/IP/AESDMA/RTL/AESDMA_CORE/AESDMA_TOP.v
  LineNumber    : 1432
  Statement     :     .O_EMPTY_CNT                (                                  ),
  ModPortName   : O_EMPTY_CNT
  Waiver
    Name        : W287b_800
    Comment     : output port is not connected warning
    Filename   : vc_waiver.tcl
    Line       : 84
    State      : Waived
  -----------------------------------------------------------------------------
  Tag           : W287b
  Description   : Instance output port '[ModPortName]' is not connected
  Violation     : Lint:865
  Goal          : BOS_LINT_RULE
  Module        : AESDMA_TOP
  FileName      : /storage/project/atlas/design/user/pnson/ATLAS_WORKING/IP/AESDMA/RTL/AESDMA_CORE/AESDMA_TOP.v
  LineNumber    : 1433
  Statement     :     .O_FULL_CNT                 (                                  )
  ModPortName   : O_FULL_CNT
  Waiver
    Name        : W287b_800
    Comment     : output port is not connected warning
    Filename   : vc_waiver.tcl
    Line       : 84
    State      : Waived
  -----------------------------------------------------------------------------
  Tag           : W287b
  Description   : Instance output port '[ModPortName]' is not connected
  Violation     : Lint:866
  Goal          : BOS_LINT_RULE
  Module        : AESDMA_TOP
  FileName      : /storage/project/atlas/design/user/pnson/ATLAS_WORKING/IP/AESDMA/RTL/AESDMA_CORE/AESDMA_TOP.v
  LineNumber    : 1862
  Statement     :     .O_DMA_StartPulse           (                              ),
  ModPortName   : O_DMA_StartPulse
  Waiver
    Name        : W287b_800
    Comment     : output port is not connected warning
    Filename   : vc_waiver.tcl
    Line       : 84
    State      : Waived
  -----------------------------------------------------------------------------
  Tag           : W287b
  Description   : Instance output port '[ModPortName]' is not connected
  Violation     : Lint:867
  Goal          : BOS_LINT_RULE
  Module        : AESDMA_TOP
  FileName      : /storage/project/atlas/design/user/pnson/ATLAS_WORKING/IP/AESDMA/RTL/AESDMA_CORE/AESDMA_TOP.v
  LineNumber    : 1950
  Statement     :     .O_RResp                    (                              ),
  ModPortName   : O_RResp
  Waiver
    Name        : W287b_800
    Comment     : output port is not connected warning
    Filename   : vc_waiver.tcl
    Line       : 84
    State      : Waived
  -----------------------------------------------------------------------------
  Tag           : W287b
  Description   : Instance output port '[ModPortName]' is not connected
  Violation     : Lint:868
  Goal          : BOS_LINT_RULE
  Module        : AESDMA_TOP
  FileName      : /storage/project/atlas/design/user/pnson/ATLAS_WORKING/IP/AESDMA/RTL/AESDMA_CORE/AESDMA_TOP.v
  LineNumber    : 1954
  Statement     :     .O_DebugInfo_Rd             (                              )
  ModPortName   : O_DebugInfo_Rd
  Waiver
    Name        : W287b_800
    Comment     : output port is not connected warning
    Filename   : vc_waiver.tcl
    Line       : 84
    State      : Waived
  -----------------------------------------------------------------------------
  Tag           : W287b
  Description   : Instance output port '[ModPortName]' is not connected
  Violation     : Lint:869
  Goal          : BOS_LINT_RULE
  Module        : AESDMA_TOP
  FileName      : /storage/project/atlas/design/user/pnson/ATLAS_WORKING/IP/AESDMA/RTL/AESDMA_CORE/AESDMA_TOP.v
  LineNumber    : 2109
  Statement     :     .O_RResp                    (                               ),
  ModPortName   : O_RResp
  Waiver
    Name        : W287b_800
    Comment     : output port is not connected warning
    Filename   : vc_waiver.tcl
    Line       : 84
    State      : Waived
  -----------------------------------------------------------------------------
  Tag           : W287b
  Description   : Instance output port '[ModPortName]' is not connected
  Violation     : Lint:870
  Goal          : BOS_LINT_RULE
  Module        : AESDMA_TOP
  FileName      : /storage/project/atlas/design/user/pnson/ATLAS_WORKING/IP/AESDMA/RTL/AESDMA_CORE/AESDMA_TOP.v
  LineNumber    : 2238
  Statement     :     .O_BResp                    (                               ),
  ModPortName   : O_BResp
  Waiver
    Name        : W287b_800
    Comment     : output port is not connected warning
    Filename   : vc_waiver.tcl
    Line       : 84
    State      : Waived
  -----------------------------------------------------------------------------
  Tag           : W287b
  Description   : Instance output port '[ModPortName]' is not connected
  Violation     : Lint:917
  Goal          : BOS_LINT_RULE
  Module        : AESDMA_RDCORE
  FileName      : /storage/project/atlas/design/user/pnson/ATLAS_WORKING/IP/AESDMA/RTL/AESDMA_CORE/AESDMA_RDCORE.sv
  LineNumber    : 296
  Statement     :     .O_SREADY       (               ),
  ModPortName   : O_SREADY
  Waiver
    Name        : W287b_800
    Comment     : output port is not connected warning
    Filename   : vc_waiver.tcl
    Line       : 84
    State      : Waived
  -----------------------------------------------------------------------------
  Tag           : W287b
  Description   : Instance output port '[ModPortName]' is not connected
  Violation     : Lint:918
  Goal          : BOS_LINT_RULE
  Module        : AESDMA_RDCORE
  FileName      : /storage/project/atlas/design/user/pnson/ATLAS_WORKING/IP/AESDMA/RTL/AESDMA_CORE/AESDMA_RDCORE.sv
  LineNumber    : 305
  Statement     :     .O_EMPTY_CNT    (               ),
  ModPortName   : O_EMPTY_CNT
  Waiver
    Name        : W287b_800
    Comment     : output port is not connected warning
    Filename   : vc_waiver.tcl
    Line       : 84
    State      : Waived
  -----------------------------------------------------------------------------
  Tag           : W287b
  Description   : Instance output port '[ModPortName]' is not connected
  Violation     : Lint:919
  Goal          : BOS_LINT_RULE
  Module        : AESDMA_RDCORE
  FileName      : /storage/project/atlas/design/user/pnson/ATLAS_WORKING/IP/AESDMA/RTL/AESDMA_CORE/AESDMA_RDCORE.sv
  LineNumber    : 306
  Statement     :     .O_FULL_CNT     (               )
  ModPortName   : O_FULL_CNT
  Waiver
    Name        : W287b_800
    Comment     : output port is not connected warning
    Filename   : vc_waiver.tcl
    Line       : 84
    State      : Waived
  -----------------------------------------------------------------------------
  Tag           : W287b
  Description   : Instance output port '[ModPortName]' is not connected
  Violation     : Lint:922
  Goal          : BOS_LINT_RULE
  Module        : AESDMA_REORDER_BUF
  FileName      : /storage/project/atlas/design/user/pnson/ATLAS_WORKING/IP/AESDMA/RTL/AESDMA_CORE/AESDMA_REORDER_BUF.sv
  LineNumber    : 409
  Statement     :    .O_EMPTY_CNT (                        ),
  ModPortName   : O_EMPTY_CNT
  Waiver
    Name        : W287b_800
    Comment     : output port is not connected warning
    Filename   : vc_waiver.tcl
    Line       : 84
    State      : Waived
  -----------------------------------------------------------------------------
  Tag           : W287b
  Description   : Instance output port '[ModPortName]' is not connected
  Violation     : Lint:923
  Goal          : BOS_LINT_RULE
  Module        : AESDMA_REORDER_BUF
  FileName      : /storage/project/atlas/design/user/pnson/ATLAS_WORKING/IP/AESDMA/RTL/AESDMA_CORE/AESDMA_REORDER_BUF.sv
  LineNumber    : 410
  Statement     :    .O_FULL_CNT  (                        ) 
  ModPortName   : O_FULL_CNT
  Waiver
    Name        : W287b_800
    Comment     : output port is not connected warning
    Filename   : vc_waiver.tcl
    Line       : 84
    State      : Waived
  -----------------------------------------------------------------------------
  Tag           : W287b
  Description   : Instance output port '[ModPortName]' is not connected
  Violation     : Lint:925
  Goal          : BOS_LINT_RULE
  Module        : AESDMA_WRCORE
  FileName      : /storage/project/atlas/design/user/pnson/ATLAS_WORKING/IP/AESDMA/RTL/AESDMA_CORE/AESDMA_WRCORE.sv
  LineNumber    : 477
  Statement     :     .O_SREADY         (               ),
  ModPortName   : O_SREADY
  Waiver
    Name        : W287b_800
    Comment     : output port is not connected warning
    Filename   : vc_waiver.tcl
    Line       : 84
    State      : Waived
  -----------------------------------------------------------------------------
  Tag           : W287b
  Description   : Instance output port '[ModPortName]' is not connected
  Violation     : Lint:926
  Goal          : BOS_LINT_RULE
  Module        : AESDMA_WRCORE
  FileName      : /storage/project/atlas/design/user/pnson/ATLAS_WORKING/IP/AESDMA/RTL/AESDMA_CORE/AESDMA_WRCORE.sv
  LineNumber    : 486
  Statement     :     .O_EMPTY_CNT      (               ),
  ModPortName   : O_EMPTY_CNT
  Waiver
    Name        : W287b_800
    Comment     : output port is not connected warning
    Filename   : vc_waiver.tcl
    Line       : 84
    State      : Waived
  -----------------------------------------------------------------------------
  Tag           : W287b
  Description   : Instance output port '[ModPortName]' is not connected
  Violation     : Lint:927
  Goal          : BOS_LINT_RULE
  Module        : AESDMA_WRCORE
  FileName      : /storage/project/atlas/design/user/pnson/ATLAS_WORKING/IP/AESDMA/RTL/AESDMA_CORE/AESDMA_WRCORE.sv
  LineNumber    : 487
  Statement     :     .O_FULL_CNT       (               )
  ModPortName   : O_FULL_CNT
  Waiver
    Name        : W287b_800
    Comment     : output port is not connected warning
    Filename   : vc_waiver.tcl
    Line       : 84
    State      : Waived
  -----------------------------------------------------------------------------
  Tag           : W287b
  Description   : Instance output port '[ModPortName]' is not connected
  Violation     : Lint:928
  Goal          : BOS_LINT_RULE
  Module        : AESDMA_WRCORE
  FileName      : /storage/project/atlas/design/user/pnson/ATLAS_WORKING/IP/AESDMA/RTL/AESDMA_CORE/AESDMA_WRCORE.sv
  LineNumber    : 504
  Statement     :     .O_SREADY       (               ),
  ModPortName   : O_SREADY
  Waiver
    Name        : W287b_800
    Comment     : output port is not connected warning
    Filename   : vc_waiver.tcl
    Line       : 84
    State      : Waived
  -----------------------------------------------------------------------------
  Tag           : W287b
  Description   : Instance output port '[ModPortName]' is not connected
  Violation     : Lint:929
  Goal          : BOS_LINT_RULE
  Module        : AESDMA_WRCORE
  FileName      : /storage/project/atlas/design/user/pnson/ATLAS_WORKING/IP/AESDMA/RTL/AESDMA_CORE/AESDMA_WRCORE.sv
  LineNumber    : 507
  Statement     :     .O_MVALID       (/*w_wid_valid*/),
  ModPortName   : O_MVALID
  Waiver
    Name        : W287b_800
    Comment     : output port is not connected warning
    Filename   : vc_waiver.tcl
    Line       : 84
    State      : Waived
  -----------------------------------------------------------------------------
  Tag           : W287b
  Description   : Instance output port '[ModPortName]' is not connected
  Violation     : Lint:930
  Goal          : BOS_LINT_RULE
  Module        : AESDMA_WRCORE
  FileName      : /storage/project/atlas/design/user/pnson/ATLAS_WORKING/IP/AESDMA/RTL/AESDMA_CORE/AESDMA_WRCORE.sv
  LineNumber    : 515
  Statement     :     .O_EMPTY_CNT    (               ),
  ModPortName   : O_EMPTY_CNT
  Waiver
    Name        : W287b_800
    Comment     : output port is not connected warning
    Filename   : vc_waiver.tcl
    Line       : 84
    State      : Waived
  -----------------------------------------------------------------------------
  Tag           : W287b
  Description   : Instance output port '[ModPortName]' is not connected
  Violation     : Lint:931
  Goal          : BOS_LINT_RULE
  Module        : AESDMA_WRCORE
  FileName      : /storage/project/atlas/design/user/pnson/ATLAS_WORKING/IP/AESDMA/RTL/AESDMA_CORE/AESDMA_WRCORE.sv
  LineNumber    : 516
  Statement     :     .O_FULL_CNT     (               )
  ModPortName   : O_FULL_CNT
  Waiver
    Name        : W287b_800
    Comment     : output port is not connected warning
    Filename   : vc_waiver.tcl
    Line       : 84
    State      : Waived
  -----------------------------------------------------------------------------
  Tag           : W287b
  Description   : Instance output port '[ModPortName]' is not connected
  Violation     : Lint:932
  Goal          : BOS_LINT_RULE
  Module        : AESDMA_WRCORE
  FileName      : /storage/project/atlas/design/user/pnson/ATLAS_WORKING/IP/AESDMA/RTL/AESDMA_CORE/AESDMA_WRCORE.sv
  LineNumber    : 816
  Statement     :     .O_EMPTY_CNT                (                        ),
  ModPortName   : O_EMPTY_CNT
  Waiver
    Name        : W287b_800
    Comment     : output port is not connected warning
    Filename   : vc_waiver.tcl
    Line       : 84
    State      : Waived
  -----------------------------------------------------------------------------
  Tag           : W287b
  Description   : Instance output port '[ModPortName]' is not connected
  Violation     : Lint:933
  Goal          : BOS_LINT_RULE
  Module        : AESDMA_WRCORE
  FileName      : /storage/project/atlas/design/user/pnson/ATLAS_WORKING/IP/AESDMA/RTL/AESDMA_CORE/AESDMA_WRCORE.sv
  LineNumber    : 817
  Statement     :     .O_FULL_CNT                 (                        )
  ModPortName   : O_FULL_CNT
  Waiver
    Name        : W287b_800
    Comment     : output port is not connected warning
    Filename   : vc_waiver.tcl
    Line       : 84
    State      : Waived
  -----------------------------------------------------------------------------
  Tag           : W287b
  Description   : Instance output port '[ModPortName]' is not connected
  Violation     : Lint:938
  Goal          : BOS_LINT_RULE
  Module        : AESDMA_CRC_GEN
  FileName      : /storage/project/atlas/design/user/pnson/ATLAS_WORKING/IP/AESDMA/RTL/AESDMA_CORE/AESDMA_CRC_GEN.v
  LineNumber    : 312
  Statement     :    .O_SREADY    (        ),
  ModPortName   : O_SREADY
  Waiver
    Name        : W287b_800
    Comment     : output port is not connected warning
    Filename   : vc_waiver.tcl
    Line       : 84
    State      : Waived
  -----------------------------------------------------------------------------
  Tag           : W287b
  Description   : Instance output port '[ModPortName]' is not connected
  Violation     : Lint:939
  Goal          : BOS_LINT_RULE
  Module        : AESDMA_CRC_GEN
  FileName      : /storage/project/atlas/design/user/pnson/ATLAS_WORKING/IP/AESDMA/RTL/AESDMA_CORE/AESDMA_CRC_GEN.v
  LineNumber    : 321
  Statement     :    .O_EMPTY_CNT ( ),//w_regfifo_empty_cnt
  ModPortName   : O_EMPTY_CNT
  Waiver
    Name        : W287b_800
    Comment     : output port is not connected warning
    Filename   : vc_waiver.tcl
    Line       : 84
    State      : Waived
  -----------------------------------------------------------------------------
  Tag           : W287b
  Description   : Instance output port '[ModPortName]' is not connected
  Violation     : Lint:941
  Goal          : BOS_LINT_RULE
  Module        : AESDMA_PRBS_GEN
  FileName      : /storage/project/atlas/design/user/pnson/ATLAS_WORKING/IP/AESDMA/RTL/AESDMA_CORE/AESDMA_PRBS_GEN.v
  LineNumber    : 239
  Statement     :    .O_EMPTY_CNT ( ),//w_regfifo_empty_cnt    ),
  ModPortName   : O_EMPTY_CNT
  Waiver
    Name        : W287b_800
    Comment     : output port is not connected warning
    Filename   : vc_waiver.tcl
    Line       : 84
    State      : Waived
  -----------------------------------------------------------------------------
  Tag           : W287b
  Description   : Instance output port '[ModPortName]' is not connected
  Violation     : Lint:942
  Goal          : BOS_LINT_RULE
  Module        : AESDMA_PRBS_GEN
  FileName      : /storage/project/atlas/design/user/pnson/ATLAS_WORKING/IP/AESDMA/RTL/AESDMA_CORE/AESDMA_PRBS_GEN.v
  LineNumber    : 240
  Statement     :    .O_FULL_CNT  ( )//w_regfifo_full_cnt     ) 
  ModPortName   : O_FULL_CNT
  Waiver
    Name        : W287b_800
    Comment     : output port is not connected warning
    Filename   : vc_waiver.tcl
    Line       : 84
    State      : Waived
  -----------------------------------------------------------------------------
  Tag           : W287b
  Description   : Instance output port '[ModPortName]' is not connected
  Violation     : Lint:944
  Goal          : BOS_LINT_RULE
  Module        : AES_CORE_dev
  FileName      : /storage/project/atlas/design/user/pnson/ATLAS_WORKING/IP/AESDMA/RTL/AES_CORE/AES_CORE_dev.v
  LineNumber    : 879
  Statement     :     .O_EMPTY_CNT     (                           ),
  ModPortName   : O_EMPTY_CNT
  Waiver
    Name        : W287b_800
    Comment     : output port is not connected warning
    Filename   : vc_waiver.tcl
    Line       : 84
    State      : Waived
  -----------------------------------------------------------------------------
  Tag           : W287b
  Description   : Instance output port '[ModPortName]' is not connected
  Violation     : Lint:945
  Goal          : BOS_LINT_RULE
  Module        : AES_CORE_dev
  FileName      : /storage/project/atlas/design/user/pnson/ATLAS_WORKING/IP/AESDMA/RTL/AES_CORE/AES_CORE_dev.v
  LineNumber    : 880
  Statement     :     .O_FULL_CNT      (                           )
  ModPortName   : O_FULL_CNT
  Waiver
    Name        : W287b_800
    Comment     : output port is not connected warning
    Filename   : vc_waiver.tcl
    Line       : 84
    State      : Waived
  -----------------------------------------------------------------------------
  Tag           : W287b
  Description   : Instance output port '[ModPortName]' is not connected
  Violation     : Lint:1001
  Goal          : BOS_LINT_RULE
  Module        : AESDMA_AXI_FIFO
  FileName      : /storage/project/atlas/design/user/pnson/ATLAS_WORKING/IP/AESDMA/RTL/AESDMA_CORE/AESDMA_AXI_FIFO.v
  LineNumber    : 221
  Statement     :         .O_EMPTY_CNT (                  ),
  ModPortName   : O_EMPTY_CNT
  Waiver
    Name        : W287b_800
    Comment     : output port is not connected warning
    Filename   : vc_waiver.tcl
    Line       : 84
    State      : Waived
  -----------------------------------------------------------------------------
  Tag           : W287b
  Description   : Instance output port '[ModPortName]' is not connected
  Violation     : Lint:1002
  Goal          : BOS_LINT_RULE
  Module        : AESDMA_AXI_FIFO
  FileName      : /storage/project/atlas/design/user/pnson/ATLAS_WORKING/IP/AESDMA/RTL/AESDMA_CORE/AESDMA_AXI_FIFO.v
  LineNumber    : 222
  Statement     :         .O_FULL_CNT  (                  )
  ModPortName   : O_FULL_CNT
  Waiver
    Name        : W287b_800
    Comment     : output port is not connected warning
    Filename   : vc_waiver.tcl
    Line       : 84
    State      : Waived
  -----------------------------------------------------------------------------
  Tag           : W287b
  Description   : Instance output port '[ModPortName]' is not connected
  Violation     : Lint:1003
  Goal          : BOS_LINT_RULE
  Module        : AESDMA_AXI_FIFO
  FileName      : /storage/project/atlas/design/user/pnson/ATLAS_WORKING/IP/AESDMA/RTL/AESDMA_CORE/AESDMA_AXI_FIFO.v
  LineNumber    : 248
  Statement     :         .O_EMPTY_CNT (                  ),
  ModPortName   : O_EMPTY_CNT
  Waiver
    Name        : W287b_800
    Comment     : output port is not connected warning
    Filename   : vc_waiver.tcl
    Line       : 84
    State      : Waived
  -----------------------------------------------------------------------------
  Tag           : W287b
  Description   : Instance output port '[ModPortName]' is not connected
  Violation     : Lint:1004
  Goal          : BOS_LINT_RULE
  Module        : AESDMA_AXI_FIFO
  FileName      : /storage/project/atlas/design/user/pnson/ATLAS_WORKING/IP/AESDMA/RTL/AESDMA_CORE/AESDMA_AXI_FIFO.v
  LineNumber    : 249
  Statement     :         .O_FULL_CNT  (                  )
  ModPortName   : O_FULL_CNT
  Waiver
    Name        : W287b_800
    Comment     : output port is not connected warning
    Filename   : vc_waiver.tcl
    Line       : 84
    State      : Waived
  -----------------------------------------------------------------------------
  Tag           : W287b
  Description   : Instance output port '[ModPortName]' is not connected
  Violation     : Lint:1005
  Goal          : BOS_LINT_RULE
  Module        : AESDMA_AXI_FIFO
  FileName      : /storage/project/atlas/design/user/pnson/ATLAS_WORKING/IP/AESDMA/RTL/AESDMA_CORE/AESDMA_AXI_FIFO.v
  LineNumber    : 274
  Statement     :         .O_EMPTY_CNT (                  ),
  ModPortName   : O_EMPTY_CNT
  Waiver
    Name        : W287b_800
    Comment     : output port is not connected warning
    Filename   : vc_waiver.tcl
    Line       : 84
    State      : Waived
  -----------------------------------------------------------------------------
  Tag           : W287b
  Description   : Instance output port '[ModPortName]' is not connected
  Violation     : Lint:1006
  Goal          : BOS_LINT_RULE
  Module        : AESDMA_AXI_FIFO
  FileName      : /storage/project/atlas/design/user/pnson/ATLAS_WORKING/IP/AESDMA/RTL/AESDMA_CORE/AESDMA_AXI_FIFO.v
  LineNumber    : 275
  Statement     :         .O_FULL_CNT  (                  )
  ModPortName   : O_FULL_CNT
  Waiver
    Name        : W287b_800
    Comment     : output port is not connected warning
    Filename   : vc_waiver.tcl
    Line       : 84
    State      : Waived
  -----------------------------------------------------------------------------
  Tag           : W287b
  Description   : Instance output port '[ModPortName]' is not connected
  Violation     : Lint:1007
  Goal          : BOS_LINT_RULE
  Module        : AESDMA_AXI_FIFO
  FileName      : /storage/project/atlas/design/user/pnson/ATLAS_WORKING/IP/AESDMA/RTL/AESDMA_CORE/AESDMA_AXI_FIFO.v
  LineNumber    : 300
  Statement     :         .O_EMPTY_CNT (                  ),
  ModPortName   : O_EMPTY_CNT
  Waiver
    Name        : W287b_800
    Comment     : output port is not connected warning
    Filename   : vc_waiver.tcl
    Line       : 84
    State      : Waived
  -----------------------------------------------------------------------------
  Tag           : W287b
  Description   : Instance output port '[ModPortName]' is not connected
  Violation     : Lint:1008
  Goal          : BOS_LINT_RULE
  Module        : AESDMA_AXI_FIFO
  FileName      : /storage/project/atlas/design/user/pnson/ATLAS_WORKING/IP/AESDMA/RTL/AESDMA_CORE/AESDMA_AXI_FIFO.v
  LineNumber    : 301
  Statement     :         .O_FULL_CNT  (                  )
  ModPortName   : O_FULL_CNT
  Waiver
    Name        : W287b_800
    Comment     : output port is not connected warning
    Filename   : vc_waiver.tcl
    Line       : 84
    State      : Waived
  -----------------------------------------------------------------------------
  Tag           : W287b
  Description   : Instance output port '[ModPortName]' is not connected
  Violation     : Lint:1009
  Goal          : BOS_LINT_RULE
  Module        : AESDMA_AXI_FIFO
  FileName      : /storage/project/atlas/design/user/pnson/ATLAS_WORKING/IP/AESDMA/RTL/AESDMA_CORE/AESDMA_AXI_FIFO.v
  LineNumber    : 327
  Statement     :         .O_EMPTY_CNT (                  ),
  ModPortName   : O_EMPTY_CNT
  Waiver
    Name        : W287b_800
    Comment     : output port is not connected warning
    Filename   : vc_waiver.tcl
    Line       : 84
    State      : Waived
  -----------------------------------------------------------------------------
  Tag           : W287b
  Description   : Instance output port '[ModPortName]' is not connected
  Violation     : Lint:1010
  Goal          : BOS_LINT_RULE
  Module        : AESDMA_AXI_FIFO
  FileName      : /storage/project/atlas/design/user/pnson/ATLAS_WORKING/IP/AESDMA/RTL/AESDMA_CORE/AESDMA_AXI_FIFO.v
  LineNumber    : 328
  Statement     :         .O_FULL_CNT  (                  )
  ModPortName   : O_FULL_CNT
  Waiver
    Name        : W287b_800
    Comment     : output port is not connected warning
    Filename   : vc_waiver.tcl
    Line       : 84
    State      : Waived
  -----------------------------------------------------------------------------
  Tag           : W287b
  Description   : Instance output port '[ModPortName]' is not connected
  Violation     : Lint:1012
  Goal          : BOS_LINT_RULE
  Module        : css600_apbasyncbridgeslv_core
  FileName      : /storage/project/atlas/design/user/pnson/ATLAS_WORKING/IP/CSSYS/RTL/logical/css600/logical/css600_apbasyncbridge/verilog/css600_apbasyncbridgeslv_core.v
  LineNumber    : 232
  Statement     :     .cg_en       ()
  ModPortName   : cg_en
  Waiver
    Name        : W287b_800
    Comment     : output port is not connected warning
    Filename   : vc_waiver.tcl
    Line       : 84
    State      : Waived
  -----------------------------------------------------------------------------
  Tag           : W287b
  Description   : Instance output port '[ModPortName]' is not connected
  Violation     : Lint:1014
  Goal          : BOS_LINT_RULE
  Module        : ln04lpa_a00_mc_rd2rs_hsr_lvt_32x138m2b1c1_wrapper_safety_data_decoder_top_dcls
  FileName      : /storage/project/atlas/design/user/pnson/ATLAS_WORKING/DK/mem/SAFETY_WRAPPER/ln04lpa_a00_mc_rd2rs_hsr_lvt_32x138m2b1c1_wrapper_safety_sf129eadi1/ln04lpa_a00_mc_rd2rs_hsr_lvt_32x138m2b1c1_wrapper_safety_sf129eadi1.sv
  LineNumber    : 1027
  Statement     :     ,.ERR_DCLS_B   ( /*float*/ )
  ModPortName   : ERR_DCLS_B
  Waiver
    Name        : W287b_800
    Comment     : output port is not connected warning
    Filename   : vc_waiver.tcl
    Line       : 84
    State      : Waived
  -----------------------------------------------------------------------------
  Tag           : W287b
  Description   : Instance output port '[ModPortName]' is not connected
  Violation     : Lint:1018
  Goal          : BOS_LINT_RULE
  Module        : ln04lpa_a00_mc_rd2rs_hsr_lvt_32x138m2b1c1_wrapper_safety_data_decoder_st_ctrl
  FileName      : /storage/project/atlas/design/user/pnson/ATLAS_WORKING/DK/mem/SAFETY_WRAPPER/ln04lpa_a00_mc_rd2rs_hsr_lvt_32x138m2b1c1_wrapper_safety_sf129eadi1/ln04lpa_a00_mc_rd2rs_hsr_lvt_32x138m2b1c1_wrapper_safety_sf129eadi1.sv
  LineNumber    : 814
  Statement     :     , .O_ERR_B   (/*float*/)
  ModPortName   : O_ERR_B
  Waiver
    Name        : W287b_800
    Comment     : output port is not connected warning
    Filename   : vc_waiver.tcl
    Line       : 84
    State      : Waived
  -----------------------------------------------------------------------------
  Tag           : W287b
  Description   : Instance output port '[ModPortName]' is not connected
  Violation     : Lint:1019
  Goal          : BOS_LINT_RULE
  Module        : ln04lpa_a00_mc_rd2rs_hsr_lvt_32x138m2b1c1_wrapper_safety_data_decoder_st_ctrl
  FileName      : /storage/project/atlas/design/user/pnson/ATLAS_WORKING/DK/mem/SAFETY_WRAPPER/ln04lpa_a00_mc_rd2rs_hsr_lvt_32x138m2b1c1_wrapper_safety_sf129eadi1/ln04lpa_a00_mc_rd2rs_hsr_lvt_32x138m2b1c1_wrapper_safety_sf129eadi1.sv
  LineNumber    : 823
  Statement     :     , .O_ERR_B   (/*float*/)
  ModPortName   : O_ERR_B
  Waiver
    Name        : W287b_800
    Comment     : output port is not connected warning
    Filename   : vc_waiver.tcl
    Line       : 84
    State      : Waived
  -----------------------------------------------------------------------------
  Tag           : W287b
  Description   : Instance output port '[ModPortName]' is not connected
  Violation     : Lint:1020
  Goal          : BOS_LINT_RULE
  Module        : ln04lpa_a00_mc_rd2rs_hsr_lvt_32x138m2b1c1_wrapper_safety_data_decoder_st_ctrl
  FileName      : /storage/project/atlas/design/user/pnson/ATLAS_WORKING/DK/mem/SAFETY_WRAPPER/ln04lpa_a00_mc_rd2rs_hsr_lvt_32x138m2b1c1_wrapper_safety_sf129eadi1/ln04lpa_a00_mc_rd2rs_hsr_lvt_32x138m2b1c1_wrapper_safety_sf129eadi1.sv
  LineNumber    : 833
  Statement     :     , .O_ERR_B   (/*float*/)
  ModPortName   : O_ERR_B
  Waiver
    Name        : W287b_800
    Comment     : output port is not connected warning
    Filename   : vc_waiver.tcl
    Line       : 84
    State      : Waived
  -----------------------------------------------------------------------------
  Tag           : W287b
  Description   : Instance output port '[ModPortName]' is not connected
  Violation     : Lint:1021
  Goal          : BOS_LINT_RULE
  Module        : ln04lpa_a00_mc_rd2rs_hsr_lvt_32x138m2b1c1_wrapper_safety_data_decoder_st_ctrl
  FileName      : /storage/project/atlas/design/user/pnson/ATLAS_WORKING/DK/mem/SAFETY_WRAPPER/ln04lpa_a00_mc_rd2rs_hsr_lvt_32x138m2b1c1_wrapper_safety_sf129eadi1/ln04lpa_a00_mc_rd2rs_hsr_lvt_32x138m2b1c1_wrapper_safety_sf129eadi1.sv
  LineNumber    : 842
  Statement     :     , .O_ERR_B   (/*float*/)
  ModPortName   : O_ERR_B
  Waiver
    Name        : W287b_800
    Comment     : output port is not connected warning
    Filename   : vc_waiver.tcl
    Line       : 84
    State      : Waived
  -----------------------------------------------------------------------------
  Tag           : W287b
  Description   : Instance output port '[ModPortName]' is not connected
  Violation     : Lint:1023
  Goal          : BOS_LINT_RULE
  Module        : ln04lpa_a00_mc_rd2rs_hsr_lvt_320x72m2b1c1_wrapper_safety_data_decoder_top_dcls
  FileName      : /storage/project/atlas/design/user/pnson/ATLAS_WORKING/DK/mem/SAFETY_WRAPPER/ln04lpa_a00_mc_rd2rs_hsr_lvt_320x72m2b1c1_wrapper_safety_sf64eadi1/ln04lpa_a00_mc_rd2rs_hsr_lvt_320x72m2b1c1_wrapper_safety_sf64eadi1.sv
  LineNumber    : 904
  Statement     :     ,.ERR_DCLS_B   ( /*float*/ )
  ModPortName   : ERR_DCLS_B
  Waiver
    Name        : W287b_800
    Comment     : output port is not connected warning
    Filename   : vc_waiver.tcl
    Line       : 84
    State      : Waived
  -----------------------------------------------------------------------------
  Tag           : W287b
  Description   : Instance output port '[ModPortName]' is not connected
  Violation     : Lint:1027
  Goal          : BOS_LINT_RULE
  Module        : ln04lpa_a00_mc_rd2rs_hsr_lvt_320x72m2b1c1_wrapper_safety_data_decoder_st_ctrl
  FileName      : /storage/project/atlas/design/user/pnson/ATLAS_WORKING/DK/mem/SAFETY_WRAPPER/ln04lpa_a00_mc_rd2rs_hsr_lvt_320x72m2b1c1_wrapper_safety_sf64eadi1/ln04lpa_a00_mc_rd2rs_hsr_lvt_320x72m2b1c1_wrapper_safety_sf64eadi1.sv
  LineNumber    : 691
  Statement     :     , .O_ERR_B   (/*float*/)
  ModPortName   : O_ERR_B
  Waiver
    Name        : W287b_800
    Comment     : output port is not connected warning
    Filename   : vc_waiver.tcl
    Line       : 84
    State      : Waived
  -----------------------------------------------------------------------------
  Tag           : W287b
  Description   : Instance output port '[ModPortName]' is not connected
  Violation     : Lint:1028
  Goal          : BOS_LINT_RULE
  Module        : ln04lpa_a00_mc_rd2rs_hsr_lvt_320x72m2b1c1_wrapper_safety_data_decoder_st_ctrl
  FileName      : /storage/project/atlas/design/user/pnson/ATLAS_WORKING/DK/mem/SAFETY_WRAPPER/ln04lpa_a00_mc_rd2rs_hsr_lvt_320x72m2b1c1_wrapper_safety_sf64eadi1/ln04lpa_a00_mc_rd2rs_hsr_lvt_320x72m2b1c1_wrapper_safety_sf64eadi1.sv
  LineNumber    : 700
  Statement     :     , .O_ERR_B   (/*float*/)
  ModPortName   : O_ERR_B
  Waiver
    Name        : W287b_800
    Comment     : output port is not connected warning
    Filename   : vc_waiver.tcl
    Line       : 84
    State      : Waived
  -----------------------------------------------------------------------------
  Tag           : W287b
  Description   : Instance output port '[ModPortName]' is not connected
  Violation     : Lint:1029
  Goal          : BOS_LINT_RULE
  Module        : ln04lpa_a00_mc_rd2rs_hsr_lvt_320x72m2b1c1_wrapper_safety_data_decoder_st_ctrl
  FileName      : /storage/project/atlas/design/user/pnson/ATLAS_WORKING/DK/mem/SAFETY_WRAPPER/ln04lpa_a00_mc_rd2rs_hsr_lvt_320x72m2b1c1_wrapper_safety_sf64eadi1/ln04lpa_a00_mc_rd2rs_hsr_lvt_320x72m2b1c1_wrapper_safety_sf64eadi1.sv
  LineNumber    : 710
  Statement     :     , .O_ERR_B   (/*float*/)
  ModPortName   : O_ERR_B
  Waiver
    Name        : W287b_800
    Comment     : output port is not connected warning
    Filename   : vc_waiver.tcl
    Line       : 84
    State      : Waived
  -----------------------------------------------------------------------------
  Tag           : W287b
  Description   : Instance output port '[ModPortName]' is not connected
  Violation     : Lint:1030
  Goal          : BOS_LINT_RULE
  Module        : ln04lpa_a00_mc_rd2rs_hsr_lvt_320x72m2b1c1_wrapper_safety_data_decoder_st_ctrl
  FileName      : /storage/project/atlas/design/user/pnson/ATLAS_WORKING/DK/mem/SAFETY_WRAPPER/ln04lpa_a00_mc_rd2rs_hsr_lvt_320x72m2b1c1_wrapper_safety_sf64eadi1/ln04lpa_a00_mc_rd2rs_hsr_lvt_320x72m2b1c1_wrapper_safety_sf64eadi1.sv
  LineNumber    : 719
  Statement     :     , .O_ERR_B   (/*float*/)
  ModPortName   : O_ERR_B
  Waiver
    Name        : W287b_800
    Comment     : output port is not connected warning
    Filename   : vc_waiver.tcl
    Line       : 84
    State      : Waived

  -----------------------------------------------------------------------------
  W362  (0 warning/3 waived)
  -----------------------------------------------------------------------------
  Tag           : W362
  Description   : For operator ([OpType]), left expression: "[LHSExpr]" width [LHS_Size] should match right expression: "[RHSExpr]" width [RHS_Size] [Hierarchy: '[HIERARCHY]']
  Violation     : Lint:782
  Goal          : BOS_LINT_RULE
  Module        : AESDMA_RD_DESC
  FileName      : /storage/project/atlas/design/user/pnson/ATLAS_WORKING/IP/AESDMA/RTL/AESDMA_CORE/AESDMA_RD_DESC.sv
  LineNumber    : 274
  Statement     :             w_arValid = ((r_rCnt + w_rdBurstLen) < I_RdFifo_EmptyCnt);
  OpType        : <
  LHSExpr       : (r_rCnt + w_rdBurstLen)
  LHS_Size      : 7
  RHSExpr       : I_RdFifo_EmptyCnt
  RHS_Size      : 6
  HIERARCHY     : :BOS_AESDMA:u_AESDMA_TOP@AESDMA_TOP_DCLS:u_aesdma_top@AESDMA_TOP:u_AESDMA_RD_DESC@AESDMA_RD_DESC
  Waiver
    Name        : W362_786
    Comment     : In for loop state, assign could be override.These cases are confirmed by designer.
    Filename   : vc_waiver.tcl
    Line       : 70
    State      : Waived
  -----------------------------------------------------------------------------
  Tag           : W362
  Description   : For operator ([OpType]), left expression: "[LHSExpr]" width [LHS_Size] should match right expression: "[RHSExpr]" width [RHS_Size] [Hierarchy: '[HIERARCHY]']
  Violation     : Lint:795
  Goal          : BOS_LINT_RULE
  Module        : AESDMA_REORDER_BUF
  FileName      : /storage/project/atlas/design/user/pnson/ATLAS_WORKING/IP/AESDMA/RTL/AESDMA_CORE/AESDMA_REORDER_BUF.sv
  LineNumber    : 291
  Statement     :                 if (rd_table[i].done & ~cen_a & (addr_a == (rd_table[i].start_addr + rd_table[i].burst_len)))
  OpType        : ==
  LHSExpr       : addr_a
  LHS_Size      : 9
  RHSExpr       : (rd_table[i].start_addr + rd_table[i].burst_len)
  RHS_Size      : 10
  HIERARCHY     : :BOS_AESDMA:u_AESDMA_TOP@AESDMA_TOP_DCLS:u_aesdma_top@AESDMA_TOP:u_AESDMA_RDCORE@AESDMA_RDCORE:u_AESDMA_REORDER_BUF@AESDMA_REORDER_BUF
  Waiver
    Name        : W362_786
    Comment     : In for loop state, assign could be override.These cases are confirmed by designer.
    Filename   : vc_waiver.tcl
    Line       : 70
    State      : Waived
  -----------------------------------------------------------------------------
  Tag           : W362
  Description   : For operator ([OpType]), left expression: "[LHSExpr]" width [LHS_Size] should match right expression: "[RHSExpr]" width [RHS_Size] [Hierarchy: '[HIERARCHY]']
  Violation     : Lint:804
  Goal          : BOS_LINT_RULE
  Module        : AESDMA_WRCORE
  FileName      : /storage/project/atlas/design/user/pnson/ATLAS_WORKING/IP/AESDMA/RTL/AESDMA_CORE/AESDMA_WRCORE.sv
  LineNumber    : 544
  Statement     :             w_awValid = (w_dma_wr_fifo_fullcnt > (w_wrBurstLen + r_wCnt)) & (w_awid_valid | ~I_WrUniqueIdEn) & ((r_bCnt + 1) < MAX_PEND_BCNT) & ((r_wCnt + w_wrBurstLen) <= WRDMA_FIFO_DEPTH);
  OpType        : >
  LHSExpr       : w_dma_wr_fifo_fullcnt
  LHS_Size      : 6
  RHSExpr       : (w_wrBurstLen + r_wCnt)
  RHS_Size      : 7
  HIERARCHY     : :BOS_AESDMA:u_AESDMA_TOP@AESDMA_TOP_DCLS:u_aesdma_top@AESDMA_TOP:u_AESDMA_WRCORE@AESDMA_WRCORE
  Waiver
    Name        : W362_786
    Comment     : In for loop state, assign could be override.These cases are confirmed by designer.
    Filename   : vc_waiver.tcl
    Line       : 70
    State      : Waived

  -----------------------------------------------------------------------------
  W415a  (0 warning/1 waived)
  -----------------------------------------------------------------------------
  Tag                  : W415a
  Description          : Signal [Signal] is being assigned multiple times ( previous assignment at line [CulpritLineNumber] ) in same always block [Hierarchy: '[HIERARCHY]']
  Violation            : Lint:805
  Goal                 : BOS_LINT_RULE
  Module               : AESDMA_WRCORE
  FileName             : /storage/project/atlas/design/user/pnson/ATLAS_WORKING/IP/AESDMA/RTL/AESDMA_CORE/AESDMA_WRCORE.sv
  LineNumber           : 384
  Statement            :         n_wLasts = n_wLasts >> 1 ;
  Signal               : n_wLasts
  CulpritLineNumber    : 381
  HIERARCHY            : :BOS_AESDMA:u_AESDMA_TOP@AESDMA_TOP_DCLS:u_aesdma_top@AESDMA_TOP:u_AESDMA_WRCORE@AESDMA_WRCORE
  MultiLine
    SgStmt
      HDL_STATEMENT     :         n_wLasts = n_wLasts >> 1 ;
      FileName          : /storage/project/atlas/design/user/pnson/ATLAS_WORKING/IP/AESDMA/RTL/AESDMA_CORE/AESDMA_WRCORE.sv
      LineNumber        : 384
  MultiLine
    SgStmt
      HDL_STATEMENT     :         n_wLasts[(WFIFO_DATACNT_WIDTH)'(r_wCnt + O_AwLen)] = 1'b1; 
      FileName          : /storage/project/atlas/design/user/pnson/ATLAS_WORKING/IP/AESDMA/RTL/AESDMA_CORE/AESDMA_WRCORE.sv
      LineNumber        : 381
  Waiver
    Name               : W415a_787
    Comment            : These are from combinationl logic with for loop state, which is overriding assign.
    Filename          : vc_waiver.tcl
    Line              : 75
    State             : Waived

  -----------------------------------------------------------------------------
  W415a  (0 warning/2 waived)
  -----------------------------------------------------------------------------
  Tag                  : W415a
  Description          : Signal [Signal] is being assigned multiple times ( assignment within same for-loop ) in same always block [Hierarchy: '[HIERARCHY]']
  Violation            : Lint:796
  Goal                 : BOS_LINT_RULE
  Module               : AESDMA_REORDER_BUF
  FileName             : /storage/project/atlas/design/user/pnson/ATLAS_WORKING/IP/AESDMA/RTL/AESDMA_CORE/AESDMA_REORDER_BUF.sv
  LineNumber           : 204
  Statement            :             w_dest_table_id_min_idx = w_cur_ptr;
  Signal               : w_dest_table_id_min_idx
  HIERARCHY            : :BOS_AESDMA:u_AESDMA_TOP@AESDMA_TOP_DCLS:u_aesdma_top@AESDMA_TOP:u_AESDMA_RDCORE@AESDMA_RDCORE:u_AESDMA_REORDER_BUF@AESDMA_REORDER_BUF
  Waiver
    Name               : W415a_787
    Comment            : These are from combinationl logic with for loop state, which is overriding assign.
    Filename          : vc_waiver.tcl
    Line              : 75
    State             : Waived
  -----------------------------------------------------------------------------
  Tag                  : W415a
  Description          : Signal [Signal] is being assigned multiple times ( assignment within same for-loop ) in same always block [Hierarchy: '[HIERARCHY]']
  Violation            : Lint:797
  Goal                 : BOS_LINT_RULE
  Module               : AESDMA_REORDER_BUF
  FileName             : /storage/project/atlas/design/user/pnson/ATLAS_WORKING/IP/AESDMA/RTL/AESDMA_CORE/AESDMA_REORDER_BUF.sv
  LineNumber           : 205
  Statement            :             w_found_dest_table_id = 1;
  Signal               : w_found_dest_table_id
  HIERARCHY            : :BOS_AESDMA:u_AESDMA_TOP@AESDMA_TOP_DCLS:u_aesdma_top@AESDMA_TOP:u_AESDMA_RDCORE@AESDMA_RDCORE:u_AESDMA_REORDER_BUF@AESDMA_REORDER_BUF
  Waiver
    Name               : W415a_787
    Comment            : These are from combinationl logic with for loop state, which is overriding assign.
    Filename          : vc_waiver.tcl
    Line              : 75
    State             : Waived

  -----------------------------------------------------------------------------
  W528  (0 warning/115 waived)
  -----------------------------------------------------------------------------
  Tag           : W528
  Description   : Variable '[VariableName]'[ExprSize] set but not read.[Hierarchy: '[HIERARCHY]']
  Violation     : Lint:846
  Goal          : BOS_LINT_RULE
  Module        : BOS_AESDMA
  FileName      : /storage/project/atlas/design/user/pnson/ATLAS_WORKING/IP/AESDMA/RTL/SAFETY/BOS_AESDMA.v
  LineNumber    : 799
  Statement     :             .clk_m_qaccept_n            ( AESDMA_ACLK_LPI_SI0_QACCEPT_N                     ),
  VariableName  : AESDMA_ACLK_LPI_SI0_QACCEPT_N
  ExprSize      : 
  HIERARCHY     : :BOS_AESDMA
  Waiver
    Name        : W528_825
    Comment     : output port is not connected warning
    Filename   : vc_waiver.tcl
    Line       : 100
    State      : Waived
  -----------------------------------------------------------------------------
  Tag           : W528
  Description   : Variable '[VariableName]'[ExprSize] set but not read.[Hierarchy: '[HIERARCHY]']
  Violation     : Lint:847
  Goal          : BOS_LINT_RULE
  Module        : BOS_AESDMA
  FileName      : /storage/project/atlas/design/user/pnson/ATLAS_WORKING/IP/AESDMA/RTL/SAFETY/BOS_AESDMA.v
  LineNumber    : 801
  Statement     :             .clk_m_qdeny                ( AESDMA_ACLK_LPI_SI0_QDENY                         ),
  VariableName  : AESDMA_ACLK_LPI_SI0_QDENY
  ExprSize      : 
  HIERARCHY     : :BOS_AESDMA
  Waiver
    Name        : W528_825
    Comment     : output port is not connected warning
    Filename   : vc_waiver.tcl
    Line       : 100
    State      : Waived
  -----------------------------------------------------------------------------
  Tag           : W528
  Description   : Variable '[VariableName]'[ExprSize] set but not read.[Hierarchy: '[HIERARCHY]']
  Violation     : Lint:848
  Goal          : BOS_LINT_RULE
  Module        : BOS_AESDMA
  FileName      : /storage/project/atlas/design/user/pnson/ATLAS_WORKING/IP/AESDMA/RTL/SAFETY/BOS_AESDMA.v
  LineNumber    : 766
  Statement     :             .pwr_qaccept_n              ( AESDMA_PCLK_LPI_SI0_PACCEPT_N                     ),
  VariableName  : AESDMA_PCLK_LPI_SI0_PACCEPT_N
  ExprSize      : 
  HIERARCHY     : :BOS_AESDMA
  Waiver
    Name        : W528_825
    Comment     : output port is not connected warning
    Filename   : vc_waiver.tcl
    Line       : 100
    State      : Waived
  -----------------------------------------------------------------------------
  Tag           : W528
  Description   : Variable '[VariableName]'[ExprSize] set but not read.[Hierarchy: '[HIERARCHY]']
  Violation     : Lint:849
  Goal          : BOS_LINT_RULE
  Module        : BOS_AESDMA
  FileName      : /storage/project/atlas/design/user/pnson/ATLAS_WORKING/IP/AESDMA/RTL/SAFETY/BOS_AESDMA.v
  LineNumber    : 767
  Statement     :             .pwr_qactive                ( AESDMA_PCLK_LPI_SI0_PACTIVE                       ),
  VariableName  : AESDMA_PCLK_LPI_SI0_PACTIVE
  ExprSize      : 
  HIERARCHY     : :BOS_AESDMA
  Waiver
    Name        : W528_825
    Comment     : output port is not connected warning
    Filename   : vc_waiver.tcl
    Line       : 100
    State      : Waived
  -----------------------------------------------------------------------------
  Tag           : W528
  Description   : Variable '[VariableName]'[ExprSize] set but not read.[Hierarchy: '[HIERARCHY]']
  Violation     : Lint:850
  Goal          : BOS_LINT_RULE
  Module        : BOS_AESDMA
  FileName      : /storage/project/atlas/design/user/pnson/ATLAS_WORKING/IP/AESDMA/RTL/SAFETY/BOS_AESDMA.v
  LineNumber    : 768
  Statement     :             .pwr_qdeny                  ( AESDMA_PCLK_LPI_SI0_PDENY                         ),
  VariableName  : AESDMA_PCLK_LPI_SI0_PDENY
  ExprSize      : 
  HIERARCHY     : :BOS_AESDMA
  Waiver
    Name        : W528_825
    Comment     : output port is not connected warning
    Filename   : vc_waiver.tcl
    Line       : 100
    State      : Waived
  -----------------------------------------------------------------------------
  Tag           : W528
  Description   : Variable '[VariableName]'[ExprSize] set but not read.[Hierarchy: '[HIERARCHY]']
  Violation     : Lint:851
  Goal          : BOS_LINT_RULE
  Module        : BOS_AESDMA
  FileName      : /storage/project/atlas/design/user/pnson/ATLAS_WORKING/IP/AESDMA/RTL/SAFETY/BOS_AESDMA.v
  LineNumber    : 759
  Statement     :             .clk_s_qaccept_n            ( AESDMA_PCLK_LPI_SI0_QACCEPT_N                     ),
  VariableName  : AESDMA_PCLK_LPI_SI0_QACCEPT_N
  ExprSize      : 
  HIERARCHY     : :BOS_AESDMA
  Waiver
    Name        : W528_825
    Comment     : output port is not connected warning
    Filename   : vc_waiver.tcl
    Line       : 100
    State      : Waived
  -----------------------------------------------------------------------------
  Tag           : W528
  Description   : Variable '[VariableName]'[ExprSize] set but not read.[Hierarchy: '[HIERARCHY]']
  Violation     : Lint:852
  Goal          : BOS_LINT_RULE
  Module        : BOS_AESDMA
  FileName      : /storage/project/atlas/design/user/pnson/ATLAS_WORKING/IP/AESDMA/RTL/SAFETY/BOS_AESDMA.v
  LineNumber    : 760
  Statement     :             .clk_s_qactive              ( AESDMA_PCLK_LPI_SI0_QACTIVE                       ),
  VariableName  : AESDMA_PCLK_LPI_SI0_QACTIVE
  ExprSize      : 
  HIERARCHY     : :BOS_AESDMA
  Waiver
    Name        : W528_825
    Comment     : output port is not connected warning
    Filename   : vc_waiver.tcl
    Line       : 100
    State      : Waived
  -----------------------------------------------------------------------------
  Tag           : W528
  Description   : Variable '[VariableName]'[ExprSize] set but not read.[Hierarchy: '[HIERARCHY]']
  Violation     : Lint:853
  Goal          : BOS_LINT_RULE
  Module        : BOS_AESDMA
  FileName      : /storage/project/atlas/design/user/pnson/ATLAS_WORKING/IP/AESDMA/RTL/SAFETY/BOS_AESDMA.v
  LineNumber    : 761
  Statement     :             .clk_s_qdeny                ( AESDMA_PCLK_LPI_SI0_QDENY                         ),
  VariableName  : AESDMA_PCLK_LPI_SI0_QDENY
  ExprSize      : 
  HIERARCHY     : :BOS_AESDMA
  Waiver
    Name        : W528_825
    Comment     : output port is not connected warning
    Filename   : vc_waiver.tcl
    Line       : 100
    State      : Waived
  -----------------------------------------------------------------------------
  Tag           : W528
  Description   : Variable '[VariableName]'[ExprSize] set but not read.[Hierarchy: '[HIERARCHY]']
  Violation     : Lint:855
  Goal          : BOS_LINT_RULE
  Module        : BOS_AESDMA
  FileName      : /storage/project/atlas/design/user/pnson/ATLAS_WORKING/IP/AESDMA/RTL/SAFETY/BOS_AESDMA.v
  LineNumber    : 804
  Statement     :             .pwakeup_m                  ( w_apbasyncbridgemstr_pwakeup_m_sig                ),
  VariableName  : w_apbasyncbridgemstr_pwakeup_m_sig
  ExprSize      : 
  HIERARCHY     : :BOS_AESDMA
  Waiver
    Name        : W528_825
    Comment     : output port is not connected warning
    Filename   : vc_waiver.tcl
    Line       : 100
    State      : Waived
  -----------------------------------------------------------------------------
  Tag           : W528
  Description   : Variable '[VariableName]'[ExprSize] set but not read.[Hierarchy: '[HIERARCHY]']
  Violation     : Lint:856
  Goal          : BOS_LINT_RULE
  Module        : BOS_AESDMA
  FileName      : /storage/project/atlas/design/user/pnson/ATLAS_WORKING/IP/AESDMA/RTL/SAFETY/BOS_AESDMA.v
  LineNumber    : 785
  Statement     :             .pprot_m                    ( w_apbasyncbridgemstr_pprot_m_sig                  ),
  VariableName  : w_apbasyncbridgemstr_pprot_m_sig[2:0]
  ExprSize      : 
  HIERARCHY     : :BOS_AESDMA
  Waiver
    Name        : W528_825
    Comment     : output port is not connected warning
    Filename   : vc_waiver.tcl
    Line       : 100
    State      : Waived
  -----------------------------------------------------------------------------
  Tag           : W528
  Description   : Variable '[VariableName]'[ExprSize] set but not read.[Hierarchy: '[HIERARCHY]']
  Violation     : Lint:857
  Goal          : BOS_LINT_RULE
  Module        : BOS_AESDMA
  FileName      : /storage/project/atlas/design/user/pnson/ATLAS_WORKING/IP/AESDMA/RTL/SAFETY/BOS_AESDMA.v
  LineNumber    : 1311
  Statement     :                     .DOUT                           ( w_WrSramQPort[0+:(pBwWrSramUnit+1)]           ),
  VariableName  : gen_wide_SRAM_WRFIFO[0].gen_SRAM_WRFIFO[0].gSF4WrMemInst.w_WrSramQPort[128]
  ExprSize      : 
  HIERARCHY     : :BOS_AESDMA
  Waiver
    Name        : W528_825
    Comment     : output port is not connected warning
    Filename   : vc_waiver.tcl
    Line       : 100
    State      : Waived
  -----------------------------------------------------------------------------
  Tag           : W528
  Description   : Variable '[VariableName]'[ExprSize] set but not read.[Hierarchy: '[HIERARCHY]']
  Violation     : Lint:862
  Goal          : BOS_LINT_RULE
  Module        : AESDMA_TOP_DCLS
  FileName      : /storage/project/atlas/design/user/pnson/ATLAS_WORKING/IP/AESDMA/RTL/SAFETY/AESDMA_TOP_DCLS.v
  LineNumber    : 118
  Statement     : assign w_unused_dcls_ctrl = FIERR_AESDMA_DCLS | ENERR_AESDMA_DCLS;
  VariableName  : w_unused_dcls_ctrl
  ExprSize      : 
  HIERARCHY     : :BOS_AESDMA:u_AESDMA_TOP@AESDMA_TOP_DCLS
  Waiver
    Name        : W528_825
    Comment     : output port is not connected warning
    Filename   : vc_waiver.tcl
    Line       : 100
    State      : Waived
  -----------------------------------------------------------------------------
  Tag           : W528
  Description   : Variable '[VariableName]'[ExprSize] set but not read.[Hierarchy: '[HIERARCHY]']
  Violation     : Lint:871
  Goal          : BOS_LINT_RULE
  Module        : AESDMA_TOP
  FileName      : /storage/project/atlas/design/user/pnson/ATLAS_WORKING/IP/AESDMA/RTL/AESDMA_CORE/AESDMA_TOP.v
  LineNumber    : 1026
  Statement     :         r_aesdma_done_tmp_for_gcm_ccm <= 1'b0;
  VariableName  : r_aesdma_done_tmp_for_gcm_ccm
  ExprSize      : 
  HIERARCHY     : :BOS_AESDMA:u_AESDMA_TOP@AESDMA_TOP_DCLS:u_aesdma_top@AESDMA_TOP
  Waiver
    Name        : W528_825
    Comment     : output port is not connected warning
    Filename   : vc_waiver.tcl
    Line       : 100
    State      : Waived
  -----------------------------------------------------------------------------
  Tag           : W528
  Description   : Variable '[VariableName]'[ExprSize] set but not read.[Hierarchy: '[HIERARCHY]']
  Violation     : Lint:872
  Goal          : BOS_LINT_RULE
  Module        : AESDMA_TOP
  FileName      : /storage/project/atlas/design/user/pnson/ATLAS_WORKING/IP/AESDMA/RTL/AESDMA_CORE/AESDMA_TOP.v
  LineNumber    : 1801
  Statement     :         r_axidma_doorbell_done <= 1'b0;
  VariableName  : r_axidma_doorbell_done
  ExprSize      : 
  HIERARCHY     : :BOS_AESDMA:u_AESDMA_TOP@AESDMA_TOP_DCLS:u_aesdma_top@AESDMA_TOP
  Waiver
    Name        : W528_825
    Comment     : output port is not connected warning
    Filename   : vc_waiver.tcl
    Line       : 100
    State      : Waived
  -----------------------------------------------------------------------------
  Tag           : W528
  Description   : Variable '[VariableName]'[ExprSize] set but not read.[Hierarchy: '[HIERARCHY]']
  Violation     : Lint:873
  Goal          : BOS_LINT_RULE
  Module        : AESDMA_TOP
  FileName      : /storage/project/atlas/design/user/pnson/ATLAS_WORKING/IP/AESDMA/RTL/AESDMA_CORE/AESDMA_TOP.v
  LineNumber    : 1085
  Statement     :         r_axidma_wr_busy_Aw <= 1'b0;
  VariableName  : r_axidma_wr_busy_Aw
  ExprSize      : 
  HIERARCHY     : :BOS_AESDMA:u_AESDMA_TOP@AESDMA_TOP_DCLS:u_aesdma_top@AESDMA_TOP
  Waiver
    Name        : W528_825
    Comment     : output port is not connected warning
    Filename   : vc_waiver.tcl
    Line       : 100
    State      : Waived
  -----------------------------------------------------------------------------
  Tag           : W528
  Description   : Variable '[VariableName]'[ExprSize] set but not read.[Hierarchy: '[HIERARCHY]']
  Violation     : Lint:874
  Goal          : BOS_LINT_RULE
  Module        : AESDMA_TOP
  FileName      : /storage/project/atlas/design/user/pnson/ATLAS_WORKING/IP/AESDMA/RTL/AESDMA_CORE/AESDMA_TOP.v
  LineNumber    : 2042
  Statement     : assign w_aesdma_rd_ar_busy        = (~w_axidma_enabled | w_bd_mode_aad_rd_ar_state ) & w_dma_rd_ar_busy;
  VariableName  : w_aesdma_rd_ar_busy
  ExprSize      : 
  HIERARCHY     : :BOS_AESDMA:u_AESDMA_TOP@AESDMA_TOP_DCLS:u_aesdma_top@AESDMA_TOP
  Waiver
    Name        : W528_825
    Comment     : output port is not connected warning
    Filename   : vc_waiver.tcl
    Line       : 100
    State      : Waived
  -----------------------------------------------------------------------------
  Tag           : W528
  Description   : Variable '[VariableName]'[ExprSize] set but not read.[Hierarchy: '[HIERARCHY]']
  Violation     : Lint:875
  Goal          : BOS_LINT_RULE
  Module        : AESDMA_TOP
  FileName      : /storage/project/atlas/design/user/pnson/ATLAS_WORKING/IP/AESDMA/RTL/AESDMA_CORE/AESDMA_TOP.v
  LineNumber    : 2041
  Statement     : assign w_aesdma_rd_ar_done        = (~w_axidma_enabled | w_bd_mode_aad_rd_ar_state ) & w_dma_rd_ar_done;
  VariableName  : w_aesdma_rd_ar_done
  ExprSize      : 
  HIERARCHY     : :BOS_AESDMA:u_AESDMA_TOP@AESDMA_TOP_DCLS:u_aesdma_top@AESDMA_TOP
  Waiver
    Name        : W528_825
    Comment     : output port is not connected warning
    Filename   : vc_waiver.tcl
    Line       : 100
    State      : Waived
  -----------------------------------------------------------------------------
  Tag           : W528
  Description   : Variable '[VariableName]'[ExprSize] set but not read.[Hierarchy: '[HIERARCHY]']
  Violation     : Lint:876
  Goal          : BOS_LINT_RULE
  Module        : AESDMA_TOP
  FileName      : /storage/project/atlas/design/user/pnson/ATLAS_WORKING/IP/AESDMA/RTL/AESDMA_CORE/AESDMA_TOP.v
  LineNumber    : 2054
  Statement     : assign w_aesdma_rd_r_busy         = (~w_axidma_enabled | w_bd_mode_aad_rd_r_state ) & w_dma_rd_r_busy;
  VariableName  : w_aesdma_rd_r_busy
  ExprSize      : 
  HIERARCHY     : :BOS_AESDMA:u_AESDMA_TOP@AESDMA_TOP_DCLS:u_aesdma_top@AESDMA_TOP
  Waiver
    Name        : W528_825
    Comment     : output port is not connected warning
    Filename   : vc_waiver.tcl
    Line       : 100
    State      : Waived
  -----------------------------------------------------------------------------
  Tag           : W528
  Description   : Variable '[VariableName]'[ExprSize] set but not read.[Hierarchy: '[HIERARCHY]']
  Violation     : Lint:877
  Goal          : BOS_LINT_RULE
  Module        : AESDMA_TOP
  FileName      : /storage/project/atlas/design/user/pnson/ATLAS_WORKING/IP/AESDMA/RTL/AESDMA_CORE/AESDMA_TOP.v
  LineNumber    : 2053
  Statement     : assign w_aesdma_rd_r_done         = (~w_axidma_enabled | w_bd_mode_aad_rd_r_state ) & w_dma_rd_r_done;
  VariableName  : w_aesdma_rd_r_done
  ExprSize      : 
  HIERARCHY     : :BOS_AESDMA:u_AESDMA_TOP@AESDMA_TOP_DCLS:u_aesdma_top@AESDMA_TOP
  Waiver
    Name        : W528_825
    Comment     : output port is not connected warning
    Filename   : vc_waiver.tcl
    Line       : 100
    State      : Waived
  -----------------------------------------------------------------------------
  Tag           : W528
  Description   : Variable '[VariableName]'[ExprSize] set but not read.[Hierarchy: '[HIERARCHY]']
  Violation     : Lint:878
  Goal          : BOS_LINT_RULE
  Module        : AESDMA_TOP
  FileName      : /storage/project/atlas/design/user/pnson/ATLAS_WORKING/IP/AESDMA/RTL/AESDMA_CORE/AESDMA_TOP.v
  LineNumber    : 2151
  Statement     : assign w_aesdma_wr_aw_busy          = (~w_axidma_enabled) & w_dma_wr_aw_line_busy;
  VariableName  : w_aesdma_wr_aw_busy
  ExprSize      : 
  HIERARCHY     : :BOS_AESDMA:u_AESDMA_TOP@AESDMA_TOP_DCLS:u_aesdma_top@AESDMA_TOP
  Waiver
    Name        : W528_825
    Comment     : output port is not connected warning
    Filename   : vc_waiver.tcl
    Line       : 100
    State      : Waived
  -----------------------------------------------------------------------------
  Tag           : W528
  Description   : Variable '[VariableName]'[ExprSize] set but not read.[Hierarchy: '[HIERARCHY]']
  Violation     : Lint:879
  Goal          : BOS_LINT_RULE
  Module        : AESDMA_TOP
  FileName      : /storage/project/atlas/design/user/pnson/ATLAS_WORKING/IP/AESDMA/RTL/AESDMA_CORE/AESDMA_TOP.v
  LineNumber    : 2152
  Statement     : assign w_aesdma_wr_aw_cmdack        = (~w_axidma_enabled) & w_dma_wr_aw_cmdack;
  VariableName  : w_aesdma_wr_aw_cmdack
  ExprSize      : 
  HIERARCHY     : :BOS_AESDMA:u_AESDMA_TOP@AESDMA_TOP_DCLS:u_aesdma_top@AESDMA_TOP
  Waiver
    Name        : W528_825
    Comment     : output port is not connected warning
    Filename   : vc_waiver.tcl
    Line       : 100
    State      : Waived
  -----------------------------------------------------------------------------
  Tag           : W528
  Description   : Variable '[VariableName]'[ExprSize] set but not read.[Hierarchy: '[HIERARCHY]']
  Violation     : Lint:880
  Goal          : BOS_LINT_RULE
  Module        : AESDMA_TOP
  FileName      : /storage/project/atlas/design/user/pnson/ATLAS_WORKING/IP/AESDMA/RTL/AESDMA_CORE/AESDMA_TOP.v
  LineNumber    : 2150
  Statement     : assign w_aesdma_wr_aw_done          = (~w_axidma_enabled) & w_dma_wr_aw_line_done;
  VariableName  : w_aesdma_wr_aw_done
  ExprSize      : 
  HIERARCHY     : :BOS_AESDMA:u_AESDMA_TOP@AESDMA_TOP_DCLS:u_aesdma_top@AESDMA_TOP
  Waiver
    Name        : W528_825
    Comment     : output port is not connected warning
    Filename   : vc_waiver.tcl
    Line       : 100
    State      : Waived
  -----------------------------------------------------------------------------
  Tag           : W528
  Description   : Variable '[VariableName]'[ExprSize] set but not read.[Hierarchy: '[HIERARCHY]']
  Violation     : Lint:881
  Goal          : BOS_LINT_RULE
  Module        : AESDMA_TOP
  FileName      : /storage/project/atlas/design/user/pnson/ATLAS_WORKING/IP/AESDMA/RTL/AESDMA_CORE/AESDMA_TOP.v
  LineNumber    : 1056
  Statement     : assign w_aesdma_wr_w_start_level  = (r_cur_aesdma_w_st == S_AESDMA_W_START);
  VariableName  : w_aesdma_wr_w_start_level
  ExprSize      : 
  HIERARCHY     : :BOS_AESDMA:u_AESDMA_TOP@AESDMA_TOP_DCLS:u_aesdma_top@AESDMA_TOP
  Waiver
    Name        : W528_825
    Comment     : output port is not connected warning
    Filename   : vc_waiver.tcl
    Line       : 100
    State      : Waived
  -----------------------------------------------------------------------------
  Tag           : W528
  Description   : Variable '[VariableName]'[ExprSize] set but not read.[Hierarchy: '[HIERARCHY]']
  Violation     : Lint:882
  Goal          : BOS_LINT_RULE
  Module        : AESDMA_TOP
  FileName      : /storage/project/atlas/design/user/pnson/ATLAS_WORKING/IP/AESDMA/RTL/AESDMA_CORE/AESDMA_TOP.v
  LineNumber    : 1701
  Statement     :     .O_DMA_CON2_DMA_2D_MODE_EN      ( w_axidma_2d_mode_en          ),
  VariableName  : w_axidma_2d_mode_en
  ExprSize      : 
  HIERARCHY     : :BOS_AESDMA:u_AESDMA_TOP@AESDMA_TOP_DCLS:u_aesdma_top@AESDMA_TOP
  Waiver
    Name        : W528_825
    Comment     : output port is not connected warning
    Filename   : vc_waiver.tcl
    Line       : 100
    State      : Waived
  -----------------------------------------------------------------------------
  Tag           : W528
  Description   : Variable '[VariableName]'[ExprSize] set but not read.[Hierarchy: '[HIERARCHY]']
  Violation     : Lint:883
  Goal          : BOS_LINT_RULE
  Module        : AESDMA_TOP
  FileName      : /storage/project/atlas/design/user/pnson/ATLAS_WORKING/IP/AESDMA/RTL/AESDMA_CORE/AESDMA_TOP.v
  LineNumber    : 1700
  Statement     :     .O_DMA_CON2_DMA_3D_MODE_EN      ( w_axidma_3d_mode_en          ),
  VariableName  : w_axidma_3d_mode_en
  ExprSize      : 
  HIERARCHY     : :BOS_AESDMA:u_AESDMA_TOP@AESDMA_TOP_DCLS:u_aesdma_top@AESDMA_TOP
  Waiver
    Name        : W528_825
    Comment     : output port is not connected warning
    Filename   : vc_waiver.tcl
    Line       : 100
    State      : Waived
  -----------------------------------------------------------------------------
  Tag           : W528
  Description   : Variable '[VariableName]'[ExprSize] set but not read.[Hierarchy: '[HIERARCHY]']
  Violation     : Lint:884
  Goal          : BOS_LINT_RULE
  Module        : AESDMA_TOP
  FileName      : /storage/project/atlas/design/user/pnson/ATLAS_WORKING/IP/AESDMA/RTL/AESDMA_CORE/AESDMA_TOP.v
  LineNumber    : 1864
  Statement     :     .O_DMA_StartLevel_R         ( w_axidma_bd_start_level_r    ),
  VariableName  : w_axidma_bd_start_level_r
  ExprSize      : 
  HIERARCHY     : :BOS_AESDMA:u_AESDMA_TOP@AESDMA_TOP_DCLS:u_aesdma_top@AESDMA_TOP
  Waiver
    Name        : W528_825
    Comment     : output port is not connected warning
    Filename   : vc_waiver.tcl
    Line       : 100
    State      : Waived
  -----------------------------------------------------------------------------
  Tag           : W528
  Description   : Variable '[VariableName]'[ExprSize] set but not read.[Hierarchy: '[HIERARCHY]']
  Violation     : Lint:885
  Goal          : BOS_LINT_RULE
  Module        : AESDMA_TOP
  FileName      : /storage/project/atlas/design/user/pnson/ATLAS_WORKING/IP/AESDMA/RTL/AESDMA_CORE/AESDMA_TOP.v
  LineNumber    : 1412
  Statement     : assign {w_axidma_cmdfifo_r_out_bdvalid, w_axidma_cmdfifo_r_out_startsector, w_axidma_core_rd_r_start_addr, w_axidma_core_rd_r_length } = w_axidma_2d_rd_r_fifo_mdata;
  VariableName  : w_axidma_cmdfifo_r_out_bdvalid
  ExprSize      : 
  HIERARCHY     : :BOS_AESDMA:u_AESDMA_TOP@AESDMA_TOP_DCLS:u_aesdma_top@AESDMA_TOP
  Waiver
    Name        : W528_825
    Comment     : output port is not connected warning
    Filename   : vc_waiver.tcl
    Line       : 100
    State      : Waived
  -----------------------------------------------------------------------------
  Tag           : W528
  Description   : Variable '[VariableName]'[ExprSize] set but not read.[Hierarchy: '[HIERARCHY]']
  Violation     : Lint:886
  Goal          : BOS_LINT_RULE
  Module        : AESDMA_TOP
  FileName      : /storage/project/atlas/design/user/pnson/ATLAS_WORKING/IP/AESDMA/RTL/AESDMA_CORE/AESDMA_TOP.v
  LineNumber    : 2038
  Statement     : assign w_axidma_rd_ar_busy        = w_axidma_enabled & w_dma_rd_ar_busy;
  VariableName  : w_axidma_rd_ar_busy
  ExprSize      : 
  HIERARCHY     : :BOS_AESDMA:u_AESDMA_TOP@AESDMA_TOP_DCLS:u_aesdma_top@AESDMA_TOP
  Waiver
    Name        : W528_825
    Comment     : output port is not connected warning
    Filename   : vc_waiver.tcl
    Line       : 100
    State      : Waived
  -----------------------------------------------------------------------------
  Tag           : W528
  Description   : Variable '[VariableName]'[ExprSize] set but not read.[Hierarchy: '[HIERARCHY]']
  Violation     : Lint:887
  Goal          : BOS_LINT_RULE
  Module        : AESDMA_TOP
  FileName      : /storage/project/atlas/design/user/pnson/ATLAS_WORKING/IP/AESDMA/RTL/AESDMA_CORE/AESDMA_TOP.v
  LineNumber    : 2050
  Statement     : assign w_axidma_rd_r_busy         = w_axidma_enabled & w_dma_rd_r_busy;
  VariableName  : w_axidma_rd_r_busy
  ExprSize      : 
  HIERARCHY     : :BOS_AESDMA:u_AESDMA_TOP@AESDMA_TOP_DCLS:u_aesdma_top@AESDMA_TOP
  Waiver
    Name        : W528_825
    Comment     : output port is not connected warning
    Filename   : vc_waiver.tcl
    Line       : 100
    State      : Waived
  -----------------------------------------------------------------------------
  Tag           : W528
  Description   : Variable '[VariableName]'[ExprSize] set but not read.[Hierarchy: '[HIERARCHY]']
  Violation     : Lint:888
  Goal          : BOS_LINT_RULE
  Module        : AESDMA_TOP
  FileName      : /storage/project/atlas/design/user/pnson/ATLAS_WORKING/IP/AESDMA/RTL/AESDMA_CORE/AESDMA_TOP.v
  LineNumber    : 1916
  Statement     :     .O_RdRCntZero               ( w_bd_RCntZero                ),
  VariableName  : w_bd_RCntZero
  ExprSize      : 
  HIERARCHY     : :BOS_AESDMA:u_AESDMA_TOP@AESDMA_TOP_DCLS:u_aesdma_top@AESDMA_TOP
  Waiver
    Name        : W528_825
    Comment     : output port is not connected warning
    Filename   : vc_waiver.tcl
    Line       : 100
    State      : Waived
  -----------------------------------------------------------------------------
  Tag           : W528
  Description   : Variable '[VariableName]'[ExprSize] set but not read.[Hierarchy: '[HIERARCHY]']
  Violation     : Lint:889
  Goal          : BOS_LINT_RULE
  Module        : AESDMA_TOP
  FileName      : /storage/project/atlas/design/user/pnson/ATLAS_WORKING/IP/AESDMA/RTL/AESDMA_CORE/AESDMA_TOP.v
  LineNumber    : 2365
  Statement     :     .O_SREADY        ( w_bd_iv_fifo_sready   ),
  VariableName  : w_bd_iv_fifo_sready
  ExprSize      : 
  HIERARCHY     : :BOS_AESDMA:u_AESDMA_TOP@AESDMA_TOP_DCLS:u_aesdma_top@AESDMA_TOP
  Waiver
    Name        : W528_825
    Comment     : output port is not connected warning
    Filename   : vc_waiver.tcl
    Line       : 100
    State      : Waived
  -----------------------------------------------------------------------------
  Tag           : W528
  Description   : Variable '[VariableName]'[ExprSize] set but not read.[Hierarchy: '[HIERARCHY]']
  Violation     : Lint:890
  Goal          : BOS_LINT_RULE
  Module        : AESDMA_TOP
  FileName      : /storage/project/atlas/design/user/pnson/ATLAS_WORKING/IP/AESDMA/RTL/AESDMA_CORE/AESDMA_TOP.v
  LineNumber    : 1695
  Statement     :     .O_DMA_SRC_ADDR_HI_ADDR_HI      ( w_dma_src_addr[63:32]        ),
  VariableName  : w_dma_src_addr[63:44]
  ExprSize      : 
  HIERARCHY     : :BOS_AESDMA:u_AESDMA_TOP@AESDMA_TOP_DCLS:u_aesdma_top@AESDMA_TOP
  Waiver
    Name        : W528_825
    Comment     : output port is not connected warning
    Filename   : vc_waiver.tcl
    Line       : 100
    State      : Waived
  -----------------------------------------------------------------------------
  Tag           : W528
  Description   : Variable '[VariableName]'[ExprSize] set but not read.[Hierarchy: '[HIERARCHY]']
  Violation     : Lint:891
  Goal          : BOS_LINT_RULE
  Module        : AESDMA_TOP
  FileName      : /storage/project/atlas/design/user/pnson/ATLAS_WORKING/IP/AESDMA/RTL/AESDMA_CORE/AESDMA_TOP.v
  LineNumber    : 1697
  Statement     :     .O_DMA_DEST_ADDR_HI_ADDR_HI     ( w_dma_dest_addr[63:32]       ),
  VariableName  : w_dma_dest_addr[63:44]
  ExprSize      : 
  HIERARCHY     : :BOS_AESDMA:u_AESDMA_TOP@AESDMA_TOP_DCLS:u_aesdma_top@AESDMA_TOP
  Waiver
    Name        : W528_825
    Comment     : output port is not connected warning
    Filename   : vc_waiver.tcl
    Line       : 100
    State      : Waived
  -----------------------------------------------------------------------------
  Tag           : W528
  Description   : Variable '[VariableName]'[ExprSize] set but not read.[Hierarchy: '[HIERARCHY]']
  Violation     : Lint:892
  Goal          : BOS_LINT_RULE
  Module        : AESDMA_TOP
  FileName      : /storage/project/atlas/design/user/pnson/ATLAS_WORKING/IP/AESDMA/RTL/AESDMA_CORE/AESDMA_TOP.v
  LineNumber    : 2372
  Statement     :     .O_FULL_CNT      ( w_bd_iv_fifo_full_cnt )
  VariableName  : w_bd_iv_fifo_full_cnt[1:0]
  ExprSize      : 
  HIERARCHY     : :BOS_AESDMA:u_AESDMA_TOP@AESDMA_TOP_DCLS:u_aesdma_top@AESDMA_TOP
  Waiver
    Name        : W528_825
    Comment     : output port is not connected warning
    Filename   : vc_waiver.tcl
    Line       : 100
    State      : Waived
  -----------------------------------------------------------------------------
  Tag           : W528
  Description   : Variable '[VariableName]'[ExprSize] set but not read.[Hierarchy: '[HIERARCHY]']
  Violation     : Lint:893
  Goal          : BOS_LINT_RULE
  Module        : AESDMA_TOP
  FileName      : /storage/project/atlas/design/user/pnson/ATLAS_WORKING/IP/AESDMA/RTL/AESDMA_CORE/AESDMA_TOP.v
  LineNumber    : 2371
  Statement     :     .O_EMPTY_CNT     ( w_bd_iv_fifo_empty_cnt),
  VariableName  : w_bd_iv_fifo_empty_cnt[1:0]
  ExprSize      : 
  HIERARCHY     : :BOS_AESDMA:u_AESDMA_TOP@AESDMA_TOP_DCLS:u_aesdma_top@AESDMA_TOP
  Waiver
    Name        : W528_825
    Comment     : output port is not connected warning
    Filename   : vc_waiver.tcl
    Line       : 100
    State      : Waived
  -----------------------------------------------------------------------------
  Tag           : W528
  Description   : Variable '[VariableName]'[ExprSize] set but not read.[Hierarchy: '[HIERARCHY]']
  Violation     : Lint:894
  Goal          : BOS_LINT_RULE
  Module        : AESDMA_TOP
  FileName      : /storage/project/atlas/design/user/pnson/ATLAS_WORKING/IP/AESDMA/RTL/AESDMA_CORE/AESDMA_TOP.v
  LineNumber    : 1715
  Statement     :     .O_DMA_BD_BASE_ADDR_HI_ADDR_HI  ( w_axidma_doorbell_base_addr[63:32]),
  VariableName  : w_axidma_doorbell_base_addr[63:44]
  ExprSize      : 
  HIERARCHY     : :BOS_AESDMA:u_AESDMA_TOP@AESDMA_TOP_DCLS:u_aesdma_top@AESDMA_TOP
  Waiver
    Name        : W528_825
    Comment     : output port is not connected warning
    Filename   : vc_waiver.tcl
    Line       : 100
    State      : Waived
  -----------------------------------------------------------------------------
  Tag           : W528
  Description   : Variable '[VariableName]'[ExprSize] set but not read.[Hierarchy: '[HIERARCHY]']
  Violation     : Lint:895
  Goal          : BOS_LINT_RULE
  Module        : AESDMA_TOP
  FileName      : /storage/project/atlas/design/user/pnson/ATLAS_WORKING/IP/AESDMA/RTL/AESDMA_CORE/AESDMA_TOP.v
  LineNumber    : 1564
  Statement     :     .O_EMPTY_CNT                ( w_axidma_2d_wr_w_fifo_emptycnt),
  VariableName  : w_axidma_2d_wr_w_fifo_emptycnt[2:0]
  ExprSize      : 
  HIERARCHY     : :BOS_AESDMA:u_AESDMA_TOP@AESDMA_TOP_DCLS:u_aesdma_top@AESDMA_TOP
  Waiver
    Name        : W528_825
    Comment     : output port is not connected warning
    Filename   : vc_waiver.tcl
    Line       : 100
    State      : Waived
  -----------------------------------------------------------------------------
  Tag           : W528
  Description   : Variable '[VariableName]'[ExprSize] set but not read.[Hierarchy: '[HIERARCHY]']
  Violation     : Lint:896
  Goal          : BOS_LINT_RULE
  Module        : AESDMA_TOP
  FileName      : /storage/project/atlas/design/user/pnson/ATLAS_WORKING/IP/AESDMA/RTL/AESDMA_CORE/AESDMA_TOP.v
  LineNumber    : 1539
  Statement     :     .O_FULL_CNT                 ( w_axidma_2d_wr_aw_fifo_fullcnt    )
  VariableName  : w_axidma_2d_wr_aw_fifo_fullcnt[2:0]
  ExprSize      : 
  HIERARCHY     : :BOS_AESDMA:u_AESDMA_TOP@AESDMA_TOP_DCLS:u_aesdma_top@AESDMA_TOP
  Waiver
    Name        : W528_825
    Comment     : output port is not connected warning
    Filename   : vc_waiver.tcl
    Line       : 100
    State      : Waived
  -----------------------------------------------------------------------------
  Tag           : W528
  Description   : Variable '[VariableName]'[ExprSize] set but not read.[Hierarchy: '[HIERARCHY]']
  Violation     : Lint:897
  Goal          : BOS_LINT_RULE
  Module        : AESDMA_TOP
  FileName      : /storage/project/atlas/design/user/pnson/ATLAS_WORKING/IP/AESDMA/RTL/AESDMA_CORE/AESDMA_TOP.v
  LineNumber    : 1538
  Statement     :     .O_EMPTY_CNT                ( w_axidma_2d_wr_aw_fifo_emptycnt   ),
  VariableName  : w_axidma_2d_wr_aw_fifo_emptycnt[2:0]
  ExprSize      : 
  HIERARCHY     : :BOS_AESDMA:u_AESDMA_TOP@AESDMA_TOP_DCLS:u_aesdma_top@AESDMA_TOP
  Waiver
    Name        : W528_825
    Comment     : output port is not connected warning
    Filename   : vc_waiver.tcl
    Line       : 100
    State      : Waived
  -----------------------------------------------------------------------------
  Tag           : W528
  Description   : Variable '[VariableName]'[ExprSize] set but not read.[Hierarchy: '[HIERARCHY]']
  Violation     : Lint:898
  Goal          : BOS_LINT_RULE
  Module        : AESDMA_TOP
  FileName      : /storage/project/atlas/design/user/pnson/ATLAS_WORKING/IP/AESDMA/RTL/AESDMA_CORE/AESDMA_TOP.v
  LineNumber    : 1326
  Statement     :     .O_FULL_CNT                 ( w_axidma_2d_rd_ar_fifo_fullcnt   )
  VariableName  : w_axidma_2d_rd_ar_fifo_fullcnt[2:0]
  ExprSize      : 
  HIERARCHY     : :BOS_AESDMA:u_AESDMA_TOP@AESDMA_TOP_DCLS:u_aesdma_top@AESDMA_TOP
  Waiver
    Name        : W528_825
    Comment     : output port is not connected warning
    Filename   : vc_waiver.tcl
    Line       : 100
    State      : Waived
  -----------------------------------------------------------------------------
  Tag           : W528
  Description   : Variable '[VariableName]'[ExprSize] set but not read.[Hierarchy: '[HIERARCHY]']
  Violation     : Lint:899
  Goal          : BOS_LINT_RULE
  Module        : AESDMA_TOP
  FileName      : /storage/project/atlas/design/user/pnson/ATLAS_WORKING/IP/AESDMA/RTL/AESDMA_CORE/AESDMA_TOP.v
  LineNumber    : 1325
  Statement     :     .O_EMPTY_CNT                ( w_axidma_2d_rd_ar_fifo_emptycnt  ),
  VariableName  : w_axidma_2d_rd_ar_fifo_emptycnt[2:0]
  ExprSize      : 
  HIERARCHY     : :BOS_AESDMA:u_AESDMA_TOP@AESDMA_TOP_DCLS:u_aesdma_top@AESDMA_TOP
  Waiver
    Name        : W528_825
    Comment     : output port is not connected warning
    Filename   : vc_waiver.tcl
    Line       : 100
    State      : Waived
  -----------------------------------------------------------------------------
  Tag           : W528
  Description   : Variable '[VariableName]'[ExprSize] set but not read.[Hierarchy: '[HIERARCHY]']
  Violation     : Lint:900
  Goal          : BOS_LINT_RULE
  Module        : AESDMA_TOP
  FileName      : /storage/project/atlas/design/user/pnson/ATLAS_WORKING/IP/AESDMA/RTL/AESDMA_CORE/AESDMA_TOP.v
  LineNumber    : 1671
  Statement     :     .O_NONCE_VAL3_CUR_VAL           ( w_aesdma_nonce[127:96]       ),
  VariableName  : w_aesdma_nonce[127:104]
  ExprSize      : 
  HIERARCHY     : :BOS_AESDMA:u_AESDMA_TOP@AESDMA_TOP_DCLS:u_aesdma_top@AESDMA_TOP
  Waiver
    Name        : W528_825
    Comment     : output port is not connected warning
    Filename   : vc_waiver.tcl
    Line       : 100
    State      : Waived
  -----------------------------------------------------------------------------
  Tag           : W528
  Description   : Variable '[VariableName]'[ExprSize] set but not read.[Hierarchy: '[HIERARCHY]']
  Violation     : Lint:901
  Goal          : BOS_LINT_RULE
  Module        : AESDMA_TOP
  FileName      : /storage/project/atlas/design/user/pnson/ATLAS_WORKING/IP/AESDMA/RTL/AESDMA_CORE/AESDMA_TOP.v
  LineNumber    : 1642
  Statement     :     .O_AAD_BASE_ADDR_HI_ADDR_HI     ( w_aesdma_aad_base_addr[63:32]),
  VariableName  : w_aesdma_aad_base_addr[63:44]
  ExprSize      : 
  HIERARCHY     : :BOS_AESDMA:u_AESDMA_TOP@AESDMA_TOP_DCLS:u_aesdma_top@AESDMA_TOP
  Waiver
    Name        : W528_825
    Comment     : output port is not connected warning
    Filename   : vc_waiver.tcl
    Line       : 100
    State      : Waived
  -----------------------------------------------------------------------------
  Tag           : W528
  Description   : Variable '[VariableName]'[ExprSize] set but not read.[Hierarchy: '[HIERARCHY]']
  Violation     : Lint:904
  Goal          : BOS_LINT_RULE
  Module        : AESDMA_DOORBELL
  FileName      : /storage/project/atlas/design/user/pnson/ATLAS_WORKING/IP/AESDMA/RTL/AESDMA_CORE/AESDMA_DOORBELL.v
  LineNumber    : 134
  Statement     :         r_BD_base_addr <= {BD_SIZE_IN_BIT{1'b0}};
  VariableName  : r_BD_base_addr[127:44]
  ExprSize      : 
  HIERARCHY     : :BOS_AESDMA:u_AESDMA_TOP@AESDMA_TOP_DCLS:u_aesdma_top@AESDMA_TOP:u_AESDMA_DOORBELL@AESDMA_DOORBELL
  Waiver
    Name        : W528_825
    Comment     : output port is not connected warning
    Filename   : vc_waiver.tcl
    Line       : 100
    State      : Waived
  -----------------------------------------------------------------------------
  Tag           : W528
  Description   : Variable '[VariableName]'[ExprSize] set but not read.[Hierarchy: '[HIERARCHY]']
  Violation     : Lint:913
  Goal          : BOS_LINT_RULE
  Module        : AESDMA_BD
  FileName      : /storage/project/atlas/design/user/pnson/ATLAS_WORKING/IP/AESDMA/RTL/AESDMA_CORE/AESDMA_BD.v
  LineNumber    : 196
  Statement     : assign  w_bd_fifo_mdata     = ( bd_fifo_mvalid & bd_fifo_mready & ~r_bd_fifo_mvalid_mready_d1 )? bd_fifo_mdata : r_bd_fifo_mdata;
  VariableName  : w_bd_fifo_mdata[479:449, 255:162, ...]
  ExprSize      : 
  HIERARCHY     : :BOS_AESDMA:u_AESDMA_TOP@AESDMA_TOP_DCLS:u_aesdma_top@AESDMA_TOP:u_AESDMA_BD@AESDMA_BD
  Waiver
    Name        : W528_825
    Comment     : output port is not connected warning
    Filename   : vc_waiver.tcl
    Line       : 100
    State      : Waived
  -----------------------------------------------------------------------------
  Tag           : W528
  Description   : Variable '[VariableName]'[ExprSize] set but not read.[Hierarchy: '[HIERARCHY]']
  Violation     : Lint:916
  Goal          : BOS_LINT_RULE
  Module        : AESDMA_AXIMUX_RD_2X1
  FileName      : /storage/project/atlas/design/user/pnson/ATLAS_WORKING/IP/AESDMA/RTL/AESDMA_CORE/AESDMA_AXIMUX_RD_2X1.v
  LineNumber    : 96
  Statement     :     .O_GRANTED_AGENT    (ar_grant                       )
  VariableName  : ar_grant[1]
  ExprSize      : 
  HIERARCHY     : :BOS_AESDMA:u_AESDMA_TOP@AESDMA_TOP_DCLS:u_aesdma_top@AESDMA_TOP:u_AESDMA_AXIMUX_RD_2X1@AESDMA_AXIMUX_RD_2X1
  Waiver
    Name        : W528_825
    Comment     : output port is not connected warning
    Filename   : vc_waiver.tcl
    Line       : 100
    State      : Waived
  -----------------------------------------------------------------------------
  Tag           : W528
  Description   : Variable '[VariableName]'[ExprSize] set but not read.[Hierarchy: '[HIERARCHY]']
  Violation     : Lint:920
  Goal          : BOS_LINT_RULE
  Module        : AESDMA_RDCORE
  FileName      : /storage/project/atlas/design/user/pnson/ATLAS_WORKING/IP/AESDMA/RTL/AESDMA_CORE/AESDMA_RDCORE.sv
  LineNumber    : 337
  Statement     :     .O_Data_Slot_Available_Flag     ( w_data_slot_available_flag     ),
  VariableName  : w_data_slot_available_flag
  ExprSize      : 
  HIERARCHY     : :BOS_AESDMA:u_AESDMA_TOP@AESDMA_TOP_DCLS:u_aesdma_top@AESDMA_TOP:u_AESDMA_RDCORE@AESDMA_RDCORE
  Waiver
    Name        : W528_825
    Comment     : output port is not connected warning
    Filename   : vc_waiver.tcl
    Line       : 100
    State      : Waived
  -----------------------------------------------------------------------------
  Tag           : W528
  Description   : Variable '[VariableName]'[ExprSize] set but not read.[Hierarchy: '[HIERARCHY]']
  Violation     : Lint:921
  Goal          : BOS_LINT_RULE
  Module        : AESDMA_RDCORE
  FileName      : /storage/project/atlas/design/user/pnson/ATLAS_WORKING/IP/AESDMA/RTL/AESDMA_CORE/AESDMA_RDCORE.sv
  LineNumber    : 269
  Statement     : assign w_skip_rdLength_adj_R = I_RdLen_R + I_RdStartAddr_R[ADDR_BASE_LSB-1:0];
  VariableName  : w_skip_rdLength_adj_R[3:0]
  ExprSize      : 
  HIERARCHY     : :BOS_AESDMA:u_AESDMA_TOP@AESDMA_TOP_DCLS:u_aesdma_top@AESDMA_TOP:u_AESDMA_RDCORE@AESDMA_RDCORE
  Waiver
    Name        : W528_825
    Comment     : output port is not connected warning
    Filename   : vc_waiver.tcl
    Line       : 100
    State      : Waived
  -----------------------------------------------------------------------------
  Tag           : W528
  Description   : Variable '[VariableName]'[ExprSize] set but not read.[Hierarchy: '[HIERARCHY]']
  Violation     : Lint:924
  Goal          : BOS_LINT_RULE
  Module        : AESDMA_REORDER_BUF
  FileName      : /storage/project/atlas/design/user/pnson/ATLAS_WORKING/IP/AESDMA/RTL/AESDMA_CORE/AESDMA_REORDER_BUF.sv
  LineNumber    : 212
  Statement     : assign wpt_nxt_empty_table_id = ((wpt_cur_empty_table_id + 1) == ARTABLE_DEPTH) ? 0 : (wpt_cur_empty_table_id + 1);
  VariableName  : wpt_nxt_empty_table_id[4:0]
  ExprSize      : 
  HIERARCHY     : :BOS_AESDMA:u_AESDMA_TOP@AESDMA_TOP_DCLS:u_aesdma_top@AESDMA_TOP:u_AESDMA_RDCORE@AESDMA_RDCORE:u_AESDMA_REORDER_BUF@AESDMA_REORDER_BUF
  Waiver
    Name        : W528_825
    Comment     : output port is not connected warning
    Filename   : vc_waiver.tcl
    Line       : 100
    State      : Waived
  -----------------------------------------------------------------------------
  Tag           : W528
  Description   : Variable '[VariableName]'[ExprSize] set but not read.[Hierarchy: '[HIERARCHY]']
  Violation     : Lint:934
  Goal          : BOS_LINT_RULE
  Module        : AESDMA_WRCORE
  FileName      : /storage/project/atlas/design/user/pnson/ATLAS_WORKING/IP/AESDMA/RTL/AESDMA_CORE/AESDMA_WRCORE.sv
  LineNumber    : 811
  Statement     :     .O_SREADY                   ( w_aw_w_fc_fifo_accept  ),
  VariableName  : w_aw_w_fc_fifo_accept
  ExprSize      : 
  HIERARCHY     : :BOS_AESDMA:u_AESDMA_TOP@AESDMA_TOP_DCLS:u_aesdma_top@AESDMA_TOP:u_AESDMA_WRCORE@AESDMA_WRCORE
  Waiver
    Name        : W528_825
    Comment     : output port is not connected warning
    Filename   : vc_waiver.tcl
    Line       : 100
    State      : Waived
  -----------------------------------------------------------------------------
  Tag           : W528
  Description   : Variable '[VariableName]'[ExprSize] set but not read.[Hierarchy: '[HIERARCHY]']
  Violation     : Lint:935
  Goal          : BOS_LINT_RULE
  Module        : AESDMA_SYNC_FIFO_TPSRAM
  FileName      : /storage/project/atlas/design/user/pnson/ATLAS_WORKING/IP/AESDMA/RTL/AESDMA_CORE/AESDMA_SYNC_FIFO_TPSRAM.sv
  LineNumber    : 247
  Statement     :        .O_FULL_CNT  ( w_regfifo_full_cnt     )  
  VariableName  : w_regfifo_full_cnt[1:0]
  ExprSize      : 
  HIERARCHY     : :BOS_AESDMA:u_AESDMA_TOP@AESDMA_TOP_DCLS:u_aesdma_top@AESDMA_TOP:u_AESDMA_WRCORE@AESDMA_WRCORE:u_AESDMA_DMA_WR_FIFO@AESDMA_SYNC_FIFO_TPSRAM
  Waiver
    Name        : W528_825
    Comment     : output port is not connected warning
    Filename   : vc_waiver.tcl
    Line       : 100
    State      : Waived
  -----------------------------------------------------------------------------
  Tag           : W528
  Description   : Variable '[VariableName]'[ExprSize] set but not read.[Hierarchy: '[HIERARCHY]']
  Violation     : Lint:936
  Goal          : BOS_LINT_RULE
  Module        : AESDMA_SYNC_FIFO_TPSRAM
  FileName      : /storage/project/atlas/design/user/pnson/ATLAS_WORKING/IP/AESDMA/RTL/AESDMA_CORE/AESDMA_SYNC_FIFO_TPSRAM.sv
  LineNumber    : 246
  Statement     :        .O_EMPTY_CNT ( w_regfifo_empty_cnt    ), 
  VariableName  : w_regfifo_empty_cnt[1:0]
  ExprSize      : 
  HIERARCHY     : :BOS_AESDMA:u_AESDMA_TOP@AESDMA_TOP_DCLS:u_aesdma_top@AESDMA_TOP:u_AESDMA_WRCORE@AESDMA_WRCORE:u_AESDMA_DMA_WR_FIFO@AESDMA_SYNC_FIFO_TPSRAM
  Waiver
    Name        : W528_825
    Comment     : output port is not connected warning
    Filename   : vc_waiver.tcl
    Line       : 100
    State      : Waived
  -----------------------------------------------------------------------------
  Tag           : W528
  Description   : Variable '[VariableName]'[ExprSize] set but not read.[Hierarchy: '[HIERARCHY]']
  Violation     : Lint:937
  Goal          : BOS_LINT_RULE
  Module        : AESDMA_DATAGEN
  FileName      : /storage/project/atlas/design/user/pnson/ATLAS_WORKING/IP/AESDMA/RTL/AESDMA_CORE/AESDMA_DATAGEN.v
  LineNumber    : 379
  Statement     :     .O_CRC_CAL_READY    ( w_crc_cal_ready           ),
  VariableName  : w_crc_cal_ready
  ExprSize      : 
  HIERARCHY     : :BOS_AESDMA:u_AESDMA_TOP@AESDMA_TOP_DCLS:u_aesdma_top@AESDMA_TOP:u_AESDMA_DATAGEN@AESDMA_DATAGEN
  Waiver
    Name        : W528_825
    Comment     : output port is not connected warning
    Filename   : vc_waiver.tcl
    Line       : 100
    State      : Waived
  -----------------------------------------------------------------------------
  Tag           : W528
  Description   : Variable '[VariableName]'[ExprSize] set but not read.[Hierarchy: '[HIERARCHY]']
  Violation     : Lint:946
  Goal          : BOS_LINT_RULE
  Module        : AES_CORE_dev
  FileName      : /storage/project/atlas/design/user/pnson/ATLAS_WORKING/IP/AESDMA/RTL/AES_CORE/AES_CORE_dev.v
  LineNumber    : 810
  Statement     : assign w_ccm_ctr_selector_mdata = r_ccm_ctr_valid_ctr - 1;
  VariableName  : w_ccm_ctr_selector_mdata
  ExprSize      : 
  HIERARCHY     : :BOS_AESDMA:u_AESDMA_TOP@AESDMA_TOP_DCLS:u_aesdma_top@AESDMA_TOP:u_AES_CORE@AES_CORE_dev
  Waiver
    Name        : W528_825
    Comment     : output port is not connected warning
    Filename   : vc_waiver.tcl
    Line       : 100
    State      : Waived
  -----------------------------------------------------------------------------
  Tag           : W528
  Description   : Variable '[VariableName]'[ExprSize] set but not read.[Hierarchy: '[HIERARCHY]']
  Violation     : Lint:947
  Goal          : BOS_LINT_RULE
  Module        : AES_CORE_dev
  FileName      : /storage/project/atlas/design/user/pnson/ATLAS_WORKING/IP/AESDMA/RTL/AES_CORE/AES_CORE_dev.v
  LineNumber    : 2163
  Statement     : assign w_nxt_h_exp_idx = r_h_exp_idx + 1;
  VariableName  : w_nxt_h_exp_idx
  ExprSize      : 
  HIERARCHY     : :BOS_AESDMA:u_AESDMA_TOP@AESDMA_TOP_DCLS:u_aesdma_top@AESDMA_TOP:u_AES_CORE@AES_CORE_dev
  Waiver
    Name        : W528_825
    Comment     : output port is not connected warning
    Filename   : vc_waiver.tcl
    Line       : 100
    State      : Waived
  -----------------------------------------------------------------------------
  Tag           : W528
  Description   : Variable '[VariableName]'[ExprSize] set but not read.[Hierarchy: '[HIERARCHY]']
  Violation     : Lint:948
  Goal          : BOS_LINT_RULE
  Module        : AES_CORE_dev
  FileName      : /storage/project/atlas/design/user/pnson/ATLAS_WORKING/IP/AESDMA/RTL/AES_CORE/AES_CORE_dev.v
  LineNumber    : 994
  Statement     : assign w_nxt_cfb_sbyte_ctr_type_X_p_aes_core_cnt = r_cfb_sbyte_ctr[AES_BLK_BYTE_LEN_WD-1:0] + r_cfb_sbyte_ctr_type_X_p_aes_core_cnt;
  VariableName  : w_nxt_cfb_sbyte_ctr_type_X_p_aes_core_cnt[3:0]
  ExprSize      : 
  HIERARCHY     : :BOS_AESDMA:u_AESDMA_TOP@AESDMA_TOP_DCLS:u_aesdma_top@AESDMA_TOP:u_AES_CORE@AES_CORE_dev
  Waiver
    Name        : W528_825
    Comment     : output port is not connected warning
    Filename   : vc_waiver.tcl
    Line       : 100
    State      : Waived
  -----------------------------------------------------------------------------
  Tag           : W528
  Description   : Variable '[VariableName]'[ExprSize] set but not read.[Hierarchy: '[HIERARCHY]']
  Violation     : Lint:949
  Goal          : BOS_LINT_RULE
  Module        : AES_CORE_dev
  FileName      : /storage/project/atlas/design/user/pnson/ATLAS_WORKING/IP/AESDMA/RTL/AES_CORE/AES_CORE_dev.v
  LineNumber    : 915
  Statement     :         assign q_tmp = q - 1;
  VariableName  : gen_xts_gf[0].q_tmp
  ExprSize      : 
  HIERARCHY     : :BOS_AESDMA:u_AESDMA_TOP@AESDMA_TOP_DCLS:u_aesdma_top@AESDMA_TOP:u_AES_CORE@AES_CORE_dev
  Waiver
    Name        : W528_825
    Comment     : output port is not connected warning
    Filename   : vc_waiver.tcl
    Line       : 100
    State      : Waived
  -----------------------------------------------------------------------------
  Tag           : W528
  Description   : Variable '[VariableName]'[ExprSize] set but not read.[Hierarchy: '[HIERARCHY]']
  Violation     : Lint:950
  Goal          : BOS_LINT_RULE
  Module        : AES_CORE_dev
  FileName      : /storage/project/atlas/design/user/pnson/ATLAS_WORKING/IP/AESDMA/RTL/AES_CORE/AES_CORE_dev.v
  LineNumber    : 1942
  Statement     :             gbl_cfb_sbyte_ctr_y = r_cfb_sbyte_ctr + ((I_CFB_BYTE_TYPE == 3'd0) ? 0 : (CFB_SBYTE_CTR_TYPE * i));
  VariableName  : gbl_cfb_sbyte_ctr_y[5]
  ExprSize      : 
  HIERARCHY     : :BOS_AESDMA:u_AESDMA_TOP@AESDMA_TOP_DCLS:u_aesdma_top@AESDMA_TOP:u_AES_CORE@AES_CORE_dev
  Waiver
    Name        : W528_825
    Comment     : output port is not connected warning
    Filename   : vc_waiver.tcl
    Line       : 100
    State      : Waived
  -----------------------------------------------------------------------------
  Tag           : W528
  Description   : Variable '[VariableName]'[ExprSize] set but not read.[Hierarchy: '[HIERARCHY]']
  Violation     : Lint:951
  Goal          : BOS_LINT_RULE
  Module        : AES_CORE_dev
  FileName      : /storage/project/atlas/design/user/pnson/ATLAS_WORKING/IP/AESDMA/RTL/AES_CORE/AES_CORE_dev.v
  LineNumber    : 1590
  Statement     :             wire [DATA_BYTE_LEN_WD:0] w_cfb_sbyte_ctr_y = r_cfb_sbyte_ctr + ((I_CFB_BYTE_TYPE == 3'd0)? 0: (CFB_SBYTE_CTR_TYPE * q));
  VariableName  : AES_CLUSTER_OP[9].AES_CORE_OP[0].w_cfb_sbyte_ctr_y[5:4]
  ExprSize      : 
  HIERARCHY     : :BOS_AESDMA:u_AESDMA_TOP@AESDMA_TOP_DCLS:u_aesdma_top@AESDMA_TOP:u_AES_CORE@AES_CORE_dev
  Waiver
    Name        : W528_825
    Comment     : output port is not connected warning
    Filename   : vc_waiver.tcl
    Line       : 100
    State      : Waived
  -----------------------------------------------------------------------------
  Tag           : W528
  Description   : Variable '[VariableName]'[ExprSize] set but not read.[Hierarchy: '[HIERARCHY]']
  Violation     : Lint:952
  Goal          : BOS_LINT_RULE
  Module        : AES_CORE_dev
  FileName      : /storage/project/atlas/design/user/pnson/ATLAS_WORKING/IP/AESDMA/RTL/AES_CORE/AES_CORE_dev.v
  LineNumber    : 1574
  Statement     :                     r_input_first_round <= 128'h0;
  VariableName  : AES_CLUSTER_OP[9].AES_CORE_OP[0].r_input_first_round[127:120]
  ExprSize      : 
  HIERARCHY     : :BOS_AESDMA:u_AESDMA_TOP@AESDMA_TOP_DCLS:u_aesdma_top@AESDMA_TOP:u_AES_CORE@AES_CORE_dev
  Waiver
    Name        : W528_825
    Comment     : output port is not connected warning
    Filename   : vc_waiver.tcl
    Line       : 100
    State      : Waived
  -----------------------------------------------------------------------------
  Tag           : W528
  Description   : Variable '[VariableName]'[ExprSize] set but not read.[Hierarchy: '[HIERARCHY]']
  Violation     : Lint:953
  Goal          : BOS_LINT_RULE
  Module        : AES_CORE_dev
  FileName      : /storage/project/atlas/design/user/pnson/ATLAS_WORKING/IP/AESDMA/RTL/AES_CORE/AES_CORE_dev.v
  LineNumber    : 1592
  Statement     :             wire [AES_CORE_CNT_WD-1:0] q_tmp = (P_AES_CORE_CNT == 1) ? 0 : q - 1;
  VariableName  : AES_CLUSTER_OP[9].AES_CORE_OP[0].q_tmp
  ExprSize      : 
  HIERARCHY     : :BOS_AESDMA:u_AESDMA_TOP@AESDMA_TOP_DCLS:u_aesdma_top@AESDMA_TOP:u_AES_CORE@AES_CORE_dev
  Waiver
    Name        : W528_825
    Comment     : output port is not connected warning
    Filename   : vc_waiver.tcl
    Line       : 100
    State      : Waived
  -----------------------------------------------------------------------------
  Tag           : W528
  Description   : Variable '[VariableName]'[ExprSize] set but not read.[Hierarchy: '[HIERARCHY]']
  Violation     : Lint:954
  Goal          : BOS_LINT_RULE
  Module        : AES_CORE_dev
  FileName      : /storage/project/atlas/design/user/pnson/ATLAS_WORKING/IP/AESDMA/RTL/AES_CORE/AES_CORE_dev.v
  LineNumber    : 1590
  Statement     :             wire [DATA_BYTE_LEN_WD:0] w_cfb_sbyte_ctr_y = r_cfb_sbyte_ctr + ((I_CFB_BYTE_TYPE == 3'd0)? 0: (CFB_SBYTE_CTR_TYPE * q));
  VariableName  : AES_CLUSTER_OP[8].AES_CORE_OP[0].w_cfb_sbyte_ctr_y[5:4]
  ExprSize      : 
  HIERARCHY     : :BOS_AESDMA:u_AESDMA_TOP@AESDMA_TOP_DCLS:u_aesdma_top@AESDMA_TOP:u_AES_CORE@AES_CORE_dev
  Waiver
    Name        : W528_825
    Comment     : output port is not connected warning
    Filename   : vc_waiver.tcl
    Line       : 100
    State      : Waived
  -----------------------------------------------------------------------------
  Tag           : W528
  Description   : Variable '[VariableName]'[ExprSize] set but not read.[Hierarchy: '[HIERARCHY]']
  Violation     : Lint:955
  Goal          : BOS_LINT_RULE
  Module        : AES_CORE_dev
  FileName      : /storage/project/atlas/design/user/pnson/ATLAS_WORKING/IP/AESDMA/RTL/AES_CORE/AES_CORE_dev.v
  LineNumber    : 1574
  Statement     :                     r_input_first_round <= 128'h0;
  VariableName  : AES_CLUSTER_OP[8].AES_CORE_OP[0].r_input_first_round[127:120]
  ExprSize      : 
  HIERARCHY     : :BOS_AESDMA:u_AESDMA_TOP@AESDMA_TOP_DCLS:u_aesdma_top@AESDMA_TOP:u_AES_CORE@AES_CORE_dev
  Waiver
    Name        : W528_825
    Comment     : output port is not connected warning
    Filename   : vc_waiver.tcl
    Line       : 100
    State      : Waived
  -----------------------------------------------------------------------------
  Tag           : W528
  Description   : Variable '[VariableName]'[ExprSize] set but not read.[Hierarchy: '[HIERARCHY]']
  Violation     : Lint:956
  Goal          : BOS_LINT_RULE
  Module        : AES_CORE_dev
  FileName      : /storage/project/atlas/design/user/pnson/ATLAS_WORKING/IP/AESDMA/RTL/AES_CORE/AES_CORE_dev.v
  LineNumber    : 1592
  Statement     :             wire [AES_CORE_CNT_WD-1:0] q_tmp = (P_AES_CORE_CNT == 1) ? 0 : q - 1;
  VariableName  : AES_CLUSTER_OP[8].AES_CORE_OP[0].q_tmp
  ExprSize      : 
  HIERARCHY     : :BOS_AESDMA:u_AESDMA_TOP@AESDMA_TOP_DCLS:u_aesdma_top@AESDMA_TOP:u_AES_CORE@AES_CORE_dev
  Waiver
    Name        : W528_825
    Comment     : output port is not connected warning
    Filename   : vc_waiver.tcl
    Line       : 100
    State      : Waived
  -----------------------------------------------------------------------------
  Tag           : W528
  Description   : Variable '[VariableName]'[ExprSize] set but not read.[Hierarchy: '[HIERARCHY]']
  Violation     : Lint:957
  Goal          : BOS_LINT_RULE
  Module        : AES_CORE_dev
  FileName      : /storage/project/atlas/design/user/pnson/ATLAS_WORKING/IP/AESDMA/RTL/AES_CORE/AES_CORE_dev.v
  LineNumber    : 1590
  Statement     :             wire [DATA_BYTE_LEN_WD:0] w_cfb_sbyte_ctr_y = r_cfb_sbyte_ctr + ((I_CFB_BYTE_TYPE == 3'd0)? 0: (CFB_SBYTE_CTR_TYPE * q));
  VariableName  : AES_CLUSTER_OP[7].AES_CORE_OP[0].w_cfb_sbyte_ctr_y[5:4]
  ExprSize      : 
  HIERARCHY     : :BOS_AESDMA:u_AESDMA_TOP@AESDMA_TOP_DCLS:u_aesdma_top@AESDMA_TOP:u_AES_CORE@AES_CORE_dev
  Waiver
    Name        : W528_825
    Comment     : output port is not connected warning
    Filename   : vc_waiver.tcl
    Line       : 100
    State      : Waived
  -----------------------------------------------------------------------------
  Tag           : W528
  Description   : Variable '[VariableName]'[ExprSize] set but not read.[Hierarchy: '[HIERARCHY]']
  Violation     : Lint:958
  Goal          : BOS_LINT_RULE
  Module        : AES_CORE_dev
  FileName      : /storage/project/atlas/design/user/pnson/ATLAS_WORKING/IP/AESDMA/RTL/AES_CORE/AES_CORE_dev.v
  LineNumber    : 1574
  Statement     :                     r_input_first_round <= 128'h0;
  VariableName  : AES_CLUSTER_OP[7].AES_CORE_OP[0].r_input_first_round[127:120]
  ExprSize      : 
  HIERARCHY     : :BOS_AESDMA:u_AESDMA_TOP@AESDMA_TOP_DCLS:u_aesdma_top@AESDMA_TOP:u_AES_CORE@AES_CORE_dev
  Waiver
    Name        : W528_825
    Comment     : output port is not connected warning
    Filename   : vc_waiver.tcl
    Line       : 100
    State      : Waived
  -----------------------------------------------------------------------------
  Tag           : W528
  Description   : Variable '[VariableName]'[ExprSize] set but not read.[Hierarchy: '[HIERARCHY]']
  Violation     : Lint:959
  Goal          : BOS_LINT_RULE
  Module        : AES_CORE_dev
  FileName      : /storage/project/atlas/design/user/pnson/ATLAS_WORKING/IP/AESDMA/RTL/AES_CORE/AES_CORE_dev.v
  LineNumber    : 1592
  Statement     :             wire [AES_CORE_CNT_WD-1:0] q_tmp = (P_AES_CORE_CNT == 1) ? 0 : q - 1;
  VariableName  : AES_CLUSTER_OP[7].AES_CORE_OP[0].q_tmp
  ExprSize      : 
  HIERARCHY     : :BOS_AESDMA:u_AESDMA_TOP@AESDMA_TOP_DCLS:u_aesdma_top@AESDMA_TOP:u_AES_CORE@AES_CORE_dev
  Waiver
    Name        : W528_825
    Comment     : output port is not connected warning
    Filename   : vc_waiver.tcl
    Line       : 100
    State      : Waived
  -----------------------------------------------------------------------------
  Tag           : W528
  Description   : Variable '[VariableName]'[ExprSize] set but not read.[Hierarchy: '[HIERARCHY]']
  Violation     : Lint:960
  Goal          : BOS_LINT_RULE
  Module        : AES_CORE_dev
  FileName      : /storage/project/atlas/design/user/pnson/ATLAS_WORKING/IP/AESDMA/RTL/AES_CORE/AES_CORE_dev.v
  LineNumber    : 1590
  Statement     :             wire [DATA_BYTE_LEN_WD:0] w_cfb_sbyte_ctr_y = r_cfb_sbyte_ctr + ((I_CFB_BYTE_TYPE == 3'd0)? 0: (CFB_SBYTE_CTR_TYPE * q));
  VariableName  : AES_CLUSTER_OP[6].AES_CORE_OP[0].w_cfb_sbyte_ctr_y[5:4]
  ExprSize      : 
  HIERARCHY     : :BOS_AESDMA:u_AESDMA_TOP@AESDMA_TOP_DCLS:u_aesdma_top@AESDMA_TOP:u_AES_CORE@AES_CORE_dev
  Waiver
    Name        : W528_825
    Comment     : output port is not connected warning
    Filename   : vc_waiver.tcl
    Line       : 100
    State      : Waived
  -----------------------------------------------------------------------------
  Tag           : W528
  Description   : Variable '[VariableName]'[ExprSize] set but not read.[Hierarchy: '[HIERARCHY]']
  Violation     : Lint:961
  Goal          : BOS_LINT_RULE
  Module        : AES_CORE_dev
  FileName      : /storage/project/atlas/design/user/pnson/ATLAS_WORKING/IP/AESDMA/RTL/AES_CORE/AES_CORE_dev.v
  LineNumber    : 1574
  Statement     :                     r_input_first_round <= 128'h0;
  VariableName  : AES_CLUSTER_OP[6].AES_CORE_OP[0].r_input_first_round[127:120]
  ExprSize      : 
  HIERARCHY     : :BOS_AESDMA:u_AESDMA_TOP@AESDMA_TOP_DCLS:u_aesdma_top@AESDMA_TOP:u_AES_CORE@AES_CORE_dev
  Waiver
    Name        : W528_825
    Comment     : output port is not connected warning
    Filename   : vc_waiver.tcl
    Line       : 100
    State      : Waived
  -----------------------------------------------------------------------------
  Tag           : W528
  Description   : Variable '[VariableName]'[ExprSize] set but not read.[Hierarchy: '[HIERARCHY]']
  Violation     : Lint:962
  Goal          : BOS_LINT_RULE
  Module        : AES_CORE_dev
  FileName      : /storage/project/atlas/design/user/pnson/ATLAS_WORKING/IP/AESDMA/RTL/AES_CORE/AES_CORE_dev.v
  LineNumber    : 1592
  Statement     :             wire [AES_CORE_CNT_WD-1:0] q_tmp = (P_AES_CORE_CNT == 1) ? 0 : q - 1;
  VariableName  : AES_CLUSTER_OP[6].AES_CORE_OP[0].q_tmp
  ExprSize      : 
  HIERARCHY     : :BOS_AESDMA:u_AESDMA_TOP@AESDMA_TOP_DCLS:u_aesdma_top@AESDMA_TOP:u_AES_CORE@AES_CORE_dev
  Waiver
    Name        : W528_825
    Comment     : output port is not connected warning
    Filename   : vc_waiver.tcl
    Line       : 100
    State      : Waived
  -----------------------------------------------------------------------------
  Tag           : W528
  Description   : Variable '[VariableName]'[ExprSize] set but not read.[Hierarchy: '[HIERARCHY]']
  Violation     : Lint:963
  Goal          : BOS_LINT_RULE
  Module        : AES_CORE_dev
  FileName      : /storage/project/atlas/design/user/pnson/ATLAS_WORKING/IP/AESDMA/RTL/AES_CORE/AES_CORE_dev.v
  LineNumber    : 1590
  Statement     :             wire [DATA_BYTE_LEN_WD:0] w_cfb_sbyte_ctr_y = r_cfb_sbyte_ctr + ((I_CFB_BYTE_TYPE == 3'd0)? 0: (CFB_SBYTE_CTR_TYPE * q));
  VariableName  : AES_CLUSTER_OP[5].AES_CORE_OP[0].w_cfb_sbyte_ctr_y[5:4]
  ExprSize      : 
  HIERARCHY     : :BOS_AESDMA:u_AESDMA_TOP@AESDMA_TOP_DCLS:u_aesdma_top@AESDMA_TOP:u_AES_CORE@AES_CORE_dev
  Waiver
    Name        : W528_825
    Comment     : output port is not connected warning
    Filename   : vc_waiver.tcl
    Line       : 100
    State      : Waived
  -----------------------------------------------------------------------------
  Tag           : W528
  Description   : Variable '[VariableName]'[ExprSize] set but not read.[Hierarchy: '[HIERARCHY]']
  Violation     : Lint:964
  Goal          : BOS_LINT_RULE
  Module        : AES_CORE_dev
  FileName      : /storage/project/atlas/design/user/pnson/ATLAS_WORKING/IP/AESDMA/RTL/AES_CORE/AES_CORE_dev.v
  LineNumber    : 1574
  Statement     :                     r_input_first_round <= 128'h0;
  VariableName  : AES_CLUSTER_OP[5].AES_CORE_OP[0].r_input_first_round[127:120]
  ExprSize      : 
  HIERARCHY     : :BOS_AESDMA:u_AESDMA_TOP@AESDMA_TOP_DCLS:u_aesdma_top@AESDMA_TOP:u_AES_CORE@AES_CORE_dev
  Waiver
    Name        : W528_825
    Comment     : output port is not connected warning
    Filename   : vc_waiver.tcl
    Line       : 100
    State      : Waived
  -----------------------------------------------------------------------------
  Tag           : W528
  Description   : Variable '[VariableName]'[ExprSize] set but not read.[Hierarchy: '[HIERARCHY]']
  Violation     : Lint:965
  Goal          : BOS_LINT_RULE
  Module        : AES_CORE_dev
  FileName      : /storage/project/atlas/design/user/pnson/ATLAS_WORKING/IP/AESDMA/RTL/AES_CORE/AES_CORE_dev.v
  LineNumber    : 1592
  Statement     :             wire [AES_CORE_CNT_WD-1:0] q_tmp = (P_AES_CORE_CNT == 1) ? 0 : q - 1;
  VariableName  : AES_CLUSTER_OP[5].AES_CORE_OP[0].q_tmp
  ExprSize      : 
  HIERARCHY     : :BOS_AESDMA:u_AESDMA_TOP@AESDMA_TOP_DCLS:u_aesdma_top@AESDMA_TOP:u_AES_CORE@AES_CORE_dev
  Waiver
    Name        : W528_825
    Comment     : output port is not connected warning
    Filename   : vc_waiver.tcl
    Line       : 100
    State      : Waived
  -----------------------------------------------------------------------------
  Tag           : W528
  Description   : Variable '[VariableName]'[ExprSize] set but not read.[Hierarchy: '[HIERARCHY]']
  Violation     : Lint:966
  Goal          : BOS_LINT_RULE
  Module        : AES_CORE_dev
  FileName      : /storage/project/atlas/design/user/pnson/ATLAS_WORKING/IP/AESDMA/RTL/AES_CORE/AES_CORE_dev.v
  LineNumber    : 1590
  Statement     :             wire [DATA_BYTE_LEN_WD:0] w_cfb_sbyte_ctr_y = r_cfb_sbyte_ctr + ((I_CFB_BYTE_TYPE == 3'd0)? 0: (CFB_SBYTE_CTR_TYPE * q));
  VariableName  : AES_CLUSTER_OP[4].AES_CORE_OP[0].w_cfb_sbyte_ctr_y[5:4]
  ExprSize      : 
  HIERARCHY     : :BOS_AESDMA:u_AESDMA_TOP@AESDMA_TOP_DCLS:u_aesdma_top@AESDMA_TOP:u_AES_CORE@AES_CORE_dev
  Waiver
    Name        : W528_825
    Comment     : output port is not connected warning
    Filename   : vc_waiver.tcl
    Line       : 100
    State      : Waived
  -----------------------------------------------------------------------------
  Tag           : W528
  Description   : Variable '[VariableName]'[ExprSize] set but not read.[Hierarchy: '[HIERARCHY]']
  Violation     : Lint:967
  Goal          : BOS_LINT_RULE
  Module        : AES_CORE_dev
  FileName      : /storage/project/atlas/design/user/pnson/ATLAS_WORKING/IP/AESDMA/RTL/AES_CORE/AES_CORE_dev.v
  LineNumber    : 1574
  Statement     :                     r_input_first_round <= 128'h0;
  VariableName  : AES_CLUSTER_OP[4].AES_CORE_OP[0].r_input_first_round[127:120]
  ExprSize      : 
  HIERARCHY     : :BOS_AESDMA:u_AESDMA_TOP@AESDMA_TOP_DCLS:u_aesdma_top@AESDMA_TOP:u_AES_CORE@AES_CORE_dev
  Waiver
    Name        : W528_825
    Comment     : output port is not connected warning
    Filename   : vc_waiver.tcl
    Line       : 100
    State      : Waived
  -----------------------------------------------------------------------------
  Tag           : W528
  Description   : Variable '[VariableName]'[ExprSize] set but not read.[Hierarchy: '[HIERARCHY]']
  Violation     : Lint:968
  Goal          : BOS_LINT_RULE
  Module        : AES_CORE_dev
  FileName      : /storage/project/atlas/design/user/pnson/ATLAS_WORKING/IP/AESDMA/RTL/AES_CORE/AES_CORE_dev.v
  LineNumber    : 1592
  Statement     :             wire [AES_CORE_CNT_WD-1:0] q_tmp = (P_AES_CORE_CNT == 1) ? 0 : q - 1;
  VariableName  : AES_CLUSTER_OP[4].AES_CORE_OP[0].q_tmp
  ExprSize      : 
  HIERARCHY     : :BOS_AESDMA:u_AESDMA_TOP@AESDMA_TOP_DCLS:u_aesdma_top@AESDMA_TOP:u_AES_CORE@AES_CORE_dev
  Waiver
    Name        : W528_825
    Comment     : output port is not connected warning
    Filename   : vc_waiver.tcl
    Line       : 100
    State      : Waived
  -----------------------------------------------------------------------------
  Tag           : W528
  Description   : Variable '[VariableName]'[ExprSize] set but not read.[Hierarchy: '[HIERARCHY]']
  Violation     : Lint:969
  Goal          : BOS_LINT_RULE
  Module        : AES_CORE_dev
  FileName      : /storage/project/atlas/design/user/pnson/ATLAS_WORKING/IP/AESDMA/RTL/AES_CORE/AES_CORE_dev.v
  LineNumber    : 1590
  Statement     :             wire [DATA_BYTE_LEN_WD:0] w_cfb_sbyte_ctr_y = r_cfb_sbyte_ctr + ((I_CFB_BYTE_TYPE == 3'd0)? 0: (CFB_SBYTE_CTR_TYPE * q));
  VariableName  : AES_CLUSTER_OP[3].AES_CORE_OP[0].w_cfb_sbyte_ctr_y[5:4]
  ExprSize      : 
  HIERARCHY     : :BOS_AESDMA:u_AESDMA_TOP@AESDMA_TOP_DCLS:u_aesdma_top@AESDMA_TOP:u_AES_CORE@AES_CORE_dev
  Waiver
    Name        : W528_825
    Comment     : output port is not connected warning
    Filename   : vc_waiver.tcl
    Line       : 100
    State      : Waived
  -----------------------------------------------------------------------------
  Tag           : W528
  Description   : Variable '[VariableName]'[ExprSize] set but not read.[Hierarchy: '[HIERARCHY]']
  Violation     : Lint:970
  Goal          : BOS_LINT_RULE
  Module        : AES_CORE_dev
  FileName      : /storage/project/atlas/design/user/pnson/ATLAS_WORKING/IP/AESDMA/RTL/AES_CORE/AES_CORE_dev.v
  LineNumber    : 1574
  Statement     :                     r_input_first_round <= 128'h0;
  VariableName  : AES_CLUSTER_OP[3].AES_CORE_OP[0].r_input_first_round[127:120]
  ExprSize      : 
  HIERARCHY     : :BOS_AESDMA:u_AESDMA_TOP@AESDMA_TOP_DCLS:u_aesdma_top@AESDMA_TOP:u_AES_CORE@AES_CORE_dev
  Waiver
    Name        : W528_825
    Comment     : output port is not connected warning
    Filename   : vc_waiver.tcl
    Line       : 100
    State      : Waived
  -----------------------------------------------------------------------------
  Tag           : W528
  Description   : Variable '[VariableName]'[ExprSize] set but not read.[Hierarchy: '[HIERARCHY]']
  Violation     : Lint:971
  Goal          : BOS_LINT_RULE
  Module        : AES_CORE_dev
  FileName      : /storage/project/atlas/design/user/pnson/ATLAS_WORKING/IP/AESDMA/RTL/AES_CORE/AES_CORE_dev.v
  LineNumber    : 1592
  Statement     :             wire [AES_CORE_CNT_WD-1:0] q_tmp = (P_AES_CORE_CNT == 1) ? 0 : q - 1;
  VariableName  : AES_CLUSTER_OP[3].AES_CORE_OP[0].q_tmp
  ExprSize      : 
  HIERARCHY     : :BOS_AESDMA:u_AESDMA_TOP@AESDMA_TOP_DCLS:u_aesdma_top@AESDMA_TOP:u_AES_CORE@AES_CORE_dev
  Waiver
    Name        : W528_825
    Comment     : output port is not connected warning
    Filename   : vc_waiver.tcl
    Line       : 100
    State      : Waived
  -----------------------------------------------------------------------------
  Tag           : W528
  Description   : Variable '[VariableName]'[ExprSize] set but not read.[Hierarchy: '[HIERARCHY]']
  Violation     : Lint:972
  Goal          : BOS_LINT_RULE
  Module        : AES_CORE_dev
  FileName      : /storage/project/atlas/design/user/pnson/ATLAS_WORKING/IP/AESDMA/RTL/AES_CORE/AES_CORE_dev.v
  LineNumber    : 1590
  Statement     :             wire [DATA_BYTE_LEN_WD:0] w_cfb_sbyte_ctr_y = r_cfb_sbyte_ctr + ((I_CFB_BYTE_TYPE == 3'd0)? 0: (CFB_SBYTE_CTR_TYPE * q));
  VariableName  : AES_CLUSTER_OP[2].AES_CORE_OP[0].w_cfb_sbyte_ctr_y[5:4]
  ExprSize      : 
  HIERARCHY     : :BOS_AESDMA:u_AESDMA_TOP@AESDMA_TOP_DCLS:u_aesdma_top@AESDMA_TOP:u_AES_CORE@AES_CORE_dev
  Waiver
    Name        : W528_825
    Comment     : output port is not connected warning
    Filename   : vc_waiver.tcl
    Line       : 100
    State      : Waived
  -----------------------------------------------------------------------------
  Tag           : W528
  Description   : Variable '[VariableName]'[ExprSize] set but not read.[Hierarchy: '[HIERARCHY]']
  Violation     : Lint:973
  Goal          : BOS_LINT_RULE
  Module        : AES_CORE_dev
  FileName      : /storage/project/atlas/design/user/pnson/ATLAS_WORKING/IP/AESDMA/RTL/AES_CORE/AES_CORE_dev.v
  LineNumber    : 1574
  Statement     :                     r_input_first_round <= 128'h0;
  VariableName  : AES_CLUSTER_OP[2].AES_CORE_OP[0].r_input_first_round[127:120]
  ExprSize      : 
  HIERARCHY     : :BOS_AESDMA:u_AESDMA_TOP@AESDMA_TOP_DCLS:u_aesdma_top@AESDMA_TOP:u_AES_CORE@AES_CORE_dev
  Waiver
    Name        : W528_825
    Comment     : output port is not connected warning
    Filename   : vc_waiver.tcl
    Line       : 100
    State      : Waived
  -----------------------------------------------------------------------------
  Tag           : W528
  Description   : Variable '[VariableName]'[ExprSize] set but not read.[Hierarchy: '[HIERARCHY]']
  Violation     : Lint:974
  Goal          : BOS_LINT_RULE
  Module        : AES_CORE_dev
  FileName      : /storage/project/atlas/design/user/pnson/ATLAS_WORKING/IP/AESDMA/RTL/AES_CORE/AES_CORE_dev.v
  LineNumber    : 1592
  Statement     :             wire [AES_CORE_CNT_WD-1:0] q_tmp = (P_AES_CORE_CNT == 1) ? 0 : q - 1;
  VariableName  : AES_CLUSTER_OP[2].AES_CORE_OP[0].q_tmp
  ExprSize      : 
  HIERARCHY     : :BOS_AESDMA:u_AESDMA_TOP@AESDMA_TOP_DCLS:u_aesdma_top@AESDMA_TOP:u_AES_CORE@AES_CORE_dev
  Waiver
    Name        : W528_825
    Comment     : output port is not connected warning
    Filename   : vc_waiver.tcl
    Line       : 100
    State      : Waived
  -----------------------------------------------------------------------------
  Tag           : W528
  Description   : Variable '[VariableName]'[ExprSize] set but not read.[Hierarchy: '[HIERARCHY]']
  Violation     : Lint:975
  Goal          : BOS_LINT_RULE
  Module        : AES_CORE_dev
  FileName      : /storage/project/atlas/design/user/pnson/ATLAS_WORKING/IP/AESDMA/RTL/AES_CORE/AES_CORE_dev.v
  LineNumber    : 1590
  Statement     :             wire [DATA_BYTE_LEN_WD:0] w_cfb_sbyte_ctr_y = r_cfb_sbyte_ctr + ((I_CFB_BYTE_TYPE == 3'd0)? 0: (CFB_SBYTE_CTR_TYPE * q));
  VariableName  : AES_CLUSTER_OP[1].AES_CORE_OP[0].w_cfb_sbyte_ctr_y[5:4]
  ExprSize      : 
  HIERARCHY     : :BOS_AESDMA:u_AESDMA_TOP@AESDMA_TOP_DCLS:u_aesdma_top@AESDMA_TOP:u_AES_CORE@AES_CORE_dev
  Waiver
    Name        : W528_825
    Comment     : output port is not connected warning
    Filename   : vc_waiver.tcl
    Line       : 100
    State      : Waived
  -----------------------------------------------------------------------------
  Tag           : W528
  Description   : Variable '[VariableName]'[ExprSize] set but not read.[Hierarchy: '[HIERARCHY]']
  Violation     : Lint:976
  Goal          : BOS_LINT_RULE
  Module        : AES_CORE_dev
  FileName      : /storage/project/atlas/design/user/pnson/ATLAS_WORKING/IP/AESDMA/RTL/AES_CORE/AES_CORE_dev.v
  LineNumber    : 1574
  Statement     :                     r_input_first_round <= 128'h0;
  VariableName  : AES_CLUSTER_OP[1].AES_CORE_OP[0].r_input_first_round[127:120]
  ExprSize      : 
  HIERARCHY     : :BOS_AESDMA:u_AESDMA_TOP@AESDMA_TOP_DCLS:u_aesdma_top@AESDMA_TOP:u_AES_CORE@AES_CORE_dev
  Waiver
    Name        : W528_825
    Comment     : output port is not connected warning
    Filename   : vc_waiver.tcl
    Line       : 100
    State      : Waived
  -----------------------------------------------------------------------------
  Tag           : W528
  Description   : Variable '[VariableName]'[ExprSize] set but not read.[Hierarchy: '[HIERARCHY]']
  Violation     : Lint:977
  Goal          : BOS_LINT_RULE
  Module        : AES_CORE_dev
  FileName      : /storage/project/atlas/design/user/pnson/ATLAS_WORKING/IP/AESDMA/RTL/AES_CORE/AES_CORE_dev.v
  LineNumber    : 1592
  Statement     :             wire [AES_CORE_CNT_WD-1:0] q_tmp = (P_AES_CORE_CNT == 1) ? 0 : q - 1;
  VariableName  : AES_CLUSTER_OP[1].AES_CORE_OP[0].q_tmp
  ExprSize      : 
  HIERARCHY     : :BOS_AESDMA:u_AESDMA_TOP@AESDMA_TOP_DCLS:u_aesdma_top@AESDMA_TOP:u_AES_CORE@AES_CORE_dev
  Waiver
    Name        : W528_825
    Comment     : output port is not connected warning
    Filename   : vc_waiver.tcl
    Line       : 100
    State      : Waived
  -----------------------------------------------------------------------------
  Tag           : W528
  Description   : Variable '[VariableName]'[ExprSize] set but not read.[Hierarchy: '[HIERARCHY]']
  Violation     : Lint:978
  Goal          : BOS_LINT_RULE
  Module        : AES_CORE_dev
  FileName      : /storage/project/atlas/design/user/pnson/ATLAS_WORKING/IP/AESDMA/RTL/AES_CORE/AES_CORE_dev.v
  LineNumber    : 1590
  Statement     :             wire [DATA_BYTE_LEN_WD:0] w_cfb_sbyte_ctr_y = r_cfb_sbyte_ctr + ((I_CFB_BYTE_TYPE == 3'd0)? 0: (CFB_SBYTE_CTR_TYPE * q));
  VariableName  : AES_CLUSTER_OP[14].AES_CORE_OP[0].w_cfb_sbyte_ctr_y[5:4]
  ExprSize      : 
  HIERARCHY     : :BOS_AESDMA:u_AESDMA_TOP@AESDMA_TOP_DCLS:u_aesdma_top@AESDMA_TOP:u_AES_CORE@AES_CORE_dev
  Waiver
    Name        : W528_825
    Comment     : output port is not connected warning
    Filename   : vc_waiver.tcl
    Line       : 100
    State      : Waived
  -----------------------------------------------------------------------------
  Tag           : W528
  Description   : Variable '[VariableName]'[ExprSize] set but not read.[Hierarchy: '[HIERARCHY]']
  Violation     : Lint:979
  Goal          : BOS_LINT_RULE
  Module        : AES_CORE_dev
  FileName      : /storage/project/atlas/design/user/pnson/ATLAS_WORKING/IP/AESDMA/RTL/AES_CORE/AES_CORE_dev.v
  LineNumber    : 1574
  Statement     :                     r_input_first_round <= 128'h0;
  VariableName  : AES_CLUSTER_OP[14].AES_CORE_OP[0].r_input_first_round[127:120]
  ExprSize      : 
  HIERARCHY     : :BOS_AESDMA:u_AESDMA_TOP@AESDMA_TOP_DCLS:u_aesdma_top@AESDMA_TOP:u_AES_CORE@AES_CORE_dev
  Waiver
    Name        : W528_825
    Comment     : output port is not connected warning
    Filename   : vc_waiver.tcl
    Line       : 100
    State      : Waived
  -----------------------------------------------------------------------------
  Tag           : W528
  Description   : Variable '[VariableName]'[ExprSize] set but not read.[Hierarchy: '[HIERARCHY]']
  Violation     : Lint:980
  Goal          : BOS_LINT_RULE
  Module        : AES_CORE_dev
  FileName      : /storage/project/atlas/design/user/pnson/ATLAS_WORKING/IP/AESDMA/RTL/AES_CORE/AES_CORE_dev.v
  LineNumber    : 1592
  Statement     :             wire [AES_CORE_CNT_WD-1:0] q_tmp = (P_AES_CORE_CNT == 1) ? 0 : q - 1;
  VariableName  : AES_CLUSTER_OP[14].AES_CORE_OP[0].q_tmp
  ExprSize      : 
  HIERARCHY     : :BOS_AESDMA:u_AESDMA_TOP@AESDMA_TOP_DCLS:u_aesdma_top@AESDMA_TOP:u_AES_CORE@AES_CORE_dev
  Waiver
    Name        : W528_825
    Comment     : output port is not connected warning
    Filename   : vc_waiver.tcl
    Line       : 100
    State      : Waived
  -----------------------------------------------------------------------------
  Tag           : W528
  Description   : Variable '[VariableName]'[ExprSize] set but not read.[Hierarchy: '[HIERARCHY]']
  Violation     : Lint:981
  Goal          : BOS_LINT_RULE
  Module        : AES_CORE_dev
  FileName      : /storage/project/atlas/design/user/pnson/ATLAS_WORKING/IP/AESDMA/RTL/AES_CORE/AES_CORE_dev.v
  LineNumber    : 1590
  Statement     :             wire [DATA_BYTE_LEN_WD:0] w_cfb_sbyte_ctr_y = r_cfb_sbyte_ctr + ((I_CFB_BYTE_TYPE == 3'd0)? 0: (CFB_SBYTE_CTR_TYPE * q));
  VariableName  : AES_CLUSTER_OP[13].AES_CORE_OP[0].w_cfb_sbyte_ctr_y[5:4]
  ExprSize      : 
  HIERARCHY     : :BOS_AESDMA:u_AESDMA_TOP@AESDMA_TOP_DCLS:u_aesdma_top@AESDMA_TOP:u_AES_CORE@AES_CORE_dev
  Waiver
    Name        : W528_825
    Comment     : output port is not connected warning
    Filename   : vc_waiver.tcl
    Line       : 100
    State      : Waived
  -----------------------------------------------------------------------------
  Tag           : W528
  Description   : Variable '[VariableName]'[ExprSize] set but not read.[Hierarchy: '[HIERARCHY]']
  Violation     : Lint:982
  Goal          : BOS_LINT_RULE
  Module        : AES_CORE_dev
  FileName      : /storage/project/atlas/design/user/pnson/ATLAS_WORKING/IP/AESDMA/RTL/AES_CORE/AES_CORE_dev.v
  LineNumber    : 1574
  Statement     :                     r_input_first_round <= 128'h0;
  VariableName  : AES_CLUSTER_OP[13].AES_CORE_OP[0].r_input_first_round[127:120]
  ExprSize      : 
  HIERARCHY     : :BOS_AESDMA:u_AESDMA_TOP@AESDMA_TOP_DCLS:u_aesdma_top@AESDMA_TOP:u_AES_CORE@AES_CORE_dev
  Waiver
    Name        : W528_825
    Comment     : output port is not connected warning
    Filename   : vc_waiver.tcl
    Line       : 100
    State      : Waived
  -----------------------------------------------------------------------------
  Tag           : W528
  Description   : Variable '[VariableName]'[ExprSize] set but not read.[Hierarchy: '[HIERARCHY]']
  Violation     : Lint:983
  Goal          : BOS_LINT_RULE
  Module        : AES_CORE_dev
  FileName      : /storage/project/atlas/design/user/pnson/ATLAS_WORKING/IP/AESDMA/RTL/AES_CORE/AES_CORE_dev.v
  LineNumber    : 1592
  Statement     :             wire [AES_CORE_CNT_WD-1:0] q_tmp = (P_AES_CORE_CNT == 1) ? 0 : q - 1;
  VariableName  : AES_CLUSTER_OP[13].AES_CORE_OP[0].q_tmp
  ExprSize      : 
  HIERARCHY     : :BOS_AESDMA:u_AESDMA_TOP@AESDMA_TOP_DCLS:u_aesdma_top@AESDMA_TOP:u_AES_CORE@AES_CORE_dev
  Waiver
    Name        : W528_825
    Comment     : output port is not connected warning
    Filename   : vc_waiver.tcl
    Line       : 100
    State      : Waived
  -----------------------------------------------------------------------------
  Tag           : W528
  Description   : Variable '[VariableName]'[ExprSize] set but not read.[Hierarchy: '[HIERARCHY]']
  Violation     : Lint:984
  Goal          : BOS_LINT_RULE
  Module        : AES_CORE_dev
  FileName      : /storage/project/atlas/design/user/pnson/ATLAS_WORKING/IP/AESDMA/RTL/AES_CORE/AES_CORE_dev.v
  LineNumber    : 1590
  Statement     :             wire [DATA_BYTE_LEN_WD:0] w_cfb_sbyte_ctr_y = r_cfb_sbyte_ctr + ((I_CFB_BYTE_TYPE == 3'd0)? 0: (CFB_SBYTE_CTR_TYPE * q));
  VariableName  : AES_CLUSTER_OP[12].AES_CORE_OP[0].w_cfb_sbyte_ctr_y[5:4]
  ExprSize      : 
  HIERARCHY     : :BOS_AESDMA:u_AESDMA_TOP@AESDMA_TOP_DCLS:u_aesdma_top@AESDMA_TOP:u_AES_CORE@AES_CORE_dev
  Waiver
    Name        : W528_825
    Comment     : output port is not connected warning
    Filename   : vc_waiver.tcl
    Line       : 100
    State      : Waived
  -----------------------------------------------------------------------------
  Tag           : W528
  Description   : Variable '[VariableName]'[ExprSize] set but not read.[Hierarchy: '[HIERARCHY]']
  Violation     : Lint:985
  Goal          : BOS_LINT_RULE
  Module        : AES_CORE_dev
  FileName      : /storage/project/atlas/design/user/pnson/ATLAS_WORKING/IP/AESDMA/RTL/AES_CORE/AES_CORE_dev.v
  LineNumber    : 1574
  Statement     :                     r_input_first_round <= 128'h0;
  VariableName  : AES_CLUSTER_OP[12].AES_CORE_OP[0].r_input_first_round[127:120]
  ExprSize      : 
  HIERARCHY     : :BOS_AESDMA:u_AESDMA_TOP@AESDMA_TOP_DCLS:u_aesdma_top@AESDMA_TOP:u_AES_CORE@AES_CORE_dev
  Waiver
    Name        : W528_825
    Comment     : output port is not connected warning
    Filename   : vc_waiver.tcl
    Line       : 100
    State      : Waived
  -----------------------------------------------------------------------------
  Tag           : W528
  Description   : Variable '[VariableName]'[ExprSize] set but not read.[Hierarchy: '[HIERARCHY]']
  Violation     : Lint:986
  Goal          : BOS_LINT_RULE
  Module        : AES_CORE_dev
  FileName      : /storage/project/atlas/design/user/pnson/ATLAS_WORKING/IP/AESDMA/RTL/AES_CORE/AES_CORE_dev.v
  LineNumber    : 1592
  Statement     :             wire [AES_CORE_CNT_WD-1:0] q_tmp = (P_AES_CORE_CNT == 1) ? 0 : q - 1;
  VariableName  : AES_CLUSTER_OP[12].AES_CORE_OP[0].q_tmp
  ExprSize      : 
  HIERARCHY     : :BOS_AESDMA:u_AESDMA_TOP@AESDMA_TOP_DCLS:u_aesdma_top@AESDMA_TOP:u_AES_CORE@AES_CORE_dev
  Waiver
    Name        : W528_825
    Comment     : output port is not connected warning
    Filename   : vc_waiver.tcl
    Line       : 100
    State      : Waived
  -----------------------------------------------------------------------------
  Tag           : W528
  Description   : Variable '[VariableName]'[ExprSize] set but not read.[Hierarchy: '[HIERARCHY]']
  Violation     : Lint:987
  Goal          : BOS_LINT_RULE
  Module        : AES_CORE_dev
  FileName      : /storage/project/atlas/design/user/pnson/ATLAS_WORKING/IP/AESDMA/RTL/AES_CORE/AES_CORE_dev.v
  LineNumber    : 1590
  Statement     :             wire [DATA_BYTE_LEN_WD:0] w_cfb_sbyte_ctr_y = r_cfb_sbyte_ctr + ((I_CFB_BYTE_TYPE == 3'd0)? 0: (CFB_SBYTE_CTR_TYPE * q));
  VariableName  : AES_CLUSTER_OP[11].AES_CORE_OP[0].w_cfb_sbyte_ctr_y[5:4]
  ExprSize      : 
  HIERARCHY     : :BOS_AESDMA:u_AESDMA_TOP@AESDMA_TOP_DCLS:u_aesdma_top@AESDMA_TOP:u_AES_CORE@AES_CORE_dev
  Waiver
    Name        : W528_825
    Comment     : output port is not connected warning
    Filename   : vc_waiver.tcl
    Line       : 100
    State      : Waived
  -----------------------------------------------------------------------------
  Tag           : W528
  Description   : Variable '[VariableName]'[ExprSize] set but not read.[Hierarchy: '[HIERARCHY]']
  Violation     : Lint:988
  Goal          : BOS_LINT_RULE
  Module        : AES_CORE_dev
  FileName      : /storage/project/atlas/design/user/pnson/ATLAS_WORKING/IP/AESDMA/RTL/AES_CORE/AES_CORE_dev.v
  LineNumber    : 1574
  Statement     :                     r_input_first_round <= 128'h0;
  VariableName  : AES_CLUSTER_OP[11].AES_CORE_OP[0].r_input_first_round[127:120]
  ExprSize      : 
  HIERARCHY     : :BOS_AESDMA:u_AESDMA_TOP@AESDMA_TOP_DCLS:u_aesdma_top@AESDMA_TOP:u_AES_CORE@AES_CORE_dev
  Waiver
    Name        : W528_825
    Comment     : output port is not connected warning
    Filename   : vc_waiver.tcl
    Line       : 100
    State      : Waived
  -----------------------------------------------------------------------------
  Tag           : W528
  Description   : Variable '[VariableName]'[ExprSize] set but not read.[Hierarchy: '[HIERARCHY]']
  Violation     : Lint:989
  Goal          : BOS_LINT_RULE
  Module        : AES_CORE_dev
  FileName      : /storage/project/atlas/design/user/pnson/ATLAS_WORKING/IP/AESDMA/RTL/AES_CORE/AES_CORE_dev.v
  LineNumber    : 1592
  Statement     :             wire [AES_CORE_CNT_WD-1:0] q_tmp = (P_AES_CORE_CNT == 1) ? 0 : q - 1;
  VariableName  : AES_CLUSTER_OP[11].AES_CORE_OP[0].q_tmp
  ExprSize      : 
  HIERARCHY     : :BOS_AESDMA:u_AESDMA_TOP@AESDMA_TOP_DCLS:u_aesdma_top@AESDMA_TOP:u_AES_CORE@AES_CORE_dev
  Waiver
    Name        : W528_825
    Comment     : output port is not connected warning
    Filename   : vc_waiver.tcl
    Line       : 100
    State      : Waived
  -----------------------------------------------------------------------------
  Tag           : W528
  Description   : Variable '[VariableName]'[ExprSize] set but not read.[Hierarchy: '[HIERARCHY]']
  Violation     : Lint:990
  Goal          : BOS_LINT_RULE
  Module        : AES_CORE_dev
  FileName      : /storage/project/atlas/design/user/pnson/ATLAS_WORKING/IP/AESDMA/RTL/AES_CORE/AES_CORE_dev.v
  LineNumber    : 1590
  Statement     :             wire [DATA_BYTE_LEN_WD:0] w_cfb_sbyte_ctr_y = r_cfb_sbyte_ctr + ((I_CFB_BYTE_TYPE == 3'd0)? 0: (CFB_SBYTE_CTR_TYPE * q));
  VariableName  : AES_CLUSTER_OP[10].AES_CORE_OP[0].w_cfb_sbyte_ctr_y[5:4]
  ExprSize      : 
  HIERARCHY     : :BOS_AESDMA:u_AESDMA_TOP@AESDMA_TOP_DCLS:u_aesdma_top@AESDMA_TOP:u_AES_CORE@AES_CORE_dev
  Waiver
    Name        : W528_825
    Comment     : output port is not connected warning
    Filename   : vc_waiver.tcl
    Line       : 100
    State      : Waived
  -----------------------------------------------------------------------------
  Tag           : W528
  Description   : Variable '[VariableName]'[ExprSize] set but not read.[Hierarchy: '[HIERARCHY]']
  Violation     : Lint:991
  Goal          : BOS_LINT_RULE
  Module        : AES_CORE_dev
  FileName      : /storage/project/atlas/design/user/pnson/ATLAS_WORKING/IP/AESDMA/RTL/AES_CORE/AES_CORE_dev.v
  LineNumber    : 1574
  Statement     :                     r_input_first_round <= 128'h0;
  VariableName  : AES_CLUSTER_OP[10].AES_CORE_OP[0].r_input_first_round[127:120]
  ExprSize      : 
  HIERARCHY     : :BOS_AESDMA:u_AESDMA_TOP@AESDMA_TOP_DCLS:u_aesdma_top@AESDMA_TOP:u_AES_CORE@AES_CORE_dev
  Waiver
    Name        : W528_825
    Comment     : output port is not connected warning
    Filename   : vc_waiver.tcl
    Line       : 100
    State      : Waived
  -----------------------------------------------------------------------------
  Tag           : W528
  Description   : Variable '[VariableName]'[ExprSize] set but not read.[Hierarchy: '[HIERARCHY]']
  Violation     : Lint:992
  Goal          : BOS_LINT_RULE
  Module        : AES_CORE_dev
  FileName      : /storage/project/atlas/design/user/pnson/ATLAS_WORKING/IP/AESDMA/RTL/AES_CORE/AES_CORE_dev.v
  LineNumber    : 1592
  Statement     :             wire [AES_CORE_CNT_WD-1:0] q_tmp = (P_AES_CORE_CNT == 1) ? 0 : q - 1;
  VariableName  : AES_CLUSTER_OP[10].AES_CORE_OP[0].q_tmp
  ExprSize      : 
  HIERARCHY     : :BOS_AESDMA:u_AESDMA_TOP@AESDMA_TOP_DCLS:u_aesdma_top@AESDMA_TOP:u_AES_CORE@AES_CORE_dev
  Waiver
    Name        : W528_825
    Comment     : output port is not connected warning
    Filename   : vc_waiver.tcl
    Line       : 100
    State      : Waived
  -----------------------------------------------------------------------------
  Tag           : W528
  Description   : Variable '[VariableName]'[ExprSize] set but not read.[Hierarchy: '[HIERARCHY]']
  Violation     : Lint:993
  Goal          : BOS_LINT_RULE
  Module        : AES_CORE_dev
  FileName      : /storage/project/atlas/design/user/pnson/ATLAS_WORKING/IP/AESDMA/RTL/AES_CORE/AES_CORE_dev.v
  LineNumber    : 1590
  Statement     :             wire [DATA_BYTE_LEN_WD:0] w_cfb_sbyte_ctr_y = r_cfb_sbyte_ctr + ((I_CFB_BYTE_TYPE == 3'd0)? 0: (CFB_SBYTE_CTR_TYPE * q));
  VariableName  : AES_CLUSTER_OP[0].AES_CORE_OP[0].w_cfb_sbyte_ctr_y[5:4]
  ExprSize      : 
  HIERARCHY     : :BOS_AESDMA:u_AESDMA_TOP@AESDMA_TOP_DCLS:u_aesdma_top@AESDMA_TOP:u_AES_CORE@AES_CORE_dev
  Waiver
    Name        : W528_825
    Comment     : output port is not connected warning
    Filename   : vc_waiver.tcl
    Line       : 100
    State      : Waived
  -----------------------------------------------------------------------------
  Tag           : W528
  Description   : Variable '[VariableName]'[ExprSize] set but not read.[Hierarchy: '[HIERARCHY]']
  Violation     : Lint:994
  Goal          : BOS_LINT_RULE
  Module        : AES_CORE_dev
  FileName      : /storage/project/atlas/design/user/pnson/ATLAS_WORKING/IP/AESDMA/RTL/AES_CORE/AES_CORE_dev.v
  LineNumber    : 1574
  Statement     :                     r_input_first_round <= 128'h0;
  VariableName  : AES_CLUSTER_OP[0].AES_CORE_OP[0].r_input_first_round[127:120]
  ExprSize      : 
  HIERARCHY     : :BOS_AESDMA:u_AESDMA_TOP@AESDMA_TOP_DCLS:u_aesdma_top@AESDMA_TOP:u_AES_CORE@AES_CORE_dev
  Waiver
    Name        : W528_825
    Comment     : output port is not connected warning
    Filename   : vc_waiver.tcl
    Line       : 100
    State      : Waived
  -----------------------------------------------------------------------------
  Tag           : W528
  Description   : Variable '[VariableName]'[ExprSize] set but not read.[Hierarchy: '[HIERARCHY]']
  Violation     : Lint:995
  Goal          : BOS_LINT_RULE
  Module        : AES_CORE_dev
  FileName      : /storage/project/atlas/design/user/pnson/ATLAS_WORKING/IP/AESDMA/RTL/AES_CORE/AES_CORE_dev.v
  LineNumber    : 1592
  Statement     :             wire [AES_CORE_CNT_WD-1:0] q_tmp = (P_AES_CORE_CNT == 1) ? 0 : q - 1;
  VariableName  : AES_CLUSTER_OP[0].AES_CORE_OP[0].q_tmp
  ExprSize      : 
  HIERARCHY     : :BOS_AESDMA:u_AESDMA_TOP@AESDMA_TOP_DCLS:u_aesdma_top@AESDMA_TOP:u_AES_CORE@AES_CORE_dev
  Waiver
    Name        : W528_825
    Comment     : output port is not connected warning
    Filename   : vc_waiver.tcl
    Line       : 100
    State      : Waived
  -----------------------------------------------------------------------------
  Tag           : W528
  Description   : Variable '[VariableName]'[ExprSize] set but not read.[Hierarchy: '[HIERARCHY]']
  Violation     : Lint:996
  Goal          : BOS_LINT_RULE
  Module        : AES_CORE_dev
  FileName      : /storage/project/atlas/design/user/pnson/ATLAS_WORKING/IP/AESDMA/RTL/AES_CORE/AES_CORE_dev.v
  LineNumber    : 1593
  Statement     :             wire [AES_CLUSTER_CNT_WD-1:0] p_tmp = (P_AES_CLUSTER_CNT == 1) ? 0 : p -1;
  VariableName  : AES_CLUSTER_OP[0].AES_CORE_OP[0].p_tmp[3:0]
  ExprSize      : 
  HIERARCHY     : :BOS_AESDMA:u_AESDMA_TOP@AESDMA_TOP_DCLS:u_aesdma_top@AESDMA_TOP:u_AES_CORE@AES_CORE_dev
  Waiver
    Name        : W528_825
    Comment     : output port is not connected warning
    Filename   : vc_waiver.tcl
    Line       : 100
    State      : Waived
  -----------------------------------------------------------------------------
  Tag           : W528
  Description   : Variable '[VariableName]'[ExprSize] set but not read.[Hierarchy: '[HIERARCHY]']
  Violation     : Lint:997
  Goal          : BOS_LINT_RULE
  Module        : keyExpansion
  FileName      : /storage/project/atlas/design/user/pnson/ATLAS_WORKING/IP/AESDMA/RTL/AES_CORE/COMMON/keyExpansion.v
  LineNumber    : 113
  Statement     :                         r_key[(r_key_counter[3:1]*2) +2] <= w_key_expansion[127:0];
  VariableName  : r_key
  ExprSize      : (128 bits)
  HIERARCHY     : :BOS_AESDMA:u_AESDMA_TOP@AESDMA_TOP_DCLS:u_aesdma_top@AESDMA_TOP:u_AES_CORE@AES_CORE_dev:u_keyEXpansion@keyExpansion
  Waiver
    Name        : W528_825
    Comment     : output port is not connected warning
    Filename   : vc_waiver.tcl
    Line       : 100
    State      : Waived
  -----------------------------------------------------------------------------
  Tag           : W528
  Description   : Variable '[VariableName]'[ExprSize] set but not read.[Hierarchy: '[HIERARCHY]']
  Violation     : Lint:998
  Goal          : BOS_LINT_RULE
  Module        : GF
  FileName      : /storage/project/atlas/design/user/pnson/ATLAS_WORKING/IP/AESDMA/RTL/AES_CORE/COMMON/GF.v
  LineNumber    : 19
  Statement     :     T_tmp = 'b0;
  VariableName  : T_tmp[128]
  ExprSize      : 
  HIERARCHY     : :BOS_AESDMA:u_AESDMA_TOP@AESDMA_TOP_DCLS:u_aesdma_top@AESDMA_TOP:u_AES_CORE@AES_CORE_dev:\gen_xts_gf[0].u_gf_xts @GF
  Waiver
    Name        : W528_825
    Comment     : output port is not connected warning
    Filename   : vc_waiver.tcl
    Line       : 100
    State      : Waived
  -----------------------------------------------------------------------------
  Tag           : W528
  Description   : Variable '[VariableName]'[ExprSize] set but not read.[Hierarchy: '[HIERARCHY]']
  Violation     : Lint:999
  Goal          : BOS_LINT_RULE
  Module        : GHASH
  FileName      : /storage/project/atlas/design/user/pnson/ATLAS_WORKING/IP/AESDMA/RTL/AES_CORE/COMMON/GHASH.v
  LineNumber    : 26
  Statement     :         GF_for_GHASH u_gf(states_ghash_subkey[i], states_ghash_subkey[i+1]);
  VariableName  : states_ghash_subkey
  ExprSize      : (128 bits)
  HIERARCHY     : :BOS_AESDMA:u_AESDMA_TOP@AESDMA_TOP_DCLS:u_aesdma_top@AESDMA_TOP:u_AES_CORE@AES_CORE_dev:\genblk13[0].u_ghash_0 @GHASH
  Waiver
    Name        : W528_825
    Comment     : output port is not connected warning
    Filename   : vc_waiver.tcl
    Line       : 100
    State      : Waived
  -----------------------------------------------------------------------------
  Tag           : W528
  Description   : Variable '[VariableName]'[ExprSize] set but not read.[Hierarchy: '[HIERARCHY]']
  Violation     : Lint:1013
  Goal          : BOS_LINT_RULE
  Module        : ln04lpa_a00_mc_rd2rs_hsr_lvt_32x138m2b1c1_wrapper_safety_sf129eadi1
  FileName      : /storage/project/atlas/design/user/pnson/ATLAS_WORKING/DK/mem/SAFETY_WRAPPER/ln04lpa_a00_mc_rd2rs_hsr_lvt_32x138m2b1c1_wrapper_safety_sf129eadi1/ln04lpa_a00_mc_rd2rs_hsr_lvt_32x138m2b1c1_wrapper_safety_sf129eadi1.sv
  LineNumber    : 253
  Statement     :         .DDO       ( w_decoder_d_Q[133: 0]  ),
  VariableName  : w_decoder_d_Q[4:0]
  ExprSize      : 
  HIERARCHY     : :BOS_AESDMA:\gen_wide_SRAM_WRFIFO[0].gen_SRAM_WRFIFO[0].gSF4WrMemInst.u_SRAM_WR_FIFO @ln04lpa_a00_mc_rd2rs_hsr_lvt_32x138m2b1c1_wrapper_safety_sf129eadi1
  Waiver
    Name        : W528_825
    Comment     : output port is not connected warning
    Filename   : vc_waiver.tcl
    Line       : 100
    State      : Waived
  -----------------------------------------------------------------------------
  Tag           : W528
  Description   : Variable '[VariableName]'[ExprSize] set but not read.[Hierarchy: '[HIERARCHY]']
  Violation     : Lint:1015
  Goal          : BOS_LINT_RULE
  Module        : ln04lpa_a00_mc_rd2rs_hsr_lvt_32x138m2b1c1_wrapper_safety_data_decoder_st_wrap
  FileName      : /storage/project/atlas/design/user/pnson/ATLAS_WORKING/DK/mem/SAFETY_WRAPPER/ln04lpa_a00_mc_rd2rs_hsr_lvt_32x138m2b1c1_wrapper_safety_sf129eadi1/ln04lpa_a00_mc_rd2rs_hsr_lvt_32x138m2b1c1_wrapper_safety_sf129eadi1.sv
  LineNumber    : 914
  Statement     :     .O_ERR_SELFTEST_E1  (E1_SELFTEST),
  VariableName  : E1_SELFTEST
  ExprSize      : 
  HIERARCHY     : :BOS_AESDMA:\gen_wide_SRAM_WRFIFO[0].gen_SRAM_WRFIFO[0].gSF4WrMemInst.u_SRAM_WR_FIFO @ln04lpa_a00_mc_rd2rs_hsr_lvt_32x138m2b1c1_wrapper_safety_sf129eadi1:u_data_decoder_dcls@ln04lpa_a00_mc_rd2rs_hsr_lvt_32x138m2b1c1_wrapper_safety_data_decoder_top_dcls:u_d0@ln04lpa_a00_mc_rd2rs_hsr_lvt_32x138m2b1c1_wrapper_safety_data_decoder_st_wrap
  Waiver
    Name        : W528_825
    Comment     : output port is not connected warning
    Filename   : vc_waiver.tcl
    Line       : 100
    State      : Waived
  -----------------------------------------------------------------------------
  Tag           : W528
  Description   : Variable '[VariableName]'[ExprSize] set but not read.[Hierarchy: '[HIERARCHY]']
  Violation     : Lint:1016
  Goal          : BOS_LINT_RULE
  Module        : ln04lpa_a00_mc_rd2rs_hsr_lvt_32x138m2b1c1_wrapper_safety_data_decoder_st_wrap
  FileName      : /storage/project/atlas/design/user/pnson/ATLAS_WORKING/DK/mem/SAFETY_WRAPPER/ln04lpa_a00_mc_rd2rs_hsr_lvt_32x138m2b1c1_wrapper_safety_sf129eadi1/ln04lpa_a00_mc_rd2rs_hsr_lvt_32x138m2b1c1_wrapper_safety_sf129eadi1.sv
  LineNumber    : 915
  Statement     :     .O_ERR_SELFTEST_E2  (E2_SELFTEST)
  VariableName  : E2_SELFTEST
  ExprSize      : 
  HIERARCHY     : :BOS_AESDMA:\gen_wide_SRAM_WRFIFO[0].gen_SRAM_WRFIFO[0].gSF4WrMemInst.u_SRAM_WR_FIFO @ln04lpa_a00_mc_rd2rs_hsr_lvt_32x138m2b1c1_wrapper_safety_sf129eadi1:u_data_decoder_dcls@ln04lpa_a00_mc_rd2rs_hsr_lvt_32x138m2b1c1_wrapper_safety_data_decoder_top_dcls:u_d0@ln04lpa_a00_mc_rd2rs_hsr_lvt_32x138m2b1c1_wrapper_safety_data_decoder_st_wrap
  Waiver
    Name        : W528_825
    Comment     : output port is not connected warning
    Filename   : vc_waiver.tcl
    Line       : 100
    State      : Waived
  -----------------------------------------------------------------------------
  Tag           : W528
  Description   : Variable '[VariableName]'[ExprSize] set but not read.[Hierarchy: '[HIERARCHY]']
  Violation     : Lint:1017
  Goal          : BOS_LINT_RULE
  Module        : ln04lpa_a00_mc_rd2rs_hsr_lvt_32x138m2b1c1_wrapper_safety_data_decoder_st_wrap
  FileName      : /storage/project/atlas/design/user/pnson/ATLAS_WORKING/DK/mem/SAFETY_WRAPPER/ln04lpa_a00_mc_rd2rs_hsr_lvt_32x138m2b1c1_wrapper_safety_sf129eadi1/ln04lpa_a00_mc_rd2rs_hsr_lvt_32x138m2b1c1_wrapper_safety_sf129eadi1.sv
  LineNumber    : 933
  Statement     :   assign w_DDI_in_simple =      (!E1_INJ && !E2_INJ) ? w_DDI_in :
  VariableName  : w_DDI_in_simple[142:0]
  ExprSize      : 
  HIERARCHY     : :BOS_AESDMA:\gen_wide_SRAM_WRFIFO[0].gen_SRAM_WRFIFO[0].gSF4WrMemInst.u_SRAM_WR_FIFO @ln04lpa_a00_mc_rd2rs_hsr_lvt_32x138m2b1c1_wrapper_safety_sf129eadi1:u_data_decoder_dcls@ln04lpa_a00_mc_rd2rs_hsr_lvt_32x138m2b1c1_wrapper_safety_data_decoder_top_dcls:u_d0@ln04lpa_a00_mc_rd2rs_hsr_lvt_32x138m2b1c1_wrapper_safety_data_decoder_st_wrap
  Waiver
    Name        : W528_825
    Comment     : output port is not connected warning
    Filename   : vc_waiver.tcl
    Line       : 100
    State      : Waived
  -----------------------------------------------------------------------------
  Tag           : W528
  Description   : Variable '[VariableName]'[ExprSize] set but not read.[Hierarchy: '[HIERARCHY]']
  Violation     : Lint:1022
  Goal          : BOS_LINT_RULE
  Module        : ln04lpa_a00_mc_rd2rs_hsr_lvt_320x72m2b1c1_wrapper_safety_sf64eadi1
  FileName      : /storage/project/atlas/design/user/pnson/ATLAS_WORKING/DK/mem/SAFETY_WRAPPER/ln04lpa_a00_mc_rd2rs_hsr_lvt_320x72m2b1c1_wrapper_safety_sf64eadi1/ln04lpa_a00_mc_rd2rs_hsr_lvt_320x72m2b1c1_wrapper_safety_sf64eadi1.sv
  LineNumber    : 253
  Statement     :         .DDO       ( w_decoder_d_Q[72: 0]  ),
  VariableName  : w_decoder_d_Q[8:0]
  ExprSize      : 
  HIERARCHY     : :BOS_AESDMA:\gen_wide_SRAM_ROB[0].gen_SRAM_ROB[0].gSF4MemInst.gSF4MemBdInst.u_SRAM_ROB_FIFO_BD @ln04lpa_a00_mc_rd2rs_hsr_lvt_320x72m2b1c1_wrapper_safety_sf64eadi1
  Waiver
    Name        : W528_825
    Comment     : output port is not connected warning
    Filename   : vc_waiver.tcl
    Line       : 100
    State      : Waived
  -----------------------------------------------------------------------------
  Tag           : W528
  Description   : Variable '[VariableName]'[ExprSize] set but not read.[Hierarchy: '[HIERARCHY]']
  Violation     : Lint:1024
  Goal          : BOS_LINT_RULE
  Module        : ln04lpa_a00_mc_rd2rs_hsr_lvt_320x72m2b1c1_wrapper_safety_data_decoder_st_wrap
  FileName      : /storage/project/atlas/design/user/pnson/ATLAS_WORKING/DK/mem/SAFETY_WRAPPER/ln04lpa_a00_mc_rd2rs_hsr_lvt_320x72m2b1c1_wrapper_safety_sf64eadi1/ln04lpa_a00_mc_rd2rs_hsr_lvt_320x72m2b1c1_wrapper_safety_sf64eadi1.sv
  LineNumber    : 791
  Statement     :     .O_ERR_SELFTEST_E1  (E1_SELFTEST),
  VariableName  : E1_SELFTEST
  ExprSize      : 
  HIERARCHY     : :BOS_AESDMA:\gen_wide_SRAM_ROB[0].gen_SRAM_ROB[0].gSF4MemInst.gSF4MemBdInst.u_SRAM_ROB_FIFO_BD @ln04lpa_a00_mc_rd2rs_hsr_lvt_320x72m2b1c1_wrapper_safety_sf64eadi1:u_data_decoder_dcls@ln04lpa_a00_mc_rd2rs_hsr_lvt_320x72m2b1c1_wrapper_safety_data_decoder_top_dcls:u_d0@ln04lpa_a00_mc_rd2rs_hsr_lvt_320x72m2b1c1_wrapper_safety_data_decoder_st_wrap
  Waiver
    Name        : W528_825
    Comment     : output port is not connected warning
    Filename   : vc_waiver.tcl
    Line       : 100
    State      : Waived
  -----------------------------------------------------------------------------
  Tag           : W528
  Description   : Variable '[VariableName]'[ExprSize] set but not read.[Hierarchy: '[HIERARCHY]']
  Violation     : Lint:1025
  Goal          : BOS_LINT_RULE
  Module        : ln04lpa_a00_mc_rd2rs_hsr_lvt_320x72m2b1c1_wrapper_safety_data_decoder_st_wrap
  FileName      : /storage/project/atlas/design/user/pnson/ATLAS_WORKING/DK/mem/SAFETY_WRAPPER/ln04lpa_a00_mc_rd2rs_hsr_lvt_320x72m2b1c1_wrapper_safety_sf64eadi1/ln04lpa_a00_mc_rd2rs_hsr_lvt_320x72m2b1c1_wrapper_safety_sf64eadi1.sv
  LineNumber    : 792
  Statement     :     .O_ERR_SELFTEST_E2  (E2_SELFTEST)
  VariableName  : E2_SELFTEST
  ExprSize      : 
  HIERARCHY     : :BOS_AESDMA:\gen_wide_SRAM_ROB[0].gen_SRAM_ROB[0].gSF4MemInst.gSF4MemBdInst.u_SRAM_ROB_FIFO_BD @ln04lpa_a00_mc_rd2rs_hsr_lvt_320x72m2b1c1_wrapper_safety_sf64eadi1:u_data_decoder_dcls@ln04lpa_a00_mc_rd2rs_hsr_lvt_320x72m2b1c1_wrapper_safety_data_decoder_top_dcls:u_d0@ln04lpa_a00_mc_rd2rs_hsr_lvt_320x72m2b1c1_wrapper_safety_data_decoder_st_wrap
  Waiver
    Name        : W528_825
    Comment     : output port is not connected warning
    Filename   : vc_waiver.tcl
    Line       : 100
    State      : Waived
  -----------------------------------------------------------------------------
  Tag           : W528
  Description   : Variable '[VariableName]'[ExprSize] set but not read.[Hierarchy: '[HIERARCHY]']
  Violation     : Lint:1026
  Goal          : BOS_LINT_RULE
  Module        : ln04lpa_a00_mc_rd2rs_hsr_lvt_320x72m2b1c1_wrapper_safety_data_decoder_st_wrap
  FileName      : /storage/project/atlas/design/user/pnson/ATLAS_WORKING/DK/mem/SAFETY_WRAPPER/ln04lpa_a00_mc_rd2rs_hsr_lvt_320x72m2b1c1_wrapper_safety_sf64eadi1/ln04lpa_a00_mc_rd2rs_hsr_lvt_320x72m2b1c1_wrapper_safety_sf64eadi1.sv
  LineNumber    : 810
  Statement     :   assign w_DDI_in_simple =      (!E1_INJ && !E2_INJ) ? w_DDI_in :
  VariableName  : w_DDI_in_simple[80:0]
  ExprSize      : 
  HIERARCHY     : :BOS_AESDMA:\gen_wide_SRAM_ROB[0].gen_SRAM_ROB[0].gSF4MemInst.gSF4MemBdInst.u_SRAM_ROB_FIFO_BD @ln04lpa_a00_mc_rd2rs_hsr_lvt_320x72m2b1c1_wrapper_safety_sf64eadi1:u_data_decoder_dcls@ln04lpa_a00_mc_rd2rs_hsr_lvt_320x72m2b1c1_wrapper_safety_data_decoder_top_dcls:u_d0@ln04lpa_a00_mc_rd2rs_hsr_lvt_320x72m2b1c1_wrapper_safety_data_decoder_st_wrap
  Waiver
    Name        : W528_825
    Comment     : output port is not connected warning
    Filename   : vc_waiver.tcl
    Line       : 100
    State      : Waived

  -----------------------------------------------------------------------------
  W551  (0 warning/2 waived)
  -----------------------------------------------------------------------------
  Tag                 : W551
  Description         : Case statement marked [NodeType] has a default clause
  Violation           : Lint:834
  Goal                : BOS_LINT_RULE
  Module              : ln04lpa_a00_mc_rd2rs_hsr_lvt_32x138m2b1c1_wrapper_safety_data_decoder_st_ctrl
  FileName            : /storage/project/atlas/design/user/pnson/ATLAS_WORKING/DK/mem/SAFETY_WRAPPER/ln04lpa_a00_mc_rd2rs_hsr_lvt_32x138m2b1c1_wrapper_safety_sf129eadi1/ln04lpa_a00_mc_rd2rs_hsr_lvt_32x138m2b1c1_wrapper_safety_sf129eadi1.sv
  LineNumber          : 723
  Statement           :     unique casez (r_st)
  NodeType            : unique_case
  Waiver
    Name              : W551_837
    Comment           : This can be waived. Confirmed by the owner of SRAM safety wrapper generator.
    Filename         : vc_waiver.tcl
    Line             : 235
    State            : Waived
  -----------------------------------------------------------------------------
  Tag                 : W551
  Description         : Case statement marked [NodeType] has a default clause
  Violation           : Lint:838
  Goal                : BOS_LINT_RULE
  Module              : ln04lpa_a00_mc_rd2rs_hsr_lvt_320x72m2b1c1_wrapper_safety_data_decoder_st_ctrl
  FileName            : /storage/project/atlas/design/user/pnson/ATLAS_WORKING/DK/mem/SAFETY_WRAPPER/ln04lpa_a00_mc_rd2rs_hsr_lvt_320x72m2b1c1_wrapper_safety_sf64eadi1/ln04lpa_a00_mc_rd2rs_hsr_lvt_320x72m2b1c1_wrapper_safety_sf64eadi1.sv
  LineNumber          : 600
  Statement           :     unique casez (r_st)
  NodeType            : unique_case
  Waiver
    Name              : W551_843
    Comment           : This can be waived. Confirmed by the owner of SRAM safety wrapper generator.
    Filename         : vc_waiver.tcl
    Line             : 238
    State            : Waived

  -----------------------------------------------------------------------------
  W240  (0 info/1 waived)
  -----------------------------------------------------------------------------
  Tag           : W240
  Description   : Please refer to 'SignalUsageReport.rpt' for details of violating bits
  Violation     : Lint:858
  Goal          : BOS_LINT_RULE
  Module        : BOS_AESDMA
  FileName      : /storage/project/atlas/design/user/pnson/ATLAS_WORKING/IP/AESDMA/LINT/FUNC/vcst_rtdb/.internal/spyglass/vc_lint0/BOS_AESDMA/VC_GOAL0/spyglass_reports/lint/SignalUsageReport.rpt
  LineNumber    : 1
  Statement     : #     Comment          : SignalUsageReport : It dumps details of violating bits of a signal
  Waiver
    Name        : W240_830
    Comment     : output port is not connected warning
    Filename   : vc_waiver.tcl
    Line       : 104
    State      : Waived

  -----------------------------------------------------------------------------
  W528  (0 info/1 waived)
  -----------------------------------------------------------------------------
  Tag           : W528
  Description   : Please refer to 'SignalUsageReport.rpt' for details of violating bits
  Violation     : Lint:854
  Goal          : BOS_LINT_RULE
  Module        : BOS_AESDMA
  FileName      : /storage/project/atlas/design/user/pnson/ATLAS_WORKING/IP/AESDMA/LINT/FUNC/vcst_rtdb/.internal/spyglass/vc_lint0/BOS_AESDMA/VC_GOAL0/spyglass_reports/lint/SignalUsageReport.rpt
  LineNumber    : 1
  Statement     : #     Comment          : SignalUsageReport : It dumps details of violating bits of a signal
  Waiver
    Name        : W528_825
    Comment     : output port is not connected warning
    Filename   : vc_waiver.tcl
    Line       : 100
    State      : Waived
