issue_id,record_status,owner_action,waiver_enabled,waiver_name,owner_comment,filter_mode,filter_fields,custom_filter,ip_owner,reviewer,reviewer_decision,reviewer_comment,tag,severity,goal,module,file,line,hierarchy,object,statement,description,violation,source_report,waiver_user,waiver_timestamp,filter_json,fields_json
DeadCode-ML_3a66f0d939c6,UNCHANGED,WAIVED,yes,DeadCode-ML_740,Dead Code LINT warning,CUSTOM,,"(Goal == ""BOS_LINT_RULE"") AND (Module == ""AESDMA_DATAGEN"")",,,PENDING,,DeadCode-ML,warning,BOS_LINT_RULE,AESDMA_BD,/storage/project/atlas/design/user/pnson/ATLAS_WORKING/IP/AESDMA/RTL/AESDMA_CORE/AESDMA_BD.v,418,u_AESDMA_TOP.u_aesdma_top.u_AESDMA_BD,,if (~I_RESETN) begin,Dead code exists as the block in file '[FileName]' at line(s) '[LineRange]' is not reachable.,Lint:739,waived,pnson,N/A,"{""Goal"": ""BOS_LINT_RULE"", ""Module"": ""AESDMA_DATAGEN""}","{""Tag"": ""DeadCode-ML"", ""Description"": ""Dead code exists as the block in file '[FileName]' at line(s) '[LineRange]' is not reachable."", ""Violation"": ""Lint:739"", ""Module"": ""AESDMA_BD"", ""HIERARCHY"": ""u_AESDMA_TOP.u_aesdma_top.u_AESDMA_BD"", ""Statement"": ""        if (~I_RESETN) begin"", ""LineRange"": ""418-421"", ""FileName"": ""/storage/project/atlas/design/user/pnson/ATLAS_WORKING/IP/AESDMA/RTL/AESDMA_CORE/AESDMA_BD.v"", ""LineNumber"": ""418"", ""Goal"": ""BOS_LINT_RULE""}"
DeadCode-ML_e84cae0edf25,UNCHANGED,WAIVED,yes,DeadCode-ML_740,Dead Code LINT warning,CUSTOM,,"(Goal == ""BOS_LINT_RULE"") AND (Module == ""AESDMA_DATAGEN"")",,,PENDING,,DeadCode-ML,warning,BOS_LINT_RULE,AESDMA_DATAGEN,/storage/project/atlas/design/user/pnson/ATLAS_WORKING/IP/AESDMA/RTL/AESDMA_CORE/AESDMA_DATAGEN.v,301,u_AESDMA_TOP.u_aesdma_top.u_AESDMA_DATAGEN,,if (!I_RESETN) begin,Dead code exists as the block in file '[FileName]' at line(s) '[LineRange]' is not reachable.,Lint:740,waived,pnson,N/A,"{""Goal"": ""BOS_LINT_RULE"", ""Module"": ""AESDMA_DATAGEN""}","{""Tag"": ""DeadCode-ML"", ""Description"": ""Dead code exists as the block in file '[FileName]' at line(s) '[LineRange]' is not reachable."", ""Violation"": ""Lint:740"", ""Module"": ""AESDMA_DATAGEN"", ""HIERARCHY"": ""u_AESDMA_TOP.u_aesdma_top.u_AESDMA_DATAGEN"", ""Statement"": ""    if (!I_RESETN) begin"", ""LineRange"": ""301-303"", ""FileName"": ""/storage/project/atlas/design/user/pnson/ATLAS_WORKING/IP/AESDMA/RTL/AESDMA_CORE/AESDMA_DATAGEN.v"", ""LineNumber"": ""301"", ""Goal"": ""BOS_LINT_RULE""}"
DeadCode-ML_7fbcfb987ea2,UNCHANGED,WAIVED,yes,DeadCode-ML_740,Dead Code LINT warning,CUSTOM,,"(Goal == ""BOS_LINT_RULE"") AND (Module == ""AESDMA_DATAGEN"")",,,PENDING,,DeadCode-ML,warning,BOS_LINT_RULE,AESDMA_DOORBELL,/storage/project/atlas/design/user/pnson/ATLAS_WORKING/IP/AESDMA/RTL/AESDMA_CORE/AESDMA_DOORBELL.v,172,u_AESDMA_TOP.u_aesdma_top.u_AESDMA_DOORBELL,,if (i == r_last_active_bd_num) begin,Dead code exists as the block in file '[FileName]' at line(s) '[LineRange]' is not reachable.,Lint:741,waived,pnson,N/A,"{""Goal"": ""BOS_LINT_RULE"", ""Module"": ""AESDMA_DATAGEN""}","{""Tag"": ""DeadCode-ML"", ""Description"": ""Dead code exists as the block in file '[FileName]' at line(s) '[LineRange]' is not reachable."", ""Violation"": ""Lint:741"", ""Module"": ""AESDMA_DOORBELL"", ""HIERARCHY"": ""u_AESDMA_TOP.u_aesdma_top.u_AESDMA_DOORBELL"", ""Statement"": ""                    if (i == r_last_active_bd_num) begin"", ""LineRange"": ""172-174"", ""FileName"": ""/storage/project/atlas/design/user/pnson/ATLAS_WORKING/IP/AESDMA/RTL/AESDMA_CORE/AESDMA_DOORBELL.v"", ""LineNumber"": ""172"", ""Goal"": ""BOS_LINT_RULE""}"
DeadCode-ML_4061be3b213d,UNCHANGED,WAIVED,yes,DeadCode-ML_740,Dead Code LINT warning,CUSTOM,,"(Goal == ""BOS_LINT_RULE"") AND (Module == ""AESDMA_DATAGEN"")",,,PENDING,,DeadCode-ML,warning,BOS_LINT_RULE,AESDMA_DOORBELL,/storage/project/atlas/design/user/pnson/ATLAS_WORKING/IP/AESDMA/RTL/AESDMA_CORE/AESDMA_DOORBELL.v,184,u_AESDMA_TOP.u_aesdma_top.u_AESDMA_DOORBELL,,if (i == r_last_active_bd_num) begin,Dead code exists as the block in file '[FileName]' at line(s) '[LineRange]' is not reachable.,Lint:742,waived,pnson,N/A,"{""Goal"": ""BOS_LINT_RULE"", ""Module"": ""AESDMA_DATAGEN""}","{""Tag"": ""DeadCode-ML"", ""Description"": ""Dead code exists as the block in file '[FileName]' at line(s) '[LineRange]' is not reachable."", ""Violation"": ""Lint:742"", ""Module"": ""AESDMA_DOORBELL"", ""HIERARCHY"": ""u_AESDMA_TOP.u_aesdma_top.u_AESDMA_DOORBELL"", ""Statement"": ""                    if (i == r_last_active_bd_num) begin"", ""LineRange"": ""184-186"", ""FileName"": ""/storage/project/atlas/design/user/pnson/ATLAS_WORKING/IP/AESDMA/RTL/AESDMA_CORE/AESDMA_DOORBELL.v"", ""LineNumber"": ""184"", ""Goal"": ""BOS_LINT_RULE""}"
DeadCode-ML_37ccad7cafff,UNCHANGED,WAIVED,yes,DeadCode-ML_740,Dead Code LINT warning,CUSTOM,,"(Goal == ""BOS_LINT_RULE"") AND (Module == ""AESDMA_DATAGEN"")",,,PENDING,,DeadCode-ML,warning,BOS_LINT_RULE,AESDMA_DOORBELL,/storage/project/atlas/design/user/pnson/ATLAS_WORKING/IP/AESDMA/RTL/AESDMA_CORE/AESDMA_DOORBELL.v,193,u_AESDMA_TOP.u_aesdma_top.u_AESDMA_DOORBELL,,if (i == r_last_active_bd_num) begin,Dead code exists as the block in file '[FileName]' at line(s) '[LineRange]' is not reachable.,Lint:743,waived,pnson,N/A,"{""Goal"": ""BOS_LINT_RULE"", ""Module"": ""AESDMA_DATAGEN""}","{""Tag"": ""DeadCode-ML"", ""Description"": ""Dead code exists as the block in file '[FileName]' at line(s) '[LineRange]' is not reachable."", ""Violation"": ""Lint:743"", ""Module"": ""AESDMA_DOORBELL"", ""HIERARCHY"": ""u_AESDMA_TOP.u_aesdma_top.u_AESDMA_DOORBELL"", ""Statement"": ""                    if (i == r_last_active_bd_num) begin"", ""LineRange"": ""193-195"", ""FileName"": ""/storage/project/atlas/design/user/pnson/ATLAS_WORKING/IP/AESDMA/RTL/AESDMA_CORE/AESDMA_DOORBELL.v"", ""LineNumber"": ""193"", ""Goal"": ""BOS_LINT_RULE""}"
DeadCode-ML_5355615cf12e,UNCHANGED,WAIVED,yes,DeadCode-ML_740,Dead Code LINT warning,CUSTOM,,"(Goal == ""BOS_LINT_RULE"") AND (Module == ""AESDMA_DATAGEN"")",,,PENDING,,DeadCode-ML,warning,BOS_LINT_RULE,AESDMA_DOORBELL,/storage/project/atlas/design/user/pnson/ATLAS_WORKING/IP/AESDMA/RTL/AESDMA_CORE/AESDMA_DOORBELL.v,201,u_AESDMA_TOP.u_aesdma_top.u_AESDMA_DOORBELL,,if (i == r_last_active_bd_num) begin,Dead code exists as the block in file '[FileName]' at line(s) '[LineRange]' is not reachable.,Lint:744,waived,pnson,N/A,"{""Goal"": ""BOS_LINT_RULE"", ""Module"": ""AESDMA_DATAGEN""}","{""Tag"": ""DeadCode-ML"", ""Description"": ""Dead code exists as the block in file '[FileName]' at line(s) '[LineRange]' is not reachable."", ""Violation"": ""Lint:744"", ""Module"": ""AESDMA_DOORBELL"", ""HIERARCHY"": ""u_AESDMA_TOP.u_aesdma_top.u_AESDMA_DOORBELL"", ""Statement"": ""                if (i == r_last_active_bd_num) begin"", ""LineRange"": ""201-203"", ""FileName"": ""/storage/project/atlas/design/user/pnson/ATLAS_WORKING/IP/AESDMA/RTL/AESDMA_CORE/AESDMA_DOORBELL.v"", ""LineNumber"": ""201"", ""Goal"": ""BOS_LINT_RULE""}"
DeadCode-ML_f4b3854a503a,UNCHANGED,WAIVED,yes,DeadCode-ML_740,Dead Code LINT warning,CUSTOM,,"(Goal == ""BOS_LINT_RULE"") AND (Module == ""AESDMA_DATAGEN"")",,,PENDING,,DeadCode-ML,warning,BOS_LINT_RULE,AESDMA_DOORBELL,/storage/project/atlas/design/user/pnson/ATLAS_WORKING/IP/AESDMA/RTL/AESDMA_CORE/AESDMA_DOORBELL.v,305,u_AESDMA_TOP.u_aesdma_top.u_AESDMA_DOORBELL,,end else begin,Dead code exists as the block in file '[FileName]' at line(s) '[LineRange]' is not reachable.,Lint:745,waived,pnson,N/A,"{""Goal"": ""BOS_LINT_RULE"", ""Module"": ""AESDMA_DATAGEN""}","{""Tag"": ""DeadCode-ML"", ""Description"": ""Dead code exists as the block in file '[FileName]' at line(s) '[LineRange]' is not reachable."", ""Violation"": ""Lint:745"", ""Module"": ""AESDMA_DOORBELL"", ""HIERARCHY"": ""u_AESDMA_TOP.u_aesdma_top.u_AESDMA_DOORBELL"", ""Statement"": ""            end else begin"", ""LineRange"": ""305-307"", ""FileName"": ""/storage/project/atlas/design/user/pnson/ATLAS_WORKING/IP/AESDMA/RTL/AESDMA_CORE/AESDMA_DOORBELL.v"", ""LineNumber"": ""305"", ""Goal"": ""BOS_LINT_RULE""}"
DeadCode-ML_515337bfea90,UNCHANGED,WAIVED,yes,DeadCode-ML_740,Dead Code LINT warning,CUSTOM,,"(Goal == ""BOS_LINT_RULE"") AND (Module == ""AESDMA_DATAGEN"")",,,PENDING,,DeadCode-ML,warning,BOS_LINT_RULE,AESDMA_RDCORE,/storage/project/atlas/design/user/pnson/ATLAS_WORKING/IP/AESDMA/RTL/AESDMA_CORE/AESDMA_RDCORE.sv,239,u_AESDMA_TOP.u_aesdma_top.u_AESDMA_RDCORE,,if (~I_RESETN) begin,Dead code exists as the block in file '[FileName]' at line(s) '[LineRange]' is not reachable.,Lint:746,waived,pnson,N/A,"{""Goal"": ""BOS_LINT_RULE"", ""Module"": ""AESDMA_DATAGEN""}","{""Tag"": ""DeadCode-ML"", ""Description"": ""Dead code exists as the block in file '[FileName]' at line(s) '[LineRange]' is not reachable."", ""Violation"": ""Lint:746"", ""Module"": ""AESDMA_RDCORE"", ""HIERARCHY"": ""u_AESDMA_TOP.u_aesdma_top.u_AESDMA_RDCORE"", ""Statement"": ""    if (~I_RESETN) begin"", ""LineRange"": ""239-241"", ""FileName"": ""/storage/project/atlas/design/user/pnson/ATLAS_WORKING/IP/AESDMA/RTL/AESDMA_CORE/AESDMA_RDCORE.sv"", ""LineNumber"": ""239"", ""Goal"": ""BOS_LINT_RULE""}"
DeadCode-ML_097ffa5f22ec,UNCHANGED,WAIVED,yes,DeadCode-ML_740,Dead Code LINT warning,CUSTOM,,"(Goal == ""BOS_LINT_RULE"") AND (Module == ""AESDMA_DATAGEN"")",,,PENDING,,DeadCode-ML,warning,BOS_LINT_RULE,AESDMA_RD_DESC,/storage/project/atlas/design/user/pnson/ATLAS_WORKING/IP/AESDMA/RTL/AESDMA_CORE/AESDMA_RD_DESC.sv,142,u_AESDMA_TOP.u_aesdma_top.u_AESDMA_RD_DESC,,if (~I_RESETN) begin,Dead code exists as the block in file '[FileName]' at line(s) '[LineRange]' is not reachable.,Lint:747,waived,pnson,N/A,"{""Goal"": ""BOS_LINT_RULE"", ""Module"": ""AESDMA_DATAGEN""}","{""Tag"": ""DeadCode-ML"", ""Description"": ""Dead code exists as the block in file '[FileName]' at line(s) '[LineRange]' is not reachable."", ""Violation"": ""Lint:747"", ""Module"": ""AESDMA_RD_DESC"", ""HIERARCHY"": ""u_AESDMA_TOP.u_aesdma_top.u_AESDMA_RD_DESC"", ""Statement"": ""    if (~I_RESETN) begin"", ""LineRange"": ""142-144"", ""FileName"": ""/storage/project/atlas/design/user/pnson/ATLAS_WORKING/IP/AESDMA/RTL/AESDMA_CORE/AESDMA_RD_DESC.sv"", ""LineNumber"": ""142"", ""Goal"": ""BOS_LINT_RULE""}"
DeadCode-ML_51ab66d6b498,UNCHANGED,WAIVED,yes,DeadCode-ML_740,Dead Code LINT warning,CUSTOM,,"(Goal == ""BOS_LINT_RULE"") AND (Module == ""AESDMA_DATAGEN"")",,,PENDING,,DeadCode-ML,warning,BOS_LINT_RULE,AESDMA_WRCORE,/storage/project/atlas/design/user/pnson/ATLAS_WORKING/IP/AESDMA/RTL/AESDMA_CORE/AESDMA_WRCORE.sv,255,u_AESDMA_TOP.u_aesdma_top.u_AESDMA_WRCORE,,if (~I_RESETN) begin,Dead code exists as the block in file '[FileName]' at line(s) '[LineRange]' is not reachable.,Lint:748,waived,pnson,N/A,"{""Goal"": ""BOS_LINT_RULE"", ""Module"": ""AESDMA_DATAGEN""}","{""Tag"": ""DeadCode-ML"", ""Description"": ""Dead code exists as the block in file '[FileName]' at line(s) '[LineRange]' is not reachable."", ""Violation"": ""Lint:748"", ""Module"": ""AESDMA_WRCORE"", ""HIERARCHY"": ""u_AESDMA_TOP.u_aesdma_top.u_AESDMA_WRCORE"", ""Statement"": ""    if (~I_RESETN) begin"", ""LineRange"": ""255-259"", ""FileName"": ""/storage/project/atlas/design/user/pnson/ATLAS_WORKING/IP/AESDMA/RTL/AESDMA_CORE/AESDMA_WRCORE.sv"", ""LineNumber"": ""255"", ""Goal"": ""BOS_LINT_RULE""}"
DeadCode-ML_14a921a01cb4,UNCHANGED,WAIVED,yes,DeadCode-ML_740,Dead Code LINT warning,CUSTOM,,"(Goal == ""BOS_LINT_RULE"") AND (Module == ""AESDMA_DATAGEN"")",,,PENDING,,DeadCode-ML,warning,BOS_LINT_RULE,AESDMA_WRCORE,/storage/project/atlas/design/user/pnson/ATLAS_WORKING/IP/AESDMA/RTL/AESDMA_CORE/AESDMA_WRCORE.sv,390,u_AESDMA_TOP.u_aesdma_top.u_AESDMA_WRCORE,,if (~I_RESETN) begin,Dead code exists as the block in file '[FileName]' at line(s) '[LineRange]' is not reachable.,Lint:749,waived,pnson,N/A,"{""Goal"": ""BOS_LINT_RULE"", ""Module"": ""AESDMA_DATAGEN""}","{""Tag"": ""DeadCode-ML"", ""Description"": ""Dead code exists as the block in file '[FileName]' at line(s) '[LineRange]' is not reachable."", ""Violation"": ""Lint:749"", ""Module"": ""AESDMA_WRCORE"", ""HIERARCHY"": ""u_AESDMA_TOP.u_aesdma_top.u_AESDMA_WRCORE"", ""Statement"": ""    if (~I_RESETN) begin"", ""LineRange"": ""390-394"", ""FileName"": ""/storage/project/atlas/design/user/pnson/ATLAS_WORKING/IP/AESDMA/RTL/AESDMA_CORE/AESDMA_WRCORE.sv"", ""LineNumber"": ""390"", ""Goal"": ""BOS_LINT_RULE""}"
DeadCode-ML_6817476ffd8b,UNCHANGED,WAIVED,yes,DeadCode-ML_740,Dead Code LINT warning,CUSTOM,,"(Goal == ""BOS_LINT_RULE"") AND (Module == ""AESDMA_DATAGEN"")",,,PENDING,,DeadCode-ML,warning,BOS_LINT_RULE,AESDMA_WRCORE,/storage/project/atlas/design/user/pnson/ATLAS_WORKING/IP/AESDMA/RTL/AESDMA_CORE/AESDMA_WRCORE.sv,752,u_AESDMA_TOP.u_aesdma_top.u_AESDMA_WRCORE,,if(O_WrBCntZero) begin,Dead code exists as the block in file '[FileName]' at line(s) '[LineRange]' is not reachable.,Lint:750,waived,pnson,N/A,"{""Goal"": ""BOS_LINT_RULE"", ""Module"": ""AESDMA_DATAGEN""}","{""Tag"": ""DeadCode-ML"", ""Description"": ""Dead code exists as the block in file '[FileName]' at line(s) '[LineRange]' is not reachable."", ""Violation"": ""Lint:750"", ""Module"": ""AESDMA_WRCORE"", ""HIERARCHY"": ""u_AESDMA_TOP.u_aesdma_top.u_AESDMA_WRCORE"", ""Statement"": ""                        if(O_WrBCntZero) begin"", ""LineRange"": ""752-755"", ""FileName"": ""/storage/project/atlas/design/user/pnson/ATLAS_WORKING/IP/AESDMA/RTL/AESDMA_CORE/AESDMA_WRCORE.sv"", ""LineNumber"": ""752"", ""Goal"": ""BOS_LINT_RULE""}"
DeadCode-ML_1763cba8fabb,UNCHANGED,WAIVED,yes,DeadCode-ML_740,Dead Code LINT warning,CUSTOM,,"(Goal == ""BOS_LINT_RULE"") AND (Module == ""AESDMA_DATAGEN"")",,,PENDING,,DeadCode-ML,warning,BOS_LINT_RULE,AES_CORE_dev,/storage/project/atlas/design/user/pnson/ATLAS_WORKING/IP/AESDMA/RTL/AES_CORE/AES_CORE_dev.v,434,u_AESDMA_TOP.u_aesdma_top.u_AES_CORE,,nxt_st = ST_PROCESS_AAD;,Dead code exists as the block in file '[FileName]' at line(s) '[LineRange]' is not reachable.,Lint:763,waived,pnson,N/A,"{""Goal"": ""BOS_LINT_RULE"", ""Module"": ""AESDMA_DATAGEN""}","{""Tag"": ""DeadCode-ML"", ""Description"": ""Dead code exists as the block in file '[FileName]' at line(s) '[LineRange]' is not reachable."", ""Violation"": ""Lint:763"", ""Module"": ""AES_CORE_dev"", ""HIERARCHY"": ""u_AESDMA_TOP.u_aesdma_top.u_AES_CORE"", ""Statement"": ""                    nxt_st = ST_PROCESS_AAD;"", ""LineRange"": ""434-434"", ""FileName"": ""/storage/project/atlas/design/user/pnson/ATLAS_WORKING/IP/AESDMA/RTL/AES_CORE/AES_CORE_dev.v"", ""LineNumber"": ""434"", ""Goal"": ""BOS_LINT_RULE""}"
DeadCode-ML_4eb385741c5b,UNCHANGED,WAIVED,yes,DeadCode-ML_740,Dead Code LINT warning,CUSTOM,,"(Goal == ""BOS_LINT_RULE"") AND (Module == ""AESDMA_DATAGEN"")",,,PENDING,,DeadCode-ML,warning,BOS_LINT_RULE,AES_CORE_dev,/storage/project/atlas/design/user/pnson/ATLAS_WORKING/IP/AESDMA/RTL/AES_CORE/AES_CORE_dev.v,436,u_AESDMA_TOP.u_aesdma_top.u_AES_CORE,,nxt_st = ST_PROCESS_DATA;,Dead code exists as the block in file '[FileName]' at line(s) '[LineRange]' is not reachable.,Lint:764,waived,pnson,N/A,"{""Goal"": ""BOS_LINT_RULE"", ""Module"": ""AESDMA_DATAGEN""}","{""Tag"": ""DeadCode-ML"", ""Description"": ""Dead code exists as the block in file '[FileName]' at line(s) '[LineRange]' is not reachable."", ""Violation"": ""Lint:764"", ""Module"": ""AES_CORE_dev"", ""HIERARCHY"": ""u_AESDMA_TOP.u_aesdma_top.u_AES_CORE"", ""Statement"": ""                    nxt_st = ST_PROCESS_DATA;"", ""LineRange"": ""436-436"", ""FileName"": ""/storage/project/atlas/design/user/pnson/ATLAS_WORKING/IP/AESDMA/RTL/AES_CORE/AES_CORE_dev.v"", ""LineNumber"": ""436"", ""Goal"": ""BOS_LINT_RULE""}"
DeadCode-ML_fcc27bcb35f3,UNCHANGED,WAIVED,yes,DeadCode-ML_740,Dead Code LINT warning,CUSTOM,,"(Goal == ""BOS_LINT_RULE"") AND (Module == ""AESDMA_DATAGEN"")",,,PENDING,,DeadCode-ML,warning,BOS_LINT_RULE,AES_CORE_dev,/storage/project/atlas/design/user/pnson/ATLAS_WORKING/IP/AESDMA/RTL/AES_CORE/AES_CORE_dev.v,438,u_AESDMA_TOP.u_aesdma_top.u_AES_CORE,,nxt_st = r_cur_st;,Dead code exists as the block in file '[FileName]' at line(s) '[LineRange]' is not reachable.,Lint:765,waived,pnson,N/A,"{""Goal"": ""BOS_LINT_RULE"", ""Module"": ""AESDMA_DATAGEN""}","{""Tag"": ""DeadCode-ML"", ""Description"": ""Dead code exists as the block in file '[FileName]' at line(s) '[LineRange]' is not reachable."", ""Violation"": ""Lint:765"", ""Module"": ""AES_CORE_dev"", ""HIERARCHY"": ""u_AESDMA_TOP.u_aesdma_top.u_AES_CORE"", ""Statement"": ""                nxt_st = r_cur_st;"", ""LineRange"": ""438-438"", ""FileName"": ""/storage/project/atlas/design/user/pnson/ATLAS_WORKING/IP/AESDMA/RTL/AES_CORE/AES_CORE_dev.v"", ""LineNumber"": ""438"", ""Goal"": ""BOS_LINT_RULE""}"
DeadCode-ML_9f84acebc779,UNCHANGED,WAIVED,yes,DeadCode-ML_740,Dead Code LINT warning,CUSTOM,,"(Goal == ""BOS_LINT_RULE"") AND (Module == ""AESDMA_DATAGEN"")",,,PENDING,,DeadCode-ML,warning,BOS_LINT_RULE,AES_CORE_dev,/storage/project/atlas/design/user/pnson/ATLAS_WORKING/IP/AESDMA/RTL/AES_CORE/AES_CORE_dev.v,464,u_AESDMA_TOP.u_aesdma_top.u_AES_CORE,,nxt_st = ST_WAIT_UNTIL_LAST_CCM_ENC;,Dead code exists as the block in file '[FileName]' at line(s) '[LineRange]' is not reachable.,Lint:766,waived,pnson,N/A,"{""Goal"": ""BOS_LINT_RULE"", ""Module"": ""AESDMA_DATAGEN""}","{""Tag"": ""DeadCode-ML"", ""Description"": ""Dead code exists as the block in file '[FileName]' at line(s) '[LineRange]' is not reachable."", ""Violation"": ""Lint:766"", ""Module"": ""AES_CORE_dev"", ""HIERARCHY"": ""u_AESDMA_TOP.u_aesdma_top.u_AES_CORE"", ""Statement"": ""                            nxt_st = ST_WAIT_UNTIL_LAST_CCM_ENC;"", ""LineRange"": ""464-464"", ""FileName"": ""/storage/project/atlas/design/user/pnson/ATLAS_WORKING/IP/AESDMA/RTL/AES_CORE/AES_CORE_dev.v"", ""LineNumber"": ""464"", ""Goal"": ""BOS_LINT_RULE""}"
DeadCode-ML_320417ba96fc,UNCHANGED,WAIVED,yes,DeadCode-ML_740,Dead Code LINT warning,CUSTOM,,"(Goal == ""BOS_LINT_RULE"") AND (Module == ""AESDMA_DATAGEN"")",,,PENDING,,DeadCode-ML,warning,BOS_LINT_RULE,AES_CORE_dev,/storage/project/atlas/design/user/pnson/ATLAS_WORKING/IP/AESDMA/RTL/AES_CORE/AES_CORE_dev.v,1046,u_AESDMA_TOP.u_aesdma_top.u_AES_CORE,,r_ccm_ctr_valid_ctr <= 'b0;,Dead code exists as the block in file '[FileName]' at line(s) '[LineRange]' is not reachable.,Lint:751,waived,pnson,N/A,"{""Goal"": ""BOS_LINT_RULE"", ""Module"": ""AESDMA_DATAGEN""}","{""Tag"": ""DeadCode-ML"", ""Description"": ""Dead code exists as the block in file '[FileName]' at line(s) '[LineRange]' is not reachable."", ""Violation"": ""Lint:751"", ""Module"": ""AES_CORE_dev"", ""HIERARCHY"": ""u_AESDMA_TOP.u_aesdma_top.u_AES_CORE"", ""Statement"": ""                    r_ccm_ctr_valid_ctr <= 'b0;"", ""LineRange"": ""1046-1046"", ""FileName"": ""/storage/project/atlas/design/user/pnson/ATLAS_WORKING/IP/AESDMA/RTL/AES_CORE/AES_CORE_dev.v"", ""LineNumber"": ""1046"", ""Goal"": ""BOS_LINT_RULE""}"
DeadCode-ML_8a1be6df56cf,UNCHANGED,WAIVED,yes,DeadCode-ML_740,Dead Code LINT warning,CUSTOM,,"(Goal == ""BOS_LINT_RULE"") AND (Module == ""AESDMA_DATAGEN"")",,,PENDING,,DeadCode-ML,warning,BOS_LINT_RULE,AES_CORE_dev,/storage/project/atlas/design/user/pnson/ATLAS_WORKING/IP/AESDMA/RTL/AES_CORE/AES_CORE_dev.v,1047,u_AESDMA_TOP.u_aesdma_top.u_AES_CORE,,else begin,Dead code exists as the block in file '[FileName]' at line(s) '[LineRange]' is not reachable.,Lint:752,waived,pnson,N/A,"{""Goal"": ""BOS_LINT_RULE"", ""Module"": ""AESDMA_DATAGEN""}","{""Tag"": ""DeadCode-ML"", ""Description"": ""Dead code exists as the block in file '[FileName]' at line(s) '[LineRange]' is not reachable."", ""Violation"": ""Lint:752"", ""Module"": ""AES_CORE_dev"", ""HIERARCHY"": ""u_AESDMA_TOP.u_aesdma_top.u_AES_CORE"", ""Statement"": ""                else begin"", ""LineRange"": ""1047-1051"", ""FileName"": ""/storage/project/atlas/design/user/pnson/ATLAS_WORKING/IP/AESDMA/RTL/AES_CORE/AES_CORE_dev.v"", ""LineNumber"": ""1047"", ""Goal"": ""BOS_LINT_RULE""}"
DeadCode-ML_3f40c134f801,UNCHANGED,WAIVED,yes,DeadCode-ML_740,Dead Code LINT warning,CUSTOM,,"(Goal == ""BOS_LINT_RULE"") AND (Module == ""AESDMA_DATAGEN"")",,,PENDING,,DeadCode-ML,warning,BOS_LINT_RULE,AES_CORE_dev,/storage/project/atlas/design/user/pnson/ATLAS_WORKING/IP/AESDMA/RTL/AES_CORE/AES_CORE_dev.v,1050,u_AESDMA_TOP.u_aesdma_top.u_AES_CORE,,r_expected_serial_datablk_idx <= r_expected_serial_datablk_idx + 1'b1;,Dead code exists as the block in file '[FileName]' at line(s) '[LineRange]' is not reachable.,Lint:753,waived,pnson,N/A,"{""Goal"": ""BOS_LINT_RULE"", ""Module"": ""AESDMA_DATAGEN""}","{""Tag"": ""DeadCode-ML"", ""Description"": ""Dead code exists as the block in file '[FileName]' at line(s) '[LineRange]' is not reachable."", ""Violation"": ""Lint:753"", ""Module"": ""AES_CORE_dev"", ""HIERARCHY"": ""u_AESDMA_TOP.u_aesdma_top.u_AES_CORE"", ""Statement"": ""                        r_expected_serial_datablk_idx <= r_expected_serial_datablk_idx + 1'b1;"", ""LineRange"": ""1050-1050"", ""FileName"": ""/storage/project/atlas/design/user/pnson/ATLAS_WORKING/IP/AESDMA/RTL/AES_CORE/AES_CORE_dev.v"", ""LineNumber"": ""1050"", ""Goal"": ""BOS_LINT_RULE""}"
DeadCode-ML_520b0d4a7048,UNCHANGED,WAIVED,yes,DeadCode-ML_740,Dead Code LINT warning,CUSTOM,,"(Goal == ""BOS_LINT_RULE"") AND (Module == ""AESDMA_DATAGEN"")",,,PENDING,,DeadCode-ML,warning,BOS_LINT_RULE,AES_CORE_dev,/storage/project/atlas/design/user/pnson/ATLAS_WORKING/IP/AESDMA/RTL/AES_CORE/AES_CORE_dev.v,1071,u_AESDMA_TOP.u_aesdma_top.u_AES_CORE,,r_serial_core_ctr <= 'b0;,Dead code exists as the block in file '[FileName]' at line(s) '[LineRange]' is not reachable.,Lint:754,waived,pnson,N/A,"{""Goal"": ""BOS_LINT_RULE"", ""Module"": ""AESDMA_DATAGEN""}","{""Tag"": ""DeadCode-ML"", ""Description"": ""Dead code exists as the block in file '[FileName]' at line(s) '[LineRange]' is not reachable."", ""Violation"": ""Lint:754"", ""Module"": ""AES_CORE_dev"", ""HIERARCHY"": ""u_AESDMA_TOP.u_aesdma_top.u_AES_CORE"", ""Statement"": ""                        r_serial_core_ctr <= 'b0;"", ""LineRange"": ""1071-1071"", ""FileName"": ""/storage/project/atlas/design/user/pnson/ATLAS_WORKING/IP/AESDMA/RTL/AES_CORE/AES_CORE_dev.v"", ""LineNumber"": ""1071"", ""Goal"": ""BOS_LINT_RULE""}"
DeadCode-ML_fbb63c7ca9b7,UNCHANGED,WAIVED,yes,DeadCode-ML_740,Dead Code LINT warning,CUSTOM,,"(Goal == ""BOS_LINT_RULE"") AND (Module == ""AESDMA_DATAGEN"")",,,PENDING,,DeadCode-ML,warning,BOS_LINT_RULE,AES_CORE_dev,/storage/project/atlas/design/user/pnson/ATLAS_WORKING/IP/AESDMA/RTL/AES_CORE/AES_CORE_dev.v,1073,u_AESDMA_TOP.u_aesdma_top.u_AES_CORE,,r_serial_core_ctr <= r_serial_core_ctr + 1'b1;,Dead code exists as the block in file '[FileName]' at line(s) '[LineRange]' is not reachable.,Lint:755,waived,pnson,N/A,"{""Goal"": ""BOS_LINT_RULE"", ""Module"": ""AESDMA_DATAGEN""}","{""Tag"": ""DeadCode-ML"", ""Description"": ""Dead code exists as the block in file '[FileName]' at line(s) '[LineRange]' is not reachable."", ""Violation"": ""Lint:755"", ""Module"": ""AES_CORE_dev"", ""HIERARCHY"": ""u_AESDMA_TOP.u_aesdma_top.u_AES_CORE"", ""Statement"": ""                        r_serial_core_ctr <= r_serial_core_ctr + 1'b1;"", ""LineRange"": ""1073-1073"", ""FileName"": ""/storage/project/atlas/design/user/pnson/ATLAS_WORKING/IP/AESDMA/RTL/AES_CORE/AES_CORE_dev.v"", ""LineNumber"": ""1073"", ""Goal"": ""BOS_LINT_RULE""}"
DeadCode-ML_164f1d6db727,UNCHANGED,WAIVED,yes,DeadCode-ML_740,Dead Code LINT warning,CUSTOM,,"(Goal == ""BOS_LINT_RULE"") AND (Module == ""AESDMA_DATAGEN"")",,,PENDING,,DeadCode-ML,warning,BOS_LINT_RULE,AES_CORE_dev,/storage/project/atlas/design/user/pnson/ATLAS_WORKING/IP/AESDMA/RTL/AES_CORE/AES_CORE_dev.v,1678,u_AESDMA_TOP.u_aesdma_top.u_AES_CORE,,r_sdata[p][q] <= SDATA_2D[q];,Dead code exists as the block in file '[FileName]' at line(s) '[LineRange]' is not reachable.,Lint:756,waived,pnson,N/A,"{""Goal"": ""BOS_LINT_RULE"", ""Module"": ""AESDMA_DATAGEN""}","{""Tag"": ""DeadCode-ML"", ""Description"": ""Dead code exists as the block in file '[FileName]' at line(s) '[LineRange]' is not reachable."", ""Violation"": ""Lint:756"", ""Module"": ""AES_CORE_dev"", ""HIERARCHY"": ""u_AESDMA_TOP.u_aesdma_top.u_AES_CORE"", ""Statement"": ""                                    r_sdata[p][q] <= SDATA_2D[q];"", ""LineRange"": ""1678-1678"", ""FileName"": ""/storage/project/atlas/design/user/pnson/ATLAS_WORKING/IP/AESDMA/RTL/AES_CORE/AES_CORE_dev.v"", ""LineNumber"": ""1678"", ""Goal"": ""BOS_LINT_RULE""}"
DeadCode-ML_323fbdc90de8,UNCHANGED,WAIVED,yes,DeadCode-ML_740,Dead Code LINT warning,CUSTOM,,"(Goal == ""BOS_LINT_RULE"") AND (Module == ""AESDMA_DATAGEN"")",,,PENDING,,DeadCode-ML,warning,BOS_LINT_RULE,AES_CORE_dev,/storage/project/atlas/design/user/pnson/ATLAS_WORKING/IP/AESDMA/RTL/AES_CORE/AES_CORE_dev.v,1680,u_AESDMA_TOP.u_aesdma_top.u_AES_CORE,,r_sdata[p][q] <= r_sdata_for_cfb[q];,Dead code exists as the block in file '[FileName]' at line(s) '[LineRange]' is not reachable.,Lint:757,waived,pnson,N/A,"{""Goal"": ""BOS_LINT_RULE"", ""Module"": ""AESDMA_DATAGEN""}","{""Tag"": ""DeadCode-ML"", ""Description"": ""Dead code exists as the block in file '[FileName]' at line(s) '[LineRange]' is not reachable."", ""Violation"": ""Lint:757"", ""Module"": ""AES_CORE_dev"", ""HIERARCHY"": ""u_AESDMA_TOP.u_aesdma_top.u_AES_CORE"", ""Statement"": ""                                    r_sdata[p][q] <= r_sdata_for_cfb[q];"", ""LineRange"": ""1680-1680"", ""FileName"": ""/storage/project/atlas/design/user/pnson/ATLAS_WORKING/IP/AESDMA/RTL/AES_CORE/AES_CORE_dev.v"", ""LineNumber"": ""1680"", ""Goal"": ""BOS_LINT_RULE""}"
DeadCode-ML_75c765148170,UNCHANGED,WAIVED,yes,DeadCode-ML_740,Dead Code LINT warning,CUSTOM,,"(Goal == ""BOS_LINT_RULE"") AND (Module == ""AESDMA_DATAGEN"")",,,PENDING,,DeadCode-ML,warning,BOS_LINT_RULE,AES_CORE_dev,/storage/project/atlas/design/user/pnson/ATLAS_WORKING/IP/AESDMA/RTL/AES_CORE/AES_CORE_dev.v,2061,u_AESDMA_TOP.u_aesdma_top.u_AES_CORE,,r_mdata[0] <= w_enc_J_cipher_filtered[selected_cluster][selected_core];,Dead code exists as the block in file '[FileName]' at line(s) '[LineRange]' is not reachable.,Lint:758,waived,pnson,N/A,"{""Goal"": ""BOS_LINT_RULE"", ""Module"": ""AESDMA_DATAGEN""}","{""Tag"": ""DeadCode-ML"", ""Description"": ""Dead code exists as the block in file '[FileName]' at line(s) '[LineRange]' is not reachable."", ""Violation"": ""Lint:758"", ""Module"": ""AES_CORE_dev"", ""HIERARCHY"": ""u_AESDMA_TOP.u_aesdma_top.u_AES_CORE"", ""Statement"": ""                        r_mdata[0] <= w_enc_J_cipher_filtered[selected_cluster][selected_core];"", ""LineRange"": ""2061-2061"", ""FileName"": ""/storage/project/atlas/design/user/pnson/ATLAS_WORKING/IP/AESDMA/RTL/AES_CORE/AES_CORE_dev.v"", ""LineNumber"": ""2061"", ""Goal"": ""BOS_LINT_RULE""}"
DeadCode-ML_989754a375df,UNCHANGED,WAIVED,yes,DeadCode-ML_740,Dead Code LINT warning,CUSTOM,,"(Goal == ""BOS_LINT_RULE"") AND (Module == ""AESDMA_DATAGEN"")",,,PENDING,,DeadCode-ML,warning,BOS_LINT_RULE,AES_CORE_dev,/storage/project/atlas/design/user/pnson/ATLAS_WORKING/IP/AESDMA/RTL/AES_CORE/AES_CORE_dev.v,2064,u_AESDMA_TOP.u_aesdma_top.u_AES_CORE,,r_mvalid <= 1'b1;,Dead code exists as the block in file '[FileName]' at line(s) '[LineRange]' is not reachable.,Lint:759,waived,pnson,N/A,"{""Goal"": ""BOS_LINT_RULE"", ""Module"": ""AESDMA_DATAGEN""}","{""Tag"": ""DeadCode-ML"", ""Description"": ""Dead code exists as the block in file '[FileName]' at line(s) '[LineRange]' is not reachable."", ""Violation"": ""Lint:759"", ""Module"": ""AES_CORE_dev"", ""HIERARCHY"": ""u_AESDMA_TOP.u_aesdma_top.u_AES_CORE"", ""Statement"": ""                        r_mvalid <= 1'b1;"", ""LineRange"": ""2064-2064"", ""FileName"": ""/storage/project/atlas/design/user/pnson/ATLAS_WORKING/IP/AESDMA/RTL/AES_CORE/AES_CORE_dev.v"", ""LineNumber"": ""2064"", ""Goal"": ""BOS_LINT_RULE""}"
DeadCode-ML_c811eb95211b,UNCHANGED,WAIVED,yes,DeadCode-ML_740,Dead Code LINT warning,CUSTOM,,"(Goal == ""BOS_LINT_RULE"") AND (Module == ""AESDMA_DATAGEN"")",,,PENDING,,DeadCode-ML,warning,BOS_LINT_RULE,AES_CORE_dev,/storage/project/atlas/design/user/pnson/ATLAS_WORKING/IP/AESDMA/RTL/AES_CORE/AES_CORE_dev.v,2203,u_AESDMA_TOP.u_aesdma_top.u_AES_CORE,,w_gf_input_kkh_mux[i] = w_cur_stage_hash_in[i];,Dead code exists as the block in file '[FileName]' at line(s) '[LineRange]' is not reachable.,Lint:760,waived,pnson,N/A,"{""Goal"": ""BOS_LINT_RULE"", ""Module"": ""AESDMA_DATAGEN""}","{""Tag"": ""DeadCode-ML"", ""Description"": ""Dead code exists as the block in file '[FileName]' at line(s) '[LineRange]' is not reachable."", ""Violation"": ""Lint:760"", ""Module"": ""AES_CORE_dev"", ""HIERARCHY"": ""u_AESDMA_TOP.u_aesdma_top.u_AES_CORE"", ""Statement"": ""            w_gf_input_kkh_mux[i] = w_cur_stage_hash_in[i];"", ""LineRange"": ""2203-2203"", ""FileName"": ""/storage/project/atlas/design/user/pnson/ATLAS_WORKING/IP/AESDMA/RTL/AES_CORE/AES_CORE_dev.v"", ""LineNumber"": ""2203"", ""Goal"": ""BOS_LINT_RULE""}"
DeadCode-ML_a870b15ab72f,UNCHANGED,WAIVED,yes,DeadCode-ML_740,Dead Code LINT warning,CUSTOM,,"(Goal == ""BOS_LINT_RULE"") AND (Module == ""AESDMA_DATAGEN"")",,,PENDING,,DeadCode-ML,warning,BOS_LINT_RULE,AES_CORE_dev,/storage/project/atlas/design/user/pnson/ATLAS_WORKING/IP/AESDMA/RTL/AES_CORE/AES_CORE_dev.v,2205,u_AESDMA_TOP.u_aesdma_top.u_AES_CORE,,w_gf_input_kkh_mux[i] = 128'd0;,Dead code exists as the block in file '[FileName]' at line(s) '[LineRange]' is not reachable.,Lint:761,waived,pnson,N/A,"{""Goal"": ""BOS_LINT_RULE"", ""Module"": ""AESDMA_DATAGEN""}","{""Tag"": ""DeadCode-ML"", ""Description"": ""Dead code exists as the block in file '[FileName]' at line(s) '[LineRange]' is not reachable."", ""Violation"": ""Lint:761"", ""Module"": ""AES_CORE_dev"", ""HIERARCHY"": ""u_AESDMA_TOP.u_aesdma_top.u_AES_CORE"", ""Statement"": ""            w_gf_input_kkh_mux[i] = 128'd0;"", ""LineRange"": ""2205-2205"", ""FileName"": ""/storage/project/atlas/design/user/pnson/ATLAS_WORKING/IP/AESDMA/RTL/AES_CORE/AES_CORE_dev.v"", ""LineNumber"": ""2205"", ""Goal"": ""BOS_LINT_RULE""}"
DeadCode-ML_e22b6a54e417,UNCHANGED,WAIVED,yes,DeadCode-ML_740,Dead Code LINT warning,CUSTOM,,"(Goal == ""BOS_LINT_RULE"") AND (Module == ""AESDMA_DATAGEN"")",,,PENDING,,DeadCode-ML,warning,BOS_LINT_RULE,AES_CORE_dev,/storage/project/atlas/design/user/pnson/ATLAS_WORKING/IP/AESDMA/RTL/AES_CORE/AES_CORE_dev.v,2212,u_AESDMA_TOP.u_aesdma_top.u_AES_CORE,,w_ghash_subkey_h_mux[i] = 128'd0;,Dead code exists as the block in file '[FileName]' at line(s) '[LineRange]' is not reachable.,Lint:762,waived,pnson,N/A,"{""Goal"": ""BOS_LINT_RULE"", ""Module"": ""AESDMA_DATAGEN""}","{""Tag"": ""DeadCode-ML"", ""Description"": ""Dead code exists as the block in file '[FileName]' at line(s) '[LineRange]' is not reachable."", ""Violation"": ""Lint:762"", ""Module"": ""AES_CORE_dev"", ""HIERARCHY"": ""u_AESDMA_TOP.u_aesdma_top.u_AES_CORE"", ""Statement"": ""            w_ghash_subkey_h_mux[i] = 128'd0;"", ""LineRange"": ""2212-2212"", ""FileName"": ""/storage/project/atlas/design/user/pnson/ATLAS_WORKING/IP/AESDMA/RTL/AES_CORE/AES_CORE_dev.v"", ""LineNumber"": ""2212"", ""Goal"": ""BOS_LINT_RULE""}"
DeadCode-ML_28eef1dad7ca,UNCHANGED,WAIVED,yes,DeadCode-ML_740,Dead Code LINT warning,CUSTOM,,"(Goal == ""BOS_LINT_RULE"") AND (Module == ""AESDMA_DATAGEN"")",,,PENDING,,DeadCode-ML,warning,BOS_LINT_RULE,css600_apbasyncbridgeslv_core,/storage/project/atlas/design/user/pnson/ATLAS_WORKING/IP/CSSYS/RTL/logical/css600/logical/css600_apbasyncbridge/verilog/css600_apbasyncbridgeslv_core.v,117,gN1B0ApbASB.u_apbasyncbridgeslv_aesdma.u_slv_core,,begin,Dead code exists as the block in file '[FileName]' at line(s) '[LineRange]' is not reachable.,Lint:767,waived,pnson,N/A,"{""Goal"": ""BOS_LINT_RULE"", ""Module"": ""AESDMA_DATAGEN""}","{""Tag"": ""DeadCode-ML"", ""Description"": ""Dead code exists as the block in file '[FileName]' at line(s) '[LineRange]' is not reachable."", ""Violation"": ""Lint:767"", ""Module"": ""css600_apbasyncbridgeslv_core"", ""HIERARCHY"": ""gN1B0ApbASB.u_apbasyncbridgeslv_aesdma.u_slv_core"", ""Statement"": ""    begin"", ""LineRange"": ""117-119"", ""FileName"": ""/storage/project/atlas/design/user/pnson/ATLAS_WORKING/IP/CSSYS/RTL/logical/css600/logical/css600_apbasyncbridge/verilog/css600_apbasyncbridgeslv_core.v"", ""LineNumber"": ""117"", ""Goal"": ""BOS_LINT_RULE""}"
DeadCode-ML_366797be4f73,UNCHANGED,WAIVED,yes,DeadCode-ML_740,Dead Code LINT warning,CUSTOM,,"(Goal == ""BOS_LINT_RULE"") AND (Module == ""AESDMA_DATAGEN"")",,,PENDING,,DeadCode-ML,warning,BOS_LINT_RULE,css600_apbasyncbridgeslv_core,/storage/project/atlas/design/user/pnson/ATLAS_WORKING/IP/CSSYS/RTL/logical/css600/logical/css600_apbasyncbridge/verilog/css600_apbasyncbridgeslv_core.v,180,gN1B0ApbASB.u_apbasyncbridgeslv_aesdma.u_slv_core,,begin,Dead code exists as the block in file '[FileName]' at line(s) '[LineRange]' is not reachable.,Lint:768,waived,pnson,N/A,"{""Goal"": ""BOS_LINT_RULE"", ""Module"": ""AESDMA_DATAGEN""}","{""Tag"": ""DeadCode-ML"", ""Description"": ""Dead code exists as the block in file '[FileName]' at line(s) '[LineRange]' is not reachable."", ""Violation"": ""Lint:768"", ""Module"": ""css600_apbasyncbridgeslv_core"", ""HIERARCHY"": ""gN1B0ApbASB.u_apbasyncbridgeslv_aesdma.u_slv_core"", ""Statement"": ""    begin"", ""LineRange"": ""180-188"", ""FileName"": ""/storage/project/atlas/design/user/pnson/ATLAS_WORKING/IP/CSSYS/RTL/logical/css600/logical/css600_apbasyncbridge/verilog/css600_apbasyncbridgeslv_core.v"", ""LineNumber"": ""180"", ""Goal"": ""BOS_LINT_RULE""}"
DeadCode-ML_c2740f9a65ca,UNCHANGED,WAIVED,yes,DeadCode-ML_740,Dead Code LINT warning,CUSTOM,,"(Goal == ""BOS_LINT_RULE"") AND (Module == ""AESDMA_DATAGEN"")",,,PENDING,,DeadCode-ML,warning,BOS_LINT_RULE,css600_lpislave_fsm,/storage/project/atlas/design/user/pnson/ATLAS_WORKING/IP/CSSYS/RTL/logical/css600/logical/shared/css600_lpislave/verilog/css600_lpislave_fsm.v,92,gN1B0ApbASB.u_apbasyncbridgeslv_aesdma.u_slv_core.u_lpislave_clks.u_css600_lpislave_fsm,,UNUSED_2: begin,Dead code exists as the block in file '[FileName]' at line(s) '[LineRange]' is not reachable.,Lint:769,waived,pnson,N/A,"{""Goal"": ""BOS_LINT_RULE"", ""Module"": ""AESDMA_DATAGEN""}","{""Tag"": ""DeadCode-ML"", ""Description"": ""Dead code exists as the block in file '[FileName]' at line(s) '[LineRange]' is not reachable."", ""Violation"": ""Lint:769"", ""Module"": ""css600_lpislave_fsm"", ""HIERARCHY"": ""gN1B0ApbASB.u_apbasyncbridgeslv_aesdma.u_slv_core.u_lpislave_clks.u_css600_lpislave_fsm"", ""Statement"": ""      UNUSED_2: begin"", ""LineRange"": ""92-94"", ""FileName"": ""/storage/project/atlas/design/user/pnson/ATLAS_WORKING/IP/CSSYS/RTL/logical/css600/logical/shared/css600_lpislave/verilog/css600_lpislave_fsm.v"", ""LineNumber"": ""92"", ""Goal"": ""BOS_LINT_RULE""}"
DeadCode-ML_d48f18b9af6a,UNCHANGED,WAIVED,yes,DeadCode-ML_740,Dead Code LINT warning,CUSTOM,,"(Goal == ""BOS_LINT_RULE"") AND (Module == ""AESDMA_DATAGEN"")",,,PENDING,,DeadCode-ML,warning,BOS_LINT_RULE,css600_lpislave_fsm,/storage/project/atlas/design/user/pnson/ATLAS_WORKING/IP/CSSYS/RTL/logical/css600/logical/shared/css600_lpislave/verilog/css600_lpislave_fsm.v,95,gN1B0ApbASB.u_apbasyncbridgeslv_aesdma.u_slv_core.u_lpislave_clks.u_css600_lpislave_fsm,,UNUSED_3: begin,Dead code exists as the block in file '[FileName]' at line(s) '[LineRange]' is not reachable.,Lint:770,waived,pnson,N/A,"{""Goal"": ""BOS_LINT_RULE"", ""Module"": ""AESDMA_DATAGEN""}","{""Tag"": ""DeadCode-ML"", ""Description"": ""Dead code exists as the block in file '[FileName]' at line(s) '[LineRange]' is not reachable."", ""Violation"": ""Lint:770"", ""Module"": ""css600_lpislave_fsm"", ""HIERARCHY"": ""gN1B0ApbASB.u_apbasyncbridgeslv_aesdma.u_slv_core.u_lpislave_clks.u_css600_lpislave_fsm"", ""Statement"": ""      UNUSED_3: begin"", ""LineRange"": ""95-97"", ""FileName"": ""/storage/project/atlas/design/user/pnson/ATLAS_WORKING/IP/CSSYS/RTL/logical/css600/logical/shared/css600_lpislave/verilog/css600_lpislave_fsm.v"", ""LineNumber"": ""95"", ""Goal"": ""BOS_LINT_RULE""}"
MissingFsmStateTransition_442d9705902d,UNCHANGED,WAIVED,yes,MissingFsmStateTransition_719,This FSM is flexible because FSM depends on the bus data width,AUTO,,,,,PENDING,,MissingFsmStateTransition,warning,BOS_LINT_RULE,AES_CORE_dev,/storage/project/atlas/design/user/pnson/ATLAS_WORKING/IP/AESDMA/RTL/AES_CORE/AES_CORE_dev.v,408,u_AESDMA_TOP.u_aesdma_top.u_AES_CORE,r_cur_st,nxt_st = (P_AES_CORE_CNT > 1) ? ST_CALC_H2 :,FSM '[FsmName]' may have a missing transition pair from '[FromState]' to '[ToState]',Lint:733,waived,,,"{""Goal"": ""BOS_LINT_RULE"", ""Module"": ""AES_CORE_dev"", ""FileName"": ""/storage/project/atlas/design/user/pnson/ATLAS_WORKING/IP/AESDMA/RTL/AES_CORE/AES_CORE_dev.v"", ""LineNumber"": ""408"", ""Statement"": ""nxt_st = (P_AES_CORE_CNT > 1) ? ST_CALC_H2 :"", ""HIERARCHY"": ""u_AESDMA_TOP.u_aesdma_top.u_AES_CORE"", ""FsmName"": ""r_cur_st""}","{""Tag"": ""MissingFsmStateTransition"", ""Description"": ""FSM '[FsmName]' may have a missing transition pair from '[FromState]' to '[ToState]'"", ""Violation"": ""Lint:733"", ""Module"": ""AES_CORE_dev"", ""HIERARCHY"": ""u_AESDMA_TOP.u_aesdma_top.u_AES_CORE"", ""FsmName"": ""r_cur_st"", ""FromState"": ""ST_ENC_BEFORE_ENC"", ""ToState"": ""ST_CALC_H2"", ""Statement"": ""                    nxt_st = (P_AES_CORE_CNT > 1) ? ST_CALC_H2     :"", ""FileName"": ""/storage/project/atlas/design/user/pnson/ATLAS_WORKING/IP/AESDMA/RTL/AES_CORE/AES_CORE_dev.v"", ""LineNumber"": ""408"", ""Goal"": ""BOS_LINT_RULE""}"
MissingFsmStateTransition_45e8752621ed,UNCHANGED,WAIVED,yes,MissingFsmStateTransition_719,This FSM is flexible because FSM depends on the bus data width,AUTO,,,,,PENDING,,MissingFsmStateTransition,warning,BOS_LINT_RULE,AES_CORE_dev,/storage/project/atlas/design/user/pnson/ATLAS_WORKING/IP/AESDMA/RTL/AES_CORE/AES_CORE_dev.v,434,u_AESDMA_TOP.u_aesdma_top.u_AES_CORE,r_cur_st,nxt_st = ST_PROCESS_AAD;,FSM '[FsmName]' may have a missing transition pair from '[FromState]' to '[ToState]',Lint:734,waived,,,"{""Goal"": ""BOS_LINT_RULE"", ""Module"": ""AES_CORE_dev"", ""FileName"": ""/storage/project/atlas/design/user/pnson/ATLAS_WORKING/IP/AESDMA/RTL/AES_CORE/AES_CORE_dev.v"", ""LineNumber"": ""434"", ""Statement"": ""nxt_st = ST_PROCESS_AAD;"", ""HIERARCHY"": ""u_AESDMA_TOP.u_aesdma_top.u_AES_CORE"", ""FsmName"": ""r_cur_st""}","{""Tag"": ""MissingFsmStateTransition"", ""Description"": ""FSM '[FsmName]' may have a missing transition pair from '[FromState]' to '[ToState]'"", ""Violation"": ""Lint:734"", ""Module"": ""AES_CORE_dev"", ""HIERARCHY"": ""u_AESDMA_TOP.u_aesdma_top.u_AES_CORE"", ""FsmName"": ""r_cur_st"", ""FromState"": ""ST_CALC_H2"", ""ToState"": ""ST_PROCESS_AAD"", ""Statement"": ""                    nxt_st = ST_PROCESS_AAD;"", ""FileName"": ""/storage/project/atlas/design/user/pnson/ATLAS_WORKING/IP/AESDMA/RTL/AES_CORE/AES_CORE_dev.v"", ""LineNumber"": ""434"", ""Goal"": ""BOS_LINT_RULE""}"
MissingFsmStateTransition_bce822231f57,UNCHANGED,WAIVED,yes,MissingFsmStateTransition_719,This FSM is flexible because FSM depends on the bus data width,AUTO,,,,,PENDING,,MissingFsmStateTransition,warning,BOS_LINT_RULE,AES_CORE_dev,/storage/project/atlas/design/user/pnson/ATLAS_WORKING/IP/AESDMA/RTL/AES_CORE/AES_CORE_dev.v,436,u_AESDMA_TOP.u_aesdma_top.u_AES_CORE,r_cur_st,nxt_st = ST_PROCESS_DATA;,FSM '[FsmName]' may have a missing transition pair from '[FromState]' to '[ToState]',Lint:732,waived,,,"{""Goal"": ""BOS_LINT_RULE"", ""Module"": ""AES_CORE_dev"", ""FileName"": ""/storage/project/atlas/design/user/pnson/ATLAS_WORKING/IP/AESDMA/RTL/AES_CORE/AES_CORE_dev.v"", ""LineNumber"": ""436"", ""Statement"": ""nxt_st = ST_PROCESS_DATA;"", ""HIERARCHY"": ""u_AESDMA_TOP.u_aesdma_top.u_AES_CORE"", ""FsmName"": ""r_cur_st""}","{""Tag"": ""MissingFsmStateTransition"", ""Description"": ""FSM '[FsmName]' may have a missing transition pair from '[FromState]' to '[ToState]'"", ""Violation"": ""Lint:732"", ""Module"": ""AES_CORE_dev"", ""HIERARCHY"": ""u_AESDMA_TOP.u_aesdma_top.u_AES_CORE"", ""FsmName"": ""r_cur_st"", ""FromState"": ""ST_CALC_H2"", ""ToState"": ""ST_PROCESS_DATA"", ""Statement"": ""                    nxt_st = ST_PROCESS_DATA;"", ""FileName"": ""/storage/project/atlas/design/user/pnson/ATLAS_WORKING/IP/AESDMA/RTL/AES_CORE/AES_CORE_dev.v"", ""LineNumber"": ""436"", ""Goal"": ""BOS_LINT_RULE""}"
NotReachableFsmState_d1a362fa82d3,UNCHANGED,WAIVED,yes,NotReachableFsmState_722,AESDMA FSM warning is because of the flexibity for Bus width generalization. Other FSM warning is from generated ARM Async bridge.,AUTO,,,,,PENDING,,NotReachableFsmState,warning,BOS_LINT_RULE,AES_CORE_dev,/storage/project/atlas/design/user/pnson/ATLAS_WORKING/IP/AESDMA/RTL/AES_CORE/AES_CORE_dev.v,408,u_AESDMA_TOP.u_aesdma_top.u_AES_CORE,r_cur_st,nxt_st = (P_AES_CORE_CNT > 1) ? ST_CALC_H2 :,State '[FsmState]' may not be reachable in FSM '[FsmName]',Lint:735,waived,,,"{""Goal"": ""BOS_LINT_RULE"", ""Module"": ""AES_CORE_dev"", ""FileName"": ""/storage/project/atlas/design/user/pnson/ATLAS_WORKING/IP/AESDMA/RTL/AES_CORE/AES_CORE_dev.v"", ""LineNumber"": ""408"", ""Statement"": ""nxt_st = (P_AES_CORE_CNT > 1) ? ST_CALC_H2 :"", ""HIERARCHY"": ""u_AESDMA_TOP.u_aesdma_top.u_AES_CORE"", ""FsmName"": ""r_cur_st"", ""FsmState"": ""ST_CALC_H2""}","{""Tag"": ""NotReachableFsmState"", ""Description"": ""State '[FsmState]' may not be reachable in FSM '[FsmName]'"", ""Violation"": ""Lint:735"", ""Module"": ""AES_CORE_dev"", ""HIERARCHY"": ""u_AESDMA_TOP.u_aesdma_top.u_AES_CORE"", ""FsmName"": ""r_cur_st"", ""FsmState"": ""ST_CALC_H2"", ""Statement"": ""                    nxt_st = (P_AES_CORE_CNT > 1) ? ST_CALC_H2     :"", ""FileName"": ""/storage/project/atlas/design/user/pnson/ATLAS_WORKING/IP/AESDMA/RTL/AES_CORE/AES_CORE_dev.v"", ""LineNumber"": ""408"", ""Goal"": ""BOS_LINT_RULE""}"
NotReachableFsmState_dec766db8c47,UNCHANGED,WAIVED,yes,NotReachableFsmState_722,AESDMA FSM warning is because of the flexibity for Bus width generalization. Other FSM warning is from generated ARM Async bridge.,AUTO,,,,,PENDING,,NotReachableFsmState,warning,BOS_LINT_RULE,css600_apbasyncbridgeslv_core,/storage/project/atlas/design/user/pnson/ATLAS_WORKING/IP/CSSYS/RTL/logical/css600/logical/css600_apbasyncbridge/verilog/css600_apbasyncbridgeslv_core.v,179,gN1B0ApbASB.u_apbasyncbridgeslv_aesdma.u_slv_core,state,SLVERR:,State '[FsmState]' may not be reachable in FSM '[FsmName]',Lint:736,waived,,,"{""Goal"": ""BOS_LINT_RULE"", ""Module"": ""css600_apbasyncbridgeslv_core"", ""FileName"": ""/storage/project/atlas/design/user/pnson/ATLAS_WORKING/IP/CSSYS/RTL/logical/css600/logical/css600_apbasyncbridge/verilog/css600_apbasyncbridgeslv_core.v"", ""LineNumber"": ""179"", ""Statement"": ""SLVERR:"", ""HIERARCHY"": ""gN1B0ApbASB.u_apbasyncbridgeslv_aesdma.u_slv_core"", ""FsmName"": ""state"", ""FsmState"": ""SLVERR""}","{""Tag"": ""NotReachableFsmState"", ""Description"": ""State '[FsmState]' may not be reachable in FSM '[FsmName]'"", ""Violation"": ""Lint:736"", ""Module"": ""css600_apbasyncbridgeslv_core"", ""HIERARCHY"": ""gN1B0ApbASB.u_apbasyncbridgeslv_aesdma.u_slv_core"", ""FsmName"": ""state"", ""FsmState"": ""SLVERR"", ""Statement"": ""    SLVERR:"", ""FileName"": ""/storage/project/atlas/design/user/pnson/ATLAS_WORKING/IP/CSSYS/RTL/logical/css600/logical/css600_apbasyncbridge/verilog/css600_apbasyncbridgeslv_core.v"", ""LineNumber"": ""179"", ""Goal"": ""BOS_LINT_RULE""}"
NotReachableFsmState_b9de9546ae61,UNCHANGED,WAIVED,yes,NotReachableFsmState_722,AESDMA FSM warning is because of the flexibity for Bus width generalization. Other FSM warning is from generated ARM Async bridge.,AUTO,,,,,PENDING,,NotReachableFsmState,warning,BOS_LINT_RULE,css600_lpislave_fsm,/storage/project/atlas/design/user/pnson/ATLAS_WORKING/IP/CSSYS/RTL/logical/css600/logical/shared/css600_lpislave/verilog/css600_lpislave_fsm.v,92,gN1B0ApbASB.u_apbasyncbridgeslv_aesdma.u_slv_core.u_lpislave_clks.u_css600_lpislave_fsm,state,UNUSED_2: begin,State '[FsmState]' may not be reachable in FSM '[FsmName]',Lint:737,waived,,,"{""Goal"": ""BOS_LINT_RULE"", ""Module"": ""css600_lpislave_fsm"", ""FileName"": ""/storage/project/atlas/design/user/pnson/ATLAS_WORKING/IP/CSSYS/RTL/logical/css600/logical/shared/css600_lpislave/verilog/css600_lpislave_fsm.v"", ""LineNumber"": ""92"", ""Statement"": ""UNUSED_2: begin"", ""HIERARCHY"": ""gN1B0ApbASB.u_apbasyncbridgeslv_aesdma.u_slv_core.u_lpislave_clks.u_css600_lpislave_fsm"", ""FsmName"": ""state"", ""FsmState"": ""UNUSED_2""}","{""Tag"": ""NotReachableFsmState"", ""Description"": ""State '[FsmState]' may not be reachable in FSM '[FsmName]'"", ""Violation"": ""Lint:737"", ""Module"": ""css600_lpislave_fsm"", ""HIERARCHY"": ""gN1B0ApbASB.u_apbasyncbridgeslv_aesdma.u_slv_core.u_lpislave_clks.u_css600_lpislave_fsm"", ""FsmName"": ""state"", ""FsmState"": ""UNUSED_2"", ""Statement"": ""      UNUSED_2: begin"", ""FileName"": ""/storage/project/atlas/design/user/pnson/ATLAS_WORKING/IP/CSSYS/RTL/logical/css600/logical/shared/css600_lpislave/verilog/css600_lpislave_fsm.v"", ""LineNumber"": ""92"", ""Goal"": ""BOS_LINT_RULE""}"
NotReachableFsmState_9fab65b1a7aa,UNCHANGED,WAIVED,yes,NotReachableFsmState_722,AESDMA FSM warning is because of the flexibity for Bus width generalization. Other FSM warning is from generated ARM Async bridge.,AUTO,,,,,PENDING,,NotReachableFsmState,warning,BOS_LINT_RULE,css600_lpislave_fsm,/storage/project/atlas/design/user/pnson/ATLAS_WORKING/IP/CSSYS/RTL/logical/css600/logical/shared/css600_lpislave/verilog/css600_lpislave_fsm.v,95,gN1B0ApbASB.u_apbasyncbridgeslv_aesdma.u_slv_core.u_lpislave_clks.u_css600_lpislave_fsm,state,UNUSED_3: begin,State '[FsmState]' may not be reachable in FSM '[FsmName]',Lint:738,waived,,,"{""Goal"": ""BOS_LINT_RULE"", ""Module"": ""css600_lpislave_fsm"", ""FileName"": ""/storage/project/atlas/design/user/pnson/ATLAS_WORKING/IP/CSSYS/RTL/logical/css600/logical/shared/css600_lpislave/verilog/css600_lpislave_fsm.v"", ""LineNumber"": ""95"", ""Statement"": ""UNUSED_3: begin"", ""HIERARCHY"": ""gN1B0ApbASB.u_apbasyncbridgeslv_aesdma.u_slv_core.u_lpislave_clks.u_css600_lpislave_fsm"", ""FsmName"": ""state"", ""FsmState"": ""UNUSED_3""}","{""Tag"": ""NotReachableFsmState"", ""Description"": ""State '[FsmState]' may not be reachable in FSM '[FsmName]'"", ""Violation"": ""Lint:738"", ""Module"": ""css600_lpislave_fsm"", ""HIERARCHY"": ""gN1B0ApbASB.u_apbasyncbridgeslv_aesdma.u_slv_core.u_lpislave_clks.u_css600_lpislave_fsm"", ""FsmName"": ""state"", ""FsmState"": ""UNUSED_3"", ""Statement"": ""      UNUSED_3: begin"", ""FileName"": ""/storage/project/atlas/design/user/pnson/ATLAS_WORKING/IP/CSSYS/RTL/logical/css600/logical/shared/css600_lpislave/verilog/css600_lpislave_fsm.v"", ""LineNumber"": ""95"", ""Goal"": ""BOS_LINT_RULE""}"
SignedUnsignedExpr-ML_0718299113f4,UNCHANGED,WAIVED,yes,SignedUnsignedExpr-ML_799,This is confirmed by designer,AUTO,,,,,PENDING,,SignedUnsignedExpr-ML,warning,BOS_LINT_RULE,AESDMA_RD_DESC,/storage/project/atlas/design/user/pnson/ATLAS_WORKING/IP/AESDMA/RTL/AESDMA_CORE/AESDMA_RD_DESC.sv,263,,,"n_rdAddr[AXI_ADDR_WD-1:ADDR_BASE_LSB] = r_rdAddr[AXI_ADDR_WD-1:ADDR_BASE_LSB] + {{(AXI_ADDR_WD-ADDR_BASE_LSB-AXI_LEN_WD){1'b0}}, w_rdBurstLen} + 1;",Unsigned expression '[RTL_EXPRESSION]' used with signed expression '[HdlExp]'[HDL_STATEMENT],Lint:787,waived,,,"{""Goal"": ""BOS_LINT_RULE"", ""Module"": ""AESDMA_RD_DESC"", ""FileName"": ""/storage/project/atlas/design/user/pnson/ATLAS_WORKING/IP/AESDMA/RTL/AESDMA_CORE/AESDMA_RD_DESC.sv"", ""LineNumber"": ""263"", ""Statement"": ""n_rdAddr[AXI_ADDR_WD-1:ADDR_BASE_LSB] = r_rdAddr[AXI_ADDR_WD-1:ADDR_BASE_LSB] + {{(AXI_ADDR_WD-ADDR_BASE_LSB-AXI_LEN_WD){1'b0}}, w_rdBurstLen} + 1;""}","{""Tag"": ""SignedUnsignedExpr-ML"", ""Description"": ""Unsigned expression '[RTL_EXPRESSION]' used with signed expression '[HdlExp]'[HDL_STATEMENT]"", ""Violation"": ""Lint:787"", ""Goal"": ""BOS_LINT_RULE"", ""Module"": ""AESDMA_RD_DESC"", ""FileName"": ""/storage/project/atlas/design/user/pnson/ATLAS_WORKING/IP/AESDMA/RTL/AESDMA_CORE/AESDMA_RD_DESC.sv"", ""LineNumber"": ""263"", ""Statement"": ""                n_rdAddr[AXI_ADDR_WD-1:ADDR_BASE_LSB] = r_rdAddr[AXI_ADDR_WD-1:ADDR_BASE_LSB] + {{(AXI_ADDR_WD-ADDR_BASE_LSB-AXI_LEN_WD){1'b0}}, w_rdBurstLen} + 1;"", ""RTL_EXPRESSION"": ""AXI_LEN_WD"", ""HdlExp"": ""(AXI_ADDR_WD - ADDR_BASE_LSB)"", ""HDL_STATEMENT"": """"}"
SignedUnsignedExpr-ML_5265491e59fa,UNCHANGED,WAIVED,yes,SignedUnsignedExpr-ML_799,This is confirmed by designer,AUTO,,,,,PENDING,,SignedUnsignedExpr-ML,warning,BOS_LINT_RULE,AESDMA_RD_DESC,/storage/project/atlas/design/user/pnson/ATLAS_WORKING/IP/AESDMA/RTL/AESDMA_CORE/AESDMA_RD_DESC.sv,276,,,"n_rdAddr[AXI_ADDR_WD-1:ADDR_BASE_LSB] = r_rdAddr[AXI_ADDR_WD-1:ADDR_BASE_LSB] + {{(AXI_ADDR_WD-ADDR_BASE_LSB-AXI_LEN_WD){1'b0}}, w_rdBurstLen} + 1;",Unsigned expression '[RTL_EXPRESSION]' used with signed expression '[HdlExp]'[HDL_STATEMENT],Lint:788,waived,,,"{""Goal"": ""BOS_LINT_RULE"", ""Module"": ""AESDMA_RD_DESC"", ""FileName"": ""/storage/project/atlas/design/user/pnson/ATLAS_WORKING/IP/AESDMA/RTL/AESDMA_CORE/AESDMA_RD_DESC.sv"", ""LineNumber"": ""276"", ""Statement"": ""n_rdAddr[AXI_ADDR_WD-1:ADDR_BASE_LSB] = r_rdAddr[AXI_ADDR_WD-1:ADDR_BASE_LSB] + {{(AXI_ADDR_WD-ADDR_BASE_LSB-AXI_LEN_WD){1'b0}}, w_rdBurstLen} + 1;""}","{""Tag"": ""SignedUnsignedExpr-ML"", ""Description"": ""Unsigned expression '[RTL_EXPRESSION]' used with signed expression '[HdlExp]'[HDL_STATEMENT]"", ""Violation"": ""Lint:788"", ""Goal"": ""BOS_LINT_RULE"", ""Module"": ""AESDMA_RD_DESC"", ""FileName"": ""/storage/project/atlas/design/user/pnson/ATLAS_WORKING/IP/AESDMA/RTL/AESDMA_CORE/AESDMA_RD_DESC.sv"", ""LineNumber"": ""276"", ""Statement"": ""                n_rdAddr[AXI_ADDR_WD-1:ADDR_BASE_LSB] = r_rdAddr[AXI_ADDR_WD-1:ADDR_BASE_LSB] + {{(AXI_ADDR_WD-ADDR_BASE_LSB-AXI_LEN_WD){1'b0}}, w_rdBurstLen} + 1;"", ""RTL_EXPRESSION"": ""AXI_LEN_WD"", ""HdlExp"": ""(AXI_ADDR_WD - ADDR_BASE_LSB)"", ""HDL_STATEMENT"": """"}"
SignedUnsignedExpr-ML_b2474fd7b6e4,UNCHANGED,WAIVED,yes,SignedUnsignedExpr-ML_799,This is confirmed by designer,AUTO,,,,,PENDING,,SignedUnsignedExpr-ML,warning,BOS_LINT_RULE,AES_CORE_dev,/storage/project/atlas/design/user/pnson/ATLAS_WORKING/IP/AESDMA/RTL/AES_CORE/AES_CORE_dev.v,1403,,,for(p=0; p < P_AES_CLUSTER_CNT; p = p + 1) begin: AES_CLUSTER_OP,Unsigned expression '[RTL_EXPRESSION]' used with signed expression '[HdlExp]'[HDL_STATEMENT],Lint:830,waived,,,"{""Goal"": ""BOS_LINT_RULE"", ""Module"": ""AES_CORE_dev"", ""FileName"": ""/storage/project/atlas/design/user/pnson/ATLAS_WORKING/IP/AESDMA/RTL/AES_CORE/AES_CORE_dev.v"", ""LineNumber"": ""1403"", ""Statement"": ""for(p=0; p < P_AES_CLUSTER_CNT; p = p + 1) begin: AES_CLUSTER_OP""}","{""Tag"": ""SignedUnsignedExpr-ML"", ""Description"": ""Unsigned expression '[RTL_EXPRESSION]' used with signed expression '[HdlExp]'[HDL_STATEMENT]"", ""Violation"": ""Lint:830"", ""Goal"": ""BOS_LINT_RULE"", ""Module"": ""AES_CORE_dev"", ""FileName"": ""/storage/project/atlas/design/user/pnson/ATLAS_WORKING/IP/AESDMA/RTL/AES_CORE/AES_CORE_dev.v"", ""LineNumber"": ""1403"", ""Statement"": ""    for(p=0; p < P_AES_CLUSTER_CNT; p = p + 1) begin: AES_CLUSTER_OP"", ""RTL_EXPRESSION"": ""P_AES_CLUSTER_CNT"", ""HdlExp"": ""p"", ""HDL_STATEMENT"": "" in comparison""}"
SignedUnsignedExpr-ML_316f9bbbec7f,UNCHANGED,WAIVED,yes,SignedUnsignedExpr-ML_799,This is confirmed by designer,AUTO,,,,,PENDING,,SignedUnsignedExpr-ML,warning,BOS_LINT_RULE,AES_CORE_dev,/storage/project/atlas/design/user/pnson/ATLAS_WORKING/IP/AESDMA/RTL/AES_CORE/AES_CORE_dev.v,1581,,,else if (I_AES_ENC_DEC_MODE && r_enc_in_ready[r_cur_aes_in_idx] &&,Unsigned expression '[RTL_EXPRESSION]' used with signed expression '[HdlExp]'[HDL_STATEMENT],Lint:831,waived,,,"{""Goal"": ""BOS_LINT_RULE"", ""Module"": ""AES_CORE_dev"", ""FileName"": ""/storage/project/atlas/design/user/pnson/ATLAS_WORKING/IP/AESDMA/RTL/AES_CORE/AES_CORE_dev.v"", ""LineNumber"": ""1581"", ""Statement"": ""else if (I_AES_ENC_DEC_MODE && r_enc_in_ready[r_cur_aes_in_idx] &&""}","{""Tag"": ""SignedUnsignedExpr-ML"", ""Description"": ""Unsigned expression '[RTL_EXPRESSION]' used with signed expression '[HdlExp]'[HDL_STATEMENT]"", ""Violation"": ""Lint:831"", ""Goal"": ""BOS_LINT_RULE"", ""Module"": ""AES_CORE_dev"", ""FileName"": ""/storage/project/atlas/design/user/pnson/ATLAS_WORKING/IP/AESDMA/RTL/AES_CORE/AES_CORE_dev.v"", ""LineNumber"": ""1581"", ""Statement"": ""                        else if (I_AES_ENC_DEC_MODE && r_enc_in_ready[r_cur_aes_in_idx] &&"", ""RTL_EXPRESSION"": ""r_cur_aes_in_idx"", ""HdlExp"": ""(p - 1)"", ""HDL_STATEMENT"": "" in comparison""}"
SignedUnsignedExpr-ML_b99220ca8a75,UNCHANGED,WAIVED,yes,SignedUnsignedExpr-ML_799,This is confirmed by designer,AUTO,,,,,PENDING,,SignedUnsignedExpr-ML,warning,BOS_LINT_RULE,AES_CORE_dev,/storage/project/atlas/design/user/pnson/ATLAS_WORKING/IP/AESDMA/RTL/AES_CORE/AES_CORE_dev.v,1889,,,for(p=0; p < P_AES_CLUSTER_CNT; p = p + 1) begin: gen_enc_J_cipher_or_in_0,Unsigned expression '[RTL_EXPRESSION]' used with signed expression '[HdlExp]'[HDL_STATEMENT],Lint:832,waived,,,"{""Goal"": ""BOS_LINT_RULE"", ""Module"": ""AES_CORE_dev"", ""FileName"": ""/storage/project/atlas/design/user/pnson/ATLAS_WORKING/IP/AESDMA/RTL/AES_CORE/AES_CORE_dev.v"", ""LineNumber"": ""1889"", ""Statement"": ""for(p=0; p < P_AES_CLUSTER_CNT; p = p + 1) begin: gen_enc_J_cipher_or_in_0""}","{""Tag"": ""SignedUnsignedExpr-ML"", ""Description"": ""Unsigned expression '[RTL_EXPRESSION]' used with signed expression '[HdlExp]'[HDL_STATEMENT]"", ""Violation"": ""Lint:832"", ""Goal"": ""BOS_LINT_RULE"", ""Module"": ""AES_CORE_dev"", ""FileName"": ""/storage/project/atlas/design/user/pnson/ATLAS_WORKING/IP/AESDMA/RTL/AES_CORE/AES_CORE_dev.v"", ""LineNumber"": ""1889"", ""Statement"": ""    for(p=0; p < P_AES_CLUSTER_CNT; p = p + 1) begin: gen_enc_J_cipher_or_in_0"", ""RTL_EXPRESSION"": ""P_AES_CLUSTER_CNT"", ""HdlExp"": ""p"", ""HDL_STATEMENT"": "" in comparison""}"
SignedUnsignedExpr-ML_b840237e5a3f,UNCHANGED,WAIVED,yes,SignedUnsignedExpr-ML_799,This is confirmed by designer,AUTO,,,,,PENDING,,SignedUnsignedExpr-ML,warning,BOS_LINT_RULE,AES_CORE_dev,/storage/project/atlas/design/user/pnson/ATLAS_WORKING/IP/AESDMA/RTL/AES_CORE/AES_CORE_dev.v,2032,,,for(p=0; p < P_AES_CLUSTER_CNT; p = p + 1) begin: gen_mdata_for_cfb_or_in_0,Unsigned expression '[RTL_EXPRESSION]' used with signed expression '[HdlExp]'[HDL_STATEMENT],Lint:833,waived,,,"{""Goal"": ""BOS_LINT_RULE"", ""Module"": ""AES_CORE_dev"", ""FileName"": ""/storage/project/atlas/design/user/pnson/ATLAS_WORKING/IP/AESDMA/RTL/AES_CORE/AES_CORE_dev.v"", ""LineNumber"": ""2032"", ""Statement"": ""for(p=0; p < P_AES_CLUSTER_CNT; p = p + 1) begin: gen_mdata_for_cfb_or_in_0""}","{""Tag"": ""SignedUnsignedExpr-ML"", ""Description"": ""Unsigned expression '[RTL_EXPRESSION]' used with signed expression '[HdlExp]'[HDL_STATEMENT]"", ""Violation"": ""Lint:833"", ""Goal"": ""BOS_LINT_RULE"", ""Module"": ""AES_CORE_dev"", ""FileName"": ""/storage/project/atlas/design/user/pnson/ATLAS_WORKING/IP/AESDMA/RTL/AES_CORE/AES_CORE_dev.v"", ""LineNumber"": ""2032"", ""Statement"": ""    for(p=0; p < P_AES_CLUSTER_CNT; p = p + 1) begin: gen_mdata_for_cfb_or_in_0"", ""RTL_EXPRESSION"": ""P_AES_CLUSTER_CNT"", ""HdlExp"": ""p"", ""HDL_STATEMENT"": "" in comparison""}"
SignedUnsignedExpr-ML_946909afe3ad,UNCHANGED,WAIVED,yes,SignedUnsignedExpr-ML_799,This is confirmed by designer,AUTO,,,,,PENDING,,SignedUnsignedExpr-ML,warning,BOS_LINT_RULE,BOS_SOC_SYNCHSR_LVT,/storage/project/atlas/design/user/pnson/ATLAS_WORKING/IP/BOS_LIB/bos_logic/LVT/BOS_SOC_SYNCHSR_LVT.v,31,,,for (i = 0; i < DW; i = i + 1) begin: sync_inst,Unsigned expression '[RTL_EXPRESSION]' used with signed expression '[HdlExp]'[HDL_STATEMENT],Lint:771,waived,,,"{""Goal"": ""BOS_LINT_RULE"", ""Module"": ""BOS_SOC_SYNCHSR_LVT"", ""FileName"": ""/storage/project/atlas/design/user/pnson/ATLAS_WORKING/IP/BOS_LIB/bos_logic/LVT/BOS_SOC_SYNCHSR_LVT.v"", ""LineNumber"": ""31"", ""Statement"": ""for (i = 0; i < DW; i = i + 1) begin: sync_inst""}","{""Tag"": ""SignedUnsignedExpr-ML"", ""Description"": ""Unsigned expression '[RTL_EXPRESSION]' used with signed expression '[HdlExp]'[HDL_STATEMENT]"", ""Violation"": ""Lint:771"", ""Goal"": ""BOS_LINT_RULE"", ""Module"": ""BOS_SOC_SYNCHSR_LVT"", ""FileName"": ""/storage/project/atlas/design/user/pnson/ATLAS_WORKING/IP/BOS_LIB/bos_logic/LVT/BOS_SOC_SYNCHSR_LVT.v"", ""LineNumber"": ""31"", ""Statement"": ""        for (i = 0; i < DW; i = i + 1) begin: sync_inst"", ""RTL_EXPRESSION"": ""DW"", ""HdlExp"": ""i"", ""HDL_STATEMENT"": "" in comparison""}"
W164a_aa9901c77213,UNCHANGED,WAIVED,yes,W164a_785,These counters updating logic are confirmed by designer,CUSTOM,,"(Goal == ""BOS_LINT_RULE"") AND (Module == ""AESDMA_RD_DESC"") AND (Statement == ""n_rdAddr[AXI_ADDR_WD-1:ADDR_BASE_LSB] = r_rdAddr[AXI_ADDR_WD-1:ADDR_BASE_LSB] + {{(AXI_ADDR_WD-ADDR_BASE_LSB-AXI_LEN_WD){1'b0}}, w_rdBurstLen} + 1;"") AND (HIERARCHY == "":BOS_AESDMA:u_AESDMA_TOP@AESDMA_TOP_DCLS:u_aesdma_top@AESDMA_TOP:u_AESDMA_RD_DESC@AESDMA_RD_DESC"")",,,PENDING,,W164a,warning,BOS_LINT_RULE,AESDMA_AW_W_FC,/storage/project/atlas/design/user/pnson/ATLAS_WORKING/IP/AESDMA/RTL/AESDMA_CORE/AESDMA_AW_W_FC.v,36,:BOS_AESDMA:u_AESDMA_TOP@AESDMA_TOP_DCLS:u_aesdma_top@AESDMA_TOP:u_AESDMA_WRCORE@AESDMA_WRCORE:u_AESDMA_AW_W_FC@AESDMA_AW_W_FC,,assign nxt_r_cnt = (r_cnt == FIFO_DEPTH-1) ? ({AW{1'b0}}) : (r_cnt + 1'b1);,LHS[NodeName]: '[LHSExpr]' width [LHS_Size] is less than RHS: '[RHSExpr]' width [RHS_Size] in[NodeType] assignment [Hierarchy: '[HIERARCHY]'],Lint:808,waived,pnson,N/A,"{""Goal"": ""BOS_LINT_RULE"", ""Module"": ""AESDMA_RD_DESC"", ""Statement"": ""n_rdAddr[AXI_ADDR_WD-1:ADDR_BASE_LSB] = r_rdAddr[AXI_ADDR_WD-1:ADDR_BASE_LSB] + {{(AXI_ADDR_WD-ADDR_BASE_LSB-AXI_LEN_WD){1'b0}}, w_rdBurstLen} + 1;"", ""HIERARCHY"": "":BOS_AESDMA:u_AESDMA_TOP@AESDMA_TOP_DCLS:u_aesdma_top@AESDMA_TOP:u_AESDMA_RD_DESC@AESDMA_RD_DESC""}","{""Tag"": ""W164a"", ""Description"": ""LHS[NodeName]: '[LHSExpr]' width [LHS_Size] is less than RHS: '[RHSExpr]' width [RHS_Size] in[NodeType] assignment [Hierarchy: '[HIERARCHY]']"", ""Violation"": ""Lint:808"", ""Goal"": ""BOS_LINT_RULE"", ""Module"": ""AESDMA_AW_W_FC"", ""FileName"": ""/storage/project/atlas/design/user/pnson/ATLAS_WORKING/IP/AESDMA/RTL/AESDMA_CORE/AESDMA_AW_W_FC.v"", ""LineNumber"": ""36"", ""Statement"": ""    assign nxt_r_cnt = (r_cnt == FIFO_DEPTH-1) ? ({AW{1'b0}}) : (r_cnt + 1'b1);"", ""NodeName"": """", ""LHSExpr"": ""nxt_r_cnt"", ""LHS_Size"": ""7"", ""RHSExpr"": ""(r_cnt + 1'b1)"", ""RHS_Size"": ""8"", ""NodeType"": """", ""HIERARCHY"": "":BOS_AESDMA:u_AESDMA_TOP@AESDMA_TOP_DCLS:u_aesdma_top@AESDMA_TOP:u_AESDMA_WRCORE@AESDMA_WRCORE:u_AESDMA_AW_W_FC@AESDMA_AW_W_FC""}"
W164a_fd6a370a79ab,UNCHANGED,WAIVED,yes,W164a_785,These counters updating logic are confirmed by designer,CUSTOM,,"(Goal == ""BOS_LINT_RULE"") AND (Module == ""AESDMA_RD_DESC"") AND (Statement == ""n_rdAddr[AXI_ADDR_WD-1:ADDR_BASE_LSB] = r_rdAddr[AXI_ADDR_WD-1:ADDR_BASE_LSB] + {{(AXI_ADDR_WD-ADDR_BASE_LSB-AXI_LEN_WD){1'b0}}, w_rdBurstLen} + 1;"") AND (HIERARCHY == "":BOS_AESDMA:u_AESDMA_TOP@AESDMA_TOP_DCLS:u_aesdma_top@AESDMA_TOP:u_AESDMA_RD_DESC@AESDMA_RD_DESC"")",,,PENDING,,W164a,warning,BOS_LINT_RULE,AESDMA_AW_W_FC,/storage/project/atlas/design/user/pnson/ATLAS_WORKING/IP/AESDMA/RTL/AESDMA_CORE/AESDMA_AW_W_FC.v,37,:BOS_AESDMA:u_AESDMA_TOP@AESDMA_TOP_DCLS:u_aesdma_top@AESDMA_TOP:u_AESDMA_WRCORE@AESDMA_WRCORE:u_AESDMA_AW_W_FC@AESDMA_AW_W_FC,,assign nxt_w_cnt = (w_cnt == FIFO_DEPTH-1) ? ({AW{1'b0}}) : (w_cnt + 1'b1);,LHS[NodeName]: '[LHSExpr]' width [LHS_Size] is less than RHS: '[RHSExpr]' width [RHS_Size] in[NodeType] assignment [Hierarchy: '[HIERARCHY]'],Lint:809,waived,pnson,N/A,"{""Goal"": ""BOS_LINT_RULE"", ""Module"": ""AESDMA_RD_DESC"", ""Statement"": ""n_rdAddr[AXI_ADDR_WD-1:ADDR_BASE_LSB] = r_rdAddr[AXI_ADDR_WD-1:ADDR_BASE_LSB] + {{(AXI_ADDR_WD-ADDR_BASE_LSB-AXI_LEN_WD){1'b0}}, w_rdBurstLen} + 1;"", ""HIERARCHY"": "":BOS_AESDMA:u_AESDMA_TOP@AESDMA_TOP_DCLS:u_aesdma_top@AESDMA_TOP:u_AESDMA_RD_DESC@AESDMA_RD_DESC""}","{""Tag"": ""W164a"", ""Description"": ""LHS[NodeName]: '[LHSExpr]' width [LHS_Size] is less than RHS: '[RHSExpr]' width [RHS_Size] in[NodeType] assignment [Hierarchy: '[HIERARCHY]']"", ""Violation"": ""Lint:809"", ""Goal"": ""BOS_LINT_RULE"", ""Module"": ""AESDMA_AW_W_FC"", ""FileName"": ""/storage/project/atlas/design/user/pnson/ATLAS_WORKING/IP/AESDMA/RTL/AESDMA_CORE/AESDMA_AW_W_FC.v"", ""LineNumber"": ""37"", ""Statement"": ""    assign nxt_w_cnt = (w_cnt == FIFO_DEPTH-1) ? ({AW{1'b0}}) : (w_cnt + 1'b1);"", ""NodeName"": """", ""LHSExpr"": ""nxt_w_cnt"", ""LHS_Size"": ""7"", ""RHSExpr"": ""(w_cnt + 1'b1)"", ""RHS_Size"": ""8"", ""NodeType"": """", ""HIERARCHY"": "":BOS_AESDMA:u_AESDMA_TOP@AESDMA_TOP_DCLS:u_aesdma_top@AESDMA_TOP:u_AESDMA_WRCORE@AESDMA_WRCORE:u_AESDMA_AW_W_FC@AESDMA_AW_W_FC""}"
W164a_d93541370b31,UNCHANGED,WAIVED,yes,W164a_785,These counters updating logic are confirmed by designer,CUSTOM,,"(Goal == ""BOS_LINT_RULE"") AND (Module == ""AESDMA_RD_DESC"") AND (Statement == ""n_rdAddr[AXI_ADDR_WD-1:ADDR_BASE_LSB] = r_rdAddr[AXI_ADDR_WD-1:ADDR_BASE_LSB] + {{(AXI_ADDR_WD-ADDR_BASE_LSB-AXI_LEN_WD){1'b0}}, w_rdBurstLen} + 1;"") AND (HIERARCHY == "":BOS_AESDMA:u_AESDMA_TOP@AESDMA_TOP_DCLS:u_aesdma_top@AESDMA_TOP:u_AESDMA_RD_DESC@AESDMA_RD_DESC"")",,,PENDING,,W164a,warning,BOS_LINT_RULE,AESDMA_CRC_GEN,/storage/project/atlas/design/user/pnson/ATLAS_WORKING/IP/AESDMA/RTL/AESDMA_CORE/AESDMA_CRC_GEN.v,140,:BOS_AESDMA:u_AESDMA_TOP@AESDMA_TOP_DCLS:u_aesdma_top@AESDMA_TOP:u_AESDMA_DATAGEN@AESDMA_DATAGEN:u_AESDMA_CRC_GEN_in_DATAGEN@AESDMA_CRC_GEN,,r_data_len_cnt_mem <= r_data_len_cnt_mem + (AXI_DATA_WD/8) ;,LHS[NodeName]: '[LHSExpr]' width [LHS_Size] is less than RHS: '[RHSExpr]' width [RHS_Size] in[NodeType] assignment [Hierarchy: '[HIERARCHY]'],Lint:814,waived,pnson,N/A,"{""Goal"": ""BOS_LINT_RULE"", ""Module"": ""AESDMA_RD_DESC"", ""Statement"": ""n_rdAddr[AXI_ADDR_WD-1:ADDR_BASE_LSB] = r_rdAddr[AXI_ADDR_WD-1:ADDR_BASE_LSB] + {{(AXI_ADDR_WD-ADDR_BASE_LSB-AXI_LEN_WD){1'b0}}, w_rdBurstLen} + 1;"", ""HIERARCHY"": "":BOS_AESDMA:u_AESDMA_TOP@AESDMA_TOP_DCLS:u_aesdma_top@AESDMA_TOP:u_AESDMA_RD_DESC@AESDMA_RD_DESC""}","{""Tag"": ""W164a"", ""Description"": ""LHS[NodeName]: '[LHSExpr]' width [LHS_Size] is less than RHS: '[RHSExpr]' width [RHS_Size] in[NodeType] assignment [Hierarchy: '[HIERARCHY]']"", ""Violation"": ""Lint:814"", ""Goal"": ""BOS_LINT_RULE"", ""Module"": ""AESDMA_CRC_GEN"", ""FileName"": ""/storage/project/atlas/design/user/pnson/ATLAS_WORKING/IP/AESDMA/RTL/AESDMA_CORE/AESDMA_CRC_GEN.v"", ""LineNumber"": ""140"", ""Statement"": ""                r_data_len_cnt_mem <= r_data_len_cnt_mem + (AXI_DATA_WD/8) ;"", ""NodeName"": """", ""LHSExpr"": ""r_data_len_cnt_mem"", ""LHS_Size"": ""32"", ""RHSExpr"": ""(r_data_len_cnt_mem + (AXI_DATA_WD / 8))"", ""RHS_Size"": ""33"", ""NodeType"": """", ""HIERARCHY"": "":BOS_AESDMA:u_AESDMA_TOP@AESDMA_TOP_DCLS:u_aesdma_top@AESDMA_TOP:u_AESDMA_DATAGEN@AESDMA_DATAGEN:u_AESDMA_CRC_GEN_in_DATAGEN@AESDMA_CRC_GEN""}"
W164a_7660b53e6188,UNCHANGED,WAIVED,yes,W164a_785,These counters updating logic are confirmed by designer,CUSTOM,,"(Goal == ""BOS_LINT_RULE"") AND (Module == ""AESDMA_RD_DESC"") AND (Statement == ""n_rdAddr[AXI_ADDR_WD-1:ADDR_BASE_LSB] = r_rdAddr[AXI_ADDR_WD-1:ADDR_BASE_LSB] + {{(AXI_ADDR_WD-ADDR_BASE_LSB-AXI_LEN_WD){1'b0}}, w_rdBurstLen} + 1;"") AND (HIERARCHY == "":BOS_AESDMA:u_AESDMA_TOP@AESDMA_TOP_DCLS:u_aesdma_top@AESDMA_TOP:u_AESDMA_RD_DESC@AESDMA_RD_DESC"")",,,PENDING,,W164a,warning,BOS_LINT_RULE,AESDMA_DATAGEN,/storage/project/atlas/design/user/pnson/ATLAS_WORKING/IP/AESDMA/RTL/AESDMA_CORE/AESDMA_DATAGEN.v,157,:BOS_AESDMA:u_AESDMA_TOP@AESDMA_TOP_DCLS:u_aesdma_top@AESDMA_TOP:u_AESDMA_DATAGEN@AESDMA_DATAGEN,,r_datagen_trcnt <= w_datagen_len[DMA_LEN_WD-1:ADDR_BASE_LSB] + ((|w_datagen_len[ADDR_BASE_LSB-1:0]) ? 1 : 0);,LHS[NodeName]: '[LHSExpr]' width [LHS_Size] is less than RHS: '[RHSExpr]' width [RHS_Size] in[NodeType] assignment [Hierarchy: '[HIERARCHY]'],Lint:810,waived,pnson,N/A,"{""Goal"": ""BOS_LINT_RULE"", ""Module"": ""AESDMA_RD_DESC"", ""Statement"": ""n_rdAddr[AXI_ADDR_WD-1:ADDR_BASE_LSB] = r_rdAddr[AXI_ADDR_WD-1:ADDR_BASE_LSB] + {{(AXI_ADDR_WD-ADDR_BASE_LSB-AXI_LEN_WD){1'b0}}, w_rdBurstLen} + 1;"", ""HIERARCHY"": "":BOS_AESDMA:u_AESDMA_TOP@AESDMA_TOP_DCLS:u_aesdma_top@AESDMA_TOP:u_AESDMA_RD_DESC@AESDMA_RD_DESC""}","{""Tag"": ""W164a"", ""Description"": ""LHS[NodeName]: '[LHSExpr]' width [LHS_Size] is less than RHS: '[RHSExpr]' width [RHS_Size] in[NodeType] assignment [Hierarchy: '[HIERARCHY]']"", ""Violation"": ""Lint:810"", ""Goal"": ""BOS_LINT_RULE"", ""Module"": ""AESDMA_DATAGEN"", ""FileName"": ""/storage/project/atlas/design/user/pnson/ATLAS_WORKING/IP/AESDMA/RTL/AESDMA_CORE/AESDMA_DATAGEN.v"", ""LineNumber"": ""157"", ""Statement"": ""            r_datagen_trcnt <= w_datagen_len[DMA_LEN_WD-1:ADDR_BASE_LSB] + ((|w_datagen_len[ADDR_BASE_LSB-1:0]) ? 1 : 0);"", ""NodeName"": """", ""LHSExpr"": ""r_datagen_trcnt"", ""LHS_Size"": ""28"", ""RHSExpr"": ""(w_datagen_len[(DMA_LEN_WD - 1):ADDR_BASE_LSB]  + ((| w_datagen_len[(ADDR_BASE_LSB - 1):0] ) ? 1 : 0))"", ""RHS_Size"": ""29"", ""NodeType"": """", ""HIERARCHY"": "":BOS_AESDMA:u_AESDMA_TOP@AESDMA_TOP_DCLS:u_aesdma_top@AESDMA_TOP:u_AESDMA_DATAGEN@AESDMA_DATAGEN""}"
W164a_c90a63b2d9e8,UNCHANGED,WAIVED,yes,W164a_785,These counters updating logic are confirmed by designer,CUSTOM,,"(Goal == ""BOS_LINT_RULE"") AND (Module == ""AESDMA_RD_DESC"") AND (Statement == ""n_rdAddr[AXI_ADDR_WD-1:ADDR_BASE_LSB] = r_rdAddr[AXI_ADDR_WD-1:ADDR_BASE_LSB] + {{(AXI_ADDR_WD-ADDR_BASE_LSB-AXI_LEN_WD){1'b0}}, w_rdBurstLen} + 1;"") AND (HIERARCHY == "":BOS_AESDMA:u_AESDMA_TOP@AESDMA_TOP_DCLS:u_aesdma_top@AESDMA_TOP:u_AESDMA_RD_DESC@AESDMA_RD_DESC"")",,,PENDING,,W164a,warning,BOS_LINT_RULE,AESDMA_DATAGEN,/storage/project/atlas/design/user/pnson/ATLAS_WORKING/IP/AESDMA/RTL/AESDMA_CORE/AESDMA_DATAGEN.v,219,:BOS_AESDMA:u_AESDMA_TOP@AESDMA_TOP_DCLS:u_aesdma_top@AESDMA_TOP:u_AESDMA_DATAGEN@AESDMA_DATAGEN:\gen_alu_out_val[0],,assign alu_out_val[k*32 +: 32] = (I_DMA_OP_SEL == DATAGEN_OP_ADD) ? w_alu_op0_val_mux[k*32 +: 32] + I_ALU_OP1_VAL_mux[k*32 +: 32] :,LHS[NodeName]: '[LHSExpr]' width [LHS_Size] is less than RHS: '[RHSExpr]' width [RHS_Size] in[NodeType] assignment [Hierarchy: '[HIERARCHY]'],Lint:813,waived,pnson,N/A,"{""Goal"": ""BOS_LINT_RULE"", ""Module"": ""AESDMA_RD_DESC"", ""Statement"": ""n_rdAddr[AXI_ADDR_WD-1:ADDR_BASE_LSB] = r_rdAddr[AXI_ADDR_WD-1:ADDR_BASE_LSB] + {{(AXI_ADDR_WD-ADDR_BASE_LSB-AXI_LEN_WD){1'b0}}, w_rdBurstLen} + 1;"", ""HIERARCHY"": "":BOS_AESDMA:u_AESDMA_TOP@AESDMA_TOP_DCLS:u_aesdma_top@AESDMA_TOP:u_AESDMA_RD_DESC@AESDMA_RD_DESC""}","{""Tag"": ""W164a"", ""Description"": ""LHS[NodeName]: '[LHSExpr]' width [LHS_Size] is less than RHS: '[RHSExpr]' width [RHS_Size] in[NodeType] assignment [Hierarchy: '[HIERARCHY]']"", ""Violation"": ""Lint:813"", ""Goal"": ""BOS_LINT_RULE"", ""Module"": ""AESDMA_DATAGEN"", ""FileName"": ""/storage/project/atlas/design/user/pnson/ATLAS_WORKING/IP/AESDMA/RTL/AESDMA_CORE/AESDMA_DATAGEN.v"", ""LineNumber"": ""219"", ""Statement"": ""    assign alu_out_val[k*32 +: 32] = (I_DMA_OP_SEL == DATAGEN_OP_ADD)  ? w_alu_op0_val_mux[k*32 +: 32] + I_ALU_OP1_VAL_mux[k*32 +: 32] :"", ""NodeName"": """", ""LHSExpr"": ""alu_out_val[(k * 32) +:32]"", ""LHS_Size"": ""32"", ""RHSExpr"": ""(w_alu_op0_val_mux[(k * 32) +:32]  + I_ALU_OP1_VAL_mux[(k * 32) +:32] )"", ""RHS_Size"": ""33"", ""NodeType"": """", ""HIERARCHY"": "":BOS_AESDMA:u_AESDMA_TOP@AESDMA_TOP_DCLS:u_aesdma_top@AESDMA_TOP:u_AESDMA_DATAGEN@AESDMA_DATAGEN:\\gen_alu_out_val[0]""}"
W164a_1d457f0d51fe,UNCHANGED,WAIVED,yes,W164a_785,These counters updating logic are confirmed by designer,CUSTOM,,"(Goal == ""BOS_LINT_RULE"") AND (Module == ""AESDMA_RD_DESC"") AND (Statement == ""n_rdAddr[AXI_ADDR_WD-1:ADDR_BASE_LSB] = r_rdAddr[AXI_ADDR_WD-1:ADDR_BASE_LSB] + {{(AXI_ADDR_WD-ADDR_BASE_LSB-AXI_LEN_WD){1'b0}}, w_rdBurstLen} + 1;"") AND (HIERARCHY == "":BOS_AESDMA:u_AESDMA_TOP@AESDMA_TOP_DCLS:u_aesdma_top@AESDMA_TOP:u_AESDMA_RD_DESC@AESDMA_RD_DESC"")",,,PENDING,,W164a,warning,BOS_LINT_RULE,AESDMA_DATAGEN,/storage/project/atlas/design/user/pnson/ATLAS_WORKING/IP/AESDMA/RTL/AESDMA_CORE/AESDMA_DATAGEN.v,250,:BOS_AESDMA:u_AESDMA_TOP@AESDMA_TOP_DCLS:u_aesdma_top@AESDMA_TOP:u_AESDMA_DATAGEN@AESDMA_DATAGEN,,next_datagen_data[i*32 +: 32] = r_datagen_data[i*32 +: 32] + I_ALU_OP1_VAL[i*32 +: 32];,LHS[NodeName]: '[LHSExpr]' width [LHS_Size] is less than RHS: '[RHSExpr]' width [RHS_Size] in[NodeType] assignment [Hierarchy: '[HIERARCHY]'],Lint:811,waived,pnson,N/A,"{""Goal"": ""BOS_LINT_RULE"", ""Module"": ""AESDMA_RD_DESC"", ""Statement"": ""n_rdAddr[AXI_ADDR_WD-1:ADDR_BASE_LSB] = r_rdAddr[AXI_ADDR_WD-1:ADDR_BASE_LSB] + {{(AXI_ADDR_WD-ADDR_BASE_LSB-AXI_LEN_WD){1'b0}}, w_rdBurstLen} + 1;"", ""HIERARCHY"": "":BOS_AESDMA:u_AESDMA_TOP@AESDMA_TOP_DCLS:u_aesdma_top@AESDMA_TOP:u_AESDMA_RD_DESC@AESDMA_RD_DESC""}","{""Tag"": ""W164a"", ""Description"": ""LHS[NodeName]: '[LHSExpr]' width [LHS_Size] is less than RHS: '[RHSExpr]' width [RHS_Size] in[NodeType] assignment [Hierarchy: '[HIERARCHY]']"", ""Violation"": ""Lint:811"", ""Goal"": ""BOS_LINT_RULE"", ""Module"": ""AESDMA_DATAGEN"", ""FileName"": ""/storage/project/atlas/design/user/pnson/ATLAS_WORKING/IP/AESDMA/RTL/AESDMA_CORE/AESDMA_DATAGEN.v"", ""LineNumber"": ""250"", ""Statement"": ""            next_datagen_data[i*32 +: 32] = r_datagen_data[i*32 +: 32] + I_ALU_OP1_VAL[i*32 +: 32];"", ""NodeName"": """", ""LHSExpr"": ""next_datagen_data[(i * 32) +:32]"", ""LHS_Size"": ""32"", ""RHSExpr"": ""(r_datagen_data[(i * 32) +:32]  + I_ALU_OP1_VAL[(i * 32) +:32] )"", ""RHS_Size"": ""33"", ""NodeType"": """", ""HIERARCHY"": "":BOS_AESDMA:u_AESDMA_TOP@AESDMA_TOP_DCLS:u_aesdma_top@AESDMA_TOP:u_AESDMA_DATAGEN@AESDMA_DATAGEN""}"
W164a_c078e63cfa3e,UNCHANGED,WAIVED,yes,W164a_785,These counters updating logic are confirmed by designer,CUSTOM,,"(Goal == ""BOS_LINT_RULE"") AND (Module == ""AESDMA_RD_DESC"") AND (Statement == ""n_rdAddr[AXI_ADDR_WD-1:ADDR_BASE_LSB] = r_rdAddr[AXI_ADDR_WD-1:ADDR_BASE_LSB] + {{(AXI_ADDR_WD-ADDR_BASE_LSB-AXI_LEN_WD){1'b0}}, w_rdBurstLen} + 1;"") AND (HIERARCHY == "":BOS_AESDMA:u_AESDMA_TOP@AESDMA_TOP_DCLS:u_aesdma_top@AESDMA_TOP:u_AESDMA_RD_DESC@AESDMA_RD_DESC"")",,,PENDING,,W164a,warning,BOS_LINT_RULE,AESDMA_DATAGEN,/storage/project/atlas/design/user/pnson/ATLAS_WORKING/IP/AESDMA/RTL/AESDMA_CORE/AESDMA_DATAGEN.v,254,:BOS_AESDMA:u_AESDMA_TOP@AESDMA_TOP_DCLS:u_aesdma_top@AESDMA_TOP:u_AESDMA_DATAGEN@AESDMA_DATAGEN,,next_datagen_data[i*32 +: 32] = r_datagen_data[i*32 +: 32] + I_ALU_OP1_VAL[i*32 +: 32];,LHS[NodeName]: '[LHSExpr]' width [LHS_Size] is less than RHS: '[RHSExpr]' width [RHS_Size] in[NodeType] assignment [Hierarchy: '[HIERARCHY]'],Lint:812,waived,pnson,N/A,"{""Goal"": ""BOS_LINT_RULE"", ""Module"": ""AESDMA_RD_DESC"", ""Statement"": ""n_rdAddr[AXI_ADDR_WD-1:ADDR_BASE_LSB] = r_rdAddr[AXI_ADDR_WD-1:ADDR_BASE_LSB] + {{(AXI_ADDR_WD-ADDR_BASE_LSB-AXI_LEN_WD){1'b0}}, w_rdBurstLen} + 1;"", ""HIERARCHY"": "":BOS_AESDMA:u_AESDMA_TOP@AESDMA_TOP_DCLS:u_aesdma_top@AESDMA_TOP:u_AESDMA_RD_DESC@AESDMA_RD_DESC""}","{""Tag"": ""W164a"", ""Description"": ""LHS[NodeName]: '[LHSExpr]' width [LHS_Size] is less than RHS: '[RHSExpr]' width [RHS_Size] in[NodeType] assignment [Hierarchy: '[HIERARCHY]']"", ""Violation"": ""Lint:812"", ""Goal"": ""BOS_LINT_RULE"", ""Module"": ""AESDMA_DATAGEN"", ""FileName"": ""/storage/project/atlas/design/user/pnson/ATLAS_WORKING/IP/AESDMA/RTL/AESDMA_CORE/AESDMA_DATAGEN.v"", ""LineNumber"": ""254"", ""Statement"": ""            next_datagen_data[i*32 +: 32] = r_datagen_data[i*32 +: 32] + I_ALU_OP1_VAL[i*32 +: 32];"", ""NodeName"": """", ""LHSExpr"": ""next_datagen_data[(i * 32) +:32]"", ""LHS_Size"": ""32"", ""RHSExpr"": ""(r_datagen_data[(i * 32) +:32]  + I_ALU_OP1_VAL[(i * 32) +:32] )"", ""RHS_Size"": ""33"", ""NodeType"": """", ""HIERARCHY"": "":BOS_AESDMA:u_AESDMA_TOP@AESDMA_TOP_DCLS:u_aesdma_top@AESDMA_TOP:u_AESDMA_DATAGEN@AESDMA_DATAGEN""}"
W164a_b1c30aa3f537,UNCHANGED,WAIVED,yes,W164a_785,These counters updating logic are confirmed by designer,CUSTOM,,"(Goal == ""BOS_LINT_RULE"") AND (Module == ""AESDMA_RD_DESC"") AND (Statement == ""n_rdAddr[AXI_ADDR_WD-1:ADDR_BASE_LSB] = r_rdAddr[AXI_ADDR_WD-1:ADDR_BASE_LSB] + {{(AXI_ADDR_WD-ADDR_BASE_LSB-AXI_LEN_WD){1'b0}}, w_rdBurstLen} + 1;"") AND (HIERARCHY == "":BOS_AESDMA:u_AESDMA_TOP@AESDMA_TOP_DCLS:u_aesdma_top@AESDMA_TOP:u_AESDMA_RD_DESC@AESDMA_RD_DESC"")",,,PENDING,,W164a,warning,BOS_LINT_RULE,AESDMA_DOORBELL,/storage/project/atlas/design/user/pnson/ATLAS_WORKING/IP/AESDMA/RTL/AESDMA_CORE/AESDMA_DOORBELL.v,110,:BOS_AESDMA:u_AESDMA_TOP@AESDMA_TOP_DCLS:u_aesdma_top@AESDMA_TOP:u_AESDMA_DOORBELL@AESDMA_DOORBELL,,assign O_RdDesc_StartAddr = (r_active_bd_num != 0)? I_Doorbell_BaseAddr + BD_SIZE_IN_BYTE * (r_active_bd_num-1) : {AXI_ADDR_WD{1'b0}};,LHS[NodeName]: '[LHSExpr]' width [LHS_Size] is less than RHS: '[RHSExpr]' width [RHS_Size] in[NodeType] assignment [Hierarchy: '[HIERARCHY]'],Lint:781,waived,pnson,N/A,"{""Goal"": ""BOS_LINT_RULE"", ""Module"": ""AESDMA_RD_DESC"", ""Statement"": ""n_rdAddr[AXI_ADDR_WD-1:ADDR_BASE_LSB] = r_rdAddr[AXI_ADDR_WD-1:ADDR_BASE_LSB] + {{(AXI_ADDR_WD-ADDR_BASE_LSB-AXI_LEN_WD){1'b0}}, w_rdBurstLen} + 1;"", ""HIERARCHY"": "":BOS_AESDMA:u_AESDMA_TOP@AESDMA_TOP_DCLS:u_aesdma_top@AESDMA_TOP:u_AESDMA_RD_DESC@AESDMA_RD_DESC""}","{""Tag"": ""W164a"", ""Description"": ""LHS[NodeName]: '[LHSExpr]' width [LHS_Size] is less than RHS: '[RHSExpr]' width [RHS_Size] in[NodeType] assignment [Hierarchy: '[HIERARCHY]']"", ""Violation"": ""Lint:781"", ""Goal"": ""BOS_LINT_RULE"", ""Module"": ""AESDMA_DOORBELL"", ""FileName"": ""/storage/project/atlas/design/user/pnson/ATLAS_WORKING/IP/AESDMA/RTL/AESDMA_CORE/AESDMA_DOORBELL.v"", ""LineNumber"": ""110"", ""Statement"": ""assign O_RdDesc_StartAddr   = (r_active_bd_num != 0)? I_Doorbell_BaseAddr + BD_SIZE_IN_BYTE * (r_active_bd_num-1) : {AXI_ADDR_WD{1'b0}};"", ""NodeName"": """", ""LHSExpr"": ""O_RdDesc_StartAddr"", ""LHS_Size"": ""44"", ""RHSExpr"": ""(I_Doorbell_BaseAddr + (BD_SIZE_IN_BYTE * (r_active_bd_num - 1)))"", ""RHS_Size"": ""45"", ""NodeType"": """", ""HIERARCHY"": "":BOS_AESDMA:u_AESDMA_TOP@AESDMA_TOP_DCLS:u_aesdma_top@AESDMA_TOP:u_AESDMA_DOORBELL@AESDMA_DOORBELL""}"
W164a_b16c35b5e10c,UNCHANGED,WAIVED,yes,W164a_785,These counters updating logic are confirmed by designer,CUSTOM,,"(Goal == ""BOS_LINT_RULE"") AND (Module == ""AESDMA_RD_DESC"") AND (Statement == ""n_rdAddr[AXI_ADDR_WD-1:ADDR_BASE_LSB] = r_rdAddr[AXI_ADDR_WD-1:ADDR_BASE_LSB] + {{(AXI_ADDR_WD-ADDR_BASE_LSB-AXI_LEN_WD){1'b0}}, w_rdBurstLen} + 1;"") AND (HIERARCHY == "":BOS_AESDMA:u_AESDMA_TOP@AESDMA_TOP_DCLS:u_aesdma_top@AESDMA_TOP:u_AESDMA_RD_DESC@AESDMA_RD_DESC"")",,,PENDING,,W164a,warning,BOS_LINT_RULE,AESDMA_PRBS_GEN,/storage/project/atlas/design/user/pnson/ATLAS_WORKING/IP/AESDMA/RTL/AESDMA_CORE/AESDMA_PRBS_GEN.v,186,:BOS_AESDMA:u_AESDMA_TOP@AESDMA_TOP_DCLS:u_aesdma_top@AESDMA_TOP:u_AESDMA_DATAGEN@AESDMA_DATAGEN:u_AESDMA_PRBS_GEN_in_DATAGEN@AESDMA_PRBS_GEN,,r_prbs_trcnt <= I_SDATA_LEN[DMA_LEN_WD-1:ADDR_BASE_LSB] + ((|I_SDATA_LEN[ADDR_BASE_LSB-1:0])? 1:0);,LHS[NodeName]: '[LHSExpr]' width [LHS_Size] is less than RHS: '[RHSExpr]' width [RHS_Size] in[NodeType] assignment [Hierarchy: '[HIERARCHY]'],Lint:815,waived,pnson,N/A,"{""Goal"": ""BOS_LINT_RULE"", ""Module"": ""AESDMA_RD_DESC"", ""Statement"": ""n_rdAddr[AXI_ADDR_WD-1:ADDR_BASE_LSB] = r_rdAddr[AXI_ADDR_WD-1:ADDR_BASE_LSB] + {{(AXI_ADDR_WD-ADDR_BASE_LSB-AXI_LEN_WD){1'b0}}, w_rdBurstLen} + 1;"", ""HIERARCHY"": "":BOS_AESDMA:u_AESDMA_TOP@AESDMA_TOP_DCLS:u_aesdma_top@AESDMA_TOP:u_AESDMA_RD_DESC@AESDMA_RD_DESC""}","{""Tag"": ""W164a"", ""Description"": ""LHS[NodeName]: '[LHSExpr]' width [LHS_Size] is less than RHS: '[RHSExpr]' width [RHS_Size] in[NodeType] assignment [Hierarchy: '[HIERARCHY]']"", ""Violation"": ""Lint:815"", ""Goal"": ""BOS_LINT_RULE"", ""Module"": ""AESDMA_PRBS_GEN"", ""FileName"": ""/storage/project/atlas/design/user/pnson/ATLAS_WORKING/IP/AESDMA/RTL/AESDMA_CORE/AESDMA_PRBS_GEN.v"", ""LineNumber"": ""186"", ""Statement"": ""            r_prbs_trcnt <= I_SDATA_LEN[DMA_LEN_WD-1:ADDR_BASE_LSB] + ((|I_SDATA_LEN[ADDR_BASE_LSB-1:0])? 1:0);"", ""NodeName"": """", ""LHSExpr"": ""r_prbs_trcnt"", ""LHS_Size"": ""28"", ""RHSExpr"": ""(I_SDATA_LEN[(DMA_LEN_WD - 1):ADDR_BASE_LSB]  + ((| I_SDATA_LEN[(ADDR_BASE_LSB - 1):0] ) ? 1 : 0))"", ""RHS_Size"": ""29"", ""NodeType"": """", ""HIERARCHY"": "":BOS_AESDMA:u_AESDMA_TOP@AESDMA_TOP_DCLS:u_aesdma_top@AESDMA_TOP:u_AESDMA_DATAGEN@AESDMA_DATAGEN:u_AESDMA_PRBS_GEN_in_DATAGEN@AESDMA_PRBS_GEN""}"
W164a_017526ab4c3d,UNCHANGED,WAIVED,yes,W164a_785,These counters updating logic are confirmed by designer,CUSTOM,,"(Goal == ""BOS_LINT_RULE"") AND (Module == ""AESDMA_RD_DESC"") AND (Statement == ""n_rdAddr[AXI_ADDR_WD-1:ADDR_BASE_LSB] = r_rdAddr[AXI_ADDR_WD-1:ADDR_BASE_LSB] + {{(AXI_ADDR_WD-ADDR_BASE_LSB-AXI_LEN_WD){1'b0}}, w_rdBurstLen} + 1;"") AND (HIERARCHY == "":BOS_AESDMA:u_AESDMA_TOP@AESDMA_TOP_DCLS:u_aesdma_top@AESDMA_TOP:u_AESDMA_RD_DESC@AESDMA_RD_DESC"")",,,PENDING,,W164a,warning,BOS_LINT_RULE,AESDMA_RDCORE,/storage/project/atlas/design/user/pnson/ATLAS_WORKING/IP/AESDMA/RTL/AESDMA_CORE/AESDMA_RDCORE.sv,450,:BOS_AESDMA:u_AESDMA_TOP@AESDMA_TOP_DCLS:u_aesdma_top@AESDMA_TOP:u_AESDMA_RDCORE@AESDMA_RDCORE,,r_rCnt_for_AXI <= r_rCnt_for_AXI + O_ArLen;,LHS[NodeName]: '[LHSExpr]' width [LHS_Size] is less than RHS: '[RHSExpr]' width [RHS_Size] in[NodeType] assignment [Hierarchy: '[HIERARCHY]'],Lint:789,waived,pnson,N/A,"{""Goal"": ""BOS_LINT_RULE"", ""Module"": ""AESDMA_RD_DESC"", ""Statement"": ""n_rdAddr[AXI_ADDR_WD-1:ADDR_BASE_LSB] = r_rdAddr[AXI_ADDR_WD-1:ADDR_BASE_LSB] + {{(AXI_ADDR_WD-ADDR_BASE_LSB-AXI_LEN_WD){1'b0}}, w_rdBurstLen} + 1;"", ""HIERARCHY"": "":BOS_AESDMA:u_AESDMA_TOP@AESDMA_TOP_DCLS:u_aesdma_top@AESDMA_TOP:u_AESDMA_RD_DESC@AESDMA_RD_DESC""}","{""Tag"": ""W164a"", ""Description"": ""LHS[NodeName]: '[LHSExpr]' width [LHS_Size] is less than RHS: '[RHSExpr]' width [RHS_Size] in[NodeType] assignment [Hierarchy: '[HIERARCHY]']"", ""Violation"": ""Lint:789"", ""Goal"": ""BOS_LINT_RULE"", ""Module"": ""AESDMA_RDCORE"", ""FileName"": ""/storage/project/atlas/design/user/pnson/ATLAS_WORKING/IP/AESDMA/RTL/AESDMA_CORE/AESDMA_RDCORE.sv"", ""LineNumber"": ""450"", ""Statement"": ""        r_rCnt_for_AXI <= r_rCnt_for_AXI + O_ArLen;"", ""NodeName"": """", ""LHSExpr"": ""r_rCnt_for_AXI"", ""LHS_Size"": ""9"", ""RHSExpr"": ""(r_rCnt_for_AXI + O_ArLen)"", ""RHS_Size"": ""10"", ""NodeType"": """", ""HIERARCHY"": "":BOS_AESDMA:u_AESDMA_TOP@AESDMA_TOP_DCLS:u_aesdma_top@AESDMA_TOP:u_AESDMA_RDCORE@AESDMA_RDCORE""}"
W164a_c505e9870872,UNCHANGED,WAIVED,yes,W164a_785,These counters updating logic are confirmed by designer,CUSTOM,,"(Goal == ""BOS_LINT_RULE"") AND (Module == ""AESDMA_RD_DESC"") AND (Statement == ""n_rdAddr[AXI_ADDR_WD-1:ADDR_BASE_LSB] = r_rdAddr[AXI_ADDR_WD-1:ADDR_BASE_LSB] + {{(AXI_ADDR_WD-ADDR_BASE_LSB-AXI_LEN_WD){1'b0}}, w_rdBurstLen} + 1;"") AND (HIERARCHY == "":BOS_AESDMA:u_AESDMA_TOP@AESDMA_TOP_DCLS:u_aesdma_top@AESDMA_TOP:u_AESDMA_RD_DESC@AESDMA_RD_DESC"")",,,PENDING,,W164a,warning,BOS_LINT_RULE,AESDMA_RDCORE,/storage/project/atlas/design/user/pnson/ATLAS_WORKING/IP/AESDMA/RTL/AESDMA_CORE/AESDMA_RDCORE.sv,452,:BOS_AESDMA:u_AESDMA_TOP@AESDMA_TOP_DCLS:u_aesdma_top@AESDMA_TOP:u_AESDMA_RDCORE@AESDMA_RDCORE,,r_rCnt_for_AXI <= r_rCnt_for_AXI + O_ArLen + 1;,LHS[NodeName]: '[LHSExpr]' width [LHS_Size] is less than RHS: '[RHSExpr]' width [RHS_Size] in[NodeType] assignment [Hierarchy: '[HIERARCHY]'],Lint:790,waived,pnson,N/A,"{""Goal"": ""BOS_LINT_RULE"", ""Module"": ""AESDMA_RD_DESC"", ""Statement"": ""n_rdAddr[AXI_ADDR_WD-1:ADDR_BASE_LSB] = r_rdAddr[AXI_ADDR_WD-1:ADDR_BASE_LSB] + {{(AXI_ADDR_WD-ADDR_BASE_LSB-AXI_LEN_WD){1'b0}}, w_rdBurstLen} + 1;"", ""HIERARCHY"": "":BOS_AESDMA:u_AESDMA_TOP@AESDMA_TOP_DCLS:u_aesdma_top@AESDMA_TOP:u_AESDMA_RD_DESC@AESDMA_RD_DESC""}","{""Tag"": ""W164a"", ""Description"": ""LHS[NodeName]: '[LHSExpr]' width [LHS_Size] is less than RHS: '[RHSExpr]' width [RHS_Size] in[NodeType] assignment [Hierarchy: '[HIERARCHY]']"", ""Violation"": ""Lint:790"", ""Goal"": ""BOS_LINT_RULE"", ""Module"": ""AESDMA_RDCORE"", ""FileName"": ""/storage/project/atlas/design/user/pnson/ATLAS_WORKING/IP/AESDMA/RTL/AESDMA_CORE/AESDMA_RDCORE.sv"", ""LineNumber"": ""452"", ""Statement"": ""        r_rCnt_for_AXI <= r_rCnt_for_AXI + O_ArLen + 1;"", ""NodeName"": """", ""LHSExpr"": ""r_rCnt_for_AXI"", ""LHS_Size"": ""9"", ""RHSExpr"": ""((r_rCnt_for_AXI + O_ArLen) + 1)"", ""RHS_Size"": ""10"", ""NodeType"": """", ""HIERARCHY"": "":BOS_AESDMA:u_AESDMA_TOP@AESDMA_TOP_DCLS:u_aesdma_top@AESDMA_TOP:u_AESDMA_RDCORE@AESDMA_RDCORE""}"
W164a_14c860086292,UNCHANGED,WAIVED,yes,W164a_785,These counters updating logic are confirmed by designer,CUSTOM,,"(Goal == ""BOS_LINT_RULE"") AND (Module == ""AESDMA_RD_DESC"") AND (Statement == ""n_rdAddr[AXI_ADDR_WD-1:ADDR_BASE_LSB] = r_rdAddr[AXI_ADDR_WD-1:ADDR_BASE_LSB] + {{(AXI_ADDR_WD-ADDR_BASE_LSB-AXI_LEN_WD){1'b0}}, w_rdBurstLen} + 1;"") AND (HIERARCHY == "":BOS_AESDMA:u_AESDMA_TOP@AESDMA_TOP_DCLS:u_aesdma_top@AESDMA_TOP:u_AESDMA_RD_DESC@AESDMA_RD_DESC"")",,,PENDING,,W164a,warning,BOS_LINT_RULE,AESDMA_RDCORE,/storage/project/atlas/design/user/pnson/ATLAS_WORKING/IP/AESDMA/RTL/AESDMA_CORE/AESDMA_RDCORE.sv,526,:BOS_AESDMA:u_AESDMA_TOP@AESDMA_TOP_DCLS:u_aesdma_top@AESDMA_TOP:u_AESDMA_RDCORE@AESDMA_RDCORE,,"n_rdAddr[AXI_ADDR_WD-1:ADDR_BASE_LSB] = r_rdAddr[AXI_ADDR_WD-1:ADDR_BASE_LSB] + {{(AXI_ADDR_WD-ADDR_BASE_LSB-AXI_LEN_WD){1'b0}}, w_rdBurstLen} + 1;",LHS[NodeName]: '[LHSExpr]' width [LHS_Size] is less than RHS: '[RHSExpr]' width [RHS_Size] in[NodeType] assignment [Hierarchy: '[HIERARCHY]'],Lint:791,waived,pnson,N/A,"{""Goal"": ""BOS_LINT_RULE"", ""Module"": ""AESDMA_RD_DESC"", ""Statement"": ""n_rdAddr[AXI_ADDR_WD-1:ADDR_BASE_LSB] = r_rdAddr[AXI_ADDR_WD-1:ADDR_BASE_LSB] + {{(AXI_ADDR_WD-ADDR_BASE_LSB-AXI_LEN_WD){1'b0}}, w_rdBurstLen} + 1;"", ""HIERARCHY"": "":BOS_AESDMA:u_AESDMA_TOP@AESDMA_TOP_DCLS:u_aesdma_top@AESDMA_TOP:u_AESDMA_RD_DESC@AESDMA_RD_DESC""}","{""Tag"": ""W164a"", ""Description"": ""LHS[NodeName]: '[LHSExpr]' width [LHS_Size] is less than RHS: '[RHSExpr]' width [RHS_Size] in[NodeType] assignment [Hierarchy: '[HIERARCHY]']"", ""Violation"": ""Lint:791"", ""Goal"": ""BOS_LINT_RULE"", ""Module"": ""AESDMA_RDCORE"", ""FileName"": ""/storage/project/atlas/design/user/pnson/ATLAS_WORKING/IP/AESDMA/RTL/AESDMA_CORE/AESDMA_RDCORE.sv"", ""LineNumber"": ""526"", ""Statement"": ""                n_rdAddr[AXI_ADDR_WD-1:ADDR_BASE_LSB] = r_rdAddr[AXI_ADDR_WD-1:ADDR_BASE_LSB] +  {{(AXI_ADDR_WD-ADDR_BASE_LSB-AXI_LEN_WD){1'b0}}, w_rdBurstLen} + 1;"", ""NodeName"": """", ""LHSExpr"": ""n_rdAddr[(AXI_ADDR_WD - 1):ADDR_BASE_LSB]"", ""LHS_Size"": ""40"", ""RHSExpr"": ""((r_rdAddr[(AXI_ADDR_WD - 1):ADDR_BASE_LSB]  + {{ ((AXI_ADDR_WD - ADDR_BASE_LSB) - AXI_LEN_WD){ 1'b0} }  ,w_rdBurstLen}) + 1)"", ""RHS_Size"": ""41"", ""NodeType"": """", ""HIERARCHY"": "":BOS_AESDMA:u_AESDMA_TOP@AESDMA_TOP_DCLS:u_aesdma_top@AESDMA_TOP:u_AESDMA_RDCORE@AESDMA_RDCORE""}"
W164a_411e166bb6e8,UNCHANGED,WAIVED,yes,W164a_785,These counters updating logic are confirmed by designer,CUSTOM,,"(Goal == ""BOS_LINT_RULE"") AND (Module == ""AESDMA_RD_DESC"") AND (Statement == ""n_rdAddr[AXI_ADDR_WD-1:ADDR_BASE_LSB] = r_rdAddr[AXI_ADDR_WD-1:ADDR_BASE_LSB] + {{(AXI_ADDR_WD-ADDR_BASE_LSB-AXI_LEN_WD){1'b0}}, w_rdBurstLen} + 1;"") AND (HIERARCHY == "":BOS_AESDMA:u_AESDMA_TOP@AESDMA_TOP_DCLS:u_aesdma_top@AESDMA_TOP:u_AESDMA_RD_DESC@AESDMA_RD_DESC"")",,,PENDING,,W164a,warning,BOS_LINT_RULE,AESDMA_RDCORE,/storage/project/atlas/design/user/pnson/ATLAS_WORKING/IP/AESDMA/RTL/AESDMA_CORE/AESDMA_RDCORE.sv,554,:BOS_AESDMA:u_AESDMA_TOP@AESDMA_TOP_DCLS:u_aesdma_top@AESDMA_TOP:u_AESDMA_RDCORE@AESDMA_RDCORE,,"n_rdAddr[AXI_ADDR_WD-1:ADDR_BASE_LSB] = r_rdAddr[AXI_ADDR_WD-1:ADDR_BASE_LSB] + {{(AXI_ADDR_WD-ADDR_BASE_LSB-AXI_LEN_WD){1'b0}}, w_rdBurstLen} + 1;",LHS[NodeName]: '[LHSExpr]' width [LHS_Size] is less than RHS: '[RHSExpr]' width [RHS_Size] in[NodeType] assignment [Hierarchy: '[HIERARCHY]'],Lint:792,waived,pnson,N/A,"{""Goal"": ""BOS_LINT_RULE"", ""Module"": ""AESDMA_RD_DESC"", ""Statement"": ""n_rdAddr[AXI_ADDR_WD-1:ADDR_BASE_LSB] = r_rdAddr[AXI_ADDR_WD-1:ADDR_BASE_LSB] + {{(AXI_ADDR_WD-ADDR_BASE_LSB-AXI_LEN_WD){1'b0}}, w_rdBurstLen} + 1;"", ""HIERARCHY"": "":BOS_AESDMA:u_AESDMA_TOP@AESDMA_TOP_DCLS:u_aesdma_top@AESDMA_TOP:u_AESDMA_RD_DESC@AESDMA_RD_DESC""}","{""Tag"": ""W164a"", ""Description"": ""LHS[NodeName]: '[LHSExpr]' width [LHS_Size] is less than RHS: '[RHSExpr]' width [RHS_Size] in[NodeType] assignment [Hierarchy: '[HIERARCHY]']"", ""Violation"": ""Lint:792"", ""Goal"": ""BOS_LINT_RULE"", ""Module"": ""AESDMA_RDCORE"", ""FileName"": ""/storage/project/atlas/design/user/pnson/ATLAS_WORKING/IP/AESDMA/RTL/AESDMA_CORE/AESDMA_RDCORE.sv"", ""LineNumber"": ""554"", ""Statement"": ""                n_rdAddr[AXI_ADDR_WD-1:ADDR_BASE_LSB] = r_rdAddr[AXI_ADDR_WD-1:ADDR_BASE_LSB] + {{(AXI_ADDR_WD-ADDR_BASE_LSB-AXI_LEN_WD){1'b0}}, w_rdBurstLen} + 1;"", ""NodeName"": """", ""LHSExpr"": ""n_rdAddr[(AXI_ADDR_WD - 1):ADDR_BASE_LSB]"", ""LHS_Size"": ""40"", ""RHSExpr"": ""((r_rdAddr[(AXI_ADDR_WD - 1):ADDR_BASE_LSB]  + {{ ((AXI_ADDR_WD - ADDR_BASE_LSB) - AXI_LEN_WD){ 1'b0} }  ,w_rdBurstLen}) + 1)"", ""RHS_Size"": ""41"", ""NodeType"": """", ""HIERARCHY"": "":BOS_AESDMA:u_AESDMA_TOP@AESDMA_TOP_DCLS:u_aesdma_top@AESDMA_TOP:u_AESDMA_RDCORE@AESDMA_RDCORE""}"
W164a_97e34627177b,UNCHANGED,WAIVED,yes,W164a_785,These counters updating logic are confirmed by designer,CUSTOM,,"(Goal == ""BOS_LINT_RULE"") AND (Module == ""AESDMA_RD_DESC"") AND (Statement == ""n_rdAddr[AXI_ADDR_WD-1:ADDR_BASE_LSB] = r_rdAddr[AXI_ADDR_WD-1:ADDR_BASE_LSB] + {{(AXI_ADDR_WD-ADDR_BASE_LSB-AXI_LEN_WD){1'b0}}, w_rdBurstLen} + 1;"") AND (HIERARCHY == "":BOS_AESDMA:u_AESDMA_TOP@AESDMA_TOP_DCLS:u_aesdma_top@AESDMA_TOP:u_AESDMA_RD_DESC@AESDMA_RD_DESC"")",,,PENDING,,W164a,warning,BOS_LINT_RULE,AESDMA_RDCORE,/storage/project/atlas/design/user/pnson/ATLAS_WORKING/IP/AESDMA/RTL/AESDMA_CORE/AESDMA_RDCORE.sv,615,:BOS_AESDMA:u_AESDMA_TOP@AESDMA_TOP_DCLS:u_aesdma_top@AESDMA_TOP:u_AESDMA_RDCORE@AESDMA_RDCORE,,"n_rdAddr_R[AXI_ADDR_WD-1:ADDR_BASE_LSB] = r_rdAddr_R[AXI_ADDR_WD-1:ADDR_BASE_LSB] + {{(AXI_ADDR_WD-ADDR_BASE_LSB-AXI_LEN_WD){1'b0}}, w_rdBurstLen} + 1;",LHS[NodeName]: '[LHSExpr]' width [LHS_Size] is less than RHS: '[RHSExpr]' width [RHS_Size] in[NodeType] assignment [Hierarchy: '[HIERARCHY]'],Lint:793,waived,pnson,N/A,"{""Goal"": ""BOS_LINT_RULE"", ""Module"": ""AESDMA_RD_DESC"", ""Statement"": ""n_rdAddr[AXI_ADDR_WD-1:ADDR_BASE_LSB] = r_rdAddr[AXI_ADDR_WD-1:ADDR_BASE_LSB] + {{(AXI_ADDR_WD-ADDR_BASE_LSB-AXI_LEN_WD){1'b0}}, w_rdBurstLen} + 1;"", ""HIERARCHY"": "":BOS_AESDMA:u_AESDMA_TOP@AESDMA_TOP_DCLS:u_aesdma_top@AESDMA_TOP:u_AESDMA_RD_DESC@AESDMA_RD_DESC""}","{""Tag"": ""W164a"", ""Description"": ""LHS[NodeName]: '[LHSExpr]' width [LHS_Size] is less than RHS: '[RHSExpr]' width [RHS_Size] in[NodeType] assignment [Hierarchy: '[HIERARCHY]']"", ""Violation"": ""Lint:793"", ""Goal"": ""BOS_LINT_RULE"", ""Module"": ""AESDMA_RDCORE"", ""FileName"": ""/storage/project/atlas/design/user/pnson/ATLAS_WORKING/IP/AESDMA/RTL/AESDMA_CORE/AESDMA_RDCORE.sv"", ""LineNumber"": ""615"", ""Statement"": ""                n_rdAddr_R[AXI_ADDR_WD-1:ADDR_BASE_LSB] = r_rdAddr_R[AXI_ADDR_WD-1:ADDR_BASE_LSB] + {{(AXI_ADDR_WD-ADDR_BASE_LSB-AXI_LEN_WD){1'b0}}, w_rdBurstLen} + 1;"", ""NodeName"": """", ""LHSExpr"": ""n_rdAddr_R[(AXI_ADDR_WD - 1):ADDR_BASE_LSB]"", ""LHS_Size"": ""40"", ""RHSExpr"": ""((r_rdAddr_R[(AXI_ADDR_WD - 1):ADDR_BASE_LSB]  + {{ ((AXI_ADDR_WD - ADDR_BASE_LSB) - AXI_LEN_WD){ 1'b0} }  ,w_rdBurstLen}) + 1)"", ""RHS_Size"": ""41"", ""NodeType"": """", ""HIERARCHY"": "":BOS_AESDMA:u_AESDMA_TOP@AESDMA_TOP_DCLS:u_aesdma_top@AESDMA_TOP:u_AESDMA_RDCORE@AESDMA_RDCORE""}"
W164a_b105ea5a36d7,UNCHANGED,WAIVED,yes,W164a_785,These counters updating logic are confirmed by designer,CUSTOM,,"(Goal == ""BOS_LINT_RULE"") AND (Module == ""AESDMA_RD_DESC"") AND (Statement == ""n_rdAddr[AXI_ADDR_WD-1:ADDR_BASE_LSB] = r_rdAddr[AXI_ADDR_WD-1:ADDR_BASE_LSB] + {{(AXI_ADDR_WD-ADDR_BASE_LSB-AXI_LEN_WD){1'b0}}, w_rdBurstLen} + 1;"") AND (HIERARCHY == "":BOS_AESDMA:u_AESDMA_TOP@AESDMA_TOP_DCLS:u_aesdma_top@AESDMA_TOP:u_AESDMA_RD_DESC@AESDMA_RD_DESC"")",,,PENDING,,W164a,warning,BOS_LINT_RULE,AESDMA_RDCORE,/storage/project/atlas/design/user/pnson/ATLAS_WORKING/IP/AESDMA/RTL/AESDMA_CORE/AESDMA_RDCORE.sv,636,:BOS_AESDMA:u_AESDMA_TOP@AESDMA_TOP_DCLS:u_aesdma_top@AESDMA_TOP:u_AESDMA_RDCORE@AESDMA_RDCORE,,"n_rdAddr_R[AXI_ADDR_WD-1:ADDR_BASE_LSB] = r_rdAddr_R[AXI_ADDR_WD-1:ADDR_BASE_LSB] + {{(AXI_ADDR_WD-ADDR_BASE_LSB-AXI_LEN_WD){1'b0}}, w_rdBurstLen} + 1;",LHS[NodeName]: '[LHSExpr]' width [LHS_Size] is less than RHS: '[RHSExpr]' width [RHS_Size] in[NodeType] assignment [Hierarchy: '[HIERARCHY]'],Lint:794,waived,pnson,N/A,"{""Goal"": ""BOS_LINT_RULE"", ""Module"": ""AESDMA_RD_DESC"", ""Statement"": ""n_rdAddr[AXI_ADDR_WD-1:ADDR_BASE_LSB] = r_rdAddr[AXI_ADDR_WD-1:ADDR_BASE_LSB] + {{(AXI_ADDR_WD-ADDR_BASE_LSB-AXI_LEN_WD){1'b0}}, w_rdBurstLen} + 1;"", ""HIERARCHY"": "":BOS_AESDMA:u_AESDMA_TOP@AESDMA_TOP_DCLS:u_aesdma_top@AESDMA_TOP:u_AESDMA_RD_DESC@AESDMA_RD_DESC""}","{""Tag"": ""W164a"", ""Description"": ""LHS[NodeName]: '[LHSExpr]' width [LHS_Size] is less than RHS: '[RHSExpr]' width [RHS_Size] in[NodeType] assignment [Hierarchy: '[HIERARCHY]']"", ""Violation"": ""Lint:794"", ""Goal"": ""BOS_LINT_RULE"", ""Module"": ""AESDMA_RDCORE"", ""FileName"": ""/storage/project/atlas/design/user/pnson/ATLAS_WORKING/IP/AESDMA/RTL/AESDMA_CORE/AESDMA_RDCORE.sv"", ""LineNumber"": ""636"", ""Statement"": ""                n_rdAddr_R[AXI_ADDR_WD-1:ADDR_BASE_LSB] = r_rdAddr_R[AXI_ADDR_WD-1:ADDR_BASE_LSB] + {{(AXI_ADDR_WD-ADDR_BASE_LSB-AXI_LEN_WD){1'b0}}, w_rdBurstLen} + 1;"", ""NodeName"": """", ""LHSExpr"": ""n_rdAddr_R[(AXI_ADDR_WD - 1):ADDR_BASE_LSB]"", ""LHS_Size"": ""40"", ""RHSExpr"": ""((r_rdAddr_R[(AXI_ADDR_WD - 1):ADDR_BASE_LSB]  + {{ ((AXI_ADDR_WD - ADDR_BASE_LSB) - AXI_LEN_WD){ 1'b0} }  ,w_rdBurstLen}) + 1)"", ""RHS_Size"": ""41"", ""NodeType"": """", ""HIERARCHY"": "":BOS_AESDMA:u_AESDMA_TOP@AESDMA_TOP_DCLS:u_aesdma_top@AESDMA_TOP:u_AESDMA_RDCORE@AESDMA_RDCORE""}"
W164a_af9f5f624f8c,UNCHANGED,WAIVED,yes,W164a_785,These counters updating logic are confirmed by designer,CUSTOM,,"(Goal == ""BOS_LINT_RULE"") AND (Module == ""AESDMA_RD_DESC"") AND (Statement == ""n_rdAddr[AXI_ADDR_WD-1:ADDR_BASE_LSB] = r_rdAddr[AXI_ADDR_WD-1:ADDR_BASE_LSB] + {{(AXI_ADDR_WD-ADDR_BASE_LSB-AXI_LEN_WD){1'b0}}, w_rdBurstLen} + 1;"") AND (HIERARCHY == "":BOS_AESDMA:u_AESDMA_TOP@AESDMA_TOP_DCLS:u_aesdma_top@AESDMA_TOP:u_AESDMA_RD_DESC@AESDMA_RD_DESC"")",,,PENDING,,W164a,warning,BOS_LINT_RULE,AESDMA_RD_DESC,/storage/project/atlas/design/user/pnson/ATLAS_WORKING/IP/AESDMA/RTL/AESDMA_CORE/AESDMA_RD_DESC.sv,196,:BOS_AESDMA:u_AESDMA_TOP@AESDMA_TOP_DCLS:u_aesdma_top@AESDMA_TOP:u_AESDMA_RD_DESC@AESDMA_RD_DESC,,r_rCnt <= r_rCnt + O_ArLen;,LHS[NodeName]: '[LHSExpr]' width [LHS_Size] is less than RHS: '[RHSExpr]' width [RHS_Size] in[NodeType] assignment [Hierarchy: '[HIERARCHY]'],Lint:783,waived,pnson,N/A,"{""Goal"": ""BOS_LINT_RULE"", ""Module"": ""AESDMA_RD_DESC"", ""Statement"": ""n_rdAddr[AXI_ADDR_WD-1:ADDR_BASE_LSB] = r_rdAddr[AXI_ADDR_WD-1:ADDR_BASE_LSB] + {{(AXI_ADDR_WD-ADDR_BASE_LSB-AXI_LEN_WD){1'b0}}, w_rdBurstLen} + 1;"", ""HIERARCHY"": "":BOS_AESDMA:u_AESDMA_TOP@AESDMA_TOP_DCLS:u_aesdma_top@AESDMA_TOP:u_AESDMA_RD_DESC@AESDMA_RD_DESC""}","{""Tag"": ""W164a"", ""Description"": ""LHS[NodeName]: '[LHSExpr]' width [LHS_Size] is less than RHS: '[RHSExpr]' width [RHS_Size] in[NodeType] assignment [Hierarchy: '[HIERARCHY]']"", ""Violation"": ""Lint:783"", ""Goal"": ""BOS_LINT_RULE"", ""Module"": ""AESDMA_RD_DESC"", ""FileName"": ""/storage/project/atlas/design/user/pnson/ATLAS_WORKING/IP/AESDMA/RTL/AESDMA_CORE/AESDMA_RD_DESC.sv"", ""LineNumber"": ""196"", ""Statement"": ""        r_rCnt <= r_rCnt + O_ArLen;"", ""NodeName"": """", ""LHSExpr"": ""r_rCnt"", ""LHS_Size"": ""6"", ""RHSExpr"": ""(r_rCnt + O_ArLen)"", ""RHS_Size"": ""7"", ""NodeType"": """", ""HIERARCHY"": "":BOS_AESDMA:u_AESDMA_TOP@AESDMA_TOP_DCLS:u_aesdma_top@AESDMA_TOP:u_AESDMA_RD_DESC@AESDMA_RD_DESC""}"
W164a_1064ea20e23f,UNCHANGED,WAIVED,yes,W164a_785,These counters updating logic are confirmed by designer,CUSTOM,,"(Goal == ""BOS_LINT_RULE"") AND (Module == ""AESDMA_RD_DESC"") AND (Statement == ""n_rdAddr[AXI_ADDR_WD-1:ADDR_BASE_LSB] = r_rdAddr[AXI_ADDR_WD-1:ADDR_BASE_LSB] + {{(AXI_ADDR_WD-ADDR_BASE_LSB-AXI_LEN_WD){1'b0}}, w_rdBurstLen} + 1;"") AND (HIERARCHY == "":BOS_AESDMA:u_AESDMA_TOP@AESDMA_TOP_DCLS:u_aesdma_top@AESDMA_TOP:u_AESDMA_RD_DESC@AESDMA_RD_DESC"")",,,PENDING,,W164a,warning,BOS_LINT_RULE,AESDMA_RD_DESC,/storage/project/atlas/design/user/pnson/ATLAS_WORKING/IP/AESDMA/RTL/AESDMA_CORE/AESDMA_RD_DESC.sv,198,:BOS_AESDMA:u_AESDMA_TOP@AESDMA_TOP_DCLS:u_aesdma_top@AESDMA_TOP:u_AESDMA_RD_DESC@AESDMA_RD_DESC,,r_rCnt <= r_rCnt + O_ArLen + 1;,LHS[NodeName]: '[LHSExpr]' width [LHS_Size] is less than RHS: '[RHSExpr]' width [RHS_Size] in[NodeType] assignment [Hierarchy: '[HIERARCHY]'],Lint:784,waived,pnson,N/A,"{""Goal"": ""BOS_LINT_RULE"", ""Module"": ""AESDMA_RD_DESC"", ""Statement"": ""n_rdAddr[AXI_ADDR_WD-1:ADDR_BASE_LSB] = r_rdAddr[AXI_ADDR_WD-1:ADDR_BASE_LSB] + {{(AXI_ADDR_WD-ADDR_BASE_LSB-AXI_LEN_WD){1'b0}}, w_rdBurstLen} + 1;"", ""HIERARCHY"": "":BOS_AESDMA:u_AESDMA_TOP@AESDMA_TOP_DCLS:u_aesdma_top@AESDMA_TOP:u_AESDMA_RD_DESC@AESDMA_RD_DESC""}","{""Tag"": ""W164a"", ""Description"": ""LHS[NodeName]: '[LHSExpr]' width [LHS_Size] is less than RHS: '[RHSExpr]' width [RHS_Size] in[NodeType] assignment [Hierarchy: '[HIERARCHY]']"", ""Violation"": ""Lint:784"", ""Goal"": ""BOS_LINT_RULE"", ""Module"": ""AESDMA_RD_DESC"", ""FileName"": ""/storage/project/atlas/design/user/pnson/ATLAS_WORKING/IP/AESDMA/RTL/AESDMA_CORE/AESDMA_RD_DESC.sv"", ""LineNumber"": ""198"", ""Statement"": ""        r_rCnt <= r_rCnt + O_ArLen + 1;"", ""NodeName"": """", ""LHSExpr"": ""r_rCnt"", ""LHS_Size"": ""6"", ""RHSExpr"": ""((r_rCnt + O_ArLen) + 1)"", ""RHS_Size"": ""7"", ""NodeType"": """", ""HIERARCHY"": "":BOS_AESDMA:u_AESDMA_TOP@AESDMA_TOP_DCLS:u_aesdma_top@AESDMA_TOP:u_AESDMA_RD_DESC@AESDMA_RD_DESC""}"
W164a_f303846eddbf,UNCHANGED,WAIVED,yes,W164a_785,These counters updating logic are confirmed by designer,CUSTOM,,"(Goal == ""BOS_LINT_RULE"") AND (Module == ""AESDMA_RD_DESC"") AND (Statement == ""n_rdAddr[AXI_ADDR_WD-1:ADDR_BASE_LSB] = r_rdAddr[AXI_ADDR_WD-1:ADDR_BASE_LSB] + {{(AXI_ADDR_WD-ADDR_BASE_LSB-AXI_LEN_WD){1'b0}}, w_rdBurstLen} + 1;"") AND (HIERARCHY == "":BOS_AESDMA:u_AESDMA_TOP@AESDMA_TOP_DCLS:u_aesdma_top@AESDMA_TOP:u_AESDMA_RD_DESC@AESDMA_RD_DESC"")",,,PENDING,,W164a,warning,BOS_LINT_RULE,AESDMA_RD_DESC,/storage/project/atlas/design/user/pnson/ATLAS_WORKING/IP/AESDMA/RTL/AESDMA_CORE/AESDMA_RD_DESC.sv,263,:BOS_AESDMA:u_AESDMA_TOP@AESDMA_TOP_DCLS:u_aesdma_top@AESDMA_TOP:u_AESDMA_RD_DESC@AESDMA_RD_DESC,,"n_rdAddr[AXI_ADDR_WD-1:ADDR_BASE_LSB] = r_rdAddr[AXI_ADDR_WD-1:ADDR_BASE_LSB] + {{(AXI_ADDR_WD-ADDR_BASE_LSB-AXI_LEN_WD){1'b0}}, w_rdBurstLen} + 1;",LHS[NodeName]: '[LHSExpr]' width [LHS_Size] is less than RHS: '[RHSExpr]' width [RHS_Size] in[NodeType] assignment [Hierarchy: '[HIERARCHY]'],Lint:785,waived,pnson,N/A,"{""Goal"": ""BOS_LINT_RULE"", ""Module"": ""AESDMA_RD_DESC"", ""Statement"": ""n_rdAddr[AXI_ADDR_WD-1:ADDR_BASE_LSB] = r_rdAddr[AXI_ADDR_WD-1:ADDR_BASE_LSB] + {{(AXI_ADDR_WD-ADDR_BASE_LSB-AXI_LEN_WD){1'b0}}, w_rdBurstLen} + 1;"", ""HIERARCHY"": "":BOS_AESDMA:u_AESDMA_TOP@AESDMA_TOP_DCLS:u_aesdma_top@AESDMA_TOP:u_AESDMA_RD_DESC@AESDMA_RD_DESC""}","{""Tag"": ""W164a"", ""Description"": ""LHS[NodeName]: '[LHSExpr]' width [LHS_Size] is less than RHS: '[RHSExpr]' width [RHS_Size] in[NodeType] assignment [Hierarchy: '[HIERARCHY]']"", ""Violation"": ""Lint:785"", ""Goal"": ""BOS_LINT_RULE"", ""Module"": ""AESDMA_RD_DESC"", ""FileName"": ""/storage/project/atlas/design/user/pnson/ATLAS_WORKING/IP/AESDMA/RTL/AESDMA_CORE/AESDMA_RD_DESC.sv"", ""LineNumber"": ""263"", ""Statement"": ""                n_rdAddr[AXI_ADDR_WD-1:ADDR_BASE_LSB] = r_rdAddr[AXI_ADDR_WD-1:ADDR_BASE_LSB] + {{(AXI_ADDR_WD-ADDR_BASE_LSB-AXI_LEN_WD){1'b0}}, w_rdBurstLen} + 1;"", ""NodeName"": """", ""LHSExpr"": ""n_rdAddr[(AXI_ADDR_WD - 1):ADDR_BASE_LSB]"", ""LHS_Size"": ""40"", ""RHSExpr"": ""((r_rdAddr[(AXI_ADDR_WD - 1):ADDR_BASE_LSB]  + {{ ((AXI_ADDR_WD - ADDR_BASE_LSB) - AXI_LEN_WD){ 1'b0} }  ,w_rdBurstLen}) + 1)"", ""RHS_Size"": ""41"", ""NodeType"": """", ""HIERARCHY"": "":BOS_AESDMA:u_AESDMA_TOP@AESDMA_TOP_DCLS:u_aesdma_top@AESDMA_TOP:u_AESDMA_RD_DESC@AESDMA_RD_DESC""}"
W164a_1ab2b57028bc,UNCHANGED,WAIVED,yes,W164a_785,These counters updating logic are confirmed by designer,CUSTOM,,"(Goal == ""BOS_LINT_RULE"") AND (Module == ""AESDMA_RD_DESC"") AND (Statement == ""n_rdAddr[AXI_ADDR_WD-1:ADDR_BASE_LSB] = r_rdAddr[AXI_ADDR_WD-1:ADDR_BASE_LSB] + {{(AXI_ADDR_WD-ADDR_BASE_LSB-AXI_LEN_WD){1'b0}}, w_rdBurstLen} + 1;"") AND (HIERARCHY == "":BOS_AESDMA:u_AESDMA_TOP@AESDMA_TOP_DCLS:u_aesdma_top@AESDMA_TOP:u_AESDMA_RD_DESC@AESDMA_RD_DESC"")",,,PENDING,,W164a,warning,BOS_LINT_RULE,AESDMA_RD_DESC,/storage/project/atlas/design/user/pnson/ATLAS_WORKING/IP/AESDMA/RTL/AESDMA_CORE/AESDMA_RD_DESC.sv,276,:BOS_AESDMA:u_AESDMA_TOP@AESDMA_TOP_DCLS:u_aesdma_top@AESDMA_TOP:u_AESDMA_RD_DESC@AESDMA_RD_DESC,,"n_rdAddr[AXI_ADDR_WD-1:ADDR_BASE_LSB] = r_rdAddr[AXI_ADDR_WD-1:ADDR_BASE_LSB] + {{(AXI_ADDR_WD-ADDR_BASE_LSB-AXI_LEN_WD){1'b0}}, w_rdBurstLen} + 1;",LHS[NodeName]: '[LHSExpr]' width [LHS_Size] is less than RHS: '[RHSExpr]' width [RHS_Size] in[NodeType] assignment [Hierarchy: '[HIERARCHY]'],Lint:786,waived,pnson,N/A,"{""Goal"": ""BOS_LINT_RULE"", ""Module"": ""AESDMA_RD_DESC"", ""Statement"": ""n_rdAddr[AXI_ADDR_WD-1:ADDR_BASE_LSB] = r_rdAddr[AXI_ADDR_WD-1:ADDR_BASE_LSB] + {{(AXI_ADDR_WD-ADDR_BASE_LSB-AXI_LEN_WD){1'b0}}, w_rdBurstLen} + 1;"", ""HIERARCHY"": "":BOS_AESDMA:u_AESDMA_TOP@AESDMA_TOP_DCLS:u_aesdma_top@AESDMA_TOP:u_AESDMA_RD_DESC@AESDMA_RD_DESC""}","{""Tag"": ""W164a"", ""Description"": ""LHS[NodeName]: '[LHSExpr]' width [LHS_Size] is less than RHS: '[RHSExpr]' width [RHS_Size] in[NodeType] assignment [Hierarchy: '[HIERARCHY]']"", ""Violation"": ""Lint:786"", ""Goal"": ""BOS_LINT_RULE"", ""Module"": ""AESDMA_RD_DESC"", ""FileName"": ""/storage/project/atlas/design/user/pnson/ATLAS_WORKING/IP/AESDMA/RTL/AESDMA_CORE/AESDMA_RD_DESC.sv"", ""LineNumber"": ""276"", ""Statement"": ""                n_rdAddr[AXI_ADDR_WD-1:ADDR_BASE_LSB] = r_rdAddr[AXI_ADDR_WD-1:ADDR_BASE_LSB] + {{(AXI_ADDR_WD-ADDR_BASE_LSB-AXI_LEN_WD){1'b0}}, w_rdBurstLen} + 1;"", ""NodeName"": """", ""LHSExpr"": ""n_rdAddr[(AXI_ADDR_WD - 1):ADDR_BASE_LSB]"", ""LHS_Size"": ""40"", ""RHSExpr"": ""((r_rdAddr[(AXI_ADDR_WD - 1):ADDR_BASE_LSB]  + {{ ((AXI_ADDR_WD - ADDR_BASE_LSB) - AXI_LEN_WD){ 1'b0} }  ,w_rdBurstLen}) + 1)"", ""RHS_Size"": ""41"", ""NodeType"": """", ""HIERARCHY"": "":BOS_AESDMA:u_AESDMA_TOP@AESDMA_TOP_DCLS:u_aesdma_top@AESDMA_TOP:u_AESDMA_RD_DESC@AESDMA_RD_DESC""}"
W164a_d33034023f51,UNCHANGED,WAIVED,yes,W164a_785,These counters updating logic are confirmed by designer,CUSTOM,,"(Goal == ""BOS_LINT_RULE"") AND (Module == ""AESDMA_RD_DESC"") AND (Statement == ""n_rdAddr[AXI_ADDR_WD-1:ADDR_BASE_LSB] = r_rdAddr[AXI_ADDR_WD-1:ADDR_BASE_LSB] + {{(AXI_ADDR_WD-ADDR_BASE_LSB-AXI_LEN_WD){1'b0}}, w_rdBurstLen} + 1;"") AND (HIERARCHY == "":BOS_AESDMA:u_AESDMA_TOP@AESDMA_TOP_DCLS:u_aesdma_top@AESDMA_TOP:u_AESDMA_RD_DESC@AESDMA_RD_DESC"")",,,PENDING,,W164a,warning,BOS_LINT_RULE,AESDMA_REORDER_BUF,/storage/project/atlas/design/user/pnson/ATLAS_WORKING/IP/AESDMA/RTL/AESDMA_CORE/AESDMA_REORDER_BUF.sv,189,:BOS_AESDMA:u_AESDMA_TOP@AESDMA_TOP_DCLS:u_aesdma_top@AESDMA_TOP:u_AESDMA_RDCORE@AESDMA_RDCORE:u_AESDMA_REORDER_BUF@AESDMA_REORDER_BUF,,w_sram_write_addr = rd_table[w_dest_table_id].start_addr + rd_table[w_dest_table_id].burst_cnt;,LHS[NodeName]: '[LHSExpr]' width [LHS_Size] is less than RHS: '[RHSExpr]' width [RHS_Size] in[NodeType] assignment [Hierarchy: '[HIERARCHY]'],Lint:798,waived,pnson,N/A,"{""Goal"": ""BOS_LINT_RULE"", ""Module"": ""AESDMA_RD_DESC"", ""Statement"": ""n_rdAddr[AXI_ADDR_WD-1:ADDR_BASE_LSB] = r_rdAddr[AXI_ADDR_WD-1:ADDR_BASE_LSB] + {{(AXI_ADDR_WD-ADDR_BASE_LSB-AXI_LEN_WD){1'b0}}, w_rdBurstLen} + 1;"", ""HIERARCHY"": "":BOS_AESDMA:u_AESDMA_TOP@AESDMA_TOP_DCLS:u_aesdma_top@AESDMA_TOP:u_AESDMA_RD_DESC@AESDMA_RD_DESC""}","{""Tag"": ""W164a"", ""Description"": ""LHS[NodeName]: '[LHSExpr]' width [LHS_Size] is less than RHS: '[RHSExpr]' width [RHS_Size] in[NodeType] assignment [Hierarchy: '[HIERARCHY]']"", ""Violation"": ""Lint:798"", ""Goal"": ""BOS_LINT_RULE"", ""Module"": ""AESDMA_REORDER_BUF"", ""FileName"": ""/storage/project/atlas/design/user/pnson/ATLAS_WORKING/IP/AESDMA/RTL/AESDMA_CORE/AESDMA_REORDER_BUF.sv"", ""LineNumber"": ""189"", ""Statement"": ""    w_sram_write_addr = rd_table[w_dest_table_id].start_addr + rd_table[w_dest_table_id].burst_cnt;"", ""NodeName"": """", ""LHSExpr"": ""w_sram_write_addr"", ""LHS_Size"": ""9"", ""RHSExpr"": ""(rd_table[w_dest_table_id].start_addr + rd_table[w_dest_table_id].burst_cnt)"", ""RHS_Size"": ""10"", ""NodeType"": """", ""HIERARCHY"": "":BOS_AESDMA:u_AESDMA_TOP@AESDMA_TOP_DCLS:u_aesdma_top@AESDMA_TOP:u_AESDMA_RDCORE@AESDMA_RDCORE:u_AESDMA_REORDER_BUF@AESDMA_REORDER_BUF""}"
W164a_8efcf1475d55,UNCHANGED,WAIVED,yes,W164a_785,These counters updating logic are confirmed by designer,CUSTOM,,"(Goal == ""BOS_LINT_RULE"") AND (Module == ""AESDMA_RD_DESC"") AND (Statement == ""n_rdAddr[AXI_ADDR_WD-1:ADDR_BASE_LSB] = r_rdAddr[AXI_ADDR_WD-1:ADDR_BASE_LSB] + {{(AXI_ADDR_WD-ADDR_BASE_LSB-AXI_LEN_WD){1'b0}}, w_rdBurstLen} + 1;"") AND (HIERARCHY == "":BOS_AESDMA:u_AESDMA_TOP@AESDMA_TOP_DCLS:u_aesdma_top@AESDMA_TOP:u_AESDMA_RD_DESC@AESDMA_RD_DESC"")",,,PENDING,,W164a,warning,BOS_LINT_RULE,AESDMA_REORDER_BUF,/storage/project/atlas/design/user/pnson/ATLAS_WORKING/IP/AESDMA/RTL/AESDMA_CORE/AESDMA_REORDER_BUF.sv,226,:BOS_AESDMA:u_AESDMA_TOP@AESDMA_TOP_DCLS:u_aesdma_top@AESDMA_TOP:u_AESDMA_RDCORE@AESDMA_RDCORE:u_AESDMA_REORDER_BUF@AESDMA_REORDER_BUF:\GEN_BURST_CNT_AND_VALID[0],,nxt_burst_cnt[p] = rd_table[p].burst_cnt + 'b1;,LHS[NodeName]: '[LHSExpr]' width [LHS_Size] is less than RHS: '[RHSExpr]' width [RHS_Size] in[NodeType] assignment [Hierarchy: '[HIERARCHY]'],Lint:802,waived,pnson,N/A,"{""Goal"": ""BOS_LINT_RULE"", ""Module"": ""AESDMA_RD_DESC"", ""Statement"": ""n_rdAddr[AXI_ADDR_WD-1:ADDR_BASE_LSB] = r_rdAddr[AXI_ADDR_WD-1:ADDR_BASE_LSB] + {{(AXI_ADDR_WD-ADDR_BASE_LSB-AXI_LEN_WD){1'b0}}, w_rdBurstLen} + 1;"", ""HIERARCHY"": "":BOS_AESDMA:u_AESDMA_TOP@AESDMA_TOP_DCLS:u_aesdma_top@AESDMA_TOP:u_AESDMA_RD_DESC@AESDMA_RD_DESC""}","{""Tag"": ""W164a"", ""Description"": ""LHS[NodeName]: '[LHSExpr]' width [LHS_Size] is less than RHS: '[RHSExpr]' width [RHS_Size] in[NodeType] assignment [Hierarchy: '[HIERARCHY]']"", ""Violation"": ""Lint:802"", ""Goal"": ""BOS_LINT_RULE"", ""Module"": ""AESDMA_REORDER_BUF"", ""FileName"": ""/storage/project/atlas/design/user/pnson/ATLAS_WORKING/IP/AESDMA/RTL/AESDMA_CORE/AESDMA_REORDER_BUF.sv"", ""LineNumber"": ""226"", ""Statement"": ""            nxt_burst_cnt[p]            = rd_table[p].burst_cnt + 'b1;"", ""NodeName"": """", ""LHSExpr"": ""nxt_burst_cnt[p]"", ""LHS_Size"": ""5"", ""RHSExpr"": ""(rd_table[p].burst_cnt + 'b1)"", ""RHS_Size"": ""6"", ""NodeType"": """", ""HIERARCHY"": "":BOS_AESDMA:u_AESDMA_TOP@AESDMA_TOP_DCLS:u_aesdma_top@AESDMA_TOP:u_AESDMA_RDCORE@AESDMA_RDCORE:u_AESDMA_REORDER_BUF@AESDMA_REORDER_BUF:\\GEN_BURST_CNT_AND_VALID[0]""}"
W164a_043a813ca8f6,UNCHANGED,WAIVED,yes,W164a_785,These counters updating logic are confirmed by designer,CUSTOM,,"(Goal == ""BOS_LINT_RULE"") AND (Module == ""AESDMA_RD_DESC"") AND (Statement == ""n_rdAddr[AXI_ADDR_WD-1:ADDR_BASE_LSB] = r_rdAddr[AXI_ADDR_WD-1:ADDR_BASE_LSB] + {{(AXI_ADDR_WD-ADDR_BASE_LSB-AXI_LEN_WD){1'b0}}, w_rdBurstLen} + 1;"") AND (HIERARCHY == "":BOS_AESDMA:u_AESDMA_TOP@AESDMA_TOP_DCLS:u_aesdma_top@AESDMA_TOP:u_AESDMA_RD_DESC@AESDMA_RD_DESC"")",,,PENDING,,W164a,warning,BOS_LINT_RULE,AESDMA_REORDER_BUF,/storage/project/atlas/design/user/pnson/ATLAS_WORKING/IP/AESDMA/RTL/AESDMA_CORE/AESDMA_REORDER_BUF.sv,240,:BOS_AESDMA:u_AESDMA_TOP@AESDMA_TOP_DCLS:u_aesdma_top@AESDMA_TOP:u_AESDMA_RDCORE@AESDMA_RDCORE:u_AESDMA_REORDER_BUF@AESDMA_REORDER_BUF,,assign r_stop_rptr_tmp = rd_table[rpt_cur_last_processed_table_id].start_addr + rd_table[rpt_cur_last_processed_table_id].burst_cnt;,LHS[NodeName]: '[LHSExpr]' width [LHS_Size] is less than RHS: '[RHSExpr]' width [RHS_Size] in[NodeType] assignment [Hierarchy: '[HIERARCHY]'],Lint:799,waived,pnson,N/A,"{""Goal"": ""BOS_LINT_RULE"", ""Module"": ""AESDMA_RD_DESC"", ""Statement"": ""n_rdAddr[AXI_ADDR_WD-1:ADDR_BASE_LSB] = r_rdAddr[AXI_ADDR_WD-1:ADDR_BASE_LSB] + {{(AXI_ADDR_WD-ADDR_BASE_LSB-AXI_LEN_WD){1'b0}}, w_rdBurstLen} + 1;"", ""HIERARCHY"": "":BOS_AESDMA:u_AESDMA_TOP@AESDMA_TOP_DCLS:u_aesdma_top@AESDMA_TOP:u_AESDMA_RD_DESC@AESDMA_RD_DESC""}","{""Tag"": ""W164a"", ""Description"": ""LHS[NodeName]: '[LHSExpr]' width [LHS_Size] is less than RHS: '[RHSExpr]' width [RHS_Size] in[NodeType] assignment [Hierarchy: '[HIERARCHY]']"", ""Violation"": ""Lint:799"", ""Goal"": ""BOS_LINT_RULE"", ""Module"": ""AESDMA_REORDER_BUF"", ""FileName"": ""/storage/project/atlas/design/user/pnson/ATLAS_WORKING/IP/AESDMA/RTL/AESDMA_CORE/AESDMA_REORDER_BUF.sv"", ""LineNumber"": ""240"", ""Statement"": ""assign r_stop_rptr_tmp = rd_table[rpt_cur_last_processed_table_id].start_addr + rd_table[rpt_cur_last_processed_table_id].burst_cnt;"", ""NodeName"": """", ""LHSExpr"": ""r_stop_rptr_tmp"", ""LHS_Size"": ""9"", ""RHSExpr"": ""(rd_table[rpt_cur_last_processed_table_id].start_addr + rd_table[rpt_cur_last_processed_table_id].burst_cnt)"", ""RHS_Size"": ""10"", ""NodeType"": """", ""HIERARCHY"": "":BOS_AESDMA:u_AESDMA_TOP@AESDMA_TOP_DCLS:u_aesdma_top@AESDMA_TOP:u_AESDMA_RDCORE@AESDMA_RDCORE:u_AESDMA_REORDER_BUF@AESDMA_REORDER_BUF""}"
W164a_72d36f1914f2,UNCHANGED,WAIVED,yes,W164a_785,These counters updating logic are confirmed by designer,CUSTOM,,"(Goal == ""BOS_LINT_RULE"") AND (Module == ""AESDMA_RD_DESC"") AND (Statement == ""n_rdAddr[AXI_ADDR_WD-1:ADDR_BASE_LSB] = r_rdAddr[AXI_ADDR_WD-1:ADDR_BASE_LSB] + {{(AXI_ADDR_WD-ADDR_BASE_LSB-AXI_LEN_WD){1'b0}}, w_rdBurstLen} + 1;"") AND (HIERARCHY == "":BOS_AESDMA:u_AESDMA_TOP@AESDMA_TOP_DCLS:u_aesdma_top@AESDMA_TOP:u_AESDMA_RD_DESC@AESDMA_RD_DESC"")",,,PENDING,,W164a,warning,BOS_LINT_RULE,AESDMA_REORDER_BUF,/storage/project/atlas/design/user/pnson/ATLAS_WORKING/IP/AESDMA/RTL/AESDMA_CORE/AESDMA_REORDER_BUF.sv,241,:BOS_AESDMA:u_AESDMA_TOP@AESDMA_TOP_DCLS:u_aesdma_top@AESDMA_TOP:u_AESDMA_RDCORE@AESDMA_RDCORE:u_AESDMA_REORDER_BUF@AESDMA_REORDER_BUF,,assign nxt_stop_rptr_tmp = r_stop_rptr_tmp + 1;,LHS[NodeName]: '[LHSExpr]' width [LHS_Size] is less than RHS: '[RHSExpr]' width [RHS_Size] in[NodeType] assignment [Hierarchy: '[HIERARCHY]'],Lint:800,waived,pnson,N/A,"{""Goal"": ""BOS_LINT_RULE"", ""Module"": ""AESDMA_RD_DESC"", ""Statement"": ""n_rdAddr[AXI_ADDR_WD-1:ADDR_BASE_LSB] = r_rdAddr[AXI_ADDR_WD-1:ADDR_BASE_LSB] + {{(AXI_ADDR_WD-ADDR_BASE_LSB-AXI_LEN_WD){1'b0}}, w_rdBurstLen} + 1;"", ""HIERARCHY"": "":BOS_AESDMA:u_AESDMA_TOP@AESDMA_TOP_DCLS:u_aesdma_top@AESDMA_TOP:u_AESDMA_RD_DESC@AESDMA_RD_DESC""}","{""Tag"": ""W164a"", ""Description"": ""LHS[NodeName]: '[LHSExpr]' width [LHS_Size] is less than RHS: '[RHSExpr]' width [RHS_Size] in[NodeType] assignment [Hierarchy: '[HIERARCHY]']"", ""Violation"": ""Lint:800"", ""Goal"": ""BOS_LINT_RULE"", ""Module"": ""AESDMA_REORDER_BUF"", ""FileName"": ""/storage/project/atlas/design/user/pnson/ATLAS_WORKING/IP/AESDMA/RTL/AESDMA_CORE/AESDMA_REORDER_BUF.sv"", ""LineNumber"": ""241"", ""Statement"": ""assign nxt_stop_rptr_tmp = r_stop_rptr_tmp + 1;"", ""NodeName"": """", ""LHSExpr"": ""nxt_stop_rptr_tmp"", ""LHS_Size"": ""9"", ""RHSExpr"": ""(r_stop_rptr_tmp + 1)"", ""RHS_Size"": ""10"", ""NodeType"": """", ""HIERARCHY"": "":BOS_AESDMA:u_AESDMA_TOP@AESDMA_TOP_DCLS:u_aesdma_top@AESDMA_TOP:u_AESDMA_RDCORE@AESDMA_RDCORE:u_AESDMA_REORDER_BUF@AESDMA_REORDER_BUF""}"
W164a_e97c355c8578,UNCHANGED,WAIVED,yes,W164a_785,These counters updating logic are confirmed by designer,CUSTOM,,"(Goal == ""BOS_LINT_RULE"") AND (Module == ""AESDMA_RD_DESC"") AND (Statement == ""n_rdAddr[AXI_ADDR_WD-1:ADDR_BASE_LSB] = r_rdAddr[AXI_ADDR_WD-1:ADDR_BASE_LSB] + {{(AXI_ADDR_WD-ADDR_BASE_LSB-AXI_LEN_WD){1'b0}}, w_rdBurstLen} + 1;"") AND (HIERARCHY == "":BOS_AESDMA:u_AESDMA_TOP@AESDMA_TOP_DCLS:u_aesdma_top@AESDMA_TOP:u_AESDMA_RD_DESC@AESDMA_RD_DESC"")",,,PENDING,,W164a,warning,BOS_LINT_RULE,AESDMA_REORDER_BUF,/storage/project/atlas/design/user/pnson/ATLAS_WORKING/IP/AESDMA/RTL/AESDMA_CORE/AESDMA_REORDER_BUF.sv,316,:BOS_AESDMA:u_AESDMA_TOP@AESDMA_TOP_DCLS:u_aesdma_top@AESDMA_TOP:u_AESDMA_RDCORE@AESDMA_RDCORE:u_AESDMA_REORDER_BUF@AESDMA_REORDER_BUF,,assign nxt_r_cnt = (r_cnt == (DATA_SLOT_CNT-1)) ? ({SRAM_ROB_ADDR_WD{1'b0}}) : (r_cnt + 1'b1);,LHS[NodeName]: '[LHSExpr]' width [LHS_Size] is less than RHS: '[RHSExpr]' width [RHS_Size] in[NodeType] assignment [Hierarchy: '[HIERARCHY]'],Lint:801,waived,pnson,N/A,"{""Goal"": ""BOS_LINT_RULE"", ""Module"": ""AESDMA_RD_DESC"", ""Statement"": ""n_rdAddr[AXI_ADDR_WD-1:ADDR_BASE_LSB] = r_rdAddr[AXI_ADDR_WD-1:ADDR_BASE_LSB] + {{(AXI_ADDR_WD-ADDR_BASE_LSB-AXI_LEN_WD){1'b0}}, w_rdBurstLen} + 1;"", ""HIERARCHY"": "":BOS_AESDMA:u_AESDMA_TOP@AESDMA_TOP_DCLS:u_aesdma_top@AESDMA_TOP:u_AESDMA_RD_DESC@AESDMA_RD_DESC""}","{""Tag"": ""W164a"", ""Description"": ""LHS[NodeName]: '[LHSExpr]' width [LHS_Size] is less than RHS: '[RHSExpr]' width [RHS_Size] in[NodeType] assignment [Hierarchy: '[HIERARCHY]']"", ""Violation"": ""Lint:801"", ""Goal"": ""BOS_LINT_RULE"", ""Module"": ""AESDMA_REORDER_BUF"", ""FileName"": ""/storage/project/atlas/design/user/pnson/ATLAS_WORKING/IP/AESDMA/RTL/AESDMA_CORE/AESDMA_REORDER_BUF.sv"", ""LineNumber"": ""316"", ""Statement"": ""assign nxt_r_cnt = (r_cnt == (DATA_SLOT_CNT-1)) ? ({SRAM_ROB_ADDR_WD{1'b0}}) : (r_cnt + 1'b1);"", ""NodeName"": """", ""LHSExpr"": ""nxt_r_cnt"", ""LHS_Size"": ""9"", ""RHSExpr"": ""(r_cnt + 1'b1)"", ""RHS_Size"": ""10"", ""NodeType"": """", ""HIERARCHY"": "":BOS_AESDMA:u_AESDMA_TOP@AESDMA_TOP_DCLS:u_aesdma_top@AESDMA_TOP:u_AESDMA_RDCORE@AESDMA_RDCORE:u_AESDMA_REORDER_BUF@AESDMA_REORDER_BUF""}"
W164a_8ae0b89979a0,UNCHANGED,WAIVED,yes,W164a_785,These counters updating logic are confirmed by designer,CUSTOM,,"(Goal == ""BOS_LINT_RULE"") AND (Module == ""AESDMA_RD_DESC"") AND (Statement == ""n_rdAddr[AXI_ADDR_WD-1:ADDR_BASE_LSB] = r_rdAddr[AXI_ADDR_WD-1:ADDR_BASE_LSB] + {{(AXI_ADDR_WD-ADDR_BASE_LSB-AXI_LEN_WD){1'b0}}, w_rdBurstLen} + 1;"") AND (HIERARCHY == "":BOS_AESDMA:u_AESDMA_TOP@AESDMA_TOP_DCLS:u_aesdma_top@AESDMA_TOP:u_AESDMA_RD_DESC@AESDMA_RD_DESC"")",,,PENDING,,W164a,warning,BOS_LINT_RULE,AESDMA_SYNC_FIFO_REG,/storage/project/atlas/design/user/pnson/ATLAS_WORKING/IP/AESDMA/RTL/AESDMA_CORE/AESDMA_SYNC_FIFO_REG.v,43,:BOS_AESDMA:u_AESDMA_TOP@AESDMA_TOP_DCLS:u_aesdma_top@AESDMA_TOP:u_AESDMA_RDCORE@AESDMA_RDCORE:u_AESDMA_REORDER_BUF@AESDMA_REORDER_BUF:u_REGFIFO@AESDMA_SYNC_FIFO_REG,,assign nxt_w_cnt = (w_cnt == FIFO_DEPTH-1) ? ({AW{1'b0}}) : (w_cnt + 1'b1);,LHS[NodeName]: '[LHSExpr]' width [LHS_Size] is less than RHS: '[RHSExpr]' width [RHS_Size] in[NodeType] assignment [Hierarchy: '[HIERARCHY]'],Lint:803,waived,pnson,N/A,"{""Goal"": ""BOS_LINT_RULE"", ""Module"": ""AESDMA_RD_DESC"", ""Statement"": ""n_rdAddr[AXI_ADDR_WD-1:ADDR_BASE_LSB] = r_rdAddr[AXI_ADDR_WD-1:ADDR_BASE_LSB] + {{(AXI_ADDR_WD-ADDR_BASE_LSB-AXI_LEN_WD){1'b0}}, w_rdBurstLen} + 1;"", ""HIERARCHY"": "":BOS_AESDMA:u_AESDMA_TOP@AESDMA_TOP_DCLS:u_aesdma_top@AESDMA_TOP:u_AESDMA_RD_DESC@AESDMA_RD_DESC""}","{""Tag"": ""W164a"", ""Description"": ""LHS[NodeName]: '[LHSExpr]' width [LHS_Size] is less than RHS: '[RHSExpr]' width [RHS_Size] in[NodeType] assignment [Hierarchy: '[HIERARCHY]']"", ""Violation"": ""Lint:803"", ""Goal"": ""BOS_LINT_RULE"", ""Module"": ""AESDMA_SYNC_FIFO_REG"", ""FileName"": ""/storage/project/atlas/design/user/pnson/ATLAS_WORKING/IP/AESDMA/RTL/AESDMA_CORE/AESDMA_SYNC_FIFO_REG.v"", ""LineNumber"": ""43"", ""Statement"": ""    assign nxt_w_cnt = (w_cnt == FIFO_DEPTH-1) ? ({AW{1'b0}}) : (w_cnt + 1'b1);"", ""NodeName"": """", ""LHSExpr"": ""nxt_w_cnt"", ""LHS_Size"": ""2"", ""RHSExpr"": ""(w_cnt + 1'b1)"", ""RHS_Size"": ""3"", ""NodeType"": """", ""HIERARCHY"": "":BOS_AESDMA:u_AESDMA_TOP@AESDMA_TOP_DCLS:u_aesdma_top@AESDMA_TOP:u_AESDMA_RDCORE@AESDMA_RDCORE:u_AESDMA_REORDER_BUF@AESDMA_REORDER_BUF:u_REGFIFO@AESDMA_SYNC_FIFO_REG""}"
W164a_4f28e5ce8f80,UNCHANGED,WAIVED,yes,W164a_785,These counters updating logic are confirmed by designer,CUSTOM,,"(Goal == ""BOS_LINT_RULE"") AND (Module == ""AESDMA_RD_DESC"") AND (Statement == ""n_rdAddr[AXI_ADDR_WD-1:ADDR_BASE_LSB] = r_rdAddr[AXI_ADDR_WD-1:ADDR_BASE_LSB] + {{(AXI_ADDR_WD-ADDR_BASE_LSB-AXI_LEN_WD){1'b0}}, w_rdBurstLen} + 1;"") AND (HIERARCHY == "":BOS_AESDMA:u_AESDMA_TOP@AESDMA_TOP_DCLS:u_aesdma_top@AESDMA_TOP:u_AESDMA_RD_DESC@AESDMA_RD_DESC"")",,,PENDING,,W164a,warning,BOS_LINT_RULE,AESDMA_TOP,/storage/project/atlas/design/user/pnson/ATLAS_WORKING/IP/AESDMA/RTL/AESDMA_CORE/AESDMA_TOP.v,1288,:BOS_AESDMA:u_AESDMA_TOP@AESDMA_TOP_DCLS:u_aesdma_top@AESDMA_TOP,,r_axidma_2d_rd_ar_x_start_addr <= r_axidma_3d_rd_ar_xy_start_addr + w_axidma_3d_rd_xy_stride_mux;,LHS[NodeName]: '[LHSExpr]' width [LHS_Size] is less than RHS: '[RHSExpr]' width [RHS_Size] in[NodeType] assignment [Hierarchy: '[HIERARCHY]'],Lint:772,waived,pnson,N/A,"{""Goal"": ""BOS_LINT_RULE"", ""Module"": ""AESDMA_RD_DESC"", ""Statement"": ""n_rdAddr[AXI_ADDR_WD-1:ADDR_BASE_LSB] = r_rdAddr[AXI_ADDR_WD-1:ADDR_BASE_LSB] + {{(AXI_ADDR_WD-ADDR_BASE_LSB-AXI_LEN_WD){1'b0}}, w_rdBurstLen} + 1;"", ""HIERARCHY"": "":BOS_AESDMA:u_AESDMA_TOP@AESDMA_TOP_DCLS:u_aesdma_top@AESDMA_TOP:u_AESDMA_RD_DESC@AESDMA_RD_DESC""}","{""Tag"": ""W164a"", ""Description"": ""LHS[NodeName]: '[LHSExpr]' width [LHS_Size] is less than RHS: '[RHSExpr]' width [RHS_Size] in[NodeType] assignment [Hierarchy: '[HIERARCHY]']"", ""Violation"": ""Lint:772"", ""Goal"": ""BOS_LINT_RULE"", ""Module"": ""AESDMA_TOP"", ""FileName"": ""/storage/project/atlas/design/user/pnson/ATLAS_WORKING/IP/AESDMA/RTL/AESDMA_CORE/AESDMA_TOP.v"", ""LineNumber"": ""1288"", ""Statement"": ""                    r_axidma_2d_rd_ar_x_start_addr        <= r_axidma_3d_rd_ar_xy_start_addr + w_axidma_3d_rd_xy_stride_mux;"", ""NodeName"": """", ""LHSExpr"": ""r_axidma_2d_rd_ar_x_start_addr"", ""LHS_Size"": ""44"", ""RHSExpr"": ""(r_axidma_3d_rd_ar_xy_start_addr + w_axidma_3d_rd_xy_stride_mux)"", ""RHS_Size"": ""45"", ""NodeType"": """", ""HIERARCHY"": "":BOS_AESDMA:u_AESDMA_TOP@AESDMA_TOP_DCLS:u_aesdma_top@AESDMA_TOP""}"
W164a_2cf4a06f09c5,UNCHANGED,WAIVED,yes,W164a_785,These counters updating logic are confirmed by designer,CUSTOM,,"(Goal == ""BOS_LINT_RULE"") AND (Module == ""AESDMA_RD_DESC"") AND (Statement == ""n_rdAddr[AXI_ADDR_WD-1:ADDR_BASE_LSB] = r_rdAddr[AXI_ADDR_WD-1:ADDR_BASE_LSB] + {{(AXI_ADDR_WD-ADDR_BASE_LSB-AXI_LEN_WD){1'b0}}, w_rdBurstLen} + 1;"") AND (HIERARCHY == "":BOS_AESDMA:u_AESDMA_TOP@AESDMA_TOP_DCLS:u_aesdma_top@AESDMA_TOP:u_AESDMA_RD_DESC@AESDMA_RD_DESC"")",,,PENDING,,W164a,warning,BOS_LINT_RULE,AESDMA_TOP,/storage/project/atlas/design/user/pnson/ATLAS_WORKING/IP/AESDMA/RTL/AESDMA_CORE/AESDMA_TOP.v,1289,:BOS_AESDMA:u_AESDMA_TOP@AESDMA_TOP_DCLS:u_aesdma_top@AESDMA_TOP,,r_axidma_3d_rd_ar_xy_start_addr <= r_axidma_3d_rd_ar_xy_start_addr + w_axidma_3d_rd_xy_stride_mux;,LHS[NodeName]: '[LHSExpr]' width [LHS_Size] is less than RHS: '[RHSExpr]' width [RHS_Size] in[NodeType] assignment [Hierarchy: '[HIERARCHY]'],Lint:773,waived,pnson,N/A,"{""Goal"": ""BOS_LINT_RULE"", ""Module"": ""AESDMA_RD_DESC"", ""Statement"": ""n_rdAddr[AXI_ADDR_WD-1:ADDR_BASE_LSB] = r_rdAddr[AXI_ADDR_WD-1:ADDR_BASE_LSB] + {{(AXI_ADDR_WD-ADDR_BASE_LSB-AXI_LEN_WD){1'b0}}, w_rdBurstLen} + 1;"", ""HIERARCHY"": "":BOS_AESDMA:u_AESDMA_TOP@AESDMA_TOP_DCLS:u_aesdma_top@AESDMA_TOP:u_AESDMA_RD_DESC@AESDMA_RD_DESC""}","{""Tag"": ""W164a"", ""Description"": ""LHS[NodeName]: '[LHSExpr]' width [LHS_Size] is less than RHS: '[RHSExpr]' width [RHS_Size] in[NodeType] assignment [Hierarchy: '[HIERARCHY]']"", ""Violation"": ""Lint:773"", ""Goal"": ""BOS_LINT_RULE"", ""Module"": ""AESDMA_TOP"", ""FileName"": ""/storage/project/atlas/design/user/pnson/ATLAS_WORKING/IP/AESDMA/RTL/AESDMA_CORE/AESDMA_TOP.v"", ""LineNumber"": ""1289"", ""Statement"": ""                    r_axidma_3d_rd_ar_xy_start_addr       <= r_axidma_3d_rd_ar_xy_start_addr + w_axidma_3d_rd_xy_stride_mux;"", ""NodeName"": """", ""LHSExpr"": ""r_axidma_3d_rd_ar_xy_start_addr"", ""LHS_Size"": ""44"", ""RHSExpr"": ""(r_axidma_3d_rd_ar_xy_start_addr + w_axidma_3d_rd_xy_stride_mux)"", ""RHS_Size"": ""45"", ""NodeType"": """", ""HIERARCHY"": "":BOS_AESDMA:u_AESDMA_TOP@AESDMA_TOP_DCLS:u_aesdma_top@AESDMA_TOP""}"
W164a_5e0b6dc4ac33,UNCHANGED,WAIVED,yes,W164a_785,These counters updating logic are confirmed by designer,CUSTOM,,"(Goal == ""BOS_LINT_RULE"") AND (Module == ""AESDMA_RD_DESC"") AND (Statement == ""n_rdAddr[AXI_ADDR_WD-1:ADDR_BASE_LSB] = r_rdAddr[AXI_ADDR_WD-1:ADDR_BASE_LSB] + {{(AXI_ADDR_WD-ADDR_BASE_LSB-AXI_LEN_WD){1'b0}}, w_rdBurstLen} + 1;"") AND (HIERARCHY == "":BOS_AESDMA:u_AESDMA_TOP@AESDMA_TOP_DCLS:u_aesdma_top@AESDMA_TOP:u_AESDMA_RD_DESC@AESDMA_RD_DESC"")",,,PENDING,,W164a,warning,BOS_LINT_RULE,AESDMA_TOP,/storage/project/atlas/design/user/pnson/ATLAS_WORKING/IP/AESDMA/RTL/AESDMA_CORE/AESDMA_TOP.v,1293,:BOS_AESDMA:u_AESDMA_TOP@AESDMA_TOP_DCLS:u_aesdma_top@AESDMA_TOP,,r_axidma_2d_rd_ar_x_start_addr <= r_axidma_2d_rd_ar_x_start_addr + w_axidma_2d_rd_x_stride_mux;,LHS[NodeName]: '[LHSExpr]' width [LHS_Size] is less than RHS: '[RHSExpr]' width [RHS_Size] in[NodeType] assignment [Hierarchy: '[HIERARCHY]'],Lint:774,waived,pnson,N/A,"{""Goal"": ""BOS_LINT_RULE"", ""Module"": ""AESDMA_RD_DESC"", ""Statement"": ""n_rdAddr[AXI_ADDR_WD-1:ADDR_BASE_LSB] = r_rdAddr[AXI_ADDR_WD-1:ADDR_BASE_LSB] + {{(AXI_ADDR_WD-ADDR_BASE_LSB-AXI_LEN_WD){1'b0}}, w_rdBurstLen} + 1;"", ""HIERARCHY"": "":BOS_AESDMA:u_AESDMA_TOP@AESDMA_TOP_DCLS:u_aesdma_top@AESDMA_TOP:u_AESDMA_RD_DESC@AESDMA_RD_DESC""}","{""Tag"": ""W164a"", ""Description"": ""LHS[NodeName]: '[LHSExpr]' width [LHS_Size] is less than RHS: '[RHSExpr]' width [RHS_Size] in[NodeType] assignment [Hierarchy: '[HIERARCHY]']"", ""Violation"": ""Lint:774"", ""Goal"": ""BOS_LINT_RULE"", ""Module"": ""AESDMA_TOP"", ""FileName"": ""/storage/project/atlas/design/user/pnson/ATLAS_WORKING/IP/AESDMA/RTL/AESDMA_CORE/AESDMA_TOP.v"", ""LineNumber"": ""1293"", ""Statement"": ""                    r_axidma_2d_rd_ar_x_start_addr        <= r_axidma_2d_rd_ar_x_start_addr + w_axidma_2d_rd_x_stride_mux;"", ""NodeName"": """", ""LHSExpr"": ""r_axidma_2d_rd_ar_x_start_addr"", ""LHS_Size"": ""44"", ""RHSExpr"": ""(r_axidma_2d_rd_ar_x_start_addr + w_axidma_2d_rd_x_stride_mux)"", ""RHS_Size"": ""45"", ""NodeType"": """", ""HIERARCHY"": "":BOS_AESDMA:u_AESDMA_TOP@AESDMA_TOP_DCLS:u_aesdma_top@AESDMA_TOP""}"
W164a_4e84e698ed3e,UNCHANGED,WAIVED,yes,W164a_785,These counters updating logic are confirmed by designer,CUSTOM,,"(Goal == ""BOS_LINT_RULE"") AND (Module == ""AESDMA_RD_DESC"") AND (Statement == ""n_rdAddr[AXI_ADDR_WD-1:ADDR_BASE_LSB] = r_rdAddr[AXI_ADDR_WD-1:ADDR_BASE_LSB] + {{(AXI_ADDR_WD-ADDR_BASE_LSB-AXI_LEN_WD){1'b0}}, w_rdBurstLen} + 1;"") AND (HIERARCHY == "":BOS_AESDMA:u_AESDMA_TOP@AESDMA_TOP_DCLS:u_aesdma_top@AESDMA_TOP:u_AESDMA_RD_DESC@AESDMA_RD_DESC"")",,,PENDING,,W164a,warning,BOS_LINT_RULE,AESDMA_TOP,/storage/project/atlas/design/user/pnson/ATLAS_WORKING/IP/AESDMA/RTL/AESDMA_CORE/AESDMA_TOP.v,1395,:BOS_AESDMA:u_AESDMA_TOP@AESDMA_TOP_DCLS:u_aesdma_top@AESDMA_TOP,,r_axidma_2d_rd_r_x_start_addr <= r_axidma_3d_rd_r_xy_start_addr + w_axidma_3d_rd_xy_stride_mux;,LHS[NodeName]: '[LHSExpr]' width [LHS_Size] is less than RHS: '[RHSExpr]' width [RHS_Size] in[NodeType] assignment [Hierarchy: '[HIERARCHY]'],Lint:775,waived,pnson,N/A,"{""Goal"": ""BOS_LINT_RULE"", ""Module"": ""AESDMA_RD_DESC"", ""Statement"": ""n_rdAddr[AXI_ADDR_WD-1:ADDR_BASE_LSB] = r_rdAddr[AXI_ADDR_WD-1:ADDR_BASE_LSB] + {{(AXI_ADDR_WD-ADDR_BASE_LSB-AXI_LEN_WD){1'b0}}, w_rdBurstLen} + 1;"", ""HIERARCHY"": "":BOS_AESDMA:u_AESDMA_TOP@AESDMA_TOP_DCLS:u_aesdma_top@AESDMA_TOP:u_AESDMA_RD_DESC@AESDMA_RD_DESC""}","{""Tag"": ""W164a"", ""Description"": ""LHS[NodeName]: '[LHSExpr]' width [LHS_Size] is less than RHS: '[RHSExpr]' width [RHS_Size] in[NodeType] assignment [Hierarchy: '[HIERARCHY]']"", ""Violation"": ""Lint:775"", ""Goal"": ""BOS_LINT_RULE"", ""Module"": ""AESDMA_TOP"", ""FileName"": ""/storage/project/atlas/design/user/pnson/ATLAS_WORKING/IP/AESDMA/RTL/AESDMA_CORE/AESDMA_TOP.v"", ""LineNumber"": ""1395"", ""Statement"": ""                    r_axidma_2d_rd_r_x_start_addr        <= r_axidma_3d_rd_r_xy_start_addr + w_axidma_3d_rd_xy_stride_mux;"", ""NodeName"": """", ""LHSExpr"": ""r_axidma_2d_rd_r_x_start_addr"", ""LHS_Size"": ""44"", ""RHSExpr"": ""(r_axidma_3d_rd_r_xy_start_addr + w_axidma_3d_rd_xy_stride_mux)"", ""RHS_Size"": ""45"", ""NodeType"": """", ""HIERARCHY"": "":BOS_AESDMA:u_AESDMA_TOP@AESDMA_TOP_DCLS:u_aesdma_top@AESDMA_TOP""}"
W164a_a0c63c9da2e6,UNCHANGED,WAIVED,yes,W164a_785,These counters updating logic are confirmed by designer,CUSTOM,,"(Goal == ""BOS_LINT_RULE"") AND (Module == ""AESDMA_RD_DESC"") AND (Statement == ""n_rdAddr[AXI_ADDR_WD-1:ADDR_BASE_LSB] = r_rdAddr[AXI_ADDR_WD-1:ADDR_BASE_LSB] + {{(AXI_ADDR_WD-ADDR_BASE_LSB-AXI_LEN_WD){1'b0}}, w_rdBurstLen} + 1;"") AND (HIERARCHY == "":BOS_AESDMA:u_AESDMA_TOP@AESDMA_TOP_DCLS:u_aesdma_top@AESDMA_TOP:u_AESDMA_RD_DESC@AESDMA_RD_DESC"")",,,PENDING,,W164a,warning,BOS_LINT_RULE,AESDMA_TOP,/storage/project/atlas/design/user/pnson/ATLAS_WORKING/IP/AESDMA/RTL/AESDMA_CORE/AESDMA_TOP.v,1396,:BOS_AESDMA:u_AESDMA_TOP@AESDMA_TOP_DCLS:u_aesdma_top@AESDMA_TOP,,r_axidma_3d_rd_r_xy_start_addr <= r_axidma_3d_rd_r_xy_start_addr + w_axidma_3d_rd_xy_stride_mux;,LHS[NodeName]: '[LHSExpr]' width [LHS_Size] is less than RHS: '[RHSExpr]' width [RHS_Size] in[NodeType] assignment [Hierarchy: '[HIERARCHY]'],Lint:776,waived,pnson,N/A,"{""Goal"": ""BOS_LINT_RULE"", ""Module"": ""AESDMA_RD_DESC"", ""Statement"": ""n_rdAddr[AXI_ADDR_WD-1:ADDR_BASE_LSB] = r_rdAddr[AXI_ADDR_WD-1:ADDR_BASE_LSB] + {{(AXI_ADDR_WD-ADDR_BASE_LSB-AXI_LEN_WD){1'b0}}, w_rdBurstLen} + 1;"", ""HIERARCHY"": "":BOS_AESDMA:u_AESDMA_TOP@AESDMA_TOP_DCLS:u_aesdma_top@AESDMA_TOP:u_AESDMA_RD_DESC@AESDMA_RD_DESC""}","{""Tag"": ""W164a"", ""Description"": ""LHS[NodeName]: '[LHSExpr]' width [LHS_Size] is less than RHS: '[RHSExpr]' width [RHS_Size] in[NodeType] assignment [Hierarchy: '[HIERARCHY]']"", ""Violation"": ""Lint:776"", ""Goal"": ""BOS_LINT_RULE"", ""Module"": ""AESDMA_TOP"", ""FileName"": ""/storage/project/atlas/design/user/pnson/ATLAS_WORKING/IP/AESDMA/RTL/AESDMA_CORE/AESDMA_TOP.v"", ""LineNumber"": ""1396"", ""Statement"": ""                    r_axidma_3d_rd_r_xy_start_addr       <= r_axidma_3d_rd_r_xy_start_addr + w_axidma_3d_rd_xy_stride_mux;"", ""NodeName"": """", ""LHSExpr"": ""r_axidma_3d_rd_r_xy_start_addr"", ""LHS_Size"": ""44"", ""RHSExpr"": ""(r_axidma_3d_rd_r_xy_start_addr + w_axidma_3d_rd_xy_stride_mux)"", ""RHS_Size"": ""45"", ""NodeType"": """", ""HIERARCHY"": "":BOS_AESDMA:u_AESDMA_TOP@AESDMA_TOP_DCLS:u_aesdma_top@AESDMA_TOP""}"
W164a_6fc4541b3f0d,UNCHANGED,WAIVED,yes,W164a_785,These counters updating logic are confirmed by designer,CUSTOM,,"(Goal == ""BOS_LINT_RULE"") AND (Module == ""AESDMA_RD_DESC"") AND (Statement == ""n_rdAddr[AXI_ADDR_WD-1:ADDR_BASE_LSB] = r_rdAddr[AXI_ADDR_WD-1:ADDR_BASE_LSB] + {{(AXI_ADDR_WD-ADDR_BASE_LSB-AXI_LEN_WD){1'b0}}, w_rdBurstLen} + 1;"") AND (HIERARCHY == "":BOS_AESDMA:u_AESDMA_TOP@AESDMA_TOP_DCLS:u_aesdma_top@AESDMA_TOP:u_AESDMA_RD_DESC@AESDMA_RD_DESC"")",,,PENDING,,W164a,warning,BOS_LINT_RULE,AESDMA_TOP,/storage/project/atlas/design/user/pnson/ATLAS_WORKING/IP/AESDMA/RTL/AESDMA_CORE/AESDMA_TOP.v,1400,:BOS_AESDMA:u_AESDMA_TOP@AESDMA_TOP_DCLS:u_aesdma_top@AESDMA_TOP,,r_axidma_2d_rd_r_x_start_addr <= r_axidma_2d_rd_r_x_start_addr + w_axidma_2d_rd_x_stride_mux;,LHS[NodeName]: '[LHSExpr]' width [LHS_Size] is less than RHS: '[RHSExpr]' width [RHS_Size] in[NodeType] assignment [Hierarchy: '[HIERARCHY]'],Lint:777,waived,pnson,N/A,"{""Goal"": ""BOS_LINT_RULE"", ""Module"": ""AESDMA_RD_DESC"", ""Statement"": ""n_rdAddr[AXI_ADDR_WD-1:ADDR_BASE_LSB] = r_rdAddr[AXI_ADDR_WD-1:ADDR_BASE_LSB] + {{(AXI_ADDR_WD-ADDR_BASE_LSB-AXI_LEN_WD){1'b0}}, w_rdBurstLen} + 1;"", ""HIERARCHY"": "":BOS_AESDMA:u_AESDMA_TOP@AESDMA_TOP_DCLS:u_aesdma_top@AESDMA_TOP:u_AESDMA_RD_DESC@AESDMA_RD_DESC""}","{""Tag"": ""W164a"", ""Description"": ""LHS[NodeName]: '[LHSExpr]' width [LHS_Size] is less than RHS: '[RHSExpr]' width [RHS_Size] in[NodeType] assignment [Hierarchy: '[HIERARCHY]']"", ""Violation"": ""Lint:777"", ""Goal"": ""BOS_LINT_RULE"", ""Module"": ""AESDMA_TOP"", ""FileName"": ""/storage/project/atlas/design/user/pnson/ATLAS_WORKING/IP/AESDMA/RTL/AESDMA_CORE/AESDMA_TOP.v"", ""LineNumber"": ""1400"", ""Statement"": ""                    r_axidma_2d_rd_r_x_start_addr        <= r_axidma_2d_rd_r_x_start_addr + w_axidma_2d_rd_x_stride_mux;"", ""NodeName"": """", ""LHSExpr"": ""r_axidma_2d_rd_r_x_start_addr"", ""LHS_Size"": ""44"", ""RHSExpr"": ""(r_axidma_2d_rd_r_x_start_addr + w_axidma_2d_rd_x_stride_mux)"", ""RHS_Size"": ""45"", ""NodeType"": """", ""HIERARCHY"": "":BOS_AESDMA:u_AESDMA_TOP@AESDMA_TOP_DCLS:u_aesdma_top@AESDMA_TOP""}"
W164a_453183e95577,UNCHANGED,WAIVED,yes,W164a_785,These counters updating logic are confirmed by designer,CUSTOM,,"(Goal == ""BOS_LINT_RULE"") AND (Module == ""AESDMA_RD_DESC"") AND (Statement == ""n_rdAddr[AXI_ADDR_WD-1:ADDR_BASE_LSB] = r_rdAddr[AXI_ADDR_WD-1:ADDR_BASE_LSB] + {{(AXI_ADDR_WD-ADDR_BASE_LSB-AXI_LEN_WD){1'b0}}, w_rdBurstLen} + 1;"") AND (HIERARCHY == "":BOS_AESDMA:u_AESDMA_TOP@AESDMA_TOP_DCLS:u_aesdma_top@AESDMA_TOP:u_AESDMA_RD_DESC@AESDMA_RD_DESC"")",,,PENDING,,W164a,warning,BOS_LINT_RULE,AESDMA_TOP,/storage/project/atlas/design/user/pnson/ATLAS_WORKING/IP/AESDMA/RTL/AESDMA_CORE/AESDMA_TOP.v,1500,:BOS_AESDMA:u_AESDMA_TOP@AESDMA_TOP_DCLS:u_aesdma_top@AESDMA_TOP,,r_axidma_2d_wr_aw_x_start_addr <= r_axidma_3d_wr_aw_xy_start_addr + w_axidma_3d_wr_xy_stride_mux;,LHS[NodeName]: '[LHSExpr]' width [LHS_Size] is less than RHS: '[RHSExpr]' width [RHS_Size] in[NodeType] assignment [Hierarchy: '[HIERARCHY]'],Lint:778,waived,pnson,N/A,"{""Goal"": ""BOS_LINT_RULE"", ""Module"": ""AESDMA_RD_DESC"", ""Statement"": ""n_rdAddr[AXI_ADDR_WD-1:ADDR_BASE_LSB] = r_rdAddr[AXI_ADDR_WD-1:ADDR_BASE_LSB] + {{(AXI_ADDR_WD-ADDR_BASE_LSB-AXI_LEN_WD){1'b0}}, w_rdBurstLen} + 1;"", ""HIERARCHY"": "":BOS_AESDMA:u_AESDMA_TOP@AESDMA_TOP_DCLS:u_aesdma_top@AESDMA_TOP:u_AESDMA_RD_DESC@AESDMA_RD_DESC""}","{""Tag"": ""W164a"", ""Description"": ""LHS[NodeName]: '[LHSExpr]' width [LHS_Size] is less than RHS: '[RHSExpr]' width [RHS_Size] in[NodeType] assignment [Hierarchy: '[HIERARCHY]']"", ""Violation"": ""Lint:778"", ""Goal"": ""BOS_LINT_RULE"", ""Module"": ""AESDMA_TOP"", ""FileName"": ""/storage/project/atlas/design/user/pnson/ATLAS_WORKING/IP/AESDMA/RTL/AESDMA_CORE/AESDMA_TOP.v"", ""LineNumber"": ""1500"", ""Statement"": ""                    r_axidma_2d_wr_aw_x_start_addr      <= r_axidma_3d_wr_aw_xy_start_addr + w_axidma_3d_wr_xy_stride_mux;"", ""NodeName"": """", ""LHSExpr"": ""r_axidma_2d_wr_aw_x_start_addr"", ""LHS_Size"": ""44"", ""RHSExpr"": ""(r_axidma_3d_wr_aw_xy_start_addr + w_axidma_3d_wr_xy_stride_mux)"", ""RHS_Size"": ""45"", ""NodeType"": """", ""HIERARCHY"": "":BOS_AESDMA:u_AESDMA_TOP@AESDMA_TOP_DCLS:u_aesdma_top@AESDMA_TOP""}"
W164a_4a2e5e0663a5,UNCHANGED,WAIVED,yes,W164a_785,These counters updating logic are confirmed by designer,CUSTOM,,"(Goal == ""BOS_LINT_RULE"") AND (Module == ""AESDMA_RD_DESC"") AND (Statement == ""n_rdAddr[AXI_ADDR_WD-1:ADDR_BASE_LSB] = r_rdAddr[AXI_ADDR_WD-1:ADDR_BASE_LSB] + {{(AXI_ADDR_WD-ADDR_BASE_LSB-AXI_LEN_WD){1'b0}}, w_rdBurstLen} + 1;"") AND (HIERARCHY == "":BOS_AESDMA:u_AESDMA_TOP@AESDMA_TOP_DCLS:u_aesdma_top@AESDMA_TOP:u_AESDMA_RD_DESC@AESDMA_RD_DESC"")",,,PENDING,,W164a,warning,BOS_LINT_RULE,AESDMA_TOP,/storage/project/atlas/design/user/pnson/ATLAS_WORKING/IP/AESDMA/RTL/AESDMA_CORE/AESDMA_TOP.v,1501,:BOS_AESDMA:u_AESDMA_TOP@AESDMA_TOP_DCLS:u_aesdma_top@AESDMA_TOP,,r_axidma_3d_wr_aw_xy_start_addr <= r_axidma_3d_wr_aw_xy_start_addr + w_axidma_3d_wr_xy_stride_mux;,LHS[NodeName]: '[LHSExpr]' width [LHS_Size] is less than RHS: '[RHSExpr]' width [RHS_Size] in[NodeType] assignment [Hierarchy: '[HIERARCHY]'],Lint:779,waived,pnson,N/A,"{""Goal"": ""BOS_LINT_RULE"", ""Module"": ""AESDMA_RD_DESC"", ""Statement"": ""n_rdAddr[AXI_ADDR_WD-1:ADDR_BASE_LSB] = r_rdAddr[AXI_ADDR_WD-1:ADDR_BASE_LSB] + {{(AXI_ADDR_WD-ADDR_BASE_LSB-AXI_LEN_WD){1'b0}}, w_rdBurstLen} + 1;"", ""HIERARCHY"": "":BOS_AESDMA:u_AESDMA_TOP@AESDMA_TOP_DCLS:u_aesdma_top@AESDMA_TOP:u_AESDMA_RD_DESC@AESDMA_RD_DESC""}","{""Tag"": ""W164a"", ""Description"": ""LHS[NodeName]: '[LHSExpr]' width [LHS_Size] is less than RHS: '[RHSExpr]' width [RHS_Size] in[NodeType] assignment [Hierarchy: '[HIERARCHY]']"", ""Violation"": ""Lint:779"", ""Goal"": ""BOS_LINT_RULE"", ""Module"": ""AESDMA_TOP"", ""FileName"": ""/storage/project/atlas/design/user/pnson/ATLAS_WORKING/IP/AESDMA/RTL/AESDMA_CORE/AESDMA_TOP.v"", ""LineNumber"": ""1501"", ""Statement"": ""                    r_axidma_3d_wr_aw_xy_start_addr     <= r_axidma_3d_wr_aw_xy_start_addr + w_axidma_3d_wr_xy_stride_mux;"", ""NodeName"": """", ""LHSExpr"": ""r_axidma_3d_wr_aw_xy_start_addr"", ""LHS_Size"": ""44"", ""RHSExpr"": ""(r_axidma_3d_wr_aw_xy_start_addr + w_axidma_3d_wr_xy_stride_mux)"", ""RHS_Size"": ""45"", ""NodeType"": """", ""HIERARCHY"": "":BOS_AESDMA:u_AESDMA_TOP@AESDMA_TOP_DCLS:u_aesdma_top@AESDMA_TOP""}"
W164a_6ff437a3ada4,UNCHANGED,WAIVED,yes,W164a_785,These counters updating logic are confirmed by designer,CUSTOM,,"(Goal == ""BOS_LINT_RULE"") AND (Module == ""AESDMA_RD_DESC"") AND (Statement == ""n_rdAddr[AXI_ADDR_WD-1:ADDR_BASE_LSB] = r_rdAddr[AXI_ADDR_WD-1:ADDR_BASE_LSB] + {{(AXI_ADDR_WD-ADDR_BASE_LSB-AXI_LEN_WD){1'b0}}, w_rdBurstLen} + 1;"") AND (HIERARCHY == "":BOS_AESDMA:u_AESDMA_TOP@AESDMA_TOP_DCLS:u_aesdma_top@AESDMA_TOP:u_AESDMA_RD_DESC@AESDMA_RD_DESC"")",,,PENDING,,W164a,warning,BOS_LINT_RULE,AESDMA_TOP,/storage/project/atlas/design/user/pnson/ATLAS_WORKING/IP/AESDMA/RTL/AESDMA_CORE/AESDMA_TOP.v,1505,:BOS_AESDMA:u_AESDMA_TOP@AESDMA_TOP_DCLS:u_aesdma_top@AESDMA_TOP,,r_axidma_2d_wr_aw_x_start_addr <= r_axidma_2d_wr_aw_x_start_addr + w_axidma_2d_wr_x_stride_mux;,LHS[NodeName]: '[LHSExpr]' width [LHS_Size] is less than RHS: '[RHSExpr]' width [RHS_Size] in[NodeType] assignment [Hierarchy: '[HIERARCHY]'],Lint:780,waived,pnson,N/A,"{""Goal"": ""BOS_LINT_RULE"", ""Module"": ""AESDMA_RD_DESC"", ""Statement"": ""n_rdAddr[AXI_ADDR_WD-1:ADDR_BASE_LSB] = r_rdAddr[AXI_ADDR_WD-1:ADDR_BASE_LSB] + {{(AXI_ADDR_WD-ADDR_BASE_LSB-AXI_LEN_WD){1'b0}}, w_rdBurstLen} + 1;"", ""HIERARCHY"": "":BOS_AESDMA:u_AESDMA_TOP@AESDMA_TOP_DCLS:u_aesdma_top@AESDMA_TOP:u_AESDMA_RD_DESC@AESDMA_RD_DESC""}","{""Tag"": ""W164a"", ""Description"": ""LHS[NodeName]: '[LHSExpr]' width [LHS_Size] is less than RHS: '[RHSExpr]' width [RHS_Size] in[NodeType] assignment [Hierarchy: '[HIERARCHY]']"", ""Violation"": ""Lint:780"", ""Goal"": ""BOS_LINT_RULE"", ""Module"": ""AESDMA_TOP"", ""FileName"": ""/storage/project/atlas/design/user/pnson/ATLAS_WORKING/IP/AESDMA/RTL/AESDMA_CORE/AESDMA_TOP.v"", ""LineNumber"": ""1505"", ""Statement"": ""                    r_axidma_2d_wr_aw_x_start_addr      <= r_axidma_2d_wr_aw_x_start_addr + w_axidma_2d_wr_x_stride_mux;"", ""NodeName"": """", ""LHSExpr"": ""r_axidma_2d_wr_aw_x_start_addr"", ""LHS_Size"": ""44"", ""RHSExpr"": ""(r_axidma_2d_wr_aw_x_start_addr + w_axidma_2d_wr_x_stride_mux)"", ""RHS_Size"": ""45"", ""NodeType"": """", ""HIERARCHY"": "":BOS_AESDMA:u_AESDMA_TOP@AESDMA_TOP_DCLS:u_aesdma_top@AESDMA_TOP""}"
W164a_161793cb7dad,UNCHANGED,WAIVED,yes,W164a_785,These counters updating logic are confirmed by designer,CUSTOM,,"(Goal == ""BOS_LINT_RULE"") AND (Module == ""AESDMA_RD_DESC"") AND (Statement == ""n_rdAddr[AXI_ADDR_WD-1:ADDR_BASE_LSB] = r_rdAddr[AXI_ADDR_WD-1:ADDR_BASE_LSB] + {{(AXI_ADDR_WD-ADDR_BASE_LSB-AXI_LEN_WD){1'b0}}, w_rdBurstLen} + 1;"") AND (HIERARCHY == "":BOS_AESDMA:u_AESDMA_TOP@AESDMA_TOP_DCLS:u_aesdma_top@AESDMA_TOP:u_AESDMA_RD_DESC@AESDMA_RD_DESC"")",,,PENDING,,W164a,warning,BOS_LINT_RULE,AESDMA_WRCORE,/storage/project/atlas/design/user/pnson/ATLAS_WORKING/IP/AESDMA/RTL/AESDMA_CORE/AESDMA_WRCORE.sv,547,:BOS_AESDMA:u_AESDMA_TOP@AESDMA_TOP_DCLS:u_aesdma_top@AESDMA_TOP:u_AESDMA_WRCORE@AESDMA_WRCORE,,"n_wrAddr[AXI_ADDR_WD-1:ADDR_BASE_LSB] = r_wrAddr[AXI_ADDR_WD-1:ADDR_BASE_LSB] + {{(AXI_ADDR_WD-ADDR_BASE_LSB-BURSTLEN_WD){1'b0}}, w_wrBurstLen} + 1;",LHS[NodeName]: '[LHSExpr]' width [LHS_Size] is less than RHS: '[RHSExpr]' width [RHS_Size] in[NodeType] assignment [Hierarchy: '[HIERARCHY]'],Lint:806,waived,pnson,N/A,"{""Goal"": ""BOS_LINT_RULE"", ""Module"": ""AESDMA_RD_DESC"", ""Statement"": ""n_rdAddr[AXI_ADDR_WD-1:ADDR_BASE_LSB] = r_rdAddr[AXI_ADDR_WD-1:ADDR_BASE_LSB] + {{(AXI_ADDR_WD-ADDR_BASE_LSB-AXI_LEN_WD){1'b0}}, w_rdBurstLen} + 1;"", ""HIERARCHY"": "":BOS_AESDMA:u_AESDMA_TOP@AESDMA_TOP_DCLS:u_aesdma_top@AESDMA_TOP:u_AESDMA_RD_DESC@AESDMA_RD_DESC""}","{""Tag"": ""W164a"", ""Description"": ""LHS[NodeName]: '[LHSExpr]' width [LHS_Size] is less than RHS: '[RHSExpr]' width [RHS_Size] in[NodeType] assignment [Hierarchy: '[HIERARCHY]']"", ""Violation"": ""Lint:806"", ""Goal"": ""BOS_LINT_RULE"", ""Module"": ""AESDMA_WRCORE"", ""FileName"": ""/storage/project/atlas/design/user/pnson/ATLAS_WORKING/IP/AESDMA/RTL/AESDMA_CORE/AESDMA_WRCORE.sv"", ""LineNumber"": ""547"", ""Statement"": ""                n_wrAddr[AXI_ADDR_WD-1:ADDR_BASE_LSB] = r_wrAddr[AXI_ADDR_WD-1:ADDR_BASE_LSB] + {{(AXI_ADDR_WD-ADDR_BASE_LSB-BURSTLEN_WD){1'b0}}, w_wrBurstLen} + 1;"", ""NodeName"": """", ""LHSExpr"": ""n_wrAddr[(AXI_ADDR_WD - 1):ADDR_BASE_LSB]"", ""LHS_Size"": ""40"", ""RHSExpr"": ""((r_wrAddr[(AXI_ADDR_WD - 1):ADDR_BASE_LSB]  + {{ ((AXI_ADDR_WD - ADDR_BASE_LSB) - BURSTLEN_WD){ 1'b0} }  ,w_wrBurstLen}) + 1)"", ""RHS_Size"": ""41"", ""NodeType"": """", ""HIERARCHY"": "":BOS_AESDMA:u_AESDMA_TOP@AESDMA_TOP_DCLS:u_aesdma_top@AESDMA_TOP:u_AESDMA_WRCORE@AESDMA_WRCORE""}"
W164a_ebd65b48e89f,UNCHANGED,WAIVED,yes,W164a_785,These counters updating logic are confirmed by designer,CUSTOM,,"(Goal == ""BOS_LINT_RULE"") AND (Module == ""AESDMA_RD_DESC"") AND (Statement == ""n_rdAddr[AXI_ADDR_WD-1:ADDR_BASE_LSB] = r_rdAddr[AXI_ADDR_WD-1:ADDR_BASE_LSB] + {{(AXI_ADDR_WD-ADDR_BASE_LSB-AXI_LEN_WD){1'b0}}, w_rdBurstLen} + 1;"") AND (HIERARCHY == "":BOS_AESDMA:u_AESDMA_TOP@AESDMA_TOP_DCLS:u_aesdma_top@AESDMA_TOP:u_AESDMA_RD_DESC@AESDMA_RD_DESC"")",,,PENDING,,W164a,warning,BOS_LINT_RULE,AESDMA_WRCORE,/storage/project/atlas/design/user/pnson/ATLAS_WORKING/IP/AESDMA/RTL/AESDMA_CORE/AESDMA_WRCORE.sv,601,:BOS_AESDMA:u_AESDMA_TOP@AESDMA_TOP_DCLS:u_aesdma_top@AESDMA_TOP:u_AESDMA_WRCORE@AESDMA_WRCORE,,n_wrAddr[AXI_ADDR_WD-1:ADDR_BASE_LSB] = r_wrAddr[AXI_ADDR_WD-1:ADDR_BASE_LSB] + 1;,LHS[NodeName]: '[LHSExpr]' width [LHS_Size] is less than RHS: '[RHSExpr]' width [RHS_Size] in[NodeType] assignment [Hierarchy: '[HIERARCHY]'],Lint:807,waived,pnson,N/A,"{""Goal"": ""BOS_LINT_RULE"", ""Module"": ""AESDMA_RD_DESC"", ""Statement"": ""n_rdAddr[AXI_ADDR_WD-1:ADDR_BASE_LSB] = r_rdAddr[AXI_ADDR_WD-1:ADDR_BASE_LSB] + {{(AXI_ADDR_WD-ADDR_BASE_LSB-AXI_LEN_WD){1'b0}}, w_rdBurstLen} + 1;"", ""HIERARCHY"": "":BOS_AESDMA:u_AESDMA_TOP@AESDMA_TOP_DCLS:u_aesdma_top@AESDMA_TOP:u_AESDMA_RD_DESC@AESDMA_RD_DESC""}","{""Tag"": ""W164a"", ""Description"": ""LHS[NodeName]: '[LHSExpr]' width [LHS_Size] is less than RHS: '[RHSExpr]' width [RHS_Size] in[NodeType] assignment [Hierarchy: '[HIERARCHY]']"", ""Violation"": ""Lint:807"", ""Goal"": ""BOS_LINT_RULE"", ""Module"": ""AESDMA_WRCORE"", ""FileName"": ""/storage/project/atlas/design/user/pnson/ATLAS_WORKING/IP/AESDMA/RTL/AESDMA_CORE/AESDMA_WRCORE.sv"", ""LineNumber"": ""601"", ""Statement"": ""                n_wrAddr[AXI_ADDR_WD-1:ADDR_BASE_LSB] = r_wrAddr[AXI_ADDR_WD-1:ADDR_BASE_LSB] + 1;"", ""NodeName"": """", ""LHSExpr"": ""n_wrAddr[(AXI_ADDR_WD - 1):ADDR_BASE_LSB]"", ""LHS_Size"": ""40"", ""RHSExpr"": ""(r_wrAddr[(AXI_ADDR_WD - 1):ADDR_BASE_LSB]  + 1)"", ""RHS_Size"": ""41"", ""NodeType"": """", ""HIERARCHY"": "":BOS_AESDMA:u_AESDMA_TOP@AESDMA_TOP_DCLS:u_aesdma_top@AESDMA_TOP:u_AESDMA_WRCORE@AESDMA_WRCORE""}"
W164a_dc52da86c0c0,UNCHANGED,WAIVED,yes,W164a_785,These counters updating logic are confirmed by designer,CUSTOM,,"(Goal == ""BOS_LINT_RULE"") AND (Module == ""AESDMA_RD_DESC"") AND (Statement == ""n_rdAddr[AXI_ADDR_WD-1:ADDR_BASE_LSB] = r_rdAddr[AXI_ADDR_WD-1:ADDR_BASE_LSB] + {{(AXI_ADDR_WD-ADDR_BASE_LSB-AXI_LEN_WD){1'b0}}, w_rdBurstLen} + 1;"") AND (HIERARCHY == "":BOS_AESDMA:u_AESDMA_TOP@AESDMA_TOP_DCLS:u_aesdma_top@AESDMA_TOP:u_AESDMA_RD_DESC@AESDMA_RD_DESC"")",,,PENDING,,W164a,warning,BOS_LINT_RULE,AES_CORE_dev,/storage/project/atlas/design/user/pnson/ATLAS_WORKING/IP/AESDMA/RTL/AES_CORE/AES_CORE_dev.v,632,:BOS_AESDMA:u_AESDMA_TOP@AESDMA_TOP_DCLS:u_aesdma_top@AESDMA_TOP:u_AES_CORE@AES_CORE_dev,,assign w_xts_sector_iv = I_IV[31:0] + r_tweak_sector_r;,LHS[NodeName]: '[LHSExpr]' width [LHS_Size] is less than RHS: '[RHSExpr]' width [RHS_Size] in[NodeType] assignment [Hierarchy: '[HIERARCHY]'],Lint:816,waived,pnson,N/A,"{""Goal"": ""BOS_LINT_RULE"", ""Module"": ""AESDMA_RD_DESC"", ""Statement"": ""n_rdAddr[AXI_ADDR_WD-1:ADDR_BASE_LSB] = r_rdAddr[AXI_ADDR_WD-1:ADDR_BASE_LSB] + {{(AXI_ADDR_WD-ADDR_BASE_LSB-AXI_LEN_WD){1'b0}}, w_rdBurstLen} + 1;"", ""HIERARCHY"": "":BOS_AESDMA:u_AESDMA_TOP@AESDMA_TOP_DCLS:u_aesdma_top@AESDMA_TOP:u_AESDMA_RD_DESC@AESDMA_RD_DESC""}","{""Tag"": ""W164a"", ""Description"": ""LHS[NodeName]: '[LHSExpr]' width [LHS_Size] is less than RHS: '[RHSExpr]' width [RHS_Size] in[NodeType] assignment [Hierarchy: '[HIERARCHY]']"", ""Violation"": ""Lint:816"", ""Goal"": ""BOS_LINT_RULE"", ""Module"": ""AES_CORE_dev"", ""FileName"": ""/storage/project/atlas/design/user/pnson/ATLAS_WORKING/IP/AESDMA/RTL/AES_CORE/AES_CORE_dev.v"", ""LineNumber"": ""632"", ""Statement"": ""assign w_xts_sector_iv =  I_IV[31:0] + r_tweak_sector_r;"", ""NodeName"": """", ""LHSExpr"": ""w_xts_sector_iv"", ""LHS_Size"": ""32"", ""RHSExpr"": ""(I_IV[31:0]  + r_tweak_sector_r)"", ""RHS_Size"": ""33"", ""NodeType"": """", ""HIERARCHY"": "":BOS_AESDMA:u_AESDMA_TOP@AESDMA_TOP_DCLS:u_aesdma_top@AESDMA_TOP:u_AES_CORE@AES_CORE_dev""}"
W164a_6fda0611280a,UNCHANGED,WAIVED,yes,W164a_785,These counters updating logic are confirmed by designer,CUSTOM,,"(Goal == ""BOS_LINT_RULE"") AND (Module == ""AESDMA_RD_DESC"") AND (Statement == ""n_rdAddr[AXI_ADDR_WD-1:ADDR_BASE_LSB] = r_rdAddr[AXI_ADDR_WD-1:ADDR_BASE_LSB] + {{(AXI_ADDR_WD-ADDR_BASE_LSB-AXI_LEN_WD){1'b0}}, w_rdBurstLen} + 1;"") AND (HIERARCHY == "":BOS_AESDMA:u_AESDMA_TOP@AESDMA_TOP_DCLS:u_aesdma_top@AESDMA_TOP:u_AESDMA_RD_DESC@AESDMA_RD_DESC"")",,,PENDING,,W164a,warning,BOS_LINT_RULE,AES_CORE_dev,/storage/project/atlas/design/user/pnson/ATLAS_WORKING/IP/AESDMA/RTL/AES_CORE/AES_CORE_dev.v,690,:BOS_AESDMA:u_AESDMA_TOP@AESDMA_TOP_DCLS:u_aesdma_top@AESDMA_TOP:u_AES_CORE@AES_CORE_dev,,r_cur_rdata_cnt_r <= r_cur_rdata_cnt_r + P_AES_CORE_CNT * 16;,LHS[NodeName]: '[LHSExpr]' width [LHS_Size] is less than RHS: '[RHSExpr]' width [RHS_Size] in[NodeType] assignment [Hierarchy: '[HIERARCHY]'],Lint:817,waived,pnson,N/A,"{""Goal"": ""BOS_LINT_RULE"", ""Module"": ""AESDMA_RD_DESC"", ""Statement"": ""n_rdAddr[AXI_ADDR_WD-1:ADDR_BASE_LSB] = r_rdAddr[AXI_ADDR_WD-1:ADDR_BASE_LSB] + {{(AXI_ADDR_WD-ADDR_BASE_LSB-AXI_LEN_WD){1'b0}}, w_rdBurstLen} + 1;"", ""HIERARCHY"": "":BOS_AESDMA:u_AESDMA_TOP@AESDMA_TOP_DCLS:u_aesdma_top@AESDMA_TOP:u_AESDMA_RD_DESC@AESDMA_RD_DESC""}","{""Tag"": ""W164a"", ""Description"": ""LHS[NodeName]: '[LHSExpr]' width [LHS_Size] is less than RHS: '[RHSExpr]' width [RHS_Size] in[NodeType] assignment [Hierarchy: '[HIERARCHY]']"", ""Violation"": ""Lint:817"", ""Goal"": ""BOS_LINT_RULE"", ""Module"": ""AES_CORE_dev"", ""FileName"": ""/storage/project/atlas/design/user/pnson/ATLAS_WORKING/IP/AESDMA/RTL/AES_CORE/AES_CORE_dev.v"", ""LineNumber"": ""690"", ""Statement"": ""                r_cur_rdata_cnt_r <= r_cur_rdata_cnt_r + P_AES_CORE_CNT * 16;"", ""NodeName"": """", ""LHSExpr"": ""r_cur_rdata_cnt_r"", ""LHS_Size"": ""14"", ""RHSExpr"": ""(r_cur_rdata_cnt_r + (P_AES_CORE_CNT * 16))"", ""RHS_Size"": ""15"", ""NodeType"": """", ""HIERARCHY"": "":BOS_AESDMA:u_AESDMA_TOP@AESDMA_TOP_DCLS:u_aesdma_top@AESDMA_TOP:u_AES_CORE@AES_CORE_dev""}"
W164a_ea91e32f9aa7,UNCHANGED,WAIVED,yes,W164a_785,These counters updating logic are confirmed by designer,CUSTOM,,"(Goal == ""BOS_LINT_RULE"") AND (Module == ""AESDMA_RD_DESC"") AND (Statement == ""n_rdAddr[AXI_ADDR_WD-1:ADDR_BASE_LSB] = r_rdAddr[AXI_ADDR_WD-1:ADDR_BASE_LSB] + {{(AXI_ADDR_WD-ADDR_BASE_LSB-AXI_LEN_WD){1'b0}}, w_rdBurstLen} + 1;"") AND (HIERARCHY == "":BOS_AESDMA:u_AESDMA_TOP@AESDMA_TOP_DCLS:u_aesdma_top@AESDMA_TOP:u_AESDMA_RD_DESC@AESDMA_RD_DESC"")",,,PENDING,,W164a,warning,BOS_LINT_RULE,AES_CORE_dev,/storage/project/atlas/design/user/pnson/ATLAS_WORKING/IP/AESDMA/RTL/AES_CORE/AES_CORE_dev.v,693,:BOS_AESDMA:u_AESDMA_TOP@AESDMA_TOP_DCLS:u_aesdma_top@AESDMA_TOP:u_AES_CORE@AES_CORE_dev,,r_cur_sdata_cnt <= r_cur_sdata_cnt + P_AES_CORE_CNT * 16;,LHS[NodeName]: '[LHSExpr]' width [LHS_Size] is less than RHS: '[RHSExpr]' width [RHS_Size] in[NodeType] assignment [Hierarchy: '[HIERARCHY]'],Lint:818,waived,pnson,N/A,"{""Goal"": ""BOS_LINT_RULE"", ""Module"": ""AESDMA_RD_DESC"", ""Statement"": ""n_rdAddr[AXI_ADDR_WD-1:ADDR_BASE_LSB] = r_rdAddr[AXI_ADDR_WD-1:ADDR_BASE_LSB] + {{(AXI_ADDR_WD-ADDR_BASE_LSB-AXI_LEN_WD){1'b0}}, w_rdBurstLen} + 1;"", ""HIERARCHY"": "":BOS_AESDMA:u_AESDMA_TOP@AESDMA_TOP_DCLS:u_aesdma_top@AESDMA_TOP:u_AESDMA_RD_DESC@AESDMA_RD_DESC""}","{""Tag"": ""W164a"", ""Description"": ""LHS[NodeName]: '[LHSExpr]' width [LHS_Size] is less than RHS: '[RHSExpr]' width [RHS_Size] in[NodeType] assignment [Hierarchy: '[HIERARCHY]']"", ""Violation"": ""Lint:818"", ""Goal"": ""BOS_LINT_RULE"", ""Module"": ""AES_CORE_dev"", ""FileName"": ""/storage/project/atlas/design/user/pnson/ATLAS_WORKING/IP/AESDMA/RTL/AES_CORE/AES_CORE_dev.v"", ""LineNumber"": ""693"", ""Statement"": ""            r_cur_sdata_cnt <= r_cur_sdata_cnt + P_AES_CORE_CNT * 16;"", ""NodeName"": """", ""LHSExpr"": ""r_cur_sdata_cnt"", ""LHS_Size"": ""32"", ""RHSExpr"": ""(r_cur_sdata_cnt + (P_AES_CORE_CNT * 16))"", ""RHS_Size"": ""33"", ""NodeType"": """", ""HIERARCHY"": "":BOS_AESDMA:u_AESDMA_TOP@AESDMA_TOP_DCLS:u_aesdma_top@AESDMA_TOP:u_AES_CORE@AES_CORE_dev""}"
W164a_ccf02468d9ed,UNCHANGED,WAIVED,yes,W164a_785,These counters updating logic are confirmed by designer,CUSTOM,,"(Goal == ""BOS_LINT_RULE"") AND (Module == ""AESDMA_RD_DESC"") AND (Statement == ""n_rdAddr[AXI_ADDR_WD-1:ADDR_BASE_LSB] = r_rdAddr[AXI_ADDR_WD-1:ADDR_BASE_LSB] + {{(AXI_ADDR_WD-ADDR_BASE_LSB-AXI_LEN_WD){1'b0}}, w_rdBurstLen} + 1;"") AND (HIERARCHY == "":BOS_AESDMA:u_AESDMA_TOP@AESDMA_TOP_DCLS:u_aesdma_top@AESDMA_TOP:u_AESDMA_RD_DESC@AESDMA_RD_DESC"")",,,PENDING,,W164a,warning,BOS_LINT_RULE,AES_CORE_dev,/storage/project/atlas/design/user/pnson/ATLAS_WORKING/IP/AESDMA/RTL/AES_CORE/AES_CORE_dev.v,762,:BOS_AESDMA:u_AESDMA_TOP@AESDMA_TOP_DCLS:u_aesdma_top@AESDMA_TOP:u_AES_CORE@AES_CORE_dev,,"assign qdata_for_B0_CTR = I_NONCE_BYTE_LEN + 2'd1;//n + q = 15, qdata = q-1",LHS[NodeName]: '[LHSExpr]' width [LHS_Size] is less than RHS: '[RHSExpr]' width [RHS_Size] in[NodeType] assignment [Hierarchy: '[HIERARCHY]'],Lint:819,waived,pnson,N/A,"{""Goal"": ""BOS_LINT_RULE"", ""Module"": ""AESDMA_RD_DESC"", ""Statement"": ""n_rdAddr[AXI_ADDR_WD-1:ADDR_BASE_LSB] = r_rdAddr[AXI_ADDR_WD-1:ADDR_BASE_LSB] + {{(AXI_ADDR_WD-ADDR_BASE_LSB-AXI_LEN_WD){1'b0}}, w_rdBurstLen} + 1;"", ""HIERARCHY"": "":BOS_AESDMA:u_AESDMA_TOP@AESDMA_TOP_DCLS:u_aesdma_top@AESDMA_TOP:u_AESDMA_RD_DESC@AESDMA_RD_DESC""}","{""Tag"": ""W164a"", ""Description"": ""LHS[NodeName]: '[LHSExpr]' width [LHS_Size] is less than RHS: '[RHSExpr]' width [RHS_Size] in[NodeType] assignment [Hierarchy: '[HIERARCHY]']"", ""Violation"": ""Lint:819"", ""Goal"": ""BOS_LINT_RULE"", ""Module"": ""AES_CORE_dev"", ""FileName"": ""/storage/project/atlas/design/user/pnson/ATLAS_WORKING/IP/AESDMA/RTL/AES_CORE/AES_CORE_dev.v"", ""LineNumber"": ""762"", ""Statement"": ""assign qdata_for_B0_CTR = I_NONCE_BYTE_LEN + 2'd1;//n + q = 15, qdata = q-1"", ""NodeName"": """", ""LHSExpr"": ""qdata_for_B0_CTR"", ""LHS_Size"": ""3"", ""RHSExpr"": ""(I_NONCE_BYTE_LEN + 2'd1)"", ""RHS_Size"": ""4"", ""NodeType"": """", ""HIERARCHY"": "":BOS_AESDMA:u_AESDMA_TOP@AESDMA_TOP_DCLS:u_aesdma_top@AESDMA_TOP:u_AES_CORE@AES_CORE_dev""}"
W164a_6baf6e5ad83d,UNCHANGED,WAIVED,yes,W164a_785,These counters updating logic are confirmed by designer,CUSTOM,,"(Goal == ""BOS_LINT_RULE"") AND (Module == ""AESDMA_RD_DESC"") AND (Statement == ""n_rdAddr[AXI_ADDR_WD-1:ADDR_BASE_LSB] = r_rdAddr[AXI_ADDR_WD-1:ADDR_BASE_LSB] + {{(AXI_ADDR_WD-ADDR_BASE_LSB-AXI_LEN_WD){1'b0}}, w_rdBurstLen} + 1;"") AND (HIERARCHY == "":BOS_AESDMA:u_AESDMA_TOP@AESDMA_TOP_DCLS:u_aesdma_top@AESDMA_TOP:u_AESDMA_RD_DESC@AESDMA_RD_DESC"")",,,PENDING,,W164a,warning,BOS_LINT_RULE,AES_CORE_dev,/storage/project/atlas/design/user/pnson/ATLAS_WORKING/IP/AESDMA/RTL/AES_CORE/AES_CORE_dev.v,810,:BOS_AESDMA:u_AESDMA_TOP@AESDMA_TOP_DCLS:u_aesdma_top@AESDMA_TOP:u_AES_CORE@AES_CORE_dev,,assign w_ccm_ctr_selector_mdata = r_ccm_ctr_valid_ctr - 1;,LHS[NodeName]: '[LHSExpr]' width [LHS_Size] is less than RHS: '[RHSExpr]' width [RHS_Size] in[NodeType] assignment [Hierarchy: '[HIERARCHY]'],Lint:820,waived,pnson,N/A,"{""Goal"": ""BOS_LINT_RULE"", ""Module"": ""AESDMA_RD_DESC"", ""Statement"": ""n_rdAddr[AXI_ADDR_WD-1:ADDR_BASE_LSB] = r_rdAddr[AXI_ADDR_WD-1:ADDR_BASE_LSB] + {{(AXI_ADDR_WD-ADDR_BASE_LSB-AXI_LEN_WD){1'b0}}, w_rdBurstLen} + 1;"", ""HIERARCHY"": "":BOS_AESDMA:u_AESDMA_TOP@AESDMA_TOP_DCLS:u_aesdma_top@AESDMA_TOP:u_AESDMA_RD_DESC@AESDMA_RD_DESC""}","{""Tag"": ""W164a"", ""Description"": ""LHS[NodeName]: '[LHSExpr]' width [LHS_Size] is less than RHS: '[RHSExpr]' width [RHS_Size] in[NodeType] assignment [Hierarchy: '[HIERARCHY]']"", ""Violation"": ""Lint:820"", ""Goal"": ""BOS_LINT_RULE"", ""Module"": ""AES_CORE_dev"", ""FileName"": ""/storage/project/atlas/design/user/pnson/ATLAS_WORKING/IP/AESDMA/RTL/AES_CORE/AES_CORE_dev.v"", ""LineNumber"": ""810"", ""Statement"": ""assign w_ccm_ctr_selector_mdata = r_ccm_ctr_valid_ctr - 1;"", ""NodeName"": """", ""LHSExpr"": ""w_ccm_ctr_selector_mdata"", ""LHS_Size"": ""1"", ""RHSExpr"": ""(r_ccm_ctr_valid_ctr - 1)"", ""RHS_Size"": ""2"", ""NodeType"": """", ""HIERARCHY"": "":BOS_AESDMA:u_AESDMA_TOP@AESDMA_TOP_DCLS:u_aesdma_top@AESDMA_TOP:u_AES_CORE@AES_CORE_dev""}"
W164a_ad7c6281ae5d,UNCHANGED,WAIVED,yes,W164a_785,These counters updating logic are confirmed by designer,CUSTOM,,"(Goal == ""BOS_LINT_RULE"") AND (Module == ""AESDMA_RD_DESC"") AND (Statement == ""n_rdAddr[AXI_ADDR_WD-1:ADDR_BASE_LSB] = r_rdAddr[AXI_ADDR_WD-1:ADDR_BASE_LSB] + {{(AXI_ADDR_WD-ADDR_BASE_LSB-AXI_LEN_WD){1'b0}}, w_rdBurstLen} + 1;"") AND (HIERARCHY == "":BOS_AESDMA:u_AESDMA_TOP@AESDMA_TOP_DCLS:u_aesdma_top@AESDMA_TOP:u_AESDMA_RD_DESC@AESDMA_RD_DESC"")",,,PENDING,,W164a,warning,BOS_LINT_RULE,AES_CORE_dev,/storage/project/atlas/design/user/pnson/ATLAS_WORKING/IP/AESDMA/RTL/AES_CORE/AES_CORE_dev.v,1009,:BOS_AESDMA:u_AESDMA_TOP@AESDMA_TOP_DCLS:u_aesdma_top@AESDMA_TOP:u_AES_CORE@AES_CORE_dev,,r_gf_output_selector_data_1d <= ((r_expected_parallel_datablk_idx + P_AES_CORE_CNT <= DATA_BLK_LEN) ? (P_AES_CORE_CNT - 1) : (DATA_BLK_LEN - 1 - r_expected_parallel_datablk_idx));,LHS[NodeName]: '[LHSExpr]' width [LHS_Size] is less than RHS: '[RHSExpr]' width [RHS_Size] in[NodeType] assignment [Hierarchy: '[HIERARCHY]'],Lint:821,waived,pnson,N/A,"{""Goal"": ""BOS_LINT_RULE"", ""Module"": ""AESDMA_RD_DESC"", ""Statement"": ""n_rdAddr[AXI_ADDR_WD-1:ADDR_BASE_LSB] = r_rdAddr[AXI_ADDR_WD-1:ADDR_BASE_LSB] + {{(AXI_ADDR_WD-ADDR_BASE_LSB-AXI_LEN_WD){1'b0}}, w_rdBurstLen} + 1;"", ""HIERARCHY"": "":BOS_AESDMA:u_AESDMA_TOP@AESDMA_TOP_DCLS:u_aesdma_top@AESDMA_TOP:u_AESDMA_RD_DESC@AESDMA_RD_DESC""}","{""Tag"": ""W164a"", ""Description"": ""LHS[NodeName]: '[LHSExpr]' width [LHS_Size] is less than RHS: '[RHSExpr]' width [RHS_Size] in[NodeType] assignment [Hierarchy: '[HIERARCHY]']"", ""Violation"": ""Lint:821"", ""Goal"": ""BOS_LINT_RULE"", ""Module"": ""AES_CORE_dev"", ""FileName"": ""/storage/project/atlas/design/user/pnson/ATLAS_WORKING/IP/AESDMA/RTL/AES_CORE/AES_CORE_dev.v"", ""LineNumber"": ""1009"", ""Statement"": ""                        r_gf_output_selector_data_1d <= ((r_expected_parallel_datablk_idx + P_AES_CORE_CNT <= DATA_BLK_LEN) ? (P_AES_CORE_CNT - 1) : (DATA_BLK_LEN - 1 - r_expected_parallel_datablk_idx));"", ""NodeName"": """", ""LHSExpr"": ""r_gf_output_selector_data_1d"", ""LHS_Size"": ""1"", ""RHSExpr"": ""((DATA_BLK_LEN - 1) - r_expected_parallel_datablk_idx)"", ""RHS_Size"": ""29"", ""NodeType"": """", ""HIERARCHY"": "":BOS_AESDMA:u_AESDMA_TOP@AESDMA_TOP_DCLS:u_aesdma_top@AESDMA_TOP:u_AES_CORE@AES_CORE_dev""}"
W164a_4f36dd084a7e,UNCHANGED,WAIVED,yes,W164a_785,These counters updating logic are confirmed by designer,CUSTOM,,"(Goal == ""BOS_LINT_RULE"") AND (Module == ""AESDMA_RD_DESC"") AND (Statement == ""n_rdAddr[AXI_ADDR_WD-1:ADDR_BASE_LSB] = r_rdAddr[AXI_ADDR_WD-1:ADDR_BASE_LSB] + {{(AXI_ADDR_WD-ADDR_BASE_LSB-AXI_LEN_WD){1'b0}}, w_rdBurstLen} + 1;"") AND (HIERARCHY == "":BOS_AESDMA:u_AESDMA_TOP@AESDMA_TOP_DCLS:u_aesdma_top@AESDMA_TOP:u_AESDMA_RD_DESC@AESDMA_RD_DESC"")",,,PENDING,,W164a,warning,BOS_LINT_RULE,AES_CORE_dev,/storage/project/atlas/design/user/pnson/ATLAS_WORKING/IP/AESDMA/RTL/AES_CORE/AES_CORE_dev.v,1013,:BOS_AESDMA:u_AESDMA_TOP@AESDMA_TOP_DCLS:u_aesdma_top@AESDMA_TOP:u_AES_CORE@AES_CORE_dev,,r_expected_parallel_datablk_idx <= r_expected_parallel_datablk_idx + w_nxt_cfb_sbyte_ctr_type_X_p_aes_core_cnt[AES_CORE_CNT_WD + 5 - 1: AES_BLK_BYTE_LEN_WD] ;,LHS[NodeName]: '[LHSExpr]' width [LHS_Size] is less than RHS: '[RHSExpr]' width [RHS_Size] in[NodeType] assignment [Hierarchy: '[HIERARCHY]'],Lint:822,waived,pnson,N/A,"{""Goal"": ""BOS_LINT_RULE"", ""Module"": ""AESDMA_RD_DESC"", ""Statement"": ""n_rdAddr[AXI_ADDR_WD-1:ADDR_BASE_LSB] = r_rdAddr[AXI_ADDR_WD-1:ADDR_BASE_LSB] + {{(AXI_ADDR_WD-ADDR_BASE_LSB-AXI_LEN_WD){1'b0}}, w_rdBurstLen} + 1;"", ""HIERARCHY"": "":BOS_AESDMA:u_AESDMA_TOP@AESDMA_TOP_DCLS:u_aesdma_top@AESDMA_TOP:u_AESDMA_RD_DESC@AESDMA_RD_DESC""}","{""Tag"": ""W164a"", ""Description"": ""LHS[NodeName]: '[LHSExpr]' width [LHS_Size] is less than RHS: '[RHSExpr]' width [RHS_Size] in[NodeType] assignment [Hierarchy: '[HIERARCHY]']"", ""Violation"": ""Lint:822"", ""Goal"": ""BOS_LINT_RULE"", ""Module"": ""AES_CORE_dev"", ""FileName"": ""/storage/project/atlas/design/user/pnson/ATLAS_WORKING/IP/AESDMA/RTL/AES_CORE/AES_CORE_dev.v"", ""LineNumber"": ""1013"", ""Statement"": ""                    r_expected_parallel_datablk_idx <= r_expected_parallel_datablk_idx + w_nxt_cfb_sbyte_ctr_type_X_p_aes_core_cnt[AES_CORE_CNT_WD + 5 - 1: AES_BLK_BYTE_LEN_WD] ;"", ""NodeName"": """", ""LHSExpr"": ""r_expected_parallel_datablk_idx"", ""LHS_Size"": ""28"", ""RHSExpr"": ""(r_expected_parallel_datablk_idx + w_nxt_cfb_sbyte_ctr_type_X_p_aes_core_cnt[((AES_CORE_CNT_WD + 5) - 1):AES_BLK_BYTE_LEN_WD] )"", ""RHS_Size"": ""29"", ""NodeType"": """", ""HIERARCHY"": "":BOS_AESDMA:u_AESDMA_TOP@AESDMA_TOP_DCLS:u_aesdma_top@AESDMA_TOP:u_AES_CORE@AES_CORE_dev""}"
W164a_fcad9e726414,UNCHANGED,WAIVED,yes,W164a_785,These counters updating logic are confirmed by designer,CUSTOM,,"(Goal == ""BOS_LINT_RULE"") AND (Module == ""AESDMA_RD_DESC"") AND (Statement == ""n_rdAddr[AXI_ADDR_WD-1:ADDR_BASE_LSB] = r_rdAddr[AXI_ADDR_WD-1:ADDR_BASE_LSB] + {{(AXI_ADDR_WD-ADDR_BASE_LSB-AXI_LEN_WD){1'b0}}, w_rdBurstLen} + 1;"") AND (HIERARCHY == "":BOS_AESDMA:u_AESDMA_TOP@AESDMA_TOP_DCLS:u_aesdma_top@AESDMA_TOP:u_AESDMA_RD_DESC@AESDMA_RD_DESC"")",,,PENDING,,W164a,warning,BOS_LINT_RULE,AES_CORE_dev,/storage/project/atlas/design/user/pnson/ATLAS_WORKING/IP/AESDMA/RTL/AES_CORE/AES_CORE_dev.v,1096,:BOS_AESDMA:u_AESDMA_TOP@AESDMA_TOP_DCLS:u_aesdma_top@AESDMA_TOP:u_AES_CORE@AES_CORE_dev,,r_cfb_sbyte_ctr <= r_cfb_sbyte_ctr + CFB_SBYTE_CTR_TYPE;,LHS[NodeName]: '[LHSExpr]' width [LHS_Size] is less than RHS: '[RHSExpr]' width [RHS_Size] in[NodeType] assignment [Hierarchy: '[HIERARCHY]'],Lint:823,waived,pnson,N/A,"{""Goal"": ""BOS_LINT_RULE"", ""Module"": ""AESDMA_RD_DESC"", ""Statement"": ""n_rdAddr[AXI_ADDR_WD-1:ADDR_BASE_LSB] = r_rdAddr[AXI_ADDR_WD-1:ADDR_BASE_LSB] + {{(AXI_ADDR_WD-ADDR_BASE_LSB-AXI_LEN_WD){1'b0}}, w_rdBurstLen} + 1;"", ""HIERARCHY"": "":BOS_AESDMA:u_AESDMA_TOP@AESDMA_TOP_DCLS:u_aesdma_top@AESDMA_TOP:u_AESDMA_RD_DESC@AESDMA_RD_DESC""}","{""Tag"": ""W164a"", ""Description"": ""LHS[NodeName]: '[LHSExpr]' width [LHS_Size] is less than RHS: '[RHSExpr]' width [RHS_Size] in[NodeType] assignment [Hierarchy: '[HIERARCHY]']"", ""Violation"": ""Lint:823"", ""Goal"": ""BOS_LINT_RULE"", ""Module"": ""AES_CORE_dev"", ""FileName"": ""/storage/project/atlas/design/user/pnson/ATLAS_WORKING/IP/AESDMA/RTL/AES_CORE/AES_CORE_dev.v"", ""LineNumber"": ""1096"", ""Statement"": ""                    r_cfb_sbyte_ctr <= r_cfb_sbyte_ctr + CFB_SBYTE_CTR_TYPE;"", ""NodeName"": """", ""LHSExpr"": ""r_cfb_sbyte_ctr"", ""LHS_Size"": ""6"", ""RHSExpr"": ""(r_cfb_sbyte_ctr + CFB_SBYTE_CTR_TYPE)"", ""RHS_Size"": ""7"", ""NodeType"": """", ""HIERARCHY"": "":BOS_AESDMA:u_AESDMA_TOP@AESDMA_TOP_DCLS:u_aesdma_top@AESDMA_TOP:u_AES_CORE@AES_CORE_dev""}"
W164a_f08d25377633,UNCHANGED,WAIVED,yes,W164a_785,These counters updating logic are confirmed by designer,CUSTOM,,"(Goal == ""BOS_LINT_RULE"") AND (Module == ""AESDMA_RD_DESC"") AND (Statement == ""n_rdAddr[AXI_ADDR_WD-1:ADDR_BASE_LSB] = r_rdAddr[AXI_ADDR_WD-1:ADDR_BASE_LSB] + {{(AXI_ADDR_WD-ADDR_BASE_LSB-AXI_LEN_WD){1'b0}}, w_rdBurstLen} + 1;"") AND (HIERARCHY == "":BOS_AESDMA:u_AESDMA_TOP@AESDMA_TOP_DCLS:u_aesdma_top@AESDMA_TOP:u_AESDMA_RD_DESC@AESDMA_RD_DESC"")",,,PENDING,,W164a,warning,BOS_LINT_RULE,AES_CORE_dev,/storage/project/atlas/design/user/pnson/ATLAS_WORKING/IP/AESDMA/RTL/AES_CORE/AES_CORE_dev.v,1102,:BOS_AESDMA:u_AESDMA_TOP@AESDMA_TOP_DCLS:u_aesdma_top@AESDMA_TOP:u_AES_CORE@AES_CORE_dev,,r_cfb_sbyte_ctr <= r_cfb_sbyte_ctr + (r_cfb_sbyte_ctr_type_X_p_aes_core_cnt);,LHS[NodeName]: '[LHSExpr]' width [LHS_Size] is less than RHS: '[RHSExpr]' width [RHS_Size] in[NodeType] assignment [Hierarchy: '[HIERARCHY]'],Lint:824,waived,pnson,N/A,"{""Goal"": ""BOS_LINT_RULE"", ""Module"": ""AESDMA_RD_DESC"", ""Statement"": ""n_rdAddr[AXI_ADDR_WD-1:ADDR_BASE_LSB] = r_rdAddr[AXI_ADDR_WD-1:ADDR_BASE_LSB] + {{(AXI_ADDR_WD-ADDR_BASE_LSB-AXI_LEN_WD){1'b0}}, w_rdBurstLen} + 1;"", ""HIERARCHY"": "":BOS_AESDMA:u_AESDMA_TOP@AESDMA_TOP_DCLS:u_aesdma_top@AESDMA_TOP:u_AESDMA_RD_DESC@AESDMA_RD_DESC""}","{""Tag"": ""W164a"", ""Description"": ""LHS[NodeName]: '[LHSExpr]' width [LHS_Size] is less than RHS: '[RHSExpr]' width [RHS_Size] in[NodeType] assignment [Hierarchy: '[HIERARCHY]']"", ""Violation"": ""Lint:824"", ""Goal"": ""BOS_LINT_RULE"", ""Module"": ""AES_CORE_dev"", ""FileName"": ""/storage/project/atlas/design/user/pnson/ATLAS_WORKING/IP/AESDMA/RTL/AES_CORE/AES_CORE_dev.v"", ""LineNumber"": ""1102"", ""Statement"": ""                        r_cfb_sbyte_ctr <= r_cfb_sbyte_ctr + (r_cfb_sbyte_ctr_type_X_p_aes_core_cnt);"", ""NodeName"": """", ""LHSExpr"": ""r_cfb_sbyte_ctr"", ""LHS_Size"": ""6"", ""RHSExpr"": ""(r_cfb_sbyte_ctr + r_cfb_sbyte_ctr_type_X_p_aes_core_cnt)"", ""RHS_Size"": ""7"", ""NodeType"": """", ""HIERARCHY"": "":BOS_AESDMA:u_AESDMA_TOP@AESDMA_TOP_DCLS:u_aesdma_top@AESDMA_TOP:u_AES_CORE@AES_CORE_dev""}"
W164a_fe2225ff642e,UNCHANGED,WAIVED,yes,W164a_785,These counters updating logic are confirmed by designer,CUSTOM,,"(Goal == ""BOS_LINT_RULE"") AND (Module == ""AESDMA_RD_DESC"") AND (Statement == ""n_rdAddr[AXI_ADDR_WD-1:ADDR_BASE_LSB] = r_rdAddr[AXI_ADDR_WD-1:ADDR_BASE_LSB] + {{(AXI_ADDR_WD-ADDR_BASE_LSB-AXI_LEN_WD){1'b0}}, w_rdBurstLen} + 1;"") AND (HIERARCHY == "":BOS_AESDMA:u_AESDMA_TOP@AESDMA_TOP_DCLS:u_aesdma_top@AESDMA_TOP:u_AESDMA_RD_DESC@AESDMA_RD_DESC"")",,,PENDING,,W164a,warning,BOS_LINT_RULE,AES_CORE_dev,/storage/project/atlas/design/user/pnson/ATLAS_WORKING/IP/AESDMA/RTL/AES_CORE/AES_CORE_dev.v,1596,:BOS_AESDMA:u_AESDMA_TOP@AESDMA_TOP_DCLS:u_aesdma_top@AESDMA_TOP:u_AES_CORE@AES_CORE_dev:\AES_CLUSTER_OP[0].AES_CORE_OP[0],,wire [SBIT_INPUT_16BIT_SEL_WD - 1:0] w_mcore_cfb_dec_sbit_16bit_msb = (w_mcore_cfb_dec_sbit_input_mux2_sel*P_AES_CORE_CNT + 8 - 1 - q);,LHS[NodeName]: '[LHSExpr]' width [LHS_Size] is less than RHS: '[RHSExpr]' width [RHS_Size] in[NodeType] assignment [Hierarchy: '[HIERARCHY]'],Lint:826,waived,pnson,N/A,"{""Goal"": ""BOS_LINT_RULE"", ""Module"": ""AESDMA_RD_DESC"", ""Statement"": ""n_rdAddr[AXI_ADDR_WD-1:ADDR_BASE_LSB] = r_rdAddr[AXI_ADDR_WD-1:ADDR_BASE_LSB] + {{(AXI_ADDR_WD-ADDR_BASE_LSB-AXI_LEN_WD){1'b0}}, w_rdBurstLen} + 1;"", ""HIERARCHY"": "":BOS_AESDMA:u_AESDMA_TOP@AESDMA_TOP_DCLS:u_aesdma_top@AESDMA_TOP:u_AESDMA_RD_DESC@AESDMA_RD_DESC""}","{""Tag"": ""W164a"", ""Description"": ""LHS[NodeName]: '[LHSExpr]' width [LHS_Size] is less than RHS: '[RHSExpr]' width [RHS_Size] in[NodeType] assignment [Hierarchy: '[HIERARCHY]']"", ""Violation"": ""Lint:826"", ""Goal"": ""BOS_LINT_RULE"", ""Module"": ""AES_CORE_dev"", ""FileName"": ""/storage/project/atlas/design/user/pnson/ATLAS_WORKING/IP/AESDMA/RTL/AES_CORE/AES_CORE_dev.v"", ""LineNumber"": ""1596"", ""Statement"": ""            wire [SBIT_INPUT_16BIT_SEL_WD  - 1:0]  w_mcore_cfb_dec_sbit_16bit_msb  = (w_mcore_cfb_dec_sbit_input_mux2_sel*P_AES_CORE_CNT + 8  - 1 - q);"", ""NodeName"": """", ""LHSExpr"": ""w_mcore_cfb_dec_sbit_16bit_msb"", ""LHS_Size"": ""4"", ""RHSExpr"": ""((((w_mcore_cfb_dec_sbit_input_mux2_sel * P_AES_CORE_CNT) + 8) - 1) - q)"", ""RHS_Size"": ""6"", ""NodeType"": """", ""HIERARCHY"": "":BOS_AESDMA:u_AESDMA_TOP@AESDMA_TOP_DCLS:u_aesdma_top@AESDMA_TOP:u_AES_CORE@AES_CORE_dev:\\AES_CLUSTER_OP[0].AES_CORE_OP[0]""}"
W164a_33135cff7657,UNCHANGED,WAIVED,yes,W164a_785,These counters updating logic are confirmed by designer,CUSTOM,,"(Goal == ""BOS_LINT_RULE"") AND (Module == ""AESDMA_RD_DESC"") AND (Statement == ""n_rdAddr[AXI_ADDR_WD-1:ADDR_BASE_LSB] = r_rdAddr[AXI_ADDR_WD-1:ADDR_BASE_LSB] + {{(AXI_ADDR_WD-ADDR_BASE_LSB-AXI_LEN_WD){1'b0}}, w_rdBurstLen} + 1;"") AND (HIERARCHY == "":BOS_AESDMA:u_AESDMA_TOP@AESDMA_TOP_DCLS:u_aesdma_top@AESDMA_TOP:u_AESDMA_RD_DESC@AESDMA_RD_DESC"")",,,PENDING,,W164a,warning,BOS_LINT_RULE,AES_CORE_dev,/storage/project/atlas/design/user/pnson/ATLAS_WORKING/IP/AESDMA/RTL/AES_CORE/AES_CORE_dev.v,1597,:BOS_AESDMA:u_AESDMA_TOP@AESDMA_TOP_DCLS:u_aesdma_top@AESDMA_TOP:u_AES_CORE@AES_CORE_dev:\AES_CLUSTER_OP[0].AES_CORE_OP[0],,wire [SBIT_INPUT_32BIT_SEL_WD - 1:0] w_mcore_cfb_dec_sbit_32bit_msb = (w_mcore_cfb_dec_sbit_input_mux2_sel*P_AES_CORE_CNT + 4 - 1 - q);,LHS[NodeName]: '[LHSExpr]' width [LHS_Size] is less than RHS: '[RHSExpr]' width [RHS_Size] in[NodeType] assignment [Hierarchy: '[HIERARCHY]'],Lint:827,waived,pnson,N/A,"{""Goal"": ""BOS_LINT_RULE"", ""Module"": ""AESDMA_RD_DESC"", ""Statement"": ""n_rdAddr[AXI_ADDR_WD-1:ADDR_BASE_LSB] = r_rdAddr[AXI_ADDR_WD-1:ADDR_BASE_LSB] + {{(AXI_ADDR_WD-ADDR_BASE_LSB-AXI_LEN_WD){1'b0}}, w_rdBurstLen} + 1;"", ""HIERARCHY"": "":BOS_AESDMA:u_AESDMA_TOP@AESDMA_TOP_DCLS:u_aesdma_top@AESDMA_TOP:u_AESDMA_RD_DESC@AESDMA_RD_DESC""}","{""Tag"": ""W164a"", ""Description"": ""LHS[NodeName]: '[LHSExpr]' width [LHS_Size] is less than RHS: '[RHSExpr]' width [RHS_Size] in[NodeType] assignment [Hierarchy: '[HIERARCHY]']"", ""Violation"": ""Lint:827"", ""Goal"": ""BOS_LINT_RULE"", ""Module"": ""AES_CORE_dev"", ""FileName"": ""/storage/project/atlas/design/user/pnson/ATLAS_WORKING/IP/AESDMA/RTL/AES_CORE/AES_CORE_dev.v"", ""LineNumber"": ""1597"", ""Statement"": ""            wire [SBIT_INPUT_32BIT_SEL_WD  - 1:0]  w_mcore_cfb_dec_sbit_32bit_msb  = (w_mcore_cfb_dec_sbit_input_mux2_sel*P_AES_CORE_CNT + 4  - 1 - q);"", ""NodeName"": """", ""LHSExpr"": ""w_mcore_cfb_dec_sbit_32bit_msb"", ""LHS_Size"": ""3"", ""RHSExpr"": ""((((w_mcore_cfb_dec_sbit_input_mux2_sel * P_AES_CORE_CNT) + 4) - 1) - q)"", ""RHS_Size"": ""6"", ""NodeType"": """", ""HIERARCHY"": "":BOS_AESDMA:u_AESDMA_TOP@AESDMA_TOP_DCLS:u_aesdma_top@AESDMA_TOP:u_AES_CORE@AES_CORE_dev:\\AES_CLUSTER_OP[0].AES_CORE_OP[0]""}"
W164a_d681159d5355,UNCHANGED,WAIVED,yes,W164a_785,These counters updating logic are confirmed by designer,CUSTOM,,"(Goal == ""BOS_LINT_RULE"") AND (Module == ""AESDMA_RD_DESC"") AND (Statement == ""n_rdAddr[AXI_ADDR_WD-1:ADDR_BASE_LSB] = r_rdAddr[AXI_ADDR_WD-1:ADDR_BASE_LSB] + {{(AXI_ADDR_WD-ADDR_BASE_LSB-AXI_LEN_WD){1'b0}}, w_rdBurstLen} + 1;"") AND (HIERARCHY == "":BOS_AESDMA:u_AESDMA_TOP@AESDMA_TOP_DCLS:u_aesdma_top@AESDMA_TOP:u_AESDMA_RD_DESC@AESDMA_RD_DESC"")",,,PENDING,,W164a,warning,BOS_LINT_RULE,AES_CORE_dev,/storage/project/atlas/design/user/pnson/ATLAS_WORKING/IP/AESDMA/RTL/AES_CORE/AES_CORE_dev.v,1598,:BOS_AESDMA:u_AESDMA_TOP@AESDMA_TOP_DCLS:u_aesdma_top@AESDMA_TOP:u_AES_CORE@AES_CORE_dev:\AES_CLUSTER_OP[0].AES_CORE_OP[0],,wire [SBIT_INPUT_64BIT_SEL_WD - 1:0] w_mcore_cfb_dec_sbit_64bit_msb = (w_mcore_cfb_dec_sbit_input_mux2_sel*P_AES_CORE_CNT + 2 - 1 - q);,LHS[NodeName]: '[LHSExpr]' width [LHS_Size] is less than RHS: '[RHSExpr]' width [RHS_Size] in[NodeType] assignment [Hierarchy: '[HIERARCHY]'],Lint:828,waived,pnson,N/A,"{""Goal"": ""BOS_LINT_RULE"", ""Module"": ""AESDMA_RD_DESC"", ""Statement"": ""n_rdAddr[AXI_ADDR_WD-1:ADDR_BASE_LSB] = r_rdAddr[AXI_ADDR_WD-1:ADDR_BASE_LSB] + {{(AXI_ADDR_WD-ADDR_BASE_LSB-AXI_LEN_WD){1'b0}}, w_rdBurstLen} + 1;"", ""HIERARCHY"": "":BOS_AESDMA:u_AESDMA_TOP@AESDMA_TOP_DCLS:u_aesdma_top@AESDMA_TOP:u_AESDMA_RD_DESC@AESDMA_RD_DESC""}","{""Tag"": ""W164a"", ""Description"": ""LHS[NodeName]: '[LHSExpr]' width [LHS_Size] is less than RHS: '[RHSExpr]' width [RHS_Size] in[NodeType] assignment [Hierarchy: '[HIERARCHY]']"", ""Violation"": ""Lint:828"", ""Goal"": ""BOS_LINT_RULE"", ""Module"": ""AES_CORE_dev"", ""FileName"": ""/storage/project/atlas/design/user/pnson/ATLAS_WORKING/IP/AESDMA/RTL/AES_CORE/AES_CORE_dev.v"", ""LineNumber"": ""1598"", ""Statement"": ""            wire [SBIT_INPUT_64BIT_SEL_WD  - 1:0]  w_mcore_cfb_dec_sbit_64bit_msb  = (w_mcore_cfb_dec_sbit_input_mux2_sel*P_AES_CORE_CNT + 2  - 1 - q);"", ""NodeName"": """", ""LHSExpr"": ""w_mcore_cfb_dec_sbit_64bit_msb"", ""LHS_Size"": ""2"", ""RHSExpr"": ""((((w_mcore_cfb_dec_sbit_input_mux2_sel * P_AES_CORE_CNT) + 2) - 1) - q)"", ""RHS_Size"": ""6"", ""NodeType"": """", ""HIERARCHY"": "":BOS_AESDMA:u_AESDMA_TOP@AESDMA_TOP_DCLS:u_aesdma_top@AESDMA_TOP:u_AES_CORE@AES_CORE_dev:\\AES_CLUSTER_OP[0].AES_CORE_OP[0]""}"
W164a_d4ea1a544292,UNCHANGED,WAIVED,yes,W164a_785,These counters updating logic are confirmed by designer,CUSTOM,,"(Goal == ""BOS_LINT_RULE"") AND (Module == ""AESDMA_RD_DESC"") AND (Statement == ""n_rdAddr[AXI_ADDR_WD-1:ADDR_BASE_LSB] = r_rdAddr[AXI_ADDR_WD-1:ADDR_BASE_LSB] + {{(AXI_ADDR_WD-ADDR_BASE_LSB-AXI_LEN_WD){1'b0}}, w_rdBurstLen} + 1;"") AND (HIERARCHY == "":BOS_AESDMA:u_AESDMA_TOP@AESDMA_TOP_DCLS:u_aesdma_top@AESDMA_TOP:u_AESDMA_RD_DESC@AESDMA_RD_DESC"")",,,PENDING,,W164a,warning,BOS_LINT_RULE,AES_CORE_dev,/storage/project/atlas/design/user/pnson/ATLAS_WORKING/IP/AESDMA/RTL/AES_CORE/AES_CORE_dev.v,1599,:BOS_AESDMA:u_AESDMA_TOP@AESDMA_TOP_DCLS:u_aesdma_top@AESDMA_TOP:u_AES_CORE@AES_CORE_dev:\AES_CLUSTER_OP[0].AES_CORE_OP[0],,wire [SBIT_INPUT_128BIT_SEL_WD - 1:0] w_mcore_cfb_dec_sbit_128bit_msb = (w_mcore_cfb_dec_sbit_input_mux2_sel*P_AES_CORE_CNT + 1 - 1 - q);,LHS[NodeName]: '[LHSExpr]' width [LHS_Size] is less than RHS: '[RHSExpr]' width [RHS_Size] in[NodeType] assignment [Hierarchy: '[HIERARCHY]'],Lint:829,waived,pnson,N/A,"{""Goal"": ""BOS_LINT_RULE"", ""Module"": ""AESDMA_RD_DESC"", ""Statement"": ""n_rdAddr[AXI_ADDR_WD-1:ADDR_BASE_LSB] = r_rdAddr[AXI_ADDR_WD-1:ADDR_BASE_LSB] + {{(AXI_ADDR_WD-ADDR_BASE_LSB-AXI_LEN_WD){1'b0}}, w_rdBurstLen} + 1;"", ""HIERARCHY"": "":BOS_AESDMA:u_AESDMA_TOP@AESDMA_TOP_DCLS:u_aesdma_top@AESDMA_TOP:u_AESDMA_RD_DESC@AESDMA_RD_DESC""}","{""Tag"": ""W164a"", ""Description"": ""LHS[NodeName]: '[LHSExpr]' width [LHS_Size] is less than RHS: '[RHSExpr]' width [RHS_Size] in[NodeType] assignment [Hierarchy: '[HIERARCHY]']"", ""Violation"": ""Lint:829"", ""Goal"": ""BOS_LINT_RULE"", ""Module"": ""AES_CORE_dev"", ""FileName"": ""/storage/project/atlas/design/user/pnson/ATLAS_WORKING/IP/AESDMA/RTL/AES_CORE/AES_CORE_dev.v"", ""LineNumber"": ""1599"", ""Statement"": ""            wire [SBIT_INPUT_128BIT_SEL_WD - 1:0]  w_mcore_cfb_dec_sbit_128bit_msb = (w_mcore_cfb_dec_sbit_input_mux2_sel*P_AES_CORE_CNT + 1  - 1 - q);"", ""NodeName"": """", ""LHSExpr"": ""w_mcore_cfb_dec_sbit_128bit_msb"", ""LHS_Size"": ""1"", ""RHSExpr"": ""((((w_mcore_cfb_dec_sbit_input_mux2_sel * P_AES_CORE_CNT) + 1) - 1) - q)"", ""RHS_Size"": ""5"", ""NodeType"": """", ""HIERARCHY"": "":BOS_AESDMA:u_AESDMA_TOP@AESDMA_TOP_DCLS:u_aesdma_top@AESDMA_TOP:u_AES_CORE@AES_CORE_dev:\\AES_CLUSTER_OP[0].AES_CORE_OP[0]""}"
W164a_911d84fd734b,UNCHANGED,WAIVED,yes,W164a_785,These counters updating logic are confirmed by designer,CUSTOM,,"(Goal == ""BOS_LINT_RULE"") AND (Module == ""AESDMA_RD_DESC"") AND (Statement == ""n_rdAddr[AXI_ADDR_WD-1:ADDR_BASE_LSB] = r_rdAddr[AXI_ADDR_WD-1:ADDR_BASE_LSB] + {{(AXI_ADDR_WD-ADDR_BASE_LSB-AXI_LEN_WD){1'b0}}, w_rdBurstLen} + 1;"") AND (HIERARCHY == "":BOS_AESDMA:u_AESDMA_TOP@AESDMA_TOP_DCLS:u_aesdma_top@AESDMA_TOP:u_AESDMA_RD_DESC@AESDMA_RD_DESC"")",,,PENDING,,W164a,warning,BOS_LINT_RULE,AES_CORE_dev,/storage/project/atlas/design/user/pnson/ATLAS_WORKING/IP/AESDMA/RTL/AES_CORE/AES_CORE_dev.v,2140,:BOS_AESDMA:u_AESDMA_TOP@AESDMA_TOP_DCLS:u_aesdma_top@AESDMA_TOP:u_AES_CORE@AES_CORE_dev,,assign w_gf_output_selector = (r_cur_st == ST_PROCESS_AAD) ? ((r_expected_gcm_aadblk_idx + P_AES_CORE_CNT <= AAD_BLK_LEN ) ? (P_AES_CORE_CNT - 1) : (AAD_BLK_LEN - 1 - r_expected_gcm_aadblk_idx )) :,LHS[NodeName]: '[LHSExpr]' width [LHS_Size] is less than RHS: '[RHSExpr]' width [RHS_Size] in[NodeType] assignment [Hierarchy: '[HIERARCHY]'],Lint:825,waived,pnson,N/A,"{""Goal"": ""BOS_LINT_RULE"", ""Module"": ""AESDMA_RD_DESC"", ""Statement"": ""n_rdAddr[AXI_ADDR_WD-1:ADDR_BASE_LSB] = r_rdAddr[AXI_ADDR_WD-1:ADDR_BASE_LSB] + {{(AXI_ADDR_WD-ADDR_BASE_LSB-AXI_LEN_WD){1'b0}}, w_rdBurstLen} + 1;"", ""HIERARCHY"": "":BOS_AESDMA:u_AESDMA_TOP@AESDMA_TOP_DCLS:u_aesdma_top@AESDMA_TOP:u_AESDMA_RD_DESC@AESDMA_RD_DESC""}","{""Tag"": ""W164a"", ""Description"": ""LHS[NodeName]: '[LHSExpr]' width [LHS_Size] is less than RHS: '[RHSExpr]' width [RHS_Size] in[NodeType] assignment [Hierarchy: '[HIERARCHY]']"", ""Violation"": ""Lint:825"", ""Goal"": ""BOS_LINT_RULE"", ""Module"": ""AES_CORE_dev"", ""FileName"": ""/storage/project/atlas/design/user/pnson/ATLAS_WORKING/IP/AESDMA/RTL/AES_CORE/AES_CORE_dev.v"", ""LineNumber"": ""2140"", ""Statement"": ""assign w_gf_output_selector = (r_cur_st == ST_PROCESS_AAD)  ? ((r_expected_gcm_aadblk_idx  + P_AES_CORE_CNT <= AAD_BLK_LEN ) ? (P_AES_CORE_CNT - 1) : (AAD_BLK_LEN  - 1 - r_expected_gcm_aadblk_idx )) :"", ""NodeName"": """", ""LHSExpr"": ""w_gf_output_selector"", ""LHS_Size"": ""1"", ""RHSExpr"": ""((AAD_BLK_LEN - 1) - r_expected_gcm_aadblk_idx)"", ""RHS_Size"": ""29"", ""NodeType"": """", ""HIERARCHY"": "":BOS_AESDMA:u_AESDMA_TOP@AESDMA_TOP_DCLS:u_aesdma_top@AESDMA_TOP:u_AES_CORE@AES_CORE_dev""}"
W164a_c236385e4a5a,UNCHANGED,WAIVED,yes,W164a_785,These counters updating logic are confirmed by designer,CUSTOM,,"(Goal == ""BOS_LINT_RULE"") AND (Module == ""AESDMA_RD_DESC"") AND (Statement == ""n_rdAddr[AXI_ADDR_WD-1:ADDR_BASE_LSB] = r_rdAddr[AXI_ADDR_WD-1:ADDR_BASE_LSB] + {{(AXI_ADDR_WD-ADDR_BASE_LSB-AXI_LEN_WD){1'b0}}, w_rdBurstLen} + 1;"") AND (HIERARCHY == "":BOS_AESDMA:u_AESDMA_TOP@AESDMA_TOP_DCLS:u_aesdma_top@AESDMA_TOP:u_AESDMA_RD_DESC@AESDMA_RD_DESC"")",,,PENDING,,W164a,warning,BOS_LINT_RULE,ln04lpa_a00_mc_rd2rs_hsr_lvt_320x72m2b1c1_wrapper_safety_data_decoder_st_ctrl,/storage/project/atlas/design/user/pnson/ATLAS_WORKING/DK/mem/SAFETY_WRAPPER/ln04lpa_a00_mc_rd2rs_hsr_lvt_320x72m2b1c1_wrapper_safety_sf64eadi1/ln04lpa_a00_mc_rd2rs_hsr_lvt_320x72m2b1c1_wrapper_safety_sf64eadi1.sv,574,:BOS_AESDMA:\gen_wide_SRAM_ROB[0].gen_SRAM_ROB[0].gSF4MemInst.gSF4MemBdInst.u_SRAM_ROB_FIFO_BD @ln04lpa_a00_mc_rd2rs_hsr_lvt_320x72m2b1c1_wrapper_safety_sf64eadi1:u_data_decoder_dcls@ln04lpa_a00_mc_rd2rs_hsr_lvt_320x72m2b1c1_wrapper_safety_data_decoder_top_dcls:u_d0@ln04lpa_a00_mc_rd2rs_hsr_lvt_320x72m2b1c1_wrapper_safety_data_decoder_st_wrap:u_selftest@ln04lpa_a00_mc_rd2rs_hsr_lvt_320x72m2b1c1_wrapper_safety_data_decoder_st_ctrl,,w_twohot = 1 << r_idx | 1 << w_idx2 ;,LHS[NodeName]: '[LHSExpr]' width [LHS_Size] is less than RHS: '[RHSExpr]' width [RHS_Size] in[NodeType] assignment [Hierarchy: '[HIERARCHY]'],Lint:839,waived,pnson,N/A,"{""Goal"": ""BOS_LINT_RULE"", ""Module"": ""AESDMA_RD_DESC"", ""Statement"": ""n_rdAddr[AXI_ADDR_WD-1:ADDR_BASE_LSB] = r_rdAddr[AXI_ADDR_WD-1:ADDR_BASE_LSB] + {{(AXI_ADDR_WD-ADDR_BASE_LSB-AXI_LEN_WD){1'b0}}, w_rdBurstLen} + 1;"", ""HIERARCHY"": "":BOS_AESDMA:u_AESDMA_TOP@AESDMA_TOP_DCLS:u_aesdma_top@AESDMA_TOP:u_AESDMA_RD_DESC@AESDMA_RD_DESC""}","{""Tag"": ""W164a"", ""Description"": ""LHS[NodeName]: '[LHSExpr]' width [LHS_Size] is less than RHS: '[RHSExpr]' width [RHS_Size] in[NodeType] assignment [Hierarchy: '[HIERARCHY]']"", ""Violation"": ""Lint:839"", ""Goal"": ""BOS_LINT_RULE"", ""Module"": ""ln04lpa_a00_mc_rd2rs_hsr_lvt_320x72m2b1c1_wrapper_safety_data_decoder_st_ctrl"", ""FileName"": ""/storage/project/atlas/design/user/pnson/ATLAS_WORKING/DK/mem/SAFETY_WRAPPER/ln04lpa_a00_mc_rd2rs_hsr_lvt_320x72m2b1c1_wrapper_safety_sf64eadi1/ln04lpa_a00_mc_rd2rs_hsr_lvt_320x72m2b1c1_wrapper_safety_sf64eadi1.sv"", ""LineNumber"": ""574"", ""Statement"": ""    w_twohot = 1 << r_idx  |  1 << w_idx2 ;"", ""NodeName"": """", ""LHSExpr"": ""w_twohot"", ""LHS_Size"": ""81"", ""RHSExpr"": ""((1 << r_idx) | (1 << w_idx2))"", ""RHS_Size"": ""128"", ""NodeType"": """", ""HIERARCHY"": "":BOS_AESDMA:\\gen_wide_SRAM_ROB[0].gen_SRAM_ROB[0].gSF4MemInst.gSF4MemBdInst.u_SRAM_ROB_FIFO_BD @ln04lpa_a00_mc_rd2rs_hsr_lvt_320x72m2b1c1_wrapper_safety_sf64eadi1:u_data_decoder_dcls@ln04lpa_a00_mc_rd2rs_hsr_lvt_320x72m2b1c1_wrapper_safety_data_decoder_top_dcls:u_d0@ln04lpa_a00_mc_rd2rs_hsr_lvt_320x72m2b1c1_wrapper_safety_data_decoder_st_wrap:u_selftest@ln04lpa_a00_mc_rd2rs_hsr_lvt_320x72m2b1c1_wrapper_safety_data_decoder_st_ctrl""}"
W164a_87f654826bb3,UNCHANGED,WAIVED,yes,W164a_785,These counters updating logic are confirmed by designer,CUSTOM,,"(Goal == ""BOS_LINT_RULE"") AND (Module == ""AESDMA_RD_DESC"") AND (Statement == ""n_rdAddr[AXI_ADDR_WD-1:ADDR_BASE_LSB] = r_rdAddr[AXI_ADDR_WD-1:ADDR_BASE_LSB] + {{(AXI_ADDR_WD-ADDR_BASE_LSB-AXI_LEN_WD){1'b0}}, w_rdBurstLen} + 1;"") AND (HIERARCHY == "":BOS_AESDMA:u_AESDMA_TOP@AESDMA_TOP_DCLS:u_aesdma_top@AESDMA_TOP:u_AESDMA_RD_DESC@AESDMA_RD_DESC"")",,,PENDING,,W164a,warning,BOS_LINT_RULE,ln04lpa_a00_mc_rd2rs_hsr_lvt_320x72m2b1c1_wrapper_safety_data_decoder_st_ctrl,/storage/project/atlas/design/user/pnson/ATLAS_WORKING/DK/mem/SAFETY_WRAPPER/ln04lpa_a00_mc_rd2rs_hsr_lvt_320x72m2b1c1_wrapper_safety_sf64eadi1/ln04lpa_a00_mc_rd2rs_hsr_lvt_320x72m2b1c1_wrapper_safety_sf64eadi1.sv,625,:BOS_AESDMA:\gen_wide_SRAM_ROB[0].gen_SRAM_ROB[0].gSF4MemInst.gSF4MemBdInst.u_SRAM_ROB_FIFO_BD @ln04lpa_a00_mc_rd2rs_hsr_lvt_320x72m2b1c1_wrapper_safety_sf64eadi1:u_data_decoder_dcls@ln04lpa_a00_mc_rd2rs_hsr_lvt_320x72m2b1c1_wrapper_safety_data_decoder_top_dcls:u_d0@ln04lpa_a00_mc_rd2rs_hsr_lvt_320x72m2b1c1_wrapper_safety_data_decoder_st_wrap:u_selftest@ln04lpa_a00_mc_rd2rs_hsr_lvt_320x72m2b1c1_wrapper_safety_data_decoder_st_ctrl,,r_idx_nxt = r_idx + 1'b1;,LHS[NodeName]: '[LHSExpr]' width [LHS_Size] is less than RHS: '[RHSExpr]' width [RHS_Size] in[NodeType] assignment [Hierarchy: '[HIERARCHY]'],Lint:840,waived,pnson,N/A,"{""Goal"": ""BOS_LINT_RULE"", ""Module"": ""AESDMA_RD_DESC"", ""Statement"": ""n_rdAddr[AXI_ADDR_WD-1:ADDR_BASE_LSB] = r_rdAddr[AXI_ADDR_WD-1:ADDR_BASE_LSB] + {{(AXI_ADDR_WD-ADDR_BASE_LSB-AXI_LEN_WD){1'b0}}, w_rdBurstLen} + 1;"", ""HIERARCHY"": "":BOS_AESDMA:u_AESDMA_TOP@AESDMA_TOP_DCLS:u_aesdma_top@AESDMA_TOP:u_AESDMA_RD_DESC@AESDMA_RD_DESC""}","{""Tag"": ""W164a"", ""Description"": ""LHS[NodeName]: '[LHSExpr]' width [LHS_Size] is less than RHS: '[RHSExpr]' width [RHS_Size] in[NodeType] assignment [Hierarchy: '[HIERARCHY]']"", ""Violation"": ""Lint:840"", ""Goal"": ""BOS_LINT_RULE"", ""Module"": ""ln04lpa_a00_mc_rd2rs_hsr_lvt_320x72m2b1c1_wrapper_safety_data_decoder_st_ctrl"", ""FileName"": ""/storage/project/atlas/design/user/pnson/ATLAS_WORKING/DK/mem/SAFETY_WRAPPER/ln04lpa_a00_mc_rd2rs_hsr_lvt_320x72m2b1c1_wrapper_safety_sf64eadi1/ln04lpa_a00_mc_rd2rs_hsr_lvt_320x72m2b1c1_wrapper_safety_sf64eadi1.sv"", ""LineNumber"": ""625"", ""Statement"": ""          r_idx_nxt   = r_idx + 1'b1;"", ""NodeName"": """", ""LHSExpr"": ""r_idx_nxt"", ""LHS_Size"": ""7"", ""RHSExpr"": ""(r_idx + 1'b1)"", ""RHS_Size"": ""8"", ""NodeType"": """", ""HIERARCHY"": "":BOS_AESDMA:\\gen_wide_SRAM_ROB[0].gen_SRAM_ROB[0].gSF4MemInst.gSF4MemBdInst.u_SRAM_ROB_FIFO_BD @ln04lpa_a00_mc_rd2rs_hsr_lvt_320x72m2b1c1_wrapper_safety_sf64eadi1:u_data_decoder_dcls@ln04lpa_a00_mc_rd2rs_hsr_lvt_320x72m2b1c1_wrapper_safety_data_decoder_top_dcls:u_d0@ln04lpa_a00_mc_rd2rs_hsr_lvt_320x72m2b1c1_wrapper_safety_data_decoder_st_wrap:u_selftest@ln04lpa_a00_mc_rd2rs_hsr_lvt_320x72m2b1c1_wrapper_safety_data_decoder_st_ctrl""}"
W164a_f0e03f5a7b78,UNCHANGED,WAIVED,yes,W164a_785,These counters updating logic are confirmed by designer,CUSTOM,,"(Goal == ""BOS_LINT_RULE"") AND (Module == ""AESDMA_RD_DESC"") AND (Statement == ""n_rdAddr[AXI_ADDR_WD-1:ADDR_BASE_LSB] = r_rdAddr[AXI_ADDR_WD-1:ADDR_BASE_LSB] + {{(AXI_ADDR_WD-ADDR_BASE_LSB-AXI_LEN_WD){1'b0}}, w_rdBurstLen} + 1;"") AND (HIERARCHY == "":BOS_AESDMA:u_AESDMA_TOP@AESDMA_TOP_DCLS:u_aesdma_top@AESDMA_TOP:u_AESDMA_RD_DESC@AESDMA_RD_DESC"")",,,PENDING,,W164a,warning,BOS_LINT_RULE,ln04lpa_a00_mc_rd2rs_hsr_lvt_320x72m2b1c1_wrapper_safety_data_decoder_st_ctrl,/storage/project/atlas/design/user/pnson/ATLAS_WORKING/DK/mem/SAFETY_WRAPPER/ln04lpa_a00_mc_rd2rs_hsr_lvt_320x72m2b1c1_wrapper_safety_sf64eadi1/ln04lpa_a00_mc_rd2rs_hsr_lvt_320x72m2b1c1_wrapper_safety_sf64eadi1.sv,626,:BOS_AESDMA:\gen_wide_SRAM_ROB[0].gen_SRAM_ROB[0].gSF4MemInst.gSF4MemBdInst.u_SRAM_ROB_FIFO_BD @ln04lpa_a00_mc_rd2rs_hsr_lvt_320x72m2b1c1_wrapper_safety_sf64eadi1:u_data_decoder_dcls@ln04lpa_a00_mc_rd2rs_hsr_lvt_320x72m2b1c1_wrapper_safety_data_decoder_top_dcls:u_d0@ln04lpa_a00_mc_rd2rs_hsr_lvt_320x72m2b1c1_wrapper_safety_data_decoder_st_wrap:u_selftest@ln04lpa_a00_mc_rd2rs_hsr_lvt_320x72m2b1c1_wrapper_safety_data_decoder_st_ctrl,,r_cycle_nxt = r_cycle + 1'b1;,LHS[NodeName]: '[LHSExpr]' width [LHS_Size] is less than RHS: '[RHSExpr]' width [RHS_Size] in[NodeType] assignment [Hierarchy: '[HIERARCHY]'],Lint:841,waived,pnson,N/A,"{""Goal"": ""BOS_LINT_RULE"", ""Module"": ""AESDMA_RD_DESC"", ""Statement"": ""n_rdAddr[AXI_ADDR_WD-1:ADDR_BASE_LSB] = r_rdAddr[AXI_ADDR_WD-1:ADDR_BASE_LSB] + {{(AXI_ADDR_WD-ADDR_BASE_LSB-AXI_LEN_WD){1'b0}}, w_rdBurstLen} + 1;"", ""HIERARCHY"": "":BOS_AESDMA:u_AESDMA_TOP@AESDMA_TOP_DCLS:u_aesdma_top@AESDMA_TOP:u_AESDMA_RD_DESC@AESDMA_RD_DESC""}","{""Tag"": ""W164a"", ""Description"": ""LHS[NodeName]: '[LHSExpr]' width [LHS_Size] is less than RHS: '[RHSExpr]' width [RHS_Size] in[NodeType] assignment [Hierarchy: '[HIERARCHY]']"", ""Violation"": ""Lint:841"", ""Goal"": ""BOS_LINT_RULE"", ""Module"": ""ln04lpa_a00_mc_rd2rs_hsr_lvt_320x72m2b1c1_wrapper_safety_data_decoder_st_ctrl"", ""FileName"": ""/storage/project/atlas/design/user/pnson/ATLAS_WORKING/DK/mem/SAFETY_WRAPPER/ln04lpa_a00_mc_rd2rs_hsr_lvt_320x72m2b1c1_wrapper_safety_sf64eadi1/ln04lpa_a00_mc_rd2rs_hsr_lvt_320x72m2b1c1_wrapper_safety_sf64eadi1.sv"", ""LineNumber"": ""626"", ""Statement"": ""          r_cycle_nxt = r_cycle + 1'b1;"", ""NodeName"": """", ""LHSExpr"": ""r_cycle_nxt"", ""LHS_Size"": ""7"", ""RHSExpr"": ""(r_cycle + 1'b1)"", ""RHS_Size"": ""8"", ""NodeType"": """", ""HIERARCHY"": "":BOS_AESDMA:\\gen_wide_SRAM_ROB[0].gen_SRAM_ROB[0].gSF4MemInst.gSF4MemBdInst.u_SRAM_ROB_FIFO_BD @ln04lpa_a00_mc_rd2rs_hsr_lvt_320x72m2b1c1_wrapper_safety_sf64eadi1:u_data_decoder_dcls@ln04lpa_a00_mc_rd2rs_hsr_lvt_320x72m2b1c1_wrapper_safety_data_decoder_top_dcls:u_d0@ln04lpa_a00_mc_rd2rs_hsr_lvt_320x72m2b1c1_wrapper_safety_data_decoder_st_wrap:u_selftest@ln04lpa_a00_mc_rd2rs_hsr_lvt_320x72m2b1c1_wrapper_safety_data_decoder_st_ctrl""}"
W164a_25c7ecc3014c,UNCHANGED,WAIVED,yes,W164a_785,These counters updating logic are confirmed by designer,CUSTOM,,"(Goal == ""BOS_LINT_RULE"") AND (Module == ""AESDMA_RD_DESC"") AND (Statement == ""n_rdAddr[AXI_ADDR_WD-1:ADDR_BASE_LSB] = r_rdAddr[AXI_ADDR_WD-1:ADDR_BASE_LSB] + {{(AXI_ADDR_WD-ADDR_BASE_LSB-AXI_LEN_WD){1'b0}}, w_rdBurstLen} + 1;"") AND (HIERARCHY == "":BOS_AESDMA:u_AESDMA_TOP@AESDMA_TOP_DCLS:u_aesdma_top@AESDMA_TOP:u_AESDMA_RD_DESC@AESDMA_RD_DESC"")",,,PENDING,,W164a,warning,BOS_LINT_RULE,ln04lpa_a00_mc_rd2rs_hsr_lvt_32x138m2b1c1_wrapper_safety_data_decoder_st_ctrl,/storage/project/atlas/design/user/pnson/ATLAS_WORKING/DK/mem/SAFETY_WRAPPER/ln04lpa_a00_mc_rd2rs_hsr_lvt_32x138m2b1c1_wrapper_safety_sf129eadi1/ln04lpa_a00_mc_rd2rs_hsr_lvt_32x138m2b1c1_wrapper_safety_sf129eadi1.sv,697,:BOS_AESDMA:\gen_wide_SRAM_WRFIFO[0].gen_SRAM_WRFIFO[0].gSF4WrMemInst.u_SRAM_WR_FIFO @ln04lpa_a00_mc_rd2rs_hsr_lvt_32x138m2b1c1_wrapper_safety_sf129eadi1:u_data_decoder_dcls@ln04lpa_a00_mc_rd2rs_hsr_lvt_32x138m2b1c1_wrapper_safety_data_decoder_top_dcls:u_d0@ln04lpa_a00_mc_rd2rs_hsr_lvt_32x138m2b1c1_wrapper_safety_data_decoder_st_wrap:u_selftest@ln04lpa_a00_mc_rd2rs_hsr_lvt_32x138m2b1c1_wrapper_safety_data_decoder_st_ctrl,,w_twohot = 1 << r_idx | 1 << w_idx2 ;,LHS[NodeName]: '[LHSExpr]' width [LHS_Size] is less than RHS: '[RHSExpr]' width [RHS_Size] in[NodeType] assignment [Hierarchy: '[HIERARCHY]'],Lint:835,waived,pnson,N/A,"{""Goal"": ""BOS_LINT_RULE"", ""Module"": ""AESDMA_RD_DESC"", ""Statement"": ""n_rdAddr[AXI_ADDR_WD-1:ADDR_BASE_LSB] = r_rdAddr[AXI_ADDR_WD-1:ADDR_BASE_LSB] + {{(AXI_ADDR_WD-ADDR_BASE_LSB-AXI_LEN_WD){1'b0}}, w_rdBurstLen} + 1;"", ""HIERARCHY"": "":BOS_AESDMA:u_AESDMA_TOP@AESDMA_TOP_DCLS:u_aesdma_top@AESDMA_TOP:u_AESDMA_RD_DESC@AESDMA_RD_DESC""}","{""Tag"": ""W164a"", ""Description"": ""LHS[NodeName]: '[LHSExpr]' width [LHS_Size] is less than RHS: '[RHSExpr]' width [RHS_Size] in[NodeType] assignment [Hierarchy: '[HIERARCHY]']"", ""Violation"": ""Lint:835"", ""Goal"": ""BOS_LINT_RULE"", ""Module"": ""ln04lpa_a00_mc_rd2rs_hsr_lvt_32x138m2b1c1_wrapper_safety_data_decoder_st_ctrl"", ""FileName"": ""/storage/project/atlas/design/user/pnson/ATLAS_WORKING/DK/mem/SAFETY_WRAPPER/ln04lpa_a00_mc_rd2rs_hsr_lvt_32x138m2b1c1_wrapper_safety_sf129eadi1/ln04lpa_a00_mc_rd2rs_hsr_lvt_32x138m2b1c1_wrapper_safety_sf129eadi1.sv"", ""LineNumber"": ""697"", ""Statement"": ""    w_twohot = 1 << r_idx  |  1 << w_idx2 ;"", ""NodeName"": """", ""LHSExpr"": ""w_twohot"", ""LHS_Size"": ""143"", ""RHSExpr"": ""((1 << r_idx) | (1 << w_idx2))"", ""RHS_Size"": ""256"", ""NodeType"": """", ""HIERARCHY"": "":BOS_AESDMA:\\gen_wide_SRAM_WRFIFO[0].gen_SRAM_WRFIFO[0].gSF4WrMemInst.u_SRAM_WR_FIFO @ln04lpa_a00_mc_rd2rs_hsr_lvt_32x138m2b1c1_wrapper_safety_sf129eadi1:u_data_decoder_dcls@ln04lpa_a00_mc_rd2rs_hsr_lvt_32x138m2b1c1_wrapper_safety_data_decoder_top_dcls:u_d0@ln04lpa_a00_mc_rd2rs_hsr_lvt_32x138m2b1c1_wrapper_safety_data_decoder_st_wrap:u_selftest@ln04lpa_a00_mc_rd2rs_hsr_lvt_32x138m2b1c1_wrapper_safety_data_decoder_st_ctrl""}"
W164a_f4629a2c0a13,UNCHANGED,WAIVED,yes,W164a_785,These counters updating logic are confirmed by designer,CUSTOM,,"(Goal == ""BOS_LINT_RULE"") AND (Module == ""AESDMA_RD_DESC"") AND (Statement == ""n_rdAddr[AXI_ADDR_WD-1:ADDR_BASE_LSB] = r_rdAddr[AXI_ADDR_WD-1:ADDR_BASE_LSB] + {{(AXI_ADDR_WD-ADDR_BASE_LSB-AXI_LEN_WD){1'b0}}, w_rdBurstLen} + 1;"") AND (HIERARCHY == "":BOS_AESDMA:u_AESDMA_TOP@AESDMA_TOP_DCLS:u_aesdma_top@AESDMA_TOP:u_AESDMA_RD_DESC@AESDMA_RD_DESC"")",,,PENDING,,W164a,warning,BOS_LINT_RULE,ln04lpa_a00_mc_rd2rs_hsr_lvt_32x138m2b1c1_wrapper_safety_data_decoder_st_ctrl,/storage/project/atlas/design/user/pnson/ATLAS_WORKING/DK/mem/SAFETY_WRAPPER/ln04lpa_a00_mc_rd2rs_hsr_lvt_32x138m2b1c1_wrapper_safety_sf129eadi1/ln04lpa_a00_mc_rd2rs_hsr_lvt_32x138m2b1c1_wrapper_safety_sf129eadi1.sv,748,:BOS_AESDMA:\gen_wide_SRAM_WRFIFO[0].gen_SRAM_WRFIFO[0].gSF4WrMemInst.u_SRAM_WR_FIFO @ln04lpa_a00_mc_rd2rs_hsr_lvt_32x138m2b1c1_wrapper_safety_sf129eadi1:u_data_decoder_dcls@ln04lpa_a00_mc_rd2rs_hsr_lvt_32x138m2b1c1_wrapper_safety_data_decoder_top_dcls:u_d0@ln04lpa_a00_mc_rd2rs_hsr_lvt_32x138m2b1c1_wrapper_safety_data_decoder_st_wrap:u_selftest@ln04lpa_a00_mc_rd2rs_hsr_lvt_32x138m2b1c1_wrapper_safety_data_decoder_st_ctrl,,r_idx_nxt = r_idx + 1'b1;,LHS[NodeName]: '[LHSExpr]' width [LHS_Size] is less than RHS: '[RHSExpr]' width [RHS_Size] in[NodeType] assignment [Hierarchy: '[HIERARCHY]'],Lint:836,waived,pnson,N/A,"{""Goal"": ""BOS_LINT_RULE"", ""Module"": ""AESDMA_RD_DESC"", ""Statement"": ""n_rdAddr[AXI_ADDR_WD-1:ADDR_BASE_LSB] = r_rdAddr[AXI_ADDR_WD-1:ADDR_BASE_LSB] + {{(AXI_ADDR_WD-ADDR_BASE_LSB-AXI_LEN_WD){1'b0}}, w_rdBurstLen} + 1;"", ""HIERARCHY"": "":BOS_AESDMA:u_AESDMA_TOP@AESDMA_TOP_DCLS:u_aesdma_top@AESDMA_TOP:u_AESDMA_RD_DESC@AESDMA_RD_DESC""}","{""Tag"": ""W164a"", ""Description"": ""LHS[NodeName]: '[LHSExpr]' width [LHS_Size] is less than RHS: '[RHSExpr]' width [RHS_Size] in[NodeType] assignment [Hierarchy: '[HIERARCHY]']"", ""Violation"": ""Lint:836"", ""Goal"": ""BOS_LINT_RULE"", ""Module"": ""ln04lpa_a00_mc_rd2rs_hsr_lvt_32x138m2b1c1_wrapper_safety_data_decoder_st_ctrl"", ""FileName"": ""/storage/project/atlas/design/user/pnson/ATLAS_WORKING/DK/mem/SAFETY_WRAPPER/ln04lpa_a00_mc_rd2rs_hsr_lvt_32x138m2b1c1_wrapper_safety_sf129eadi1/ln04lpa_a00_mc_rd2rs_hsr_lvt_32x138m2b1c1_wrapper_safety_sf129eadi1.sv"", ""LineNumber"": ""748"", ""Statement"": ""          r_idx_nxt   = r_idx + 1'b1;"", ""NodeName"": """", ""LHSExpr"": ""r_idx_nxt"", ""LHS_Size"": ""8"", ""RHSExpr"": ""(r_idx + 1'b1)"", ""RHS_Size"": ""9"", ""NodeType"": """", ""HIERARCHY"": "":BOS_AESDMA:\\gen_wide_SRAM_WRFIFO[0].gen_SRAM_WRFIFO[0].gSF4WrMemInst.u_SRAM_WR_FIFO @ln04lpa_a00_mc_rd2rs_hsr_lvt_32x138m2b1c1_wrapper_safety_sf129eadi1:u_data_decoder_dcls@ln04lpa_a00_mc_rd2rs_hsr_lvt_32x138m2b1c1_wrapper_safety_data_decoder_top_dcls:u_d0@ln04lpa_a00_mc_rd2rs_hsr_lvt_32x138m2b1c1_wrapper_safety_data_decoder_st_wrap:u_selftest@ln04lpa_a00_mc_rd2rs_hsr_lvt_32x138m2b1c1_wrapper_safety_data_decoder_st_ctrl""}"
W164a_40e2f3cc3783,UNCHANGED,WAIVED,yes,W164a_785,These counters updating logic are confirmed by designer,CUSTOM,,"(Goal == ""BOS_LINT_RULE"") AND (Module == ""AESDMA_RD_DESC"") AND (Statement == ""n_rdAddr[AXI_ADDR_WD-1:ADDR_BASE_LSB] = r_rdAddr[AXI_ADDR_WD-1:ADDR_BASE_LSB] + {{(AXI_ADDR_WD-ADDR_BASE_LSB-AXI_LEN_WD){1'b0}}, w_rdBurstLen} + 1;"") AND (HIERARCHY == "":BOS_AESDMA:u_AESDMA_TOP@AESDMA_TOP_DCLS:u_aesdma_top@AESDMA_TOP:u_AESDMA_RD_DESC@AESDMA_RD_DESC"")",,,PENDING,,W164a,warning,BOS_LINT_RULE,ln04lpa_a00_mc_rd2rs_hsr_lvt_32x138m2b1c1_wrapper_safety_data_decoder_st_ctrl,/storage/project/atlas/design/user/pnson/ATLAS_WORKING/DK/mem/SAFETY_WRAPPER/ln04lpa_a00_mc_rd2rs_hsr_lvt_32x138m2b1c1_wrapper_safety_sf129eadi1/ln04lpa_a00_mc_rd2rs_hsr_lvt_32x138m2b1c1_wrapper_safety_sf129eadi1.sv,749,:BOS_AESDMA:\gen_wide_SRAM_WRFIFO[0].gen_SRAM_WRFIFO[0].gSF4WrMemInst.u_SRAM_WR_FIFO @ln04lpa_a00_mc_rd2rs_hsr_lvt_32x138m2b1c1_wrapper_safety_sf129eadi1:u_data_decoder_dcls@ln04lpa_a00_mc_rd2rs_hsr_lvt_32x138m2b1c1_wrapper_safety_data_decoder_top_dcls:u_d0@ln04lpa_a00_mc_rd2rs_hsr_lvt_32x138m2b1c1_wrapper_safety_data_decoder_st_wrap:u_selftest@ln04lpa_a00_mc_rd2rs_hsr_lvt_32x138m2b1c1_wrapper_safety_data_decoder_st_ctrl,,r_cycle_nxt = r_cycle + 1'b1;,LHS[NodeName]: '[LHSExpr]' width [LHS_Size] is less than RHS: '[RHSExpr]' width [RHS_Size] in[NodeType] assignment [Hierarchy: '[HIERARCHY]'],Lint:837,waived,pnson,N/A,"{""Goal"": ""BOS_LINT_RULE"", ""Module"": ""AESDMA_RD_DESC"", ""Statement"": ""n_rdAddr[AXI_ADDR_WD-1:ADDR_BASE_LSB] = r_rdAddr[AXI_ADDR_WD-1:ADDR_BASE_LSB] + {{(AXI_ADDR_WD-ADDR_BASE_LSB-AXI_LEN_WD){1'b0}}, w_rdBurstLen} + 1;"", ""HIERARCHY"": "":BOS_AESDMA:u_AESDMA_TOP@AESDMA_TOP_DCLS:u_aesdma_top@AESDMA_TOP:u_AESDMA_RD_DESC@AESDMA_RD_DESC""}","{""Tag"": ""W164a"", ""Description"": ""LHS[NodeName]: '[LHSExpr]' width [LHS_Size] is less than RHS: '[RHSExpr]' width [RHS_Size] in[NodeType] assignment [Hierarchy: '[HIERARCHY]']"", ""Violation"": ""Lint:837"", ""Goal"": ""BOS_LINT_RULE"", ""Module"": ""ln04lpa_a00_mc_rd2rs_hsr_lvt_32x138m2b1c1_wrapper_safety_data_decoder_st_ctrl"", ""FileName"": ""/storage/project/atlas/design/user/pnson/ATLAS_WORKING/DK/mem/SAFETY_WRAPPER/ln04lpa_a00_mc_rd2rs_hsr_lvt_32x138m2b1c1_wrapper_safety_sf129eadi1/ln04lpa_a00_mc_rd2rs_hsr_lvt_32x138m2b1c1_wrapper_safety_sf129eadi1.sv"", ""LineNumber"": ""749"", ""Statement"": ""          r_cycle_nxt = r_cycle + 1'b1;"", ""NodeName"": """", ""LHSExpr"": ""r_cycle_nxt"", ""LHS_Size"": ""8"", ""RHSExpr"": ""(r_cycle + 1'b1)"", ""RHS_Size"": ""9"", ""NodeType"": """", ""HIERARCHY"": "":BOS_AESDMA:\\gen_wide_SRAM_WRFIFO[0].gen_SRAM_WRFIFO[0].gSF4WrMemInst.u_SRAM_WR_FIFO @ln04lpa_a00_mc_rd2rs_hsr_lvt_32x138m2b1c1_wrapper_safety_sf129eadi1:u_data_decoder_dcls@ln04lpa_a00_mc_rd2rs_hsr_lvt_32x138m2b1c1_wrapper_safety_data_decoder_top_dcls:u_d0@ln04lpa_a00_mc_rd2rs_hsr_lvt_32x138m2b1c1_wrapper_safety_data_decoder_st_wrap:u_selftest@ln04lpa_a00_mc_rd2rs_hsr_lvt_32x138m2b1c1_wrapper_safety_data_decoder_st_ctrl""}"
W240_5a8b9557081d,UNCHANGED,WAIVED,yes,W240_830,output port is not connected warning,AUTO,,,,,PENDING,,W240,warning,BOS_LINT_RULE,AESDMA_AXI_FIFO,/storage/project/atlas/design/user/pnson/ATLAS_WORKING/IP/AESDMA/RTL/AESDMA_CORE/AESDMA_AXI_FIFO.v,50,:BOS_AESDMA:u_AESDMA_TOP@AESDMA_TOP_DCLS:u_aesdma_top@AESDMA_TOP:u_AESDMA_AXI_FIFO@AESDMA_AXI_FIFO,I_S_WID[5:0],"input [ AXI_ID_WD-1: 0] I_S_WID,",Input '[Signal]' declared but not read.[Hierarchy: '[HIERARCHY]'],Lint:1000,waived,,,"{""Goal"": ""BOS_LINT_RULE"", ""Module"": ""AESDMA_AXI_FIFO"", ""FileName"": ""/storage/project/atlas/design/user/pnson/ATLAS_WORKING/IP/AESDMA/RTL/AESDMA_CORE/AESDMA_AXI_FIFO.v"", ""LineNumber"": ""50"", ""Statement"": ""input [ AXI_ID_WD-1: 0] I_S_WID,"", ""HIERARCHY"": "":BOS_AESDMA:u_AESDMA_TOP@AESDMA_TOP_DCLS:u_aesdma_top@AESDMA_TOP:u_AESDMA_AXI_FIFO@AESDMA_AXI_FIFO"", ""Signal"": ""I_S_WID[5:0]""}","{""Tag"": ""W240"", ""Description"": ""Input '[Signal]' declared but not read.[Hierarchy: '[HIERARCHY]']"", ""Violation"": ""Lint:1000"", ""Goal"": ""BOS_LINT_RULE"", ""Module"": ""AESDMA_AXI_FIFO"", ""FileName"": ""/storage/project/atlas/design/user/pnson/ATLAS_WORKING/IP/AESDMA/RTL/AESDMA_CORE/AESDMA_AXI_FIFO.v"", ""LineNumber"": ""50"", ""Statement"": ""        input       [ AXI_ID_WD-1: 0]       I_S_WID,"", ""Signal"": ""I_S_WID[5:0]"", ""HIERARCHY"": "":BOS_AESDMA:u_AESDMA_TOP@AESDMA_TOP_DCLS:u_aesdma_top@AESDMA_TOP:u_AESDMA_AXI_FIFO@AESDMA_AXI_FIFO""}"
W240_e99b737228fa,UNCHANGED,WAIVED,yes,W240_830,output port is not connected warning,AUTO,,,,,PENDING,,W240,warning,BOS_LINT_RULE,AESDMA_BD,/storage/project/atlas/design/user/pnson/ATLAS_WORKING/IP/AESDMA/RTL/AESDMA_CORE/AESDMA_BD.v,50,:BOS_AESDMA:u_AESDMA_TOP@AESDMA_TOP_DCLS:u_aesdma_top@AESDMA_TOP:u_AESDMA_BD@AESDMA_BD,I_RDCMD_ready,"input I_RDCMD_ready,",Input '[Signal]' declared but not read.[Hierarchy: '[HIERARCHY]'],Lint:911,waived,,,"{""Goal"": ""BOS_LINT_RULE"", ""Module"": ""AESDMA_BD"", ""FileName"": ""/storage/project/atlas/design/user/pnson/ATLAS_WORKING/IP/AESDMA/RTL/AESDMA_CORE/AESDMA_BD.v"", ""LineNumber"": ""50"", ""Statement"": ""input I_RDCMD_ready,"", ""HIERARCHY"": "":BOS_AESDMA:u_AESDMA_TOP@AESDMA_TOP_DCLS:u_aesdma_top@AESDMA_TOP:u_AESDMA_BD@AESDMA_BD"", ""Signal"": ""I_RDCMD_ready""}","{""Tag"": ""W240"", ""Description"": ""Input '[Signal]' declared but not read.[Hierarchy: '[HIERARCHY]']"", ""Violation"": ""Lint:911"", ""Goal"": ""BOS_LINT_RULE"", ""Module"": ""AESDMA_BD"", ""FileName"": ""/storage/project/atlas/design/user/pnson/ATLAS_WORKING/IP/AESDMA/RTL/AESDMA_CORE/AESDMA_BD.v"", ""LineNumber"": ""50"", ""Statement"": ""    input                                 I_RDCMD_ready,"", ""Signal"": ""I_RDCMD_ready"", ""HIERARCHY"": "":BOS_AESDMA:u_AESDMA_TOP@AESDMA_TOP_DCLS:u_aesdma_top@AESDMA_TOP:u_AESDMA_BD@AESDMA_BD""}"
W240_144aeff95682,UNCHANGED,WAIVED,yes,W240_830,output port is not connected warning,AUTO,,,,,PENDING,,W240,warning,BOS_LINT_RULE,AESDMA_BD,/storage/project/atlas/design/user/pnson/ATLAS_WORKING/IP/AESDMA/RTL/AESDMA_CORE/AESDMA_BD.v,53,:BOS_AESDMA:u_AESDMA_TOP@AESDMA_TOP_DCLS:u_aesdma_top@AESDMA_TOP:u_AESDMA_BD@AESDMA_BD,I_WRCMD_ready,"input I_WRCMD_ready,",Input '[Signal]' declared but not read.[Hierarchy: '[HIERARCHY]'],Lint:912,waived,,,"{""Goal"": ""BOS_LINT_RULE"", ""Module"": ""AESDMA_BD"", ""FileName"": ""/storage/project/atlas/design/user/pnson/ATLAS_WORKING/IP/AESDMA/RTL/AESDMA_CORE/AESDMA_BD.v"", ""LineNumber"": ""53"", ""Statement"": ""input I_WRCMD_ready,"", ""HIERARCHY"": "":BOS_AESDMA:u_AESDMA_TOP@AESDMA_TOP_DCLS:u_aesdma_top@AESDMA_TOP:u_AESDMA_BD@AESDMA_BD"", ""Signal"": ""I_WRCMD_ready""}","{""Tag"": ""W240"", ""Description"": ""Input '[Signal]' declared but not read.[Hierarchy: '[HIERARCHY]']"", ""Violation"": ""Lint:912"", ""Goal"": ""BOS_LINT_RULE"", ""Module"": ""AESDMA_BD"", ""FileName"": ""/storage/project/atlas/design/user/pnson/ATLAS_WORKING/IP/AESDMA/RTL/AESDMA_CORE/AESDMA_BD.v"", ""LineNumber"": ""53"", ""Statement"": ""    input                                 I_WRCMD_ready,"", ""Signal"": ""I_WRCMD_ready"", ""HIERARCHY"": "":BOS_AESDMA:u_AESDMA_TOP@AESDMA_TOP_DCLS:u_aesdma_top@AESDMA_TOP:u_AESDMA_BD@AESDMA_BD""}"
W240_17f76dd2ac6c,UNCHANGED,WAIVED,yes,W240_830,output port is not connected warning,AUTO,,,,,PENDING,,W240,warning,BOS_LINT_RULE,AESDMA_BD,/storage/project/atlas/design/user/pnson/ATLAS_WORKING/IP/AESDMA/RTL/AESDMA_CORE/AESDMA_BD.v,71,:BOS_AESDMA:u_AESDMA_TOP@AESDMA_TOP_DCLS:u_aesdma_top@AESDMA_TOP:u_AESDMA_BD@AESDMA_BD,I_DMA_RdDone_Ar,"input I_DMA_RdDone_Ar, //from RDCORE",Input '[Signal]' declared but not read.[Hierarchy: '[HIERARCHY]'],Lint:907,waived,,,"{""Goal"": ""BOS_LINT_RULE"", ""Module"": ""AESDMA_BD"", ""FileName"": ""/storage/project/atlas/design/user/pnson/ATLAS_WORKING/IP/AESDMA/RTL/AESDMA_CORE/AESDMA_BD.v"", ""LineNumber"": ""71"", ""Statement"": ""input I_DMA_RdDone_Ar, //from RDCORE"", ""HIERARCHY"": "":BOS_AESDMA:u_AESDMA_TOP@AESDMA_TOP_DCLS:u_aesdma_top@AESDMA_TOP:u_AESDMA_BD@AESDMA_BD"", ""Signal"": ""I_DMA_RdDone_Ar""}","{""Tag"": ""W240"", ""Description"": ""Input '[Signal]' declared but not read.[Hierarchy: '[HIERARCHY]']"", ""Violation"": ""Lint:907"", ""Goal"": ""BOS_LINT_RULE"", ""Module"": ""AESDMA_BD"", ""FileName"": ""/storage/project/atlas/design/user/pnson/ATLAS_WORKING/IP/AESDMA/RTL/AESDMA_CORE/AESDMA_BD.v"", ""LineNumber"": ""71"", ""Statement"": ""    input                                 I_DMA_RdDone_Ar, //from RDCORE"", ""Signal"": ""I_DMA_RdDone_Ar"", ""HIERARCHY"": "":BOS_AESDMA:u_AESDMA_TOP@AESDMA_TOP_DCLS:u_aesdma_top@AESDMA_TOP:u_AESDMA_BD@AESDMA_BD""}"
W240_c5dced58d591,UNCHANGED,WAIVED,yes,W240_830,output port is not connected warning,AUTO,,,,,PENDING,,W240,warning,BOS_LINT_RULE,AESDMA_BD,/storage/project/atlas/design/user/pnson/ATLAS_WORKING/IP/AESDMA/RTL/AESDMA_CORE/AESDMA_BD.v,72,:BOS_AESDMA:u_AESDMA_TOP@AESDMA_TOP_DCLS:u_aesdma_top@AESDMA_TOP:u_AESDMA_BD@AESDMA_BD,I_DMA_RdBusy_Ar,"input I_DMA_RdBusy_Ar, //from RDCORE",Input '[Signal]' declared but not read.[Hierarchy: '[HIERARCHY]'],Lint:905,waived,,,"{""Goal"": ""BOS_LINT_RULE"", ""Module"": ""AESDMA_BD"", ""FileName"": ""/storage/project/atlas/design/user/pnson/ATLAS_WORKING/IP/AESDMA/RTL/AESDMA_CORE/AESDMA_BD.v"", ""LineNumber"": ""72"", ""Statement"": ""input I_DMA_RdBusy_Ar, //from RDCORE"", ""HIERARCHY"": "":BOS_AESDMA:u_AESDMA_TOP@AESDMA_TOP_DCLS:u_aesdma_top@AESDMA_TOP:u_AESDMA_BD@AESDMA_BD"", ""Signal"": ""I_DMA_RdBusy_Ar""}","{""Tag"": ""W240"", ""Description"": ""Input '[Signal]' declared but not read.[Hierarchy: '[HIERARCHY]']"", ""Violation"": ""Lint:905"", ""Goal"": ""BOS_LINT_RULE"", ""Module"": ""AESDMA_BD"", ""FileName"": ""/storage/project/atlas/design/user/pnson/ATLAS_WORKING/IP/AESDMA/RTL/AESDMA_CORE/AESDMA_BD.v"", ""LineNumber"": ""72"", ""Statement"": ""    input                                 I_DMA_RdBusy_Ar, //from RDCORE"", ""Signal"": ""I_DMA_RdBusy_Ar"", ""HIERARCHY"": "":BOS_AESDMA:u_AESDMA_TOP@AESDMA_TOP_DCLS:u_aesdma_top@AESDMA_TOP:u_AESDMA_BD@AESDMA_BD""}"
W240_10fe40fe2c59,UNCHANGED,WAIVED,yes,W240_830,output port is not connected warning,AUTO,,,,,PENDING,,W240,warning,BOS_LINT_RULE,AESDMA_BD,/storage/project/atlas/design/user/pnson/ATLAS_WORKING/IP/AESDMA/RTL/AESDMA_CORE/AESDMA_BD.v,73,:BOS_AESDMA:u_AESDMA_TOP@AESDMA_TOP_DCLS:u_aesdma_top@AESDMA_TOP:u_AESDMA_BD@AESDMA_BD,I_DMA_RdDone_R,"input I_DMA_RdDone_R, //from RDCORE",Input '[Signal]' declared but not read.[Hierarchy: '[HIERARCHY]'],Lint:908,waived,,,"{""Goal"": ""BOS_LINT_RULE"", ""Module"": ""AESDMA_BD"", ""FileName"": ""/storage/project/atlas/design/user/pnson/ATLAS_WORKING/IP/AESDMA/RTL/AESDMA_CORE/AESDMA_BD.v"", ""LineNumber"": ""73"", ""Statement"": ""input I_DMA_RdDone_R, //from RDCORE"", ""HIERARCHY"": "":BOS_AESDMA:u_AESDMA_TOP@AESDMA_TOP_DCLS:u_aesdma_top@AESDMA_TOP:u_AESDMA_BD@AESDMA_BD"", ""Signal"": ""I_DMA_RdDone_R""}","{""Tag"": ""W240"", ""Description"": ""Input '[Signal]' declared but not read.[Hierarchy: '[HIERARCHY]']"", ""Violation"": ""Lint:908"", ""Goal"": ""BOS_LINT_RULE"", ""Module"": ""AESDMA_BD"", ""FileName"": ""/storage/project/atlas/design/user/pnson/ATLAS_WORKING/IP/AESDMA/RTL/AESDMA_CORE/AESDMA_BD.v"", ""LineNumber"": ""73"", ""Statement"": ""    input                                 I_DMA_RdDone_R,  //from RDCORE"", ""Signal"": ""I_DMA_RdDone_R"", ""HIERARCHY"": "":BOS_AESDMA:u_AESDMA_TOP@AESDMA_TOP_DCLS:u_aesdma_top@AESDMA_TOP:u_AESDMA_BD@AESDMA_BD""}"
W240_cf9baa49c665,UNCHANGED,WAIVED,yes,W240_830,output port is not connected warning,AUTO,,,,,PENDING,,W240,warning,BOS_LINT_RULE,AESDMA_BD,/storage/project/atlas/design/user/pnson/ATLAS_WORKING/IP/AESDMA/RTL/AESDMA_CORE/AESDMA_BD.v,74,:BOS_AESDMA:u_AESDMA_TOP@AESDMA_TOP_DCLS:u_aesdma_top@AESDMA_TOP:u_AESDMA_BD@AESDMA_BD,I_DMA_RdBusy_R,"input I_DMA_RdBusy_R, //from RDCORE",Input '[Signal]' declared but not read.[Hierarchy: '[HIERARCHY]'],Lint:906,waived,,,"{""Goal"": ""BOS_LINT_RULE"", ""Module"": ""AESDMA_BD"", ""FileName"": ""/storage/project/atlas/design/user/pnson/ATLAS_WORKING/IP/AESDMA/RTL/AESDMA_CORE/AESDMA_BD.v"", ""LineNumber"": ""74"", ""Statement"": ""input I_DMA_RdBusy_R, //from RDCORE"", ""HIERARCHY"": "":BOS_AESDMA:u_AESDMA_TOP@AESDMA_TOP_DCLS:u_aesdma_top@AESDMA_TOP:u_AESDMA_BD@AESDMA_BD"", ""Signal"": ""I_DMA_RdBusy_R""}","{""Tag"": ""W240"", ""Description"": ""Input '[Signal]' declared but not read.[Hierarchy: '[HIERARCHY]']"", ""Violation"": ""Lint:906"", ""Goal"": ""BOS_LINT_RULE"", ""Module"": ""AESDMA_BD"", ""FileName"": ""/storage/project/atlas/design/user/pnson/ATLAS_WORKING/IP/AESDMA/RTL/AESDMA_CORE/AESDMA_BD.v"", ""LineNumber"": ""74"", ""Statement"": ""    input                                 I_DMA_RdBusy_R,  //from RDCORE"", ""Signal"": ""I_DMA_RdBusy_R"", ""HIERARCHY"": "":BOS_AESDMA:u_AESDMA_TOP@AESDMA_TOP_DCLS:u_aesdma_top@AESDMA_TOP:u_AESDMA_BD@AESDMA_BD""}"
W240_91083f520df6,UNCHANGED,WAIVED,yes,W240_830,output port is not connected warning,AUTO,,,,,PENDING,,W240,warning,BOS_LINT_RULE,AESDMA_BD,/storage/project/atlas/design/user/pnson/ATLAS_WORKING/IP/AESDMA/RTL/AESDMA_CORE/AESDMA_BD.v,82,:BOS_AESDMA:u_AESDMA_TOP@AESDMA_TOP_DCLS:u_aesdma_top@AESDMA_TOP:u_AESDMA_BD@AESDMA_BD,I_DMA_WrDone_Aw,"input I_DMA_WrDone_Aw, //from WRCORE",Input '[Signal]' declared but not read.[Hierarchy: '[HIERARCHY]'],Lint:910,waived,,,"{""Goal"": ""BOS_LINT_RULE"", ""Module"": ""AESDMA_BD"", ""FileName"": ""/storage/project/atlas/design/user/pnson/ATLAS_WORKING/IP/AESDMA/RTL/AESDMA_CORE/AESDMA_BD.v"", ""LineNumber"": ""82"", ""Statement"": ""input I_DMA_WrDone_Aw, //from WRCORE"", ""HIERARCHY"": "":BOS_AESDMA:u_AESDMA_TOP@AESDMA_TOP_DCLS:u_aesdma_top@AESDMA_TOP:u_AESDMA_BD@AESDMA_BD"", ""Signal"": ""I_DMA_WrDone_Aw""}","{""Tag"": ""W240"", ""Description"": ""Input '[Signal]' declared but not read.[Hierarchy: '[HIERARCHY]']"", ""Violation"": ""Lint:910"", ""Goal"": ""BOS_LINT_RULE"", ""Module"": ""AESDMA_BD"", ""FileName"": ""/storage/project/atlas/design/user/pnson/ATLAS_WORKING/IP/AESDMA/RTL/AESDMA_CORE/AESDMA_BD.v"", ""LineNumber"": ""82"", ""Statement"": ""    input                                 I_DMA_WrDone_Aw, //from WRCORE"", ""Signal"": ""I_DMA_WrDone_Aw"", ""HIERARCHY"": "":BOS_AESDMA:u_AESDMA_TOP@AESDMA_TOP_DCLS:u_aesdma_top@AESDMA_TOP:u_AESDMA_BD@AESDMA_BD""}"
W240_a2e0a4bd9fce,UNCHANGED,WAIVED,yes,W240_830,output port is not connected warning,AUTO,,,,,PENDING,,W240,warning,BOS_LINT_RULE,AESDMA_BD,/storage/project/atlas/design/user/pnson/ATLAS_WORKING/IP/AESDMA/RTL/AESDMA_CORE/AESDMA_BD.v,83,:BOS_AESDMA:u_AESDMA_TOP@AESDMA_TOP_DCLS:u_aesdma_top@AESDMA_TOP:u_AESDMA_BD@AESDMA_BD,I_DMA_WrBusy_Aw,"input I_DMA_WrBusy_Aw, //from WRCORE",Input '[Signal]' declared but not read.[Hierarchy: '[HIERARCHY]'],Lint:909,waived,,,"{""Goal"": ""BOS_LINT_RULE"", ""Module"": ""AESDMA_BD"", ""FileName"": ""/storage/project/atlas/design/user/pnson/ATLAS_WORKING/IP/AESDMA/RTL/AESDMA_CORE/AESDMA_BD.v"", ""LineNumber"": ""83"", ""Statement"": ""input I_DMA_WrBusy_Aw, //from WRCORE"", ""HIERARCHY"": "":BOS_AESDMA:u_AESDMA_TOP@AESDMA_TOP_DCLS:u_aesdma_top@AESDMA_TOP:u_AESDMA_BD@AESDMA_BD"", ""Signal"": ""I_DMA_WrBusy_Aw""}","{""Tag"": ""W240"", ""Description"": ""Input '[Signal]' declared but not read.[Hierarchy: '[HIERARCHY]']"", ""Violation"": ""Lint:909"", ""Goal"": ""BOS_LINT_RULE"", ""Module"": ""AESDMA_BD"", ""FileName"": ""/storage/project/atlas/design/user/pnson/ATLAS_WORKING/IP/AESDMA/RTL/AESDMA_CORE/AESDMA_BD.v"", ""LineNumber"": ""83"", ""Statement"": ""    input                                 I_DMA_WrBusy_Aw, //from WRCORE"", ""Signal"": ""I_DMA_WrBusy_Aw"", ""HIERARCHY"": "":BOS_AESDMA:u_AESDMA_TOP@AESDMA_TOP_DCLS:u_aesdma_top@AESDMA_TOP:u_AESDMA_BD@AESDMA_BD""}"
W240_fd02309ae0a6,UNCHANGED,WAIVED,yes,W240_830,output port is not connected warning,AUTO,,,,,PENDING,,W240,warning,BOS_LINT_RULE,AESDMA_DOORBELL,/storage/project/atlas/design/user/pnson/ATLAS_WORKING/IP/AESDMA/RTL/AESDMA_CORE/AESDMA_DOORBELL.v,49,:BOS_AESDMA:u_AESDMA_TOP@AESDMA_TOP_DCLS:u_aesdma_top@AESDMA_TOP:u_AESDMA_DOORBELL@AESDMA_DOORBELL,I_RdDesc_Busy,"input I_RdDesc_Busy,",Input '[Signal]' declared but not read.[Hierarchy: '[HIERARCHY]'],Lint:903,waived,,,"{""Goal"": ""BOS_LINT_RULE"", ""Module"": ""AESDMA_DOORBELL"", ""FileName"": ""/storage/project/atlas/design/user/pnson/ATLAS_WORKING/IP/AESDMA/RTL/AESDMA_CORE/AESDMA_DOORBELL.v"", ""LineNumber"": ""49"", ""Statement"": ""input I_RdDesc_Busy,"", ""HIERARCHY"": "":BOS_AESDMA:u_AESDMA_TOP@AESDMA_TOP_DCLS:u_aesdma_top@AESDMA_TOP:u_AESDMA_DOORBELL@AESDMA_DOORBELL"", ""Signal"": ""I_RdDesc_Busy""}","{""Tag"": ""W240"", ""Description"": ""Input '[Signal]' declared but not read.[Hierarchy: '[HIERARCHY]']"", ""Violation"": ""Lint:903"", ""Goal"": ""BOS_LINT_RULE"", ""Module"": ""AESDMA_DOORBELL"", ""FileName"": ""/storage/project/atlas/design/user/pnson/ATLAS_WORKING/IP/AESDMA/RTL/AESDMA_CORE/AESDMA_DOORBELL.v"", ""LineNumber"": ""49"", ""Statement"": ""    input                               I_RdDesc_Busy,"", ""Signal"": ""I_RdDesc_Busy"", ""HIERARCHY"": "":BOS_AESDMA:u_AESDMA_TOP@AESDMA_TOP_DCLS:u_aesdma_top@AESDMA_TOP:u_AESDMA_DOORBELL@AESDMA_DOORBELL""}"
W240_25e80076dcbb,UNCHANGED,WAIVED,yes,W240_830,output port is not connected warning,AUTO,,,,,PENDING,,W240,warning,BOS_LINT_RULE,AESDMA_PRBS_GEN,/storage/project/atlas/design/user/pnson/ATLAS_WORKING/IP/AESDMA/RTL/AESDMA_CORE/AESDMA_PRBS_GEN.v,28,:BOS_AESDMA:u_AESDMA_TOP@AESDMA_TOP_DCLS:u_aesdma_top@AESDMA_TOP:u_AESDMA_DATAGEN@AESDMA_DATAGEN:u_AESDMA_PRBS_GEN_in_DATAGEN@AESDMA_PRBS_GEN,"I_INIT_VAL[1023:256, 242:224, ...]","input [DMA_TEST_VECTOR_SIZE-1:0] I_INIT_VAL,",Input '[Signal]' declared but not read.[Hierarchy: '[HIERARCHY]'],Lint:940,waived,,,"{""Goal"": ""BOS_LINT_RULE"", ""Module"": ""AESDMA_PRBS_GEN"", ""FileName"": ""/storage/project/atlas/design/user/pnson/ATLAS_WORKING/IP/AESDMA/RTL/AESDMA_CORE/AESDMA_PRBS_GEN.v"", ""LineNumber"": ""28"", ""Statement"": ""input [DMA_TEST_VECTOR_SIZE-1:0] I_INIT_VAL,"", ""HIERARCHY"": "":BOS_AESDMA:u_AESDMA_TOP@AESDMA_TOP_DCLS:u_aesdma_top@AESDMA_TOP:u_AESDMA_DATAGEN@AESDMA_DATAGEN:u_AESDMA_PRBS_GEN_in_DATAGEN@AESDMA_PRBS_GEN"", ""Signal"": ""I_INIT_VAL[1023:256, 242:224, ...]""}","{""Tag"": ""W240"", ""Description"": ""Input '[Signal]' declared but not read.[Hierarchy: '[HIERARCHY]']"", ""Violation"": ""Lint:940"", ""Goal"": ""BOS_LINT_RULE"", ""Module"": ""AESDMA_PRBS_GEN"", ""FileName"": ""/storage/project/atlas/design/user/pnson/ATLAS_WORKING/IP/AESDMA/RTL/AESDMA_CORE/AESDMA_PRBS_GEN.v"", ""LineNumber"": ""28"", ""Statement"": ""    input   [DMA_TEST_VECTOR_SIZE-1:0] I_INIT_VAL,"", ""Signal"": ""I_INIT_VAL[1023:256, 242:224, ...]"", ""HIERARCHY"": "":BOS_AESDMA:u_AESDMA_TOP@AESDMA_TOP_DCLS:u_aesdma_top@AESDMA_TOP:u_AESDMA_DATAGEN@AESDMA_DATAGEN:u_AESDMA_PRBS_GEN_in_DATAGEN@AESDMA_PRBS_GEN""}"
W240_f303fc931911,UNCHANGED,WAIVED,yes,W240_830,output port is not connected warning,AUTO,,,,,PENDING,,W240,warning,BOS_LINT_RULE,AESDMA_RD_DESC,/storage/project/atlas/design/user/pnson/ATLAS_WORKING/IP/AESDMA/RTL/AESDMA_CORE/AESDMA_RD_DESC.sv,69,:BOS_AESDMA:u_AESDMA_TOP@AESDMA_TOP_DCLS:u_aesdma_top@AESDMA_TOP:u_AESDMA_RD_DESC@AESDMA_RD_DESC,I_RId[4:0],"input logic [AXI_ID_WD-1:0] I_RId,",Input '[Signal]' declared but not read.[Hierarchy: '[HIERARCHY]'],Lint:915,waived,,,"{""Goal"": ""BOS_LINT_RULE"", ""Module"": ""AESDMA_RD_DESC"", ""FileName"": ""/storage/project/atlas/design/user/pnson/ATLAS_WORKING/IP/AESDMA/RTL/AESDMA_CORE/AESDMA_RD_DESC.sv"", ""LineNumber"": ""69"", ""Statement"": ""input logic [AXI_ID_WD-1:0] I_RId,"", ""HIERARCHY"": "":BOS_AESDMA:u_AESDMA_TOP@AESDMA_TOP_DCLS:u_aesdma_top@AESDMA_TOP:u_AESDMA_RD_DESC@AESDMA_RD_DESC"", ""Signal"": ""I_RId[4:0]""}","{""Tag"": ""W240"", ""Description"": ""Input '[Signal]' declared but not read.[Hierarchy: '[HIERARCHY]']"", ""Violation"": ""Lint:915"", ""Goal"": ""BOS_LINT_RULE"", ""Module"": ""AESDMA_RD_DESC"", ""FileName"": ""/storage/project/atlas/design/user/pnson/ATLAS_WORKING/IP/AESDMA/RTL/AESDMA_CORE/AESDMA_RD_DESC.sv"", ""LineNumber"": ""69"", ""Statement"": ""    input  logic      [AXI_ID_WD-1:0]           I_RId,"", ""Signal"": ""I_RId[4:0]"", ""HIERARCHY"": "":BOS_AESDMA:u_AESDMA_TOP@AESDMA_TOP_DCLS:u_aesdma_top@AESDMA_TOP:u_AESDMA_RD_DESC@AESDMA_RD_DESC""}"
W240_1809bf6370be,UNCHANGED,WAIVED,yes,W240_830,output port is not connected warning,AUTO,,,,,PENDING,,W240,warning,BOS_LINT_RULE,AESDMA_RD_DESC,/storage/project/atlas/design/user/pnson/ATLAS_WORKING/IP/AESDMA/RTL/AESDMA_CORE/AESDMA_RD_DESC.sv,72,:BOS_AESDMA:u_AESDMA_TOP@AESDMA_TOP_DCLS:u_aesdma_top@AESDMA_TOP:u_AESDMA_RD_DESC@AESDMA_RD_DESC,I_RLast,"input logic I_RLast,",Input '[Signal]' declared but not read.[Hierarchy: '[HIERARCHY]'],Lint:914,waived,,,"{""Goal"": ""BOS_LINT_RULE"", ""Module"": ""AESDMA_RD_DESC"", ""FileName"": ""/storage/project/atlas/design/user/pnson/ATLAS_WORKING/IP/AESDMA/RTL/AESDMA_CORE/AESDMA_RD_DESC.sv"", ""LineNumber"": ""72"", ""Statement"": ""input logic I_RLast,"", ""HIERARCHY"": "":BOS_AESDMA:u_AESDMA_TOP@AESDMA_TOP_DCLS:u_aesdma_top@AESDMA_TOP:u_AESDMA_RD_DESC@AESDMA_RD_DESC"", ""Signal"": ""I_RLast""}","{""Tag"": ""W240"", ""Description"": ""Input '[Signal]' declared but not read.[Hierarchy: '[HIERARCHY]']"", ""Violation"": ""Lint:914"", ""Goal"": ""BOS_LINT_RULE"", ""Module"": ""AESDMA_RD_DESC"", ""FileName"": ""/storage/project/atlas/design/user/pnson/ATLAS_WORKING/IP/AESDMA/RTL/AESDMA_CORE/AESDMA_RD_DESC.sv"", ""LineNumber"": ""72"", ""Statement"": ""    input  logic                                I_RLast,"", ""Signal"": ""I_RLast"", ""HIERARCHY"": "":BOS_AESDMA:u_AESDMA_TOP@AESDMA_TOP_DCLS:u_aesdma_top@AESDMA_TOP:u_AESDMA_RD_DESC@AESDMA_RD_DESC""}"
W240_9f6026680b5a,UNCHANGED,WAIVED,yes,W240_830,output port is not connected warning,AUTO,,,,,PENDING,,W240,warning,BOS_LINT_RULE,AESDMA_SFR,/storage/project/atlas/design/user/pnson/ATLAS_WORKING/IP/AESDMA/RTL/AESDMA_CORE/AESDMA_SFR.v,28,:BOS_AESDMA:u_AESDMA_TOP@AESDMA_TOP_DCLS:u_aesdma_top@AESDMA_TOP:u_AESDMA_SFR@AESDMA_SFR,I_PADDR[31:16],"input [31:0] I_PADDR,",Input '[Signal]' declared but not read.[Hierarchy: '[HIERARCHY]'],Lint:902,waived,,,"{""Goal"": ""BOS_LINT_RULE"", ""Module"": ""AESDMA_SFR"", ""FileName"": ""/storage/project/atlas/design/user/pnson/ATLAS_WORKING/IP/AESDMA/RTL/AESDMA_CORE/AESDMA_SFR.v"", ""LineNumber"": ""28"", ""Statement"": ""input [31:0] I_PADDR,"", ""HIERARCHY"": "":BOS_AESDMA:u_AESDMA_TOP@AESDMA_TOP_DCLS:u_aesdma_top@AESDMA_TOP:u_AESDMA_SFR@AESDMA_SFR"", ""Signal"": ""I_PADDR[31:16]""}","{""Tag"": ""W240"", ""Description"": ""Input '[Signal]' declared but not read.[Hierarchy: '[HIERARCHY]']"", ""Violation"": ""Lint:902"", ""Goal"": ""BOS_LINT_RULE"", ""Module"": ""AESDMA_SFR"", ""FileName"": ""/storage/project/atlas/design/user/pnson/ATLAS_WORKING/IP/AESDMA/RTL/AESDMA_CORE/AESDMA_SFR.v"", ""LineNumber"": ""28"", ""Statement"": ""    input        [31:0]     I_PADDR,"", ""Signal"": ""I_PADDR[31:16]"", ""HIERARCHY"": "":BOS_AESDMA:u_AESDMA_TOP@AESDMA_TOP_DCLS:u_aesdma_top@AESDMA_TOP:u_AESDMA_SFR@AESDMA_SFR""}"
W240_7d69250d7e4d,UNCHANGED,WAIVED,yes,W240_830,output port is not connected warning,AUTO,,,,,PENDING,,W240,warning,BOS_LINT_RULE,AESDMA_TOP,/storage/project/atlas/design/user/pnson/ATLAS_WORKING/IP/AESDMA/RTL/AESDMA_CORE/AESDMA_TOP.v,141,:BOS_AESDMA:u_AESDMA_TOP@AESDMA_TOP_DCLS:u_aesdma_top@AESDMA_TOP,TIEL_DFT_CGEN,input TIEL_DFT_CGEN,Input '[Signal]' declared but not read.[Hierarchy: '[HIERARCHY]'],Lint:863,waived,,,"{""Goal"": ""BOS_LINT_RULE"", ""Module"": ""AESDMA_TOP"", ""FileName"": ""/storage/project/atlas/design/user/pnson/ATLAS_WORKING/IP/AESDMA/RTL/AESDMA_CORE/AESDMA_TOP.v"", ""LineNumber"": ""141"", ""Statement"": ""input TIEL_DFT_CGEN"", ""HIERARCHY"": "":BOS_AESDMA:u_AESDMA_TOP@AESDMA_TOP_DCLS:u_aesdma_top@AESDMA_TOP"", ""Signal"": ""TIEL_DFT_CGEN""}","{""Tag"": ""W240"", ""Description"": ""Input '[Signal]' declared but not read.[Hierarchy: '[HIERARCHY]']"", ""Violation"": ""Lint:863"", ""Goal"": ""BOS_LINT_RULE"", ""Module"": ""AESDMA_TOP"", ""FileName"": ""/storage/project/atlas/design/user/pnson/ATLAS_WORKING/IP/AESDMA/RTL/AESDMA_CORE/AESDMA_TOP.v"", ""LineNumber"": ""141"", ""Statement"": ""    input                                                           TIEL_DFT_CGEN"", ""Signal"": ""TIEL_DFT_CGEN"", ""HIERARCHY"": "":BOS_AESDMA:u_AESDMA_TOP@AESDMA_TOP_DCLS:u_aesdma_top@AESDMA_TOP""}"
W240_3de9430430d8,UNCHANGED,WAIVED,yes,W240_830,output port is not connected warning,AUTO,,,,,PENDING,,W240,warning,BOS_LINT_RULE,AES_CORE_dev,/storage/project/atlas/design/user/pnson/ATLAS_WORKING/IP/AESDMA/RTL/AES_CORE/AES_CORE_dev.v,94,:BOS_AESDMA:u_AESDMA_TOP@AESDMA_TOP_DCLS:u_aesdma_top@AESDMA_TOP:u_AES_CORE@AES_CORE_dev,I_MREADY,"input I_MREADY,",Input '[Signal]' declared but not read.[Hierarchy: '[HIERARCHY]'],Lint:943,waived,,,"{""Goal"": ""BOS_LINT_RULE"", ""Module"": ""AES_CORE_dev"", ""FileName"": ""/storage/project/atlas/design/user/pnson/ATLAS_WORKING/IP/AESDMA/RTL/AES_CORE/AES_CORE_dev.v"", ""LineNumber"": ""94"", ""Statement"": ""input I_MREADY,"", ""HIERARCHY"": "":BOS_AESDMA:u_AESDMA_TOP@AESDMA_TOP_DCLS:u_aesdma_top@AESDMA_TOP:u_AES_CORE@AES_CORE_dev"", ""Signal"": ""I_MREADY""}","{""Tag"": ""W240"", ""Description"": ""Input '[Signal]' declared but not read.[Hierarchy: '[HIERARCHY]']"", ""Violation"": ""Lint:943"", ""Goal"": ""BOS_LINT_RULE"", ""Module"": ""AES_CORE_dev"", ""FileName"": ""/storage/project/atlas/design/user/pnson/ATLAS_WORKING/IP/AESDMA/RTL/AES_CORE/AES_CORE_dev.v"", ""LineNumber"": ""94"", ""Statement"": ""    input                                                   I_MREADY,"", ""Signal"": ""I_MREADY"", ""HIERARCHY"": "":BOS_AESDMA:u_AESDMA_TOP@AESDMA_TOP_DCLS:u_aesdma_top@AESDMA_TOP:u_AES_CORE@AES_CORE_dev""}"
W240_20d8a485410e,UNCHANGED,WAIVED,yes,W240_830,output port is not connected warning,AUTO,,,,,PENDING,,W240,info,BOS_LINT_RULE,BOS_AESDMA,/storage/project/atlas/design/user/pnson/ATLAS_WORKING/IP/AESDMA/LINT/FUNC/vcst_rtdb/.internal/spyglass/vc_lint0/BOS_AESDMA/VC_GOAL0/spyglass_reports/lint/SignalUsageReport.rpt,1,,,# Comment : SignalUsageReport : It dumps details of violating bits of a signal,Please refer to 'SignalUsageReport.rpt' for details of violating bits,Lint:858,waived,,,"{""Goal"": ""BOS_LINT_RULE"", ""Module"": ""BOS_AESDMA"", ""FileName"": ""/storage/project/atlas/design/user/pnson/ATLAS_WORKING/IP/AESDMA/LINT/FUNC/vcst_rtdb/.internal/spyglass/vc_lint0/BOS_AESDMA/VC_GOAL0/spyglass_reports/lint/SignalUsageReport.rpt"", ""LineNumber"": ""1"", ""Statement"": ""# Comment : SignalUsageReport : It dumps details of violating bits of a signal""}","{""Tag"": ""W240"", ""Description"": ""Please refer to 'SignalUsageReport.rpt' for details of violating bits"", ""Violation"": ""Lint:858"", ""Goal"": ""BOS_LINT_RULE"", ""Module"": ""BOS_AESDMA"", ""FileName"": ""/storage/project/atlas/design/user/pnson/ATLAS_WORKING/IP/AESDMA/LINT/FUNC/vcst_rtdb/.internal/spyglass/vc_lint0/BOS_AESDMA/VC_GOAL0/spyglass_reports/lint/SignalUsageReport.rpt"", ""LineNumber"": ""1"", ""Statement"": ""#     Comment          : SignalUsageReport : It dumps details of violating bits of a signal""}"
W240_ff77e3299258,UNCHANGED,WAIVED,yes,W240_830,output port is not connected warning,AUTO,,,,,PENDING,,W240,warning,BOS_LINT_RULE,BOS_BUS_PARITY_AXI4_M,/storage/project/atlas/design/user/pnson/ATLAS_WORKING/IP/BOS_LIB/RTL/BOS_BUS_PARITY_AXI4_M.v,26,:BOS_AESDMA:u_AESDMA_BUS_PARITY_AXI4_M@BOS_BUS_PARITY_AXI4_M,AXI_MI0_RDATA_PARITY[15:0],"input wire [ pBwParDt-1:00] AXI_MI0_RDATA_PARITY ,",Input '[Signal]' declared but not read.[Hierarchy: '[HIERARCHY]'],Lint:859,waived,,,"{""Goal"": ""BOS_LINT_RULE"", ""Module"": ""BOS_BUS_PARITY_AXI4_M"", ""FileName"": ""/storage/project/atlas/design/user/pnson/ATLAS_WORKING/IP/BOS_LIB/RTL/BOS_BUS_PARITY_AXI4_M.v"", ""LineNumber"": ""26"", ""Statement"": ""input wire [ pBwParDt-1:00] AXI_MI0_RDATA_PARITY ,"", ""HIERARCHY"": "":BOS_AESDMA:u_AESDMA_BUS_PARITY_AXI4_M@BOS_BUS_PARITY_AXI4_M"", ""Signal"": ""AXI_MI0_RDATA_PARITY[15:0]""}","{""Tag"": ""W240"", ""Description"": ""Input '[Signal]' declared but not read.[Hierarchy: '[HIERARCHY]']"", ""Violation"": ""Lint:859"", ""Goal"": ""BOS_LINT_RULE"", ""Module"": ""BOS_BUS_PARITY_AXI4_M"", ""FileName"": ""/storage/project/atlas/design/user/pnson/ATLAS_WORKING/IP/BOS_LIB/RTL/BOS_BUS_PARITY_AXI4_M.v"", ""LineNumber"": ""26"", ""Statement"": ""    input  wire     [  pBwParDt-1:00]   AXI_MI0_RDATA_PARITY                ,"", ""Signal"": ""AXI_MI0_RDATA_PARITY[15:0]"", ""HIERARCHY"": "":BOS_AESDMA:u_AESDMA_BUS_PARITY_AXI4_M@BOS_BUS_PARITY_AXI4_M""}"
W240_eb835925244e,UNCHANGED,WAIVED,yes,W240_830,output port is not connected warning,AUTO,,,,,PENDING,,W240,warning,BOS_LINT_RULE,css600_apbasyncbridgeslv,/storage/project/atlas/design/user/pnson/ATLAS_WORKING/IP/CSSYS/RTL/logical/css600/logical/css600_apbasyncbridge/verilog/css600_apbasyncbridgeslv.v,68,:BOS_AESDMA:\gN1B0ApbASB.u_apbasyncbridgeslv_aesdma @css600_apbasyncbridgeslv,penable_s,input wire penable_s;,Input '[Signal]' declared but not read.[Hierarchy: '[HIERARCHY]'],Lint:1011,waived,,,"{""Goal"": ""BOS_LINT_RULE"", ""Module"": ""css600_apbasyncbridgeslv"", ""FileName"": ""/storage/project/atlas/design/user/pnson/ATLAS_WORKING/IP/CSSYS/RTL/logical/css600/logical/css600_apbasyncbridge/verilog/css600_apbasyncbridgeslv.v"", ""LineNumber"": ""68"", ""Statement"": ""input wire penable_s;"", ""HIERARCHY"": "":BOS_AESDMA:\\gN1B0ApbASB.u_apbasyncbridgeslv_aesdma @css600_apbasyncbridgeslv"", ""Signal"": ""penable_s""}","{""Tag"": ""W240"", ""Description"": ""Input '[Signal]' declared but not read.[Hierarchy: '[HIERARCHY]']"", ""Violation"": ""Lint:1011"", ""Goal"": ""BOS_LINT_RULE"", ""Module"": ""css600_apbasyncbridgeslv"", ""FileName"": ""/storage/project/atlas/design/user/pnson/ATLAS_WORKING/IP/CSSYS/RTL/logical/css600/logical/css600_apbasyncbridge/verilog/css600_apbasyncbridgeslv.v"", ""LineNumber"": ""68"", ""Statement"": ""  input  wire                        penable_s;"", ""Signal"": ""penable_s"", ""HIERARCHY"": "":BOS_AESDMA:\\gN1B0ApbASB.u_apbasyncbridgeslv_aesdma @css600_apbasyncbridgeslv""}"
W287b_ab0b05504edd,UNCHANGED,WAIVED,yes,W287b_800,output port is not connected warning,AUTO,,,,,PENDING,,W287b,warning,BOS_LINT_RULE,AESDMA_AXI_FIFO,/storage/project/atlas/design/user/pnson/ATLAS_WORKING/IP/AESDMA/RTL/AESDMA_CORE/AESDMA_AXI_FIFO.v,221,,O_EMPTY_CNT,".O_EMPTY_CNT ( ),",Instance output port '[ModPortName]' is not connected,Lint:1001,waived,,,"{""Goal"": ""BOS_LINT_RULE"", ""Module"": ""AESDMA_AXI_FIFO"", ""FileName"": ""/storage/project/atlas/design/user/pnson/ATLAS_WORKING/IP/AESDMA/RTL/AESDMA_CORE/AESDMA_AXI_FIFO.v"", ""LineNumber"": ""221"", ""Statement"": "".O_EMPTY_CNT ( ),"", ""ModPortName"": ""O_EMPTY_CNT""}","{""Tag"": ""W287b"", ""Description"": ""Instance output port '[ModPortName]' is not connected"", ""Violation"": ""Lint:1001"", ""Goal"": ""BOS_LINT_RULE"", ""Module"": ""AESDMA_AXI_FIFO"", ""FileName"": ""/storage/project/atlas/design/user/pnson/ATLAS_WORKING/IP/AESDMA/RTL/AESDMA_CORE/AESDMA_AXI_FIFO.v"", ""LineNumber"": ""221"", ""Statement"": ""        .O_EMPTY_CNT (                  ),"", ""ModPortName"": ""O_EMPTY_CNT""}"
W287b_f9ca9ff10589,UNCHANGED,WAIVED,yes,W287b_800,output port is not connected warning,AUTO,,,,,PENDING,,W287b,warning,BOS_LINT_RULE,AESDMA_AXI_FIFO,/storage/project/atlas/design/user/pnson/ATLAS_WORKING/IP/AESDMA/RTL/AESDMA_CORE/AESDMA_AXI_FIFO.v,222,,O_FULL_CNT,.O_FULL_CNT ( ),Instance output port '[ModPortName]' is not connected,Lint:1002,waived,,,"{""Goal"": ""BOS_LINT_RULE"", ""Module"": ""AESDMA_AXI_FIFO"", ""FileName"": ""/storage/project/atlas/design/user/pnson/ATLAS_WORKING/IP/AESDMA/RTL/AESDMA_CORE/AESDMA_AXI_FIFO.v"", ""LineNumber"": ""222"", ""Statement"": "".O_FULL_CNT ( )"", ""ModPortName"": ""O_FULL_CNT""}","{""Tag"": ""W287b"", ""Description"": ""Instance output port '[ModPortName]' is not connected"", ""Violation"": ""Lint:1002"", ""Goal"": ""BOS_LINT_RULE"", ""Module"": ""AESDMA_AXI_FIFO"", ""FileName"": ""/storage/project/atlas/design/user/pnson/ATLAS_WORKING/IP/AESDMA/RTL/AESDMA_CORE/AESDMA_AXI_FIFO.v"", ""LineNumber"": ""222"", ""Statement"": ""        .O_FULL_CNT  (                  )"", ""ModPortName"": ""O_FULL_CNT""}"
W287b_c85f2a628cf9,UNCHANGED,WAIVED,yes,W287b_800,output port is not connected warning,AUTO,,,,,PENDING,,W287b,warning,BOS_LINT_RULE,AESDMA_AXI_FIFO,/storage/project/atlas/design/user/pnson/ATLAS_WORKING/IP/AESDMA/RTL/AESDMA_CORE/AESDMA_AXI_FIFO.v,248,,O_EMPTY_CNT,".O_EMPTY_CNT ( ),",Instance output port '[ModPortName]' is not connected,Lint:1003,waived,,,"{""Goal"": ""BOS_LINT_RULE"", ""Module"": ""AESDMA_AXI_FIFO"", ""FileName"": ""/storage/project/atlas/design/user/pnson/ATLAS_WORKING/IP/AESDMA/RTL/AESDMA_CORE/AESDMA_AXI_FIFO.v"", ""LineNumber"": ""248"", ""Statement"": "".O_EMPTY_CNT ( ),"", ""ModPortName"": ""O_EMPTY_CNT""}","{""Tag"": ""W287b"", ""Description"": ""Instance output port '[ModPortName]' is not connected"", ""Violation"": ""Lint:1003"", ""Goal"": ""BOS_LINT_RULE"", ""Module"": ""AESDMA_AXI_FIFO"", ""FileName"": ""/storage/project/atlas/design/user/pnson/ATLAS_WORKING/IP/AESDMA/RTL/AESDMA_CORE/AESDMA_AXI_FIFO.v"", ""LineNumber"": ""248"", ""Statement"": ""        .O_EMPTY_CNT (                  ),"", ""ModPortName"": ""O_EMPTY_CNT""}"
W287b_ccebc644dfd5,UNCHANGED,WAIVED,yes,W287b_800,output port is not connected warning,AUTO,,,,,PENDING,,W287b,warning,BOS_LINT_RULE,AESDMA_AXI_FIFO,/storage/project/atlas/design/user/pnson/ATLAS_WORKING/IP/AESDMA/RTL/AESDMA_CORE/AESDMA_AXI_FIFO.v,249,,O_FULL_CNT,.O_FULL_CNT ( ),Instance output port '[ModPortName]' is not connected,Lint:1004,waived,,,"{""Goal"": ""BOS_LINT_RULE"", ""Module"": ""AESDMA_AXI_FIFO"", ""FileName"": ""/storage/project/atlas/design/user/pnson/ATLAS_WORKING/IP/AESDMA/RTL/AESDMA_CORE/AESDMA_AXI_FIFO.v"", ""LineNumber"": ""249"", ""Statement"": "".O_FULL_CNT ( )"", ""ModPortName"": ""O_FULL_CNT""}","{""Tag"": ""W287b"", ""Description"": ""Instance output port '[ModPortName]' is not connected"", ""Violation"": ""Lint:1004"", ""Goal"": ""BOS_LINT_RULE"", ""Module"": ""AESDMA_AXI_FIFO"", ""FileName"": ""/storage/project/atlas/design/user/pnson/ATLAS_WORKING/IP/AESDMA/RTL/AESDMA_CORE/AESDMA_AXI_FIFO.v"", ""LineNumber"": ""249"", ""Statement"": ""        .O_FULL_CNT  (                  )"", ""ModPortName"": ""O_FULL_CNT""}"
W287b_b08b0bfb572f,UNCHANGED,WAIVED,yes,W287b_800,output port is not connected warning,AUTO,,,,,PENDING,,W287b,warning,BOS_LINT_RULE,AESDMA_AXI_FIFO,/storage/project/atlas/design/user/pnson/ATLAS_WORKING/IP/AESDMA/RTL/AESDMA_CORE/AESDMA_AXI_FIFO.v,274,,O_EMPTY_CNT,".O_EMPTY_CNT ( ),",Instance output port '[ModPortName]' is not connected,Lint:1005,waived,,,"{""Goal"": ""BOS_LINT_RULE"", ""Module"": ""AESDMA_AXI_FIFO"", ""FileName"": ""/storage/project/atlas/design/user/pnson/ATLAS_WORKING/IP/AESDMA/RTL/AESDMA_CORE/AESDMA_AXI_FIFO.v"", ""LineNumber"": ""274"", ""Statement"": "".O_EMPTY_CNT ( ),"", ""ModPortName"": ""O_EMPTY_CNT""}","{""Tag"": ""W287b"", ""Description"": ""Instance output port '[ModPortName]' is not connected"", ""Violation"": ""Lint:1005"", ""Goal"": ""BOS_LINT_RULE"", ""Module"": ""AESDMA_AXI_FIFO"", ""FileName"": ""/storage/project/atlas/design/user/pnson/ATLAS_WORKING/IP/AESDMA/RTL/AESDMA_CORE/AESDMA_AXI_FIFO.v"", ""LineNumber"": ""274"", ""Statement"": ""        .O_EMPTY_CNT (                  ),"", ""ModPortName"": ""O_EMPTY_CNT""}"
W287b_8d49e82f879e,UNCHANGED,WAIVED,yes,W287b_800,output port is not connected warning,AUTO,,,,,PENDING,,W287b,warning,BOS_LINT_RULE,AESDMA_AXI_FIFO,/storage/project/atlas/design/user/pnson/ATLAS_WORKING/IP/AESDMA/RTL/AESDMA_CORE/AESDMA_AXI_FIFO.v,275,,O_FULL_CNT,.O_FULL_CNT ( ),Instance output port '[ModPortName]' is not connected,Lint:1006,waived,,,"{""Goal"": ""BOS_LINT_RULE"", ""Module"": ""AESDMA_AXI_FIFO"", ""FileName"": ""/storage/project/atlas/design/user/pnson/ATLAS_WORKING/IP/AESDMA/RTL/AESDMA_CORE/AESDMA_AXI_FIFO.v"", ""LineNumber"": ""275"", ""Statement"": "".O_FULL_CNT ( )"", ""ModPortName"": ""O_FULL_CNT""}","{""Tag"": ""W287b"", ""Description"": ""Instance output port '[ModPortName]' is not connected"", ""Violation"": ""Lint:1006"", ""Goal"": ""BOS_LINT_RULE"", ""Module"": ""AESDMA_AXI_FIFO"", ""FileName"": ""/storage/project/atlas/design/user/pnson/ATLAS_WORKING/IP/AESDMA/RTL/AESDMA_CORE/AESDMA_AXI_FIFO.v"", ""LineNumber"": ""275"", ""Statement"": ""        .O_FULL_CNT  (                  )"", ""ModPortName"": ""O_FULL_CNT""}"
W287b_4a5057baf3e1,UNCHANGED,WAIVED,yes,W287b_800,output port is not connected warning,AUTO,,,,,PENDING,,W287b,warning,BOS_LINT_RULE,AESDMA_AXI_FIFO,/storage/project/atlas/design/user/pnson/ATLAS_WORKING/IP/AESDMA/RTL/AESDMA_CORE/AESDMA_AXI_FIFO.v,300,,O_EMPTY_CNT,".O_EMPTY_CNT ( ),",Instance output port '[ModPortName]' is not connected,Lint:1007,waived,,,"{""Goal"": ""BOS_LINT_RULE"", ""Module"": ""AESDMA_AXI_FIFO"", ""FileName"": ""/storage/project/atlas/design/user/pnson/ATLAS_WORKING/IP/AESDMA/RTL/AESDMA_CORE/AESDMA_AXI_FIFO.v"", ""LineNumber"": ""300"", ""Statement"": "".O_EMPTY_CNT ( ),"", ""ModPortName"": ""O_EMPTY_CNT""}","{""Tag"": ""W287b"", ""Description"": ""Instance output port '[ModPortName]' is not connected"", ""Violation"": ""Lint:1007"", ""Goal"": ""BOS_LINT_RULE"", ""Module"": ""AESDMA_AXI_FIFO"", ""FileName"": ""/storage/project/atlas/design/user/pnson/ATLAS_WORKING/IP/AESDMA/RTL/AESDMA_CORE/AESDMA_AXI_FIFO.v"", ""LineNumber"": ""300"", ""Statement"": ""        .O_EMPTY_CNT (                  ),"", ""ModPortName"": ""O_EMPTY_CNT""}"
W287b_2858ec565b3e,UNCHANGED,WAIVED,yes,W287b_800,output port is not connected warning,AUTO,,,,,PENDING,,W287b,warning,BOS_LINT_RULE,AESDMA_AXI_FIFO,/storage/project/atlas/design/user/pnson/ATLAS_WORKING/IP/AESDMA/RTL/AESDMA_CORE/AESDMA_AXI_FIFO.v,301,,O_FULL_CNT,.O_FULL_CNT ( ),Instance output port '[ModPortName]' is not connected,Lint:1008,waived,,,"{""Goal"": ""BOS_LINT_RULE"", ""Module"": ""AESDMA_AXI_FIFO"", ""FileName"": ""/storage/project/atlas/design/user/pnson/ATLAS_WORKING/IP/AESDMA/RTL/AESDMA_CORE/AESDMA_AXI_FIFO.v"", ""LineNumber"": ""301"", ""Statement"": "".O_FULL_CNT ( )"", ""ModPortName"": ""O_FULL_CNT""}","{""Tag"": ""W287b"", ""Description"": ""Instance output port '[ModPortName]' is not connected"", ""Violation"": ""Lint:1008"", ""Goal"": ""BOS_LINT_RULE"", ""Module"": ""AESDMA_AXI_FIFO"", ""FileName"": ""/storage/project/atlas/design/user/pnson/ATLAS_WORKING/IP/AESDMA/RTL/AESDMA_CORE/AESDMA_AXI_FIFO.v"", ""LineNumber"": ""301"", ""Statement"": ""        .O_FULL_CNT  (                  )"", ""ModPortName"": ""O_FULL_CNT""}"
W287b_0ebc6504f858,UNCHANGED,WAIVED,yes,W287b_800,output port is not connected warning,AUTO,,,,,PENDING,,W287b,warning,BOS_LINT_RULE,AESDMA_AXI_FIFO,/storage/project/atlas/design/user/pnson/ATLAS_WORKING/IP/AESDMA/RTL/AESDMA_CORE/AESDMA_AXI_FIFO.v,327,,O_EMPTY_CNT,".O_EMPTY_CNT ( ),",Instance output port '[ModPortName]' is not connected,Lint:1009,waived,,,"{""Goal"": ""BOS_LINT_RULE"", ""Module"": ""AESDMA_AXI_FIFO"", ""FileName"": ""/storage/project/atlas/design/user/pnson/ATLAS_WORKING/IP/AESDMA/RTL/AESDMA_CORE/AESDMA_AXI_FIFO.v"", ""LineNumber"": ""327"", ""Statement"": "".O_EMPTY_CNT ( ),"", ""ModPortName"": ""O_EMPTY_CNT""}","{""Tag"": ""W287b"", ""Description"": ""Instance output port '[ModPortName]' is not connected"", ""Violation"": ""Lint:1009"", ""Goal"": ""BOS_LINT_RULE"", ""Module"": ""AESDMA_AXI_FIFO"", ""FileName"": ""/storage/project/atlas/design/user/pnson/ATLAS_WORKING/IP/AESDMA/RTL/AESDMA_CORE/AESDMA_AXI_FIFO.v"", ""LineNumber"": ""327"", ""Statement"": ""        .O_EMPTY_CNT (                  ),"", ""ModPortName"": ""O_EMPTY_CNT""}"
W287b_0b46201d1428,UNCHANGED,WAIVED,yes,W287b_800,output port is not connected warning,AUTO,,,,,PENDING,,W287b,warning,BOS_LINT_RULE,AESDMA_AXI_FIFO,/storage/project/atlas/design/user/pnson/ATLAS_WORKING/IP/AESDMA/RTL/AESDMA_CORE/AESDMA_AXI_FIFO.v,328,,O_FULL_CNT,.O_FULL_CNT ( ),Instance output port '[ModPortName]' is not connected,Lint:1010,waived,,,"{""Goal"": ""BOS_LINT_RULE"", ""Module"": ""AESDMA_AXI_FIFO"", ""FileName"": ""/storage/project/atlas/design/user/pnson/ATLAS_WORKING/IP/AESDMA/RTL/AESDMA_CORE/AESDMA_AXI_FIFO.v"", ""LineNumber"": ""328"", ""Statement"": "".O_FULL_CNT ( )"", ""ModPortName"": ""O_FULL_CNT""}","{""Tag"": ""W287b"", ""Description"": ""Instance output port '[ModPortName]' is not connected"", ""Violation"": ""Lint:1010"", ""Goal"": ""BOS_LINT_RULE"", ""Module"": ""AESDMA_AXI_FIFO"", ""FileName"": ""/storage/project/atlas/design/user/pnson/ATLAS_WORKING/IP/AESDMA/RTL/AESDMA_CORE/AESDMA_AXI_FIFO.v"", ""LineNumber"": ""328"", ""Statement"": ""        .O_FULL_CNT  (                  )"", ""ModPortName"": ""O_FULL_CNT""}"
W287b_00531deefc0a,UNCHANGED,WAIVED,yes,W287b_800,output port is not connected warning,AUTO,,,,,PENDING,,W287b,warning,BOS_LINT_RULE,AESDMA_CRC_GEN,/storage/project/atlas/design/user/pnson/ATLAS_WORKING/IP/AESDMA/RTL/AESDMA_CORE/AESDMA_CRC_GEN.v,312,,O_SREADY,".O_SREADY ( ),",Instance output port '[ModPortName]' is not connected,Lint:938,waived,,,"{""Goal"": ""BOS_LINT_RULE"", ""Module"": ""AESDMA_CRC_GEN"", ""FileName"": ""/storage/project/atlas/design/user/pnson/ATLAS_WORKING/IP/AESDMA/RTL/AESDMA_CORE/AESDMA_CRC_GEN.v"", ""LineNumber"": ""312"", ""Statement"": "".O_SREADY ( ),"", ""ModPortName"": ""O_SREADY""}","{""Tag"": ""W287b"", ""Description"": ""Instance output port '[ModPortName]' is not connected"", ""Violation"": ""Lint:938"", ""Goal"": ""BOS_LINT_RULE"", ""Module"": ""AESDMA_CRC_GEN"", ""FileName"": ""/storage/project/atlas/design/user/pnson/ATLAS_WORKING/IP/AESDMA/RTL/AESDMA_CORE/AESDMA_CRC_GEN.v"", ""LineNumber"": ""312"", ""Statement"": ""   .O_SREADY    (        ),"", ""ModPortName"": ""O_SREADY""}"
W287b_43b90cc7c4f5,UNCHANGED,WAIVED,yes,W287b_800,output port is not connected warning,AUTO,,,,,PENDING,,W287b,warning,BOS_LINT_RULE,AESDMA_CRC_GEN,/storage/project/atlas/design/user/pnson/ATLAS_WORKING/IP/AESDMA/RTL/AESDMA_CORE/AESDMA_CRC_GEN.v,321,,O_EMPTY_CNT,".O_EMPTY_CNT ( ),//w_regfifo_empty_cnt",Instance output port '[ModPortName]' is not connected,Lint:939,waived,,,"{""Goal"": ""BOS_LINT_RULE"", ""Module"": ""AESDMA_CRC_GEN"", ""FileName"": ""/storage/project/atlas/design/user/pnson/ATLAS_WORKING/IP/AESDMA/RTL/AESDMA_CORE/AESDMA_CRC_GEN.v"", ""LineNumber"": ""321"", ""Statement"": "".O_EMPTY_CNT ( ),//w_regfifo_empty_cnt"", ""ModPortName"": ""O_EMPTY_CNT""}","{""Tag"": ""W287b"", ""Description"": ""Instance output port '[ModPortName]' is not connected"", ""Violation"": ""Lint:939"", ""Goal"": ""BOS_LINT_RULE"", ""Module"": ""AESDMA_CRC_GEN"", ""FileName"": ""/storage/project/atlas/design/user/pnson/ATLAS_WORKING/IP/AESDMA/RTL/AESDMA_CORE/AESDMA_CRC_GEN.v"", ""LineNumber"": ""321"", ""Statement"": ""   .O_EMPTY_CNT ( ),//w_regfifo_empty_cnt"", ""ModPortName"": ""O_EMPTY_CNT""}"
W287b_bcaa2f4d0259,UNCHANGED,WAIVED,yes,W287b_800,output port is not connected warning,AUTO,,,,,PENDING,,W287b,warning,BOS_LINT_RULE,AESDMA_PRBS_GEN,/storage/project/atlas/design/user/pnson/ATLAS_WORKING/IP/AESDMA/RTL/AESDMA_CORE/AESDMA_PRBS_GEN.v,239,,O_EMPTY_CNT,".O_EMPTY_CNT ( ),//w_regfifo_empty_cnt ),",Instance output port '[ModPortName]' is not connected,Lint:941,waived,,,"{""Goal"": ""BOS_LINT_RULE"", ""Module"": ""AESDMA_PRBS_GEN"", ""FileName"": ""/storage/project/atlas/design/user/pnson/ATLAS_WORKING/IP/AESDMA/RTL/AESDMA_CORE/AESDMA_PRBS_GEN.v"", ""LineNumber"": ""239"", ""Statement"": "".O_EMPTY_CNT ( ),//w_regfifo_empty_cnt ),"", ""ModPortName"": ""O_EMPTY_CNT""}","{""Tag"": ""W287b"", ""Description"": ""Instance output port '[ModPortName]' is not connected"", ""Violation"": ""Lint:941"", ""Goal"": ""BOS_LINT_RULE"", ""Module"": ""AESDMA_PRBS_GEN"", ""FileName"": ""/storage/project/atlas/design/user/pnson/ATLAS_WORKING/IP/AESDMA/RTL/AESDMA_CORE/AESDMA_PRBS_GEN.v"", ""LineNumber"": ""239"", ""Statement"": ""   .O_EMPTY_CNT ( ),//w_regfifo_empty_cnt    ),"", ""ModPortName"": ""O_EMPTY_CNT""}"
W287b_65844a3396e7,UNCHANGED,WAIVED,yes,W287b_800,output port is not connected warning,AUTO,,,,,PENDING,,W287b,warning,BOS_LINT_RULE,AESDMA_PRBS_GEN,/storage/project/atlas/design/user/pnson/ATLAS_WORKING/IP/AESDMA/RTL/AESDMA_CORE/AESDMA_PRBS_GEN.v,240,,O_FULL_CNT,.O_FULL_CNT ( )//w_regfifo_full_cnt ),Instance output port '[ModPortName]' is not connected,Lint:942,waived,,,"{""Goal"": ""BOS_LINT_RULE"", ""Module"": ""AESDMA_PRBS_GEN"", ""FileName"": ""/storage/project/atlas/design/user/pnson/ATLAS_WORKING/IP/AESDMA/RTL/AESDMA_CORE/AESDMA_PRBS_GEN.v"", ""LineNumber"": ""240"", ""Statement"": "".O_FULL_CNT ( )//w_regfifo_full_cnt )"", ""ModPortName"": ""O_FULL_CNT""}","{""Tag"": ""W287b"", ""Description"": ""Instance output port '[ModPortName]' is not connected"", ""Violation"": ""Lint:942"", ""Goal"": ""BOS_LINT_RULE"", ""Module"": ""AESDMA_PRBS_GEN"", ""FileName"": ""/storage/project/atlas/design/user/pnson/ATLAS_WORKING/IP/AESDMA/RTL/AESDMA_CORE/AESDMA_PRBS_GEN.v"", ""LineNumber"": ""240"", ""Statement"": ""   .O_FULL_CNT  ( )//w_regfifo_full_cnt     )"", ""ModPortName"": ""O_FULL_CNT""}"
W287b_d324bf58fd51,UNCHANGED,WAIVED,yes,W287b_800,output port is not connected warning,AUTO,,,,,PENDING,,W287b,warning,BOS_LINT_RULE,AESDMA_RDCORE,/storage/project/atlas/design/user/pnson/ATLAS_WORKING/IP/AESDMA/RTL/AESDMA_CORE/AESDMA_RDCORE.sv,296,,O_SREADY,".O_SREADY ( ),",Instance output port '[ModPortName]' is not connected,Lint:917,waived,,,"{""Goal"": ""BOS_LINT_RULE"", ""Module"": ""AESDMA_RDCORE"", ""FileName"": ""/storage/project/atlas/design/user/pnson/ATLAS_WORKING/IP/AESDMA/RTL/AESDMA_CORE/AESDMA_RDCORE.sv"", ""LineNumber"": ""296"", ""Statement"": "".O_SREADY ( ),"", ""ModPortName"": ""O_SREADY""}","{""Tag"": ""W287b"", ""Description"": ""Instance output port '[ModPortName]' is not connected"", ""Violation"": ""Lint:917"", ""Goal"": ""BOS_LINT_RULE"", ""Module"": ""AESDMA_RDCORE"", ""FileName"": ""/storage/project/atlas/design/user/pnson/ATLAS_WORKING/IP/AESDMA/RTL/AESDMA_CORE/AESDMA_RDCORE.sv"", ""LineNumber"": ""296"", ""Statement"": ""    .O_SREADY       (               ),"", ""ModPortName"": ""O_SREADY""}"
W287b_407077d53ee2,UNCHANGED,WAIVED,yes,W287b_800,output port is not connected warning,AUTO,,,,,PENDING,,W287b,warning,BOS_LINT_RULE,AESDMA_RDCORE,/storage/project/atlas/design/user/pnson/ATLAS_WORKING/IP/AESDMA/RTL/AESDMA_CORE/AESDMA_RDCORE.sv,305,,O_EMPTY_CNT,".O_EMPTY_CNT ( ),",Instance output port '[ModPortName]' is not connected,Lint:918,waived,,,"{""Goal"": ""BOS_LINT_RULE"", ""Module"": ""AESDMA_RDCORE"", ""FileName"": ""/storage/project/atlas/design/user/pnson/ATLAS_WORKING/IP/AESDMA/RTL/AESDMA_CORE/AESDMA_RDCORE.sv"", ""LineNumber"": ""305"", ""Statement"": "".O_EMPTY_CNT ( ),"", ""ModPortName"": ""O_EMPTY_CNT""}","{""Tag"": ""W287b"", ""Description"": ""Instance output port '[ModPortName]' is not connected"", ""Violation"": ""Lint:918"", ""Goal"": ""BOS_LINT_RULE"", ""Module"": ""AESDMA_RDCORE"", ""FileName"": ""/storage/project/atlas/design/user/pnson/ATLAS_WORKING/IP/AESDMA/RTL/AESDMA_CORE/AESDMA_RDCORE.sv"", ""LineNumber"": ""305"", ""Statement"": ""    .O_EMPTY_CNT    (               ),"", ""ModPortName"": ""O_EMPTY_CNT""}"
W287b_dd4e4995014f,UNCHANGED,WAIVED,yes,W287b_800,output port is not connected warning,AUTO,,,,,PENDING,,W287b,warning,BOS_LINT_RULE,AESDMA_RDCORE,/storage/project/atlas/design/user/pnson/ATLAS_WORKING/IP/AESDMA/RTL/AESDMA_CORE/AESDMA_RDCORE.sv,306,,O_FULL_CNT,.O_FULL_CNT ( ),Instance output port '[ModPortName]' is not connected,Lint:919,waived,,,"{""Goal"": ""BOS_LINT_RULE"", ""Module"": ""AESDMA_RDCORE"", ""FileName"": ""/storage/project/atlas/design/user/pnson/ATLAS_WORKING/IP/AESDMA/RTL/AESDMA_CORE/AESDMA_RDCORE.sv"", ""LineNumber"": ""306"", ""Statement"": "".O_FULL_CNT ( )"", ""ModPortName"": ""O_FULL_CNT""}","{""Tag"": ""W287b"", ""Description"": ""Instance output port '[ModPortName]' is not connected"", ""Violation"": ""Lint:919"", ""Goal"": ""BOS_LINT_RULE"", ""Module"": ""AESDMA_RDCORE"", ""FileName"": ""/storage/project/atlas/design/user/pnson/ATLAS_WORKING/IP/AESDMA/RTL/AESDMA_CORE/AESDMA_RDCORE.sv"", ""LineNumber"": ""306"", ""Statement"": ""    .O_FULL_CNT     (               )"", ""ModPortName"": ""O_FULL_CNT""}"
W287b_7879ef3cf9eb,UNCHANGED,WAIVED,yes,W287b_800,output port is not connected warning,AUTO,,,,,PENDING,,W287b,warning,BOS_LINT_RULE,AESDMA_REORDER_BUF,/storage/project/atlas/design/user/pnson/ATLAS_WORKING/IP/AESDMA/RTL/AESDMA_CORE/AESDMA_REORDER_BUF.sv,409,,O_EMPTY_CNT,".O_EMPTY_CNT ( ),",Instance output port '[ModPortName]' is not connected,Lint:922,waived,,,"{""Goal"": ""BOS_LINT_RULE"", ""Module"": ""AESDMA_REORDER_BUF"", ""FileName"": ""/storage/project/atlas/design/user/pnson/ATLAS_WORKING/IP/AESDMA/RTL/AESDMA_CORE/AESDMA_REORDER_BUF.sv"", ""LineNumber"": ""409"", ""Statement"": "".O_EMPTY_CNT ( ),"", ""ModPortName"": ""O_EMPTY_CNT""}","{""Tag"": ""W287b"", ""Description"": ""Instance output port '[ModPortName]' is not connected"", ""Violation"": ""Lint:922"", ""Goal"": ""BOS_LINT_RULE"", ""Module"": ""AESDMA_REORDER_BUF"", ""FileName"": ""/storage/project/atlas/design/user/pnson/ATLAS_WORKING/IP/AESDMA/RTL/AESDMA_CORE/AESDMA_REORDER_BUF.sv"", ""LineNumber"": ""409"", ""Statement"": ""   .O_EMPTY_CNT (                        ),"", ""ModPortName"": ""O_EMPTY_CNT""}"
W287b_165127726c24,UNCHANGED,WAIVED,yes,W287b_800,output port is not connected warning,AUTO,,,,,PENDING,,W287b,warning,BOS_LINT_RULE,AESDMA_REORDER_BUF,/storage/project/atlas/design/user/pnson/ATLAS_WORKING/IP/AESDMA/RTL/AESDMA_CORE/AESDMA_REORDER_BUF.sv,410,,O_FULL_CNT,.O_FULL_CNT ( ),Instance output port '[ModPortName]' is not connected,Lint:923,waived,,,"{""Goal"": ""BOS_LINT_RULE"", ""Module"": ""AESDMA_REORDER_BUF"", ""FileName"": ""/storage/project/atlas/design/user/pnson/ATLAS_WORKING/IP/AESDMA/RTL/AESDMA_CORE/AESDMA_REORDER_BUF.sv"", ""LineNumber"": ""410"", ""Statement"": "".O_FULL_CNT ( )"", ""ModPortName"": ""O_FULL_CNT""}","{""Tag"": ""W287b"", ""Description"": ""Instance output port '[ModPortName]' is not connected"", ""Violation"": ""Lint:923"", ""Goal"": ""BOS_LINT_RULE"", ""Module"": ""AESDMA_REORDER_BUF"", ""FileName"": ""/storage/project/atlas/design/user/pnson/ATLAS_WORKING/IP/AESDMA/RTL/AESDMA_CORE/AESDMA_REORDER_BUF.sv"", ""LineNumber"": ""410"", ""Statement"": ""   .O_FULL_CNT  (                        )"", ""ModPortName"": ""O_FULL_CNT""}"
W287b_652239fa2a02,UNCHANGED,WAIVED,yes,W287b_800,output port is not connected warning,AUTO,,,,,PENDING,,W287b,warning,BOS_LINT_RULE,AESDMA_TOP,/storage/project/atlas/design/user/pnson/ATLAS_WORKING/IP/AESDMA/RTL/AESDMA_CORE/AESDMA_TOP.v,1432,,O_EMPTY_CNT,".O_EMPTY_CNT ( ),",Instance output port '[ModPortName]' is not connected,Lint:864,waived,,,"{""Goal"": ""BOS_LINT_RULE"", ""Module"": ""AESDMA_TOP"", ""FileName"": ""/storage/project/atlas/design/user/pnson/ATLAS_WORKING/IP/AESDMA/RTL/AESDMA_CORE/AESDMA_TOP.v"", ""LineNumber"": ""1432"", ""Statement"": "".O_EMPTY_CNT ( ),"", ""ModPortName"": ""O_EMPTY_CNT""}","{""Tag"": ""W287b"", ""Description"": ""Instance output port '[ModPortName]' is not connected"", ""Violation"": ""Lint:864"", ""Goal"": ""BOS_LINT_RULE"", ""Module"": ""AESDMA_TOP"", ""FileName"": ""/storage/project/atlas/design/user/pnson/ATLAS_WORKING/IP/AESDMA/RTL/AESDMA_CORE/AESDMA_TOP.v"", ""LineNumber"": ""1432"", ""Statement"": ""    .O_EMPTY_CNT                (                                  ),"", ""ModPortName"": ""O_EMPTY_CNT""}"
W287b_452832f31134,UNCHANGED,WAIVED,yes,W287b_800,output port is not connected warning,AUTO,,,,,PENDING,,W287b,warning,BOS_LINT_RULE,AESDMA_TOP,/storage/project/atlas/design/user/pnson/ATLAS_WORKING/IP/AESDMA/RTL/AESDMA_CORE/AESDMA_TOP.v,1433,,O_FULL_CNT,.O_FULL_CNT ( ),Instance output port '[ModPortName]' is not connected,Lint:865,waived,,,"{""Goal"": ""BOS_LINT_RULE"", ""Module"": ""AESDMA_TOP"", ""FileName"": ""/storage/project/atlas/design/user/pnson/ATLAS_WORKING/IP/AESDMA/RTL/AESDMA_CORE/AESDMA_TOP.v"", ""LineNumber"": ""1433"", ""Statement"": "".O_FULL_CNT ( )"", ""ModPortName"": ""O_FULL_CNT""}","{""Tag"": ""W287b"", ""Description"": ""Instance output port '[ModPortName]' is not connected"", ""Violation"": ""Lint:865"", ""Goal"": ""BOS_LINT_RULE"", ""Module"": ""AESDMA_TOP"", ""FileName"": ""/storage/project/atlas/design/user/pnson/ATLAS_WORKING/IP/AESDMA/RTL/AESDMA_CORE/AESDMA_TOP.v"", ""LineNumber"": ""1433"", ""Statement"": ""    .O_FULL_CNT                 (                                  )"", ""ModPortName"": ""O_FULL_CNT""}"
W287b_84085ba98c31,UNCHANGED,WAIVED,yes,W287b_800,output port is not connected warning,AUTO,,,,,PENDING,,W287b,warning,BOS_LINT_RULE,AESDMA_TOP,/storage/project/atlas/design/user/pnson/ATLAS_WORKING/IP/AESDMA/RTL/AESDMA_CORE/AESDMA_TOP.v,1862,,O_DMA_StartPulse,".O_DMA_StartPulse ( ),",Instance output port '[ModPortName]' is not connected,Lint:866,waived,,,"{""Goal"": ""BOS_LINT_RULE"", ""Module"": ""AESDMA_TOP"", ""FileName"": ""/storage/project/atlas/design/user/pnson/ATLAS_WORKING/IP/AESDMA/RTL/AESDMA_CORE/AESDMA_TOP.v"", ""LineNumber"": ""1862"", ""Statement"": "".O_DMA_StartPulse ( ),"", ""ModPortName"": ""O_DMA_StartPulse""}","{""Tag"": ""W287b"", ""Description"": ""Instance output port '[ModPortName]' is not connected"", ""Violation"": ""Lint:866"", ""Goal"": ""BOS_LINT_RULE"", ""Module"": ""AESDMA_TOP"", ""FileName"": ""/storage/project/atlas/design/user/pnson/ATLAS_WORKING/IP/AESDMA/RTL/AESDMA_CORE/AESDMA_TOP.v"", ""LineNumber"": ""1862"", ""Statement"": ""    .O_DMA_StartPulse           (                              ),"", ""ModPortName"": ""O_DMA_StartPulse""}"
W287b_805231873d0d,UNCHANGED,WAIVED,yes,W287b_800,output port is not connected warning,AUTO,,,,,PENDING,,W287b,warning,BOS_LINT_RULE,AESDMA_TOP,/storage/project/atlas/design/user/pnson/ATLAS_WORKING/IP/AESDMA/RTL/AESDMA_CORE/AESDMA_TOP.v,1950,,O_RResp,".O_RResp ( ),",Instance output port '[ModPortName]' is not connected,Lint:867,waived,,,"{""Goal"": ""BOS_LINT_RULE"", ""Module"": ""AESDMA_TOP"", ""FileName"": ""/storage/project/atlas/design/user/pnson/ATLAS_WORKING/IP/AESDMA/RTL/AESDMA_CORE/AESDMA_TOP.v"", ""LineNumber"": ""1950"", ""Statement"": "".O_RResp ( ),"", ""ModPortName"": ""O_RResp""}","{""Tag"": ""W287b"", ""Description"": ""Instance output port '[ModPortName]' is not connected"", ""Violation"": ""Lint:867"", ""Goal"": ""BOS_LINT_RULE"", ""Module"": ""AESDMA_TOP"", ""FileName"": ""/storage/project/atlas/design/user/pnson/ATLAS_WORKING/IP/AESDMA/RTL/AESDMA_CORE/AESDMA_TOP.v"", ""LineNumber"": ""1950"", ""Statement"": ""    .O_RResp                    (                              ),"", ""ModPortName"": ""O_RResp""}"
W287b_b32387ca5a09,UNCHANGED,WAIVED,yes,W287b_800,output port is not connected warning,AUTO,,,,,PENDING,,W287b,warning,BOS_LINT_RULE,AESDMA_TOP,/storage/project/atlas/design/user/pnson/ATLAS_WORKING/IP/AESDMA/RTL/AESDMA_CORE/AESDMA_TOP.v,1954,,O_DebugInfo_Rd,.O_DebugInfo_Rd ( ),Instance output port '[ModPortName]' is not connected,Lint:868,waived,,,"{""Goal"": ""BOS_LINT_RULE"", ""Module"": ""AESDMA_TOP"", ""FileName"": ""/storage/project/atlas/design/user/pnson/ATLAS_WORKING/IP/AESDMA/RTL/AESDMA_CORE/AESDMA_TOP.v"", ""LineNumber"": ""1954"", ""Statement"": "".O_DebugInfo_Rd ( )"", ""ModPortName"": ""O_DebugInfo_Rd""}","{""Tag"": ""W287b"", ""Description"": ""Instance output port '[ModPortName]' is not connected"", ""Violation"": ""Lint:868"", ""Goal"": ""BOS_LINT_RULE"", ""Module"": ""AESDMA_TOP"", ""FileName"": ""/storage/project/atlas/design/user/pnson/ATLAS_WORKING/IP/AESDMA/RTL/AESDMA_CORE/AESDMA_TOP.v"", ""LineNumber"": ""1954"", ""Statement"": ""    .O_DebugInfo_Rd             (                              )"", ""ModPortName"": ""O_DebugInfo_Rd""}"
W287b_44d287f850cf,UNCHANGED,WAIVED,yes,W287b_800,output port is not connected warning,AUTO,,,,,PENDING,,W287b,warning,BOS_LINT_RULE,AESDMA_TOP,/storage/project/atlas/design/user/pnson/ATLAS_WORKING/IP/AESDMA/RTL/AESDMA_CORE/AESDMA_TOP.v,2109,,O_RResp,".O_RResp ( ),",Instance output port '[ModPortName]' is not connected,Lint:869,waived,,,"{""Goal"": ""BOS_LINT_RULE"", ""Module"": ""AESDMA_TOP"", ""FileName"": ""/storage/project/atlas/design/user/pnson/ATLAS_WORKING/IP/AESDMA/RTL/AESDMA_CORE/AESDMA_TOP.v"", ""LineNumber"": ""2109"", ""Statement"": "".O_RResp ( ),"", ""ModPortName"": ""O_RResp""}","{""Tag"": ""W287b"", ""Description"": ""Instance output port '[ModPortName]' is not connected"", ""Violation"": ""Lint:869"", ""Goal"": ""BOS_LINT_RULE"", ""Module"": ""AESDMA_TOP"", ""FileName"": ""/storage/project/atlas/design/user/pnson/ATLAS_WORKING/IP/AESDMA/RTL/AESDMA_CORE/AESDMA_TOP.v"", ""LineNumber"": ""2109"", ""Statement"": ""    .O_RResp                    (                               ),"", ""ModPortName"": ""O_RResp""}"
W287b_b3d503974fa5,UNCHANGED,WAIVED,yes,W287b_800,output port is not connected warning,AUTO,,,,,PENDING,,W287b,warning,BOS_LINT_RULE,AESDMA_TOP,/storage/project/atlas/design/user/pnson/ATLAS_WORKING/IP/AESDMA/RTL/AESDMA_CORE/AESDMA_TOP.v,2238,,O_BResp,".O_BResp ( ),",Instance output port '[ModPortName]' is not connected,Lint:870,waived,,,"{""Goal"": ""BOS_LINT_RULE"", ""Module"": ""AESDMA_TOP"", ""FileName"": ""/storage/project/atlas/design/user/pnson/ATLAS_WORKING/IP/AESDMA/RTL/AESDMA_CORE/AESDMA_TOP.v"", ""LineNumber"": ""2238"", ""Statement"": "".O_BResp ( ),"", ""ModPortName"": ""O_BResp""}","{""Tag"": ""W287b"", ""Description"": ""Instance output port '[ModPortName]' is not connected"", ""Violation"": ""Lint:870"", ""Goal"": ""BOS_LINT_RULE"", ""Module"": ""AESDMA_TOP"", ""FileName"": ""/storage/project/atlas/design/user/pnson/ATLAS_WORKING/IP/AESDMA/RTL/AESDMA_CORE/AESDMA_TOP.v"", ""LineNumber"": ""2238"", ""Statement"": ""    .O_BResp                    (                               ),"", ""ModPortName"": ""O_BResp""}"
W287b_efa2cdde85ee,UNCHANGED,WAIVED,yes,W287b_800,output port is not connected warning,AUTO,,,,,PENDING,,W287b,warning,BOS_LINT_RULE,AESDMA_WRCORE,/storage/project/atlas/design/user/pnson/ATLAS_WORKING/IP/AESDMA/RTL/AESDMA_CORE/AESDMA_WRCORE.sv,477,,O_SREADY,".O_SREADY ( ),",Instance output port '[ModPortName]' is not connected,Lint:925,waived,,,"{""Goal"": ""BOS_LINT_RULE"", ""Module"": ""AESDMA_WRCORE"", ""FileName"": ""/storage/project/atlas/design/user/pnson/ATLAS_WORKING/IP/AESDMA/RTL/AESDMA_CORE/AESDMA_WRCORE.sv"", ""LineNumber"": ""477"", ""Statement"": "".O_SREADY ( ),"", ""ModPortName"": ""O_SREADY""}","{""Tag"": ""W287b"", ""Description"": ""Instance output port '[ModPortName]' is not connected"", ""Violation"": ""Lint:925"", ""Goal"": ""BOS_LINT_RULE"", ""Module"": ""AESDMA_WRCORE"", ""FileName"": ""/storage/project/atlas/design/user/pnson/ATLAS_WORKING/IP/AESDMA/RTL/AESDMA_CORE/AESDMA_WRCORE.sv"", ""LineNumber"": ""477"", ""Statement"": ""    .O_SREADY         (               ),"", ""ModPortName"": ""O_SREADY""}"
W287b_3e24145c9339,UNCHANGED,WAIVED,yes,W287b_800,output port is not connected warning,AUTO,,,,,PENDING,,W287b,warning,BOS_LINT_RULE,AESDMA_WRCORE,/storage/project/atlas/design/user/pnson/ATLAS_WORKING/IP/AESDMA/RTL/AESDMA_CORE/AESDMA_WRCORE.sv,486,,O_EMPTY_CNT,".O_EMPTY_CNT ( ),",Instance output port '[ModPortName]' is not connected,Lint:926,waived,,,"{""Goal"": ""BOS_LINT_RULE"", ""Module"": ""AESDMA_WRCORE"", ""FileName"": ""/storage/project/atlas/design/user/pnson/ATLAS_WORKING/IP/AESDMA/RTL/AESDMA_CORE/AESDMA_WRCORE.sv"", ""LineNumber"": ""486"", ""Statement"": "".O_EMPTY_CNT ( ),"", ""ModPortName"": ""O_EMPTY_CNT""}","{""Tag"": ""W287b"", ""Description"": ""Instance output port '[ModPortName]' is not connected"", ""Violation"": ""Lint:926"", ""Goal"": ""BOS_LINT_RULE"", ""Module"": ""AESDMA_WRCORE"", ""FileName"": ""/storage/project/atlas/design/user/pnson/ATLAS_WORKING/IP/AESDMA/RTL/AESDMA_CORE/AESDMA_WRCORE.sv"", ""LineNumber"": ""486"", ""Statement"": ""    .O_EMPTY_CNT      (               ),"", ""ModPortName"": ""O_EMPTY_CNT""}"
W287b_d5b34a83e3d7,UNCHANGED,WAIVED,yes,W287b_800,output port is not connected warning,AUTO,,,,,PENDING,,W287b,warning,BOS_LINT_RULE,AESDMA_WRCORE,/storage/project/atlas/design/user/pnson/ATLAS_WORKING/IP/AESDMA/RTL/AESDMA_CORE/AESDMA_WRCORE.sv,487,,O_FULL_CNT,.O_FULL_CNT ( ),Instance output port '[ModPortName]' is not connected,Lint:927,waived,,,"{""Goal"": ""BOS_LINT_RULE"", ""Module"": ""AESDMA_WRCORE"", ""FileName"": ""/storage/project/atlas/design/user/pnson/ATLAS_WORKING/IP/AESDMA/RTL/AESDMA_CORE/AESDMA_WRCORE.sv"", ""LineNumber"": ""487"", ""Statement"": "".O_FULL_CNT ( )"", ""ModPortName"": ""O_FULL_CNT""}","{""Tag"": ""W287b"", ""Description"": ""Instance output port '[ModPortName]' is not connected"", ""Violation"": ""Lint:927"", ""Goal"": ""BOS_LINT_RULE"", ""Module"": ""AESDMA_WRCORE"", ""FileName"": ""/storage/project/atlas/design/user/pnson/ATLAS_WORKING/IP/AESDMA/RTL/AESDMA_CORE/AESDMA_WRCORE.sv"", ""LineNumber"": ""487"", ""Statement"": ""    .O_FULL_CNT       (               )"", ""ModPortName"": ""O_FULL_CNT""}"
W287b_6cce6c9d00b5,UNCHANGED,WAIVED,yes,W287b_800,output port is not connected warning,AUTO,,,,,PENDING,,W287b,warning,BOS_LINT_RULE,AESDMA_WRCORE,/storage/project/atlas/design/user/pnson/ATLAS_WORKING/IP/AESDMA/RTL/AESDMA_CORE/AESDMA_WRCORE.sv,504,,O_SREADY,".O_SREADY ( ),",Instance output port '[ModPortName]' is not connected,Lint:928,waived,,,"{""Goal"": ""BOS_LINT_RULE"", ""Module"": ""AESDMA_WRCORE"", ""FileName"": ""/storage/project/atlas/design/user/pnson/ATLAS_WORKING/IP/AESDMA/RTL/AESDMA_CORE/AESDMA_WRCORE.sv"", ""LineNumber"": ""504"", ""Statement"": "".O_SREADY ( ),"", ""ModPortName"": ""O_SREADY""}","{""Tag"": ""W287b"", ""Description"": ""Instance output port '[ModPortName]' is not connected"", ""Violation"": ""Lint:928"", ""Goal"": ""BOS_LINT_RULE"", ""Module"": ""AESDMA_WRCORE"", ""FileName"": ""/storage/project/atlas/design/user/pnson/ATLAS_WORKING/IP/AESDMA/RTL/AESDMA_CORE/AESDMA_WRCORE.sv"", ""LineNumber"": ""504"", ""Statement"": ""    .O_SREADY       (               ),"", ""ModPortName"": ""O_SREADY""}"
W287b_2f74972c6aac,UNCHANGED,WAIVED,yes,W287b_800,output port is not connected warning,AUTO,,,,,PENDING,,W287b,warning,BOS_LINT_RULE,AESDMA_WRCORE,/storage/project/atlas/design/user/pnson/ATLAS_WORKING/IP/AESDMA/RTL/AESDMA_CORE/AESDMA_WRCORE.sv,507,,O_MVALID,".O_MVALID (/*w_wid_valid*/),",Instance output port '[ModPortName]' is not connected,Lint:929,waived,,,"{""Goal"": ""BOS_LINT_RULE"", ""Module"": ""AESDMA_WRCORE"", ""FileName"": ""/storage/project/atlas/design/user/pnson/ATLAS_WORKING/IP/AESDMA/RTL/AESDMA_CORE/AESDMA_WRCORE.sv"", ""LineNumber"": ""507"", ""Statement"": "".O_MVALID (/*w_wid_valid*/),"", ""ModPortName"": ""O_MVALID""}","{""Tag"": ""W287b"", ""Description"": ""Instance output port '[ModPortName]' is not connected"", ""Violation"": ""Lint:929"", ""Goal"": ""BOS_LINT_RULE"", ""Module"": ""AESDMA_WRCORE"", ""FileName"": ""/storage/project/atlas/design/user/pnson/ATLAS_WORKING/IP/AESDMA/RTL/AESDMA_CORE/AESDMA_WRCORE.sv"", ""LineNumber"": ""507"", ""Statement"": ""    .O_MVALID       (/*w_wid_valid*/),"", ""ModPortName"": ""O_MVALID""}"
W287b_a6bc601a2875,UNCHANGED,WAIVED,yes,W287b_800,output port is not connected warning,AUTO,,,,,PENDING,,W287b,warning,BOS_LINT_RULE,AESDMA_WRCORE,/storage/project/atlas/design/user/pnson/ATLAS_WORKING/IP/AESDMA/RTL/AESDMA_CORE/AESDMA_WRCORE.sv,515,,O_EMPTY_CNT,".O_EMPTY_CNT ( ),",Instance output port '[ModPortName]' is not connected,Lint:930,waived,,,"{""Goal"": ""BOS_LINT_RULE"", ""Module"": ""AESDMA_WRCORE"", ""FileName"": ""/storage/project/atlas/design/user/pnson/ATLAS_WORKING/IP/AESDMA/RTL/AESDMA_CORE/AESDMA_WRCORE.sv"", ""LineNumber"": ""515"", ""Statement"": "".O_EMPTY_CNT ( ),"", ""ModPortName"": ""O_EMPTY_CNT""}","{""Tag"": ""W287b"", ""Description"": ""Instance output port '[ModPortName]' is not connected"", ""Violation"": ""Lint:930"", ""Goal"": ""BOS_LINT_RULE"", ""Module"": ""AESDMA_WRCORE"", ""FileName"": ""/storage/project/atlas/design/user/pnson/ATLAS_WORKING/IP/AESDMA/RTL/AESDMA_CORE/AESDMA_WRCORE.sv"", ""LineNumber"": ""515"", ""Statement"": ""    .O_EMPTY_CNT    (               ),"", ""ModPortName"": ""O_EMPTY_CNT""}"
W287b_3bb36ddeb1c0,UNCHANGED,WAIVED,yes,W287b_800,output port is not connected warning,AUTO,,,,,PENDING,,W287b,warning,BOS_LINT_RULE,AESDMA_WRCORE,/storage/project/atlas/design/user/pnson/ATLAS_WORKING/IP/AESDMA/RTL/AESDMA_CORE/AESDMA_WRCORE.sv,516,,O_FULL_CNT,.O_FULL_CNT ( ),Instance output port '[ModPortName]' is not connected,Lint:931,waived,,,"{""Goal"": ""BOS_LINT_RULE"", ""Module"": ""AESDMA_WRCORE"", ""FileName"": ""/storage/project/atlas/design/user/pnson/ATLAS_WORKING/IP/AESDMA/RTL/AESDMA_CORE/AESDMA_WRCORE.sv"", ""LineNumber"": ""516"", ""Statement"": "".O_FULL_CNT ( )"", ""ModPortName"": ""O_FULL_CNT""}","{""Tag"": ""W287b"", ""Description"": ""Instance output port '[ModPortName]' is not connected"", ""Violation"": ""Lint:931"", ""Goal"": ""BOS_LINT_RULE"", ""Module"": ""AESDMA_WRCORE"", ""FileName"": ""/storage/project/atlas/design/user/pnson/ATLAS_WORKING/IP/AESDMA/RTL/AESDMA_CORE/AESDMA_WRCORE.sv"", ""LineNumber"": ""516"", ""Statement"": ""    .O_FULL_CNT     (               )"", ""ModPortName"": ""O_FULL_CNT""}"
W287b_52fe3c410fe3,UNCHANGED,WAIVED,yes,W287b_800,output port is not connected warning,AUTO,,,,,PENDING,,W287b,warning,BOS_LINT_RULE,AESDMA_WRCORE,/storage/project/atlas/design/user/pnson/ATLAS_WORKING/IP/AESDMA/RTL/AESDMA_CORE/AESDMA_WRCORE.sv,816,,O_EMPTY_CNT,".O_EMPTY_CNT ( ),",Instance output port '[ModPortName]' is not connected,Lint:932,waived,,,"{""Goal"": ""BOS_LINT_RULE"", ""Module"": ""AESDMA_WRCORE"", ""FileName"": ""/storage/project/atlas/design/user/pnson/ATLAS_WORKING/IP/AESDMA/RTL/AESDMA_CORE/AESDMA_WRCORE.sv"", ""LineNumber"": ""816"", ""Statement"": "".O_EMPTY_CNT ( ),"", ""ModPortName"": ""O_EMPTY_CNT""}","{""Tag"": ""W287b"", ""Description"": ""Instance output port '[ModPortName]' is not connected"", ""Violation"": ""Lint:932"", ""Goal"": ""BOS_LINT_RULE"", ""Module"": ""AESDMA_WRCORE"", ""FileName"": ""/storage/project/atlas/design/user/pnson/ATLAS_WORKING/IP/AESDMA/RTL/AESDMA_CORE/AESDMA_WRCORE.sv"", ""LineNumber"": ""816"", ""Statement"": ""    .O_EMPTY_CNT                (                        ),"", ""ModPortName"": ""O_EMPTY_CNT""}"
W287b_b6a15f962266,UNCHANGED,WAIVED,yes,W287b_800,output port is not connected warning,AUTO,,,,,PENDING,,W287b,warning,BOS_LINT_RULE,AESDMA_WRCORE,/storage/project/atlas/design/user/pnson/ATLAS_WORKING/IP/AESDMA/RTL/AESDMA_CORE/AESDMA_WRCORE.sv,817,,O_FULL_CNT,.O_FULL_CNT ( ),Instance output port '[ModPortName]' is not connected,Lint:933,waived,,,"{""Goal"": ""BOS_LINT_RULE"", ""Module"": ""AESDMA_WRCORE"", ""FileName"": ""/storage/project/atlas/design/user/pnson/ATLAS_WORKING/IP/AESDMA/RTL/AESDMA_CORE/AESDMA_WRCORE.sv"", ""LineNumber"": ""817"", ""Statement"": "".O_FULL_CNT ( )"", ""ModPortName"": ""O_FULL_CNT""}","{""Tag"": ""W287b"", ""Description"": ""Instance output port '[ModPortName]' is not connected"", ""Violation"": ""Lint:933"", ""Goal"": ""BOS_LINT_RULE"", ""Module"": ""AESDMA_WRCORE"", ""FileName"": ""/storage/project/atlas/design/user/pnson/ATLAS_WORKING/IP/AESDMA/RTL/AESDMA_CORE/AESDMA_WRCORE.sv"", ""LineNumber"": ""817"", ""Statement"": ""    .O_FULL_CNT                 (                        )"", ""ModPortName"": ""O_FULL_CNT""}"
W287b_7653aa9d9cb2,UNCHANGED,WAIVED,yes,W287b_800,output port is not connected warning,AUTO,,,,,PENDING,,W287b,warning,BOS_LINT_RULE,AES_CORE_dev,/storage/project/atlas/design/user/pnson/ATLAS_WORKING/IP/AESDMA/RTL/AES_CORE/AES_CORE_dev.v,879,,O_EMPTY_CNT,".O_EMPTY_CNT ( ),",Instance output port '[ModPortName]' is not connected,Lint:944,waived,,,"{""Goal"": ""BOS_LINT_RULE"", ""Module"": ""AES_CORE_dev"", ""FileName"": ""/storage/project/atlas/design/user/pnson/ATLAS_WORKING/IP/AESDMA/RTL/AES_CORE/AES_CORE_dev.v"", ""LineNumber"": ""879"", ""Statement"": "".O_EMPTY_CNT ( ),"", ""ModPortName"": ""O_EMPTY_CNT""}","{""Tag"": ""W287b"", ""Description"": ""Instance output port '[ModPortName]' is not connected"", ""Violation"": ""Lint:944"", ""Goal"": ""BOS_LINT_RULE"", ""Module"": ""AES_CORE_dev"", ""FileName"": ""/storage/project/atlas/design/user/pnson/ATLAS_WORKING/IP/AESDMA/RTL/AES_CORE/AES_CORE_dev.v"", ""LineNumber"": ""879"", ""Statement"": ""    .O_EMPTY_CNT     (                           ),"", ""ModPortName"": ""O_EMPTY_CNT""}"
W287b_6e03cfe9d0b4,UNCHANGED,WAIVED,yes,W287b_800,output port is not connected warning,AUTO,,,,,PENDING,,W287b,warning,BOS_LINT_RULE,AES_CORE_dev,/storage/project/atlas/design/user/pnson/ATLAS_WORKING/IP/AESDMA/RTL/AES_CORE/AES_CORE_dev.v,880,,O_FULL_CNT,.O_FULL_CNT ( ),Instance output port '[ModPortName]' is not connected,Lint:945,waived,,,"{""Goal"": ""BOS_LINT_RULE"", ""Module"": ""AES_CORE_dev"", ""FileName"": ""/storage/project/atlas/design/user/pnson/ATLAS_WORKING/IP/AESDMA/RTL/AES_CORE/AES_CORE_dev.v"", ""LineNumber"": ""880"", ""Statement"": "".O_FULL_CNT ( )"", ""ModPortName"": ""O_FULL_CNT""}","{""Tag"": ""W287b"", ""Description"": ""Instance output port '[ModPortName]' is not connected"", ""Violation"": ""Lint:945"", ""Goal"": ""BOS_LINT_RULE"", ""Module"": ""AES_CORE_dev"", ""FileName"": ""/storage/project/atlas/design/user/pnson/ATLAS_WORKING/IP/AESDMA/RTL/AES_CORE/AES_CORE_dev.v"", ""LineNumber"": ""880"", ""Statement"": ""    .O_FULL_CNT      (                           )"", ""ModPortName"": ""O_FULL_CNT""}"
W287b_7f3d527615a0,UNCHANGED,WAIVED,yes,W287b_800,output port is not connected warning,AUTO,,,,,PENDING,,W287b,warning,BOS_LINT_RULE,BOS_AESDMA,/storage/project/atlas/design/user/pnson/ATLAS_WORKING/IP/AESDMA/RTL/SAFETY/BOS_AESDMA.v,1320,,SO_D_L,".SO_D_L ( ),",Instance output port '[ModPortName]' is not connected,Lint:842,waived,,,"{""Goal"": ""BOS_LINT_RULE"", ""Module"": ""BOS_AESDMA"", ""FileName"": ""/storage/project/atlas/design/user/pnson/ATLAS_WORKING/IP/AESDMA/RTL/SAFETY/BOS_AESDMA.v"", ""LineNumber"": ""1320"", ""Statement"": "".SO_D_L ( ),"", ""ModPortName"": ""SO_D_L""}","{""Tag"": ""W287b"", ""Description"": ""Instance output port '[ModPortName]' is not connected"", ""Violation"": ""Lint:842"", ""Goal"": ""BOS_LINT_RULE"", ""Module"": ""BOS_AESDMA"", ""FileName"": ""/storage/project/atlas/design/user/pnson/ATLAS_WORKING/IP/AESDMA/RTL/SAFETY/BOS_AESDMA.v"", ""LineNumber"": ""1320"", ""Statement"": ""                    .SO_D_L                         (                                               ),"", ""ModPortName"": ""SO_D_L""}"
W287b_66cea8988266,UNCHANGED,WAIVED,yes,W287b_800,output port is not connected warning,AUTO,,,,,PENDING,,W287b,warning,BOS_LINT_RULE,BOS_AESDMA,/storage/project/atlas/design/user/pnson/ATLAS_WORKING/IP/AESDMA/RTL/SAFETY/BOS_AESDMA.v,1321,,SO_D_R,".SO_D_R ( ),",Instance output port '[ModPortName]' is not connected,Lint:843,waived,,,"{""Goal"": ""BOS_LINT_RULE"", ""Module"": ""BOS_AESDMA"", ""FileName"": ""/storage/project/atlas/design/user/pnson/ATLAS_WORKING/IP/AESDMA/RTL/SAFETY/BOS_AESDMA.v"", ""LineNumber"": ""1321"", ""Statement"": "".SO_D_R ( ),"", ""ModPortName"": ""SO_D_R""}","{""Tag"": ""W287b"", ""Description"": ""Instance output port '[ModPortName]' is not connected"", ""Violation"": ""Lint:843"", ""Goal"": ""BOS_LINT_RULE"", ""Module"": ""BOS_AESDMA"", ""FileName"": ""/storage/project/atlas/design/user/pnson/ATLAS_WORKING/IP/AESDMA/RTL/SAFETY/BOS_AESDMA.v"", ""LineNumber"": ""1321"", ""Statement"": ""                    .SO_D_R                         (                                               ),"", ""ModPortName"": ""SO_D_R""}"
W287b_32282d1dad75,UNCHANGED,WAIVED,yes,W287b_800,output port is not connected warning,AUTO,,,,,PENDING,,W287b,warning,BOS_LINT_RULE,BOS_AESDMA,/storage/project/atlas/design/user/pnson/ATLAS_WORKING/IP/AESDMA/RTL/SAFETY/BOS_AESDMA.v,1504,,SO_D_L,".SO_D_L ( ),",Instance output port '[ModPortName]' is not connected,Lint:844,waived,,,"{""Goal"": ""BOS_LINT_RULE"", ""Module"": ""BOS_AESDMA"", ""FileName"": ""/storage/project/atlas/design/user/pnson/ATLAS_WORKING/IP/AESDMA/RTL/SAFETY/BOS_AESDMA.v"", ""LineNumber"": ""1504"", ""Statement"": "".SO_D_L ( ),"", ""ModPortName"": ""SO_D_L""}","{""Tag"": ""W287b"", ""Description"": ""Instance output port '[ModPortName]' is not connected"", ""Violation"": ""Lint:844"", ""Goal"": ""BOS_LINT_RULE"", ""Module"": ""BOS_AESDMA"", ""FileName"": ""/storage/project/atlas/design/user/pnson/ATLAS_WORKING/IP/AESDMA/RTL/SAFETY/BOS_AESDMA.v"", ""LineNumber"": ""1504"", ""Statement"": ""                        .SO_D_L                     (                                           ),"", ""ModPortName"": ""SO_D_L""}"
W287b_07feb9df838a,UNCHANGED,WAIVED,yes,W287b_800,output port is not connected warning,AUTO,,,,,PENDING,,W287b,warning,BOS_LINT_RULE,BOS_AESDMA,/storage/project/atlas/design/user/pnson/ATLAS_WORKING/IP/AESDMA/RTL/SAFETY/BOS_AESDMA.v,1505,,SO_D_R,".SO_D_R ( ),",Instance output port '[ModPortName]' is not connected,Lint:845,waived,,,"{""Goal"": ""BOS_LINT_RULE"", ""Module"": ""BOS_AESDMA"", ""FileName"": ""/storage/project/atlas/design/user/pnson/ATLAS_WORKING/IP/AESDMA/RTL/SAFETY/BOS_AESDMA.v"", ""LineNumber"": ""1505"", ""Statement"": "".SO_D_R ( ),"", ""ModPortName"": ""SO_D_R""}","{""Tag"": ""W287b"", ""Description"": ""Instance output port '[ModPortName]' is not connected"", ""Violation"": ""Lint:845"", ""Goal"": ""BOS_LINT_RULE"", ""Module"": ""BOS_AESDMA"", ""FileName"": ""/storage/project/atlas/design/user/pnson/ATLAS_WORKING/IP/AESDMA/RTL/SAFETY/BOS_AESDMA.v"", ""LineNumber"": ""1505"", ""Statement"": ""                        .SO_D_R                     (                                           ),"", ""ModPortName"": ""SO_D_R""}"
W287b_5d5458e67f67,UNCHANGED,WAIVED,yes,W287b_800,output port is not connected warning,AUTO,,,,,PENDING,,W287b,warning,BOS_LINT_RULE,BOS_ERROR_DOUBLE,/storage/project/atlas/design/user/pnson/ATLAS_WORKING/IP/BOS_LIB/RTL/BOS_ERROR_DOUBLE.v,66,,O_QN,.O_QN ( ),Instance output port '[ModPortName]' is not connected,Lint:860,waived,,,"{""Goal"": ""BOS_LINT_RULE"", ""Module"": ""BOS_ERROR_DOUBLE"", ""FileName"": ""/storage/project/atlas/design/user/pnson/ATLAS_WORKING/IP/BOS_LIB/RTL/BOS_ERROR_DOUBLE.v"", ""LineNumber"": ""66"", ""Statement"": "".O_QN ( )"", ""ModPortName"": ""O_QN""}","{""Tag"": ""W287b"", ""Description"": ""Instance output port '[ModPortName]' is not connected"", ""Violation"": ""Lint:860"", ""Goal"": ""BOS_LINT_RULE"", ""Module"": ""BOS_ERROR_DOUBLE"", ""FileName"": ""/storage/project/atlas/design/user/pnson/ATLAS_WORKING/IP/BOS_LIB/RTL/BOS_ERROR_DOUBLE.v"", ""LineNumber"": ""66"", ""Statement"": ""    .O_QN       (           )"", ""ModPortName"": ""O_QN""}"
W287b_de35fefdb324,UNCHANGED,WAIVED,yes,W287b_800,output port is not connected warning,AUTO,,,,,PENDING,,W287b,warning,BOS_LINT_RULE,BOS_ERROR_DOUBLE,/storage/project/atlas/design/user/pnson/ATLAS_WORKING/IP/BOS_LIB/RTL/BOS_ERROR_DOUBLE.v,74,,O_QN,.O_QN ( ),Instance output port '[ModPortName]' is not connected,Lint:861,waived,,,"{""Goal"": ""BOS_LINT_RULE"", ""Module"": ""BOS_ERROR_DOUBLE"", ""FileName"": ""/storage/project/atlas/design/user/pnson/ATLAS_WORKING/IP/BOS_LIB/RTL/BOS_ERROR_DOUBLE.v"", ""LineNumber"": ""74"", ""Statement"": "".O_QN ( )"", ""ModPortName"": ""O_QN""}","{""Tag"": ""W287b"", ""Description"": ""Instance output port '[ModPortName]' is not connected"", ""Violation"": ""Lint:861"", ""Goal"": ""BOS_LINT_RULE"", ""Module"": ""BOS_ERROR_DOUBLE"", ""FileName"": ""/storage/project/atlas/design/user/pnson/ATLAS_WORKING/IP/BOS_LIB/RTL/BOS_ERROR_DOUBLE.v"", ""LineNumber"": ""74"", ""Statement"": ""    .O_QN       (           )"", ""ModPortName"": ""O_QN""}"
W287b_3ffec3b8e854,UNCHANGED,WAIVED,yes,W287b_800,output port is not connected warning,AUTO,,,,,PENDING,,W287b,warning,BOS_LINT_RULE,css600_apbasyncbridgeslv_core,/storage/project/atlas/design/user/pnson/ATLAS_WORKING/IP/CSSYS/RTL/logical/css600/logical/css600_apbasyncbridge/verilog/css600_apbasyncbridgeslv_core.v,232,,cg_en,.cg_en (),Instance output port '[ModPortName]' is not connected,Lint:1012,waived,,,"{""Goal"": ""BOS_LINT_RULE"", ""Module"": ""css600_apbasyncbridgeslv_core"", ""FileName"": ""/storage/project/atlas/design/user/pnson/ATLAS_WORKING/IP/CSSYS/RTL/logical/css600/logical/css600_apbasyncbridge/verilog/css600_apbasyncbridgeslv_core.v"", ""LineNumber"": ""232"", ""Statement"": "".cg_en ()"", ""ModPortName"": ""cg_en""}","{""Tag"": ""W287b"", ""Description"": ""Instance output port '[ModPortName]' is not connected"", ""Violation"": ""Lint:1012"", ""Goal"": ""BOS_LINT_RULE"", ""Module"": ""css600_apbasyncbridgeslv_core"", ""FileName"": ""/storage/project/atlas/design/user/pnson/ATLAS_WORKING/IP/CSSYS/RTL/logical/css600/logical/css600_apbasyncbridge/verilog/css600_apbasyncbridgeslv_core.v"", ""LineNumber"": ""232"", ""Statement"": ""    .cg_en       ()"", ""ModPortName"": ""cg_en""}"
W287b_2a87793fcb79,UNCHANGED,WAIVED,yes,W287b_800,output port is not connected warning,AUTO,,,,,PENDING,,W287b,warning,BOS_LINT_RULE,ln04lpa_a00_mc_rd2rs_hsr_lvt_320x72m2b1c1_wrapper_safety_data_decoder_st_ctrl,/storage/project/atlas/design/user/pnson/ATLAS_WORKING/DK/mem/SAFETY_WRAPPER/ln04lpa_a00_mc_rd2rs_hsr_lvt_320x72m2b1c1_wrapper_safety_sf64eadi1/ln04lpa_a00_mc_rd2rs_hsr_lvt_320x72m2b1c1_wrapper_safety_sf64eadi1.sv,691,,O_ERR_B,", .O_ERR_B (/*float*/)",Instance output port '[ModPortName]' is not connected,Lint:1027,waived,,,"{""Goal"": ""BOS_LINT_RULE"", ""Module"": ""ln04lpa_a00_mc_rd2rs_hsr_lvt_320x72m2b1c1_wrapper_safety_data_decoder_st_ctrl"", ""FileName"": ""/storage/project/atlas/design/user/pnson/ATLAS_WORKING/DK/mem/SAFETY_WRAPPER/ln04lpa_a00_mc_rd2rs_hsr_lvt_320x72m2b1c1_wrapper_safety_sf64eadi1/ln04lpa_a00_mc_rd2rs_hsr_lvt_320x72m2b1c1_wrapper_safety_sf64eadi1.sv"", ""LineNumber"": ""691"", ""Statement"": "", .O_ERR_B (/*float*/)"", ""ModPortName"": ""O_ERR_B""}","{""Tag"": ""W287b"", ""Description"": ""Instance output port '[ModPortName]' is not connected"", ""Violation"": ""Lint:1027"", ""Goal"": ""BOS_LINT_RULE"", ""Module"": ""ln04lpa_a00_mc_rd2rs_hsr_lvt_320x72m2b1c1_wrapper_safety_data_decoder_st_ctrl"", ""FileName"": ""/storage/project/atlas/design/user/pnson/ATLAS_WORKING/DK/mem/SAFETY_WRAPPER/ln04lpa_a00_mc_rd2rs_hsr_lvt_320x72m2b1c1_wrapper_safety_sf64eadi1/ln04lpa_a00_mc_rd2rs_hsr_lvt_320x72m2b1c1_wrapper_safety_sf64eadi1.sv"", ""LineNumber"": ""691"", ""Statement"": ""    , .O_ERR_B   (/*float*/)"", ""ModPortName"": ""O_ERR_B""}"
W287b_9d47d1b298af,UNCHANGED,WAIVED,yes,W287b_800,output port is not connected warning,AUTO,,,,,PENDING,,W287b,warning,BOS_LINT_RULE,ln04lpa_a00_mc_rd2rs_hsr_lvt_320x72m2b1c1_wrapper_safety_data_decoder_st_ctrl,/storage/project/atlas/design/user/pnson/ATLAS_WORKING/DK/mem/SAFETY_WRAPPER/ln04lpa_a00_mc_rd2rs_hsr_lvt_320x72m2b1c1_wrapper_safety_sf64eadi1/ln04lpa_a00_mc_rd2rs_hsr_lvt_320x72m2b1c1_wrapper_safety_sf64eadi1.sv,700,,O_ERR_B,", .O_ERR_B (/*float*/)",Instance output port '[ModPortName]' is not connected,Lint:1028,waived,,,"{""Goal"": ""BOS_LINT_RULE"", ""Module"": ""ln04lpa_a00_mc_rd2rs_hsr_lvt_320x72m2b1c1_wrapper_safety_data_decoder_st_ctrl"", ""FileName"": ""/storage/project/atlas/design/user/pnson/ATLAS_WORKING/DK/mem/SAFETY_WRAPPER/ln04lpa_a00_mc_rd2rs_hsr_lvt_320x72m2b1c1_wrapper_safety_sf64eadi1/ln04lpa_a00_mc_rd2rs_hsr_lvt_320x72m2b1c1_wrapper_safety_sf64eadi1.sv"", ""LineNumber"": ""700"", ""Statement"": "", .O_ERR_B (/*float*/)"", ""ModPortName"": ""O_ERR_B""}","{""Tag"": ""W287b"", ""Description"": ""Instance output port '[ModPortName]' is not connected"", ""Violation"": ""Lint:1028"", ""Goal"": ""BOS_LINT_RULE"", ""Module"": ""ln04lpa_a00_mc_rd2rs_hsr_lvt_320x72m2b1c1_wrapper_safety_data_decoder_st_ctrl"", ""FileName"": ""/storage/project/atlas/design/user/pnson/ATLAS_WORKING/DK/mem/SAFETY_WRAPPER/ln04lpa_a00_mc_rd2rs_hsr_lvt_320x72m2b1c1_wrapper_safety_sf64eadi1/ln04lpa_a00_mc_rd2rs_hsr_lvt_320x72m2b1c1_wrapper_safety_sf64eadi1.sv"", ""LineNumber"": ""700"", ""Statement"": ""    , .O_ERR_B   (/*float*/)"", ""ModPortName"": ""O_ERR_B""}"
W287b_167aec9fe6b3,UNCHANGED,WAIVED,yes,W287b_800,output port is not connected warning,AUTO,,,,,PENDING,,W287b,warning,BOS_LINT_RULE,ln04lpa_a00_mc_rd2rs_hsr_lvt_320x72m2b1c1_wrapper_safety_data_decoder_st_ctrl,/storage/project/atlas/design/user/pnson/ATLAS_WORKING/DK/mem/SAFETY_WRAPPER/ln04lpa_a00_mc_rd2rs_hsr_lvt_320x72m2b1c1_wrapper_safety_sf64eadi1/ln04lpa_a00_mc_rd2rs_hsr_lvt_320x72m2b1c1_wrapper_safety_sf64eadi1.sv,710,,O_ERR_B,", .O_ERR_B (/*float*/)",Instance output port '[ModPortName]' is not connected,Lint:1029,waived,,,"{""Goal"": ""BOS_LINT_RULE"", ""Module"": ""ln04lpa_a00_mc_rd2rs_hsr_lvt_320x72m2b1c1_wrapper_safety_data_decoder_st_ctrl"", ""FileName"": ""/storage/project/atlas/design/user/pnson/ATLAS_WORKING/DK/mem/SAFETY_WRAPPER/ln04lpa_a00_mc_rd2rs_hsr_lvt_320x72m2b1c1_wrapper_safety_sf64eadi1/ln04lpa_a00_mc_rd2rs_hsr_lvt_320x72m2b1c1_wrapper_safety_sf64eadi1.sv"", ""LineNumber"": ""710"", ""Statement"": "", .O_ERR_B (/*float*/)"", ""ModPortName"": ""O_ERR_B""}","{""Tag"": ""W287b"", ""Description"": ""Instance output port '[ModPortName]' is not connected"", ""Violation"": ""Lint:1029"", ""Goal"": ""BOS_LINT_RULE"", ""Module"": ""ln04lpa_a00_mc_rd2rs_hsr_lvt_320x72m2b1c1_wrapper_safety_data_decoder_st_ctrl"", ""FileName"": ""/storage/project/atlas/design/user/pnson/ATLAS_WORKING/DK/mem/SAFETY_WRAPPER/ln04lpa_a00_mc_rd2rs_hsr_lvt_320x72m2b1c1_wrapper_safety_sf64eadi1/ln04lpa_a00_mc_rd2rs_hsr_lvt_320x72m2b1c1_wrapper_safety_sf64eadi1.sv"", ""LineNumber"": ""710"", ""Statement"": ""    , .O_ERR_B   (/*float*/)"", ""ModPortName"": ""O_ERR_B""}"
W287b_0a639fe92ca6,UNCHANGED,WAIVED,yes,W287b_800,output port is not connected warning,AUTO,,,,,PENDING,,W287b,warning,BOS_LINT_RULE,ln04lpa_a00_mc_rd2rs_hsr_lvt_320x72m2b1c1_wrapper_safety_data_decoder_st_ctrl,/storage/project/atlas/design/user/pnson/ATLAS_WORKING/DK/mem/SAFETY_WRAPPER/ln04lpa_a00_mc_rd2rs_hsr_lvt_320x72m2b1c1_wrapper_safety_sf64eadi1/ln04lpa_a00_mc_rd2rs_hsr_lvt_320x72m2b1c1_wrapper_safety_sf64eadi1.sv,719,,O_ERR_B,", .O_ERR_B (/*float*/)",Instance output port '[ModPortName]' is not connected,Lint:1030,waived,,,"{""Goal"": ""BOS_LINT_RULE"", ""Module"": ""ln04lpa_a00_mc_rd2rs_hsr_lvt_320x72m2b1c1_wrapper_safety_data_decoder_st_ctrl"", ""FileName"": ""/storage/project/atlas/design/user/pnson/ATLAS_WORKING/DK/mem/SAFETY_WRAPPER/ln04lpa_a00_mc_rd2rs_hsr_lvt_320x72m2b1c1_wrapper_safety_sf64eadi1/ln04lpa_a00_mc_rd2rs_hsr_lvt_320x72m2b1c1_wrapper_safety_sf64eadi1.sv"", ""LineNumber"": ""719"", ""Statement"": "", .O_ERR_B (/*float*/)"", ""ModPortName"": ""O_ERR_B""}","{""Tag"": ""W287b"", ""Description"": ""Instance output port '[ModPortName]' is not connected"", ""Violation"": ""Lint:1030"", ""Goal"": ""BOS_LINT_RULE"", ""Module"": ""ln04lpa_a00_mc_rd2rs_hsr_lvt_320x72m2b1c1_wrapper_safety_data_decoder_st_ctrl"", ""FileName"": ""/storage/project/atlas/design/user/pnson/ATLAS_WORKING/DK/mem/SAFETY_WRAPPER/ln04lpa_a00_mc_rd2rs_hsr_lvt_320x72m2b1c1_wrapper_safety_sf64eadi1/ln04lpa_a00_mc_rd2rs_hsr_lvt_320x72m2b1c1_wrapper_safety_sf64eadi1.sv"", ""LineNumber"": ""719"", ""Statement"": ""    , .O_ERR_B   (/*float*/)"", ""ModPortName"": ""O_ERR_B""}"
W287b_6c116ddc3253,UNCHANGED,WAIVED,yes,W287b_800,output port is not connected warning,AUTO,,,,,PENDING,,W287b,warning,BOS_LINT_RULE,ln04lpa_a00_mc_rd2rs_hsr_lvt_320x72m2b1c1_wrapper_safety_data_decoder_top_dcls,/storage/project/atlas/design/user/pnson/ATLAS_WORKING/DK/mem/SAFETY_WRAPPER/ln04lpa_a00_mc_rd2rs_hsr_lvt_320x72m2b1c1_wrapper_safety_sf64eadi1/ln04lpa_a00_mc_rd2rs_hsr_lvt_320x72m2b1c1_wrapper_safety_sf64eadi1.sv,904,,ERR_DCLS_B,",.ERR_DCLS_B ( /*float*/ )",Instance output port '[ModPortName]' is not connected,Lint:1023,waived,,,"{""Goal"": ""BOS_LINT_RULE"", ""Module"": ""ln04lpa_a00_mc_rd2rs_hsr_lvt_320x72m2b1c1_wrapper_safety_data_decoder_top_dcls"", ""FileName"": ""/storage/project/atlas/design/user/pnson/ATLAS_WORKING/DK/mem/SAFETY_WRAPPER/ln04lpa_a00_mc_rd2rs_hsr_lvt_320x72m2b1c1_wrapper_safety_sf64eadi1/ln04lpa_a00_mc_rd2rs_hsr_lvt_320x72m2b1c1_wrapper_safety_sf64eadi1.sv"", ""LineNumber"": ""904"", ""Statement"": "",.ERR_DCLS_B ( /*float*/ )"", ""ModPortName"": ""ERR_DCLS_B""}","{""Tag"": ""W287b"", ""Description"": ""Instance output port '[ModPortName]' is not connected"", ""Violation"": ""Lint:1023"", ""Goal"": ""BOS_LINT_RULE"", ""Module"": ""ln04lpa_a00_mc_rd2rs_hsr_lvt_320x72m2b1c1_wrapper_safety_data_decoder_top_dcls"", ""FileName"": ""/storage/project/atlas/design/user/pnson/ATLAS_WORKING/DK/mem/SAFETY_WRAPPER/ln04lpa_a00_mc_rd2rs_hsr_lvt_320x72m2b1c1_wrapper_safety_sf64eadi1/ln04lpa_a00_mc_rd2rs_hsr_lvt_320x72m2b1c1_wrapper_safety_sf64eadi1.sv"", ""LineNumber"": ""904"", ""Statement"": ""    ,.ERR_DCLS_B   ( /*float*/ )"", ""ModPortName"": ""ERR_DCLS_B""}"
W287b_9514157b531c,UNCHANGED,WAIVED,yes,W287b_800,output port is not connected warning,AUTO,,,,,PENDING,,W287b,warning,BOS_LINT_RULE,ln04lpa_a00_mc_rd2rs_hsr_lvt_32x138m2b1c1_wrapper_safety_data_decoder_st_ctrl,/storage/project/atlas/design/user/pnson/ATLAS_WORKING/DK/mem/SAFETY_WRAPPER/ln04lpa_a00_mc_rd2rs_hsr_lvt_32x138m2b1c1_wrapper_safety_sf129eadi1/ln04lpa_a00_mc_rd2rs_hsr_lvt_32x138m2b1c1_wrapper_safety_sf129eadi1.sv,814,,O_ERR_B,", .O_ERR_B (/*float*/)",Instance output port '[ModPortName]' is not connected,Lint:1018,waived,,,"{""Goal"": ""BOS_LINT_RULE"", ""Module"": ""ln04lpa_a00_mc_rd2rs_hsr_lvt_32x138m2b1c1_wrapper_safety_data_decoder_st_ctrl"", ""FileName"": ""/storage/project/atlas/design/user/pnson/ATLAS_WORKING/DK/mem/SAFETY_WRAPPER/ln04lpa_a00_mc_rd2rs_hsr_lvt_32x138m2b1c1_wrapper_safety_sf129eadi1/ln04lpa_a00_mc_rd2rs_hsr_lvt_32x138m2b1c1_wrapper_safety_sf129eadi1.sv"", ""LineNumber"": ""814"", ""Statement"": "", .O_ERR_B (/*float*/)"", ""ModPortName"": ""O_ERR_B""}","{""Tag"": ""W287b"", ""Description"": ""Instance output port '[ModPortName]' is not connected"", ""Violation"": ""Lint:1018"", ""Goal"": ""BOS_LINT_RULE"", ""Module"": ""ln04lpa_a00_mc_rd2rs_hsr_lvt_32x138m2b1c1_wrapper_safety_data_decoder_st_ctrl"", ""FileName"": ""/storage/project/atlas/design/user/pnson/ATLAS_WORKING/DK/mem/SAFETY_WRAPPER/ln04lpa_a00_mc_rd2rs_hsr_lvt_32x138m2b1c1_wrapper_safety_sf129eadi1/ln04lpa_a00_mc_rd2rs_hsr_lvt_32x138m2b1c1_wrapper_safety_sf129eadi1.sv"", ""LineNumber"": ""814"", ""Statement"": ""    , .O_ERR_B   (/*float*/)"", ""ModPortName"": ""O_ERR_B""}"
W287b_1d91f06c2548,UNCHANGED,WAIVED,yes,W287b_800,output port is not connected warning,AUTO,,,,,PENDING,,W287b,warning,BOS_LINT_RULE,ln04lpa_a00_mc_rd2rs_hsr_lvt_32x138m2b1c1_wrapper_safety_data_decoder_st_ctrl,/storage/project/atlas/design/user/pnson/ATLAS_WORKING/DK/mem/SAFETY_WRAPPER/ln04lpa_a00_mc_rd2rs_hsr_lvt_32x138m2b1c1_wrapper_safety_sf129eadi1/ln04lpa_a00_mc_rd2rs_hsr_lvt_32x138m2b1c1_wrapper_safety_sf129eadi1.sv,823,,O_ERR_B,", .O_ERR_B (/*float*/)",Instance output port '[ModPortName]' is not connected,Lint:1019,waived,,,"{""Goal"": ""BOS_LINT_RULE"", ""Module"": ""ln04lpa_a00_mc_rd2rs_hsr_lvt_32x138m2b1c1_wrapper_safety_data_decoder_st_ctrl"", ""FileName"": ""/storage/project/atlas/design/user/pnson/ATLAS_WORKING/DK/mem/SAFETY_WRAPPER/ln04lpa_a00_mc_rd2rs_hsr_lvt_32x138m2b1c1_wrapper_safety_sf129eadi1/ln04lpa_a00_mc_rd2rs_hsr_lvt_32x138m2b1c1_wrapper_safety_sf129eadi1.sv"", ""LineNumber"": ""823"", ""Statement"": "", .O_ERR_B (/*float*/)"", ""ModPortName"": ""O_ERR_B""}","{""Tag"": ""W287b"", ""Description"": ""Instance output port '[ModPortName]' is not connected"", ""Violation"": ""Lint:1019"", ""Goal"": ""BOS_LINT_RULE"", ""Module"": ""ln04lpa_a00_mc_rd2rs_hsr_lvt_32x138m2b1c1_wrapper_safety_data_decoder_st_ctrl"", ""FileName"": ""/storage/project/atlas/design/user/pnson/ATLAS_WORKING/DK/mem/SAFETY_WRAPPER/ln04lpa_a00_mc_rd2rs_hsr_lvt_32x138m2b1c1_wrapper_safety_sf129eadi1/ln04lpa_a00_mc_rd2rs_hsr_lvt_32x138m2b1c1_wrapper_safety_sf129eadi1.sv"", ""LineNumber"": ""823"", ""Statement"": ""    , .O_ERR_B   (/*float*/)"", ""ModPortName"": ""O_ERR_B""}"
W287b_ef162931c320,UNCHANGED,WAIVED,yes,W287b_800,output port is not connected warning,AUTO,,,,,PENDING,,W287b,warning,BOS_LINT_RULE,ln04lpa_a00_mc_rd2rs_hsr_lvt_32x138m2b1c1_wrapper_safety_data_decoder_st_ctrl,/storage/project/atlas/design/user/pnson/ATLAS_WORKING/DK/mem/SAFETY_WRAPPER/ln04lpa_a00_mc_rd2rs_hsr_lvt_32x138m2b1c1_wrapper_safety_sf129eadi1/ln04lpa_a00_mc_rd2rs_hsr_lvt_32x138m2b1c1_wrapper_safety_sf129eadi1.sv,833,,O_ERR_B,", .O_ERR_B (/*float*/)",Instance output port '[ModPortName]' is not connected,Lint:1020,waived,,,"{""Goal"": ""BOS_LINT_RULE"", ""Module"": ""ln04lpa_a00_mc_rd2rs_hsr_lvt_32x138m2b1c1_wrapper_safety_data_decoder_st_ctrl"", ""FileName"": ""/storage/project/atlas/design/user/pnson/ATLAS_WORKING/DK/mem/SAFETY_WRAPPER/ln04lpa_a00_mc_rd2rs_hsr_lvt_32x138m2b1c1_wrapper_safety_sf129eadi1/ln04lpa_a00_mc_rd2rs_hsr_lvt_32x138m2b1c1_wrapper_safety_sf129eadi1.sv"", ""LineNumber"": ""833"", ""Statement"": "", .O_ERR_B (/*float*/)"", ""ModPortName"": ""O_ERR_B""}","{""Tag"": ""W287b"", ""Description"": ""Instance output port '[ModPortName]' is not connected"", ""Violation"": ""Lint:1020"", ""Goal"": ""BOS_LINT_RULE"", ""Module"": ""ln04lpa_a00_mc_rd2rs_hsr_lvt_32x138m2b1c1_wrapper_safety_data_decoder_st_ctrl"", ""FileName"": ""/storage/project/atlas/design/user/pnson/ATLAS_WORKING/DK/mem/SAFETY_WRAPPER/ln04lpa_a00_mc_rd2rs_hsr_lvt_32x138m2b1c1_wrapper_safety_sf129eadi1/ln04lpa_a00_mc_rd2rs_hsr_lvt_32x138m2b1c1_wrapper_safety_sf129eadi1.sv"", ""LineNumber"": ""833"", ""Statement"": ""    , .O_ERR_B   (/*float*/)"", ""ModPortName"": ""O_ERR_B""}"
W287b_d7be575aaff3,UNCHANGED,WAIVED,yes,W287b_800,output port is not connected warning,AUTO,,,,,PENDING,,W287b,warning,BOS_LINT_RULE,ln04lpa_a00_mc_rd2rs_hsr_lvt_32x138m2b1c1_wrapper_safety_data_decoder_st_ctrl,/storage/project/atlas/design/user/pnson/ATLAS_WORKING/DK/mem/SAFETY_WRAPPER/ln04lpa_a00_mc_rd2rs_hsr_lvt_32x138m2b1c1_wrapper_safety_sf129eadi1/ln04lpa_a00_mc_rd2rs_hsr_lvt_32x138m2b1c1_wrapper_safety_sf129eadi1.sv,842,,O_ERR_B,", .O_ERR_B (/*float*/)",Instance output port '[ModPortName]' is not connected,Lint:1021,waived,,,"{""Goal"": ""BOS_LINT_RULE"", ""Module"": ""ln04lpa_a00_mc_rd2rs_hsr_lvt_32x138m2b1c1_wrapper_safety_data_decoder_st_ctrl"", ""FileName"": ""/storage/project/atlas/design/user/pnson/ATLAS_WORKING/DK/mem/SAFETY_WRAPPER/ln04lpa_a00_mc_rd2rs_hsr_lvt_32x138m2b1c1_wrapper_safety_sf129eadi1/ln04lpa_a00_mc_rd2rs_hsr_lvt_32x138m2b1c1_wrapper_safety_sf129eadi1.sv"", ""LineNumber"": ""842"", ""Statement"": "", .O_ERR_B (/*float*/)"", ""ModPortName"": ""O_ERR_B""}","{""Tag"": ""W287b"", ""Description"": ""Instance output port '[ModPortName]' is not connected"", ""Violation"": ""Lint:1021"", ""Goal"": ""BOS_LINT_RULE"", ""Module"": ""ln04lpa_a00_mc_rd2rs_hsr_lvt_32x138m2b1c1_wrapper_safety_data_decoder_st_ctrl"", ""FileName"": ""/storage/project/atlas/design/user/pnson/ATLAS_WORKING/DK/mem/SAFETY_WRAPPER/ln04lpa_a00_mc_rd2rs_hsr_lvt_32x138m2b1c1_wrapper_safety_sf129eadi1/ln04lpa_a00_mc_rd2rs_hsr_lvt_32x138m2b1c1_wrapper_safety_sf129eadi1.sv"", ""LineNumber"": ""842"", ""Statement"": ""    , .O_ERR_B   (/*float*/)"", ""ModPortName"": ""O_ERR_B""}"
W287b_19f70ab8e7ad,UNCHANGED,WAIVED,yes,W287b_800,output port is not connected warning,AUTO,,,,,PENDING,,W287b,warning,BOS_LINT_RULE,ln04lpa_a00_mc_rd2rs_hsr_lvt_32x138m2b1c1_wrapper_safety_data_decoder_top_dcls,/storage/project/atlas/design/user/pnson/ATLAS_WORKING/DK/mem/SAFETY_WRAPPER/ln04lpa_a00_mc_rd2rs_hsr_lvt_32x138m2b1c1_wrapper_safety_sf129eadi1/ln04lpa_a00_mc_rd2rs_hsr_lvt_32x138m2b1c1_wrapper_safety_sf129eadi1.sv,1027,,ERR_DCLS_B,",.ERR_DCLS_B ( /*float*/ )",Instance output port '[ModPortName]' is not connected,Lint:1014,waived,,,"{""Goal"": ""BOS_LINT_RULE"", ""Module"": ""ln04lpa_a00_mc_rd2rs_hsr_lvt_32x138m2b1c1_wrapper_safety_data_decoder_top_dcls"", ""FileName"": ""/storage/project/atlas/design/user/pnson/ATLAS_WORKING/DK/mem/SAFETY_WRAPPER/ln04lpa_a00_mc_rd2rs_hsr_lvt_32x138m2b1c1_wrapper_safety_sf129eadi1/ln04lpa_a00_mc_rd2rs_hsr_lvt_32x138m2b1c1_wrapper_safety_sf129eadi1.sv"", ""LineNumber"": ""1027"", ""Statement"": "",.ERR_DCLS_B ( /*float*/ )"", ""ModPortName"": ""ERR_DCLS_B""}","{""Tag"": ""W287b"", ""Description"": ""Instance output port '[ModPortName]' is not connected"", ""Violation"": ""Lint:1014"", ""Goal"": ""BOS_LINT_RULE"", ""Module"": ""ln04lpa_a00_mc_rd2rs_hsr_lvt_32x138m2b1c1_wrapper_safety_data_decoder_top_dcls"", ""FileName"": ""/storage/project/atlas/design/user/pnson/ATLAS_WORKING/DK/mem/SAFETY_WRAPPER/ln04lpa_a00_mc_rd2rs_hsr_lvt_32x138m2b1c1_wrapper_safety_sf129eadi1/ln04lpa_a00_mc_rd2rs_hsr_lvt_32x138m2b1c1_wrapper_safety_sf129eadi1.sv"", ""LineNumber"": ""1027"", ""Statement"": ""    ,.ERR_DCLS_B   ( /*float*/ )"", ""ModPortName"": ""ERR_DCLS_B""}"
W362_0e943647f67d,UNCHANGED,WAIVED,yes,W362_786,"In for loop state, assign could be override.These cases are confirmed by designer.",AUTO,,,,,PENDING,,W362,warning,BOS_LINT_RULE,AESDMA_RD_DESC,/storage/project/atlas/design/user/pnson/ATLAS_WORKING/IP/AESDMA/RTL/AESDMA_CORE/AESDMA_RD_DESC.sv,274,:BOS_AESDMA:u_AESDMA_TOP@AESDMA_TOP_DCLS:u_aesdma_top@AESDMA_TOP:u_AESDMA_RD_DESC@AESDMA_RD_DESC,,w_arValid = ((r_rCnt + w_rdBurstLen) < I_RdFifo_EmptyCnt);,"For operator ([OpType]), left expression: ""[LHSExpr]"" width [LHS_Size] should match right expression: ""[RHSExpr]"" width [RHS_Size] [Hierarchy: '[HIERARCHY]']",Lint:782,waived,,,"{""Goal"": ""BOS_LINT_RULE"", ""Module"": ""AESDMA_RD_DESC"", ""FileName"": ""/storage/project/atlas/design/user/pnson/ATLAS_WORKING/IP/AESDMA/RTL/AESDMA_CORE/AESDMA_RD_DESC.sv"", ""LineNumber"": ""274"", ""Statement"": ""w_arValid = ((r_rCnt + w_rdBurstLen) < I_RdFifo_EmptyCnt);"", ""HIERARCHY"": "":BOS_AESDMA:u_AESDMA_TOP@AESDMA_TOP_DCLS:u_aesdma_top@AESDMA_TOP:u_AESDMA_RD_DESC@AESDMA_RD_DESC""}","{""Tag"": ""W362"", ""Description"": ""For operator ([OpType]), left expression: \""[LHSExpr]\"" width [LHS_Size] should match right expression: \""[RHSExpr]\"" width [RHS_Size] [Hierarchy: '[HIERARCHY]']"", ""Violation"": ""Lint:782"", ""Goal"": ""BOS_LINT_RULE"", ""Module"": ""AESDMA_RD_DESC"", ""FileName"": ""/storage/project/atlas/design/user/pnson/ATLAS_WORKING/IP/AESDMA/RTL/AESDMA_CORE/AESDMA_RD_DESC.sv"", ""LineNumber"": ""274"", ""Statement"": ""            w_arValid = ((r_rCnt + w_rdBurstLen) < I_RdFifo_EmptyCnt);"", ""OpType"": ""<"", ""LHSExpr"": ""(r_rCnt + w_rdBurstLen)"", ""LHS_Size"": ""7"", ""RHSExpr"": ""I_RdFifo_EmptyCnt"", ""RHS_Size"": ""6"", ""HIERARCHY"": "":BOS_AESDMA:u_AESDMA_TOP@AESDMA_TOP_DCLS:u_aesdma_top@AESDMA_TOP:u_AESDMA_RD_DESC@AESDMA_RD_DESC""}"
W362_607faeda4aa5,UNCHANGED,WAIVED,yes,W362_786,"In for loop state, assign could be override.These cases are confirmed by designer.",AUTO,,,,,PENDING,,W362,warning,BOS_LINT_RULE,AESDMA_REORDER_BUF,/storage/project/atlas/design/user/pnson/ATLAS_WORKING/IP/AESDMA/RTL/AESDMA_CORE/AESDMA_REORDER_BUF.sv,291,:BOS_AESDMA:u_AESDMA_TOP@AESDMA_TOP_DCLS:u_aesdma_top@AESDMA_TOP:u_AESDMA_RDCORE@AESDMA_RDCORE:u_AESDMA_REORDER_BUF@AESDMA_REORDER_BUF,,if (rd_table[i].done & ~cen_a & (addr_a == (rd_table[i].start_addr + rd_table[i].burst_len))),"For operator ([OpType]), left expression: ""[LHSExpr]"" width [LHS_Size] should match right expression: ""[RHSExpr]"" width [RHS_Size] [Hierarchy: '[HIERARCHY]']",Lint:795,waived,,,"{""Goal"": ""BOS_LINT_RULE"", ""Module"": ""AESDMA_REORDER_BUF"", ""FileName"": ""/storage/project/atlas/design/user/pnson/ATLAS_WORKING/IP/AESDMA/RTL/AESDMA_CORE/AESDMA_REORDER_BUF.sv"", ""LineNumber"": ""291"", ""Statement"": ""if (rd_table[i].done & ~cen_a & (addr_a == (rd_table[i].start_addr + rd_table[i].burst_len)))"", ""HIERARCHY"": "":BOS_AESDMA:u_AESDMA_TOP@AESDMA_TOP_DCLS:u_aesdma_top@AESDMA_TOP:u_AESDMA_RDCORE@AESDMA_RDCORE:u_AESDMA_REORDER_BUF@AESDMA_REORDER_BUF""}","{""Tag"": ""W362"", ""Description"": ""For operator ([OpType]), left expression: \""[LHSExpr]\"" width [LHS_Size] should match right expression: \""[RHSExpr]\"" width [RHS_Size] [Hierarchy: '[HIERARCHY]']"", ""Violation"": ""Lint:795"", ""Goal"": ""BOS_LINT_RULE"", ""Module"": ""AESDMA_REORDER_BUF"", ""FileName"": ""/storage/project/atlas/design/user/pnson/ATLAS_WORKING/IP/AESDMA/RTL/AESDMA_CORE/AESDMA_REORDER_BUF.sv"", ""LineNumber"": ""291"", ""Statement"": ""                if (rd_table[i].done & ~cen_a & (addr_a == (rd_table[i].start_addr + rd_table[i].burst_len)))"", ""OpType"": ""=="", ""LHSExpr"": ""addr_a"", ""LHS_Size"": ""9"", ""RHSExpr"": ""(rd_table[i].start_addr + rd_table[i].burst_len)"", ""RHS_Size"": ""10"", ""HIERARCHY"": "":BOS_AESDMA:u_AESDMA_TOP@AESDMA_TOP_DCLS:u_aesdma_top@AESDMA_TOP:u_AESDMA_RDCORE@AESDMA_RDCORE:u_AESDMA_REORDER_BUF@AESDMA_REORDER_BUF""}"
W362_4f7f527dae12,UNCHANGED,WAIVED,yes,W362_786,"In for loop state, assign could be override.These cases are confirmed by designer.",AUTO,,,,,PENDING,,W362,warning,BOS_LINT_RULE,AESDMA_WRCORE,/storage/project/atlas/design/user/pnson/ATLAS_WORKING/IP/AESDMA/RTL/AESDMA_CORE/AESDMA_WRCORE.sv,544,:BOS_AESDMA:u_AESDMA_TOP@AESDMA_TOP_DCLS:u_aesdma_top@AESDMA_TOP:u_AESDMA_WRCORE@AESDMA_WRCORE,,w_awValid = (w_dma_wr_fifo_fullcnt > (w_wrBurstLen + r_wCnt)) & (w_awid_valid | ~I_WrUniqueIdEn) & ((r_bCnt + 1) < MAX_PEND_BCNT) & ((r_wCnt + w_wrBurstLen) <= WRDMA_FIFO_DEPTH);,"For operator ([OpType]), left expression: ""[LHSExpr]"" width [LHS_Size] should match right expression: ""[RHSExpr]"" width [RHS_Size] [Hierarchy: '[HIERARCHY]']",Lint:804,waived,,,"{""Goal"": ""BOS_LINT_RULE"", ""Module"": ""AESDMA_WRCORE"", ""FileName"": ""/storage/project/atlas/design/user/pnson/ATLAS_WORKING/IP/AESDMA/RTL/AESDMA_CORE/AESDMA_WRCORE.sv"", ""LineNumber"": ""544"", ""Statement"": ""w_awValid = (w_dma_wr_fifo_fullcnt > (w_wrBurstLen + r_wCnt)) & (w_awid_valid | ~I_WrUniqueIdEn) & ((r_bCnt + 1) < MAX_PEND_BCNT) & ((r_wCnt + w_wrBurstLen) <= WRDMA_FIFO_DEPTH);"", ""HIERARCHY"": "":BOS_AESDMA:u_AESDMA_TOP@AESDMA_TOP_DCLS:u_aesdma_top@AESDMA_TOP:u_AESDMA_WRCORE@AESDMA_WRCORE""}","{""Tag"": ""W362"", ""Description"": ""For operator ([OpType]), left expression: \""[LHSExpr]\"" width [LHS_Size] should match right expression: \""[RHSExpr]\"" width [RHS_Size] [Hierarchy: '[HIERARCHY]']"", ""Violation"": ""Lint:804"", ""Goal"": ""BOS_LINT_RULE"", ""Module"": ""AESDMA_WRCORE"", ""FileName"": ""/storage/project/atlas/design/user/pnson/ATLAS_WORKING/IP/AESDMA/RTL/AESDMA_CORE/AESDMA_WRCORE.sv"", ""LineNumber"": ""544"", ""Statement"": ""            w_awValid = (w_dma_wr_fifo_fullcnt > (w_wrBurstLen + r_wCnt)) & (w_awid_valid | ~I_WrUniqueIdEn) & ((r_bCnt + 1) < MAX_PEND_BCNT) & ((r_wCnt + w_wrBurstLen) <= WRDMA_FIFO_DEPTH);"", ""OpType"": "">"", ""LHSExpr"": ""w_dma_wr_fifo_fullcnt"", ""LHS_Size"": ""6"", ""RHSExpr"": ""(w_wrBurstLen + r_wCnt)"", ""RHS_Size"": ""7"", ""HIERARCHY"": "":BOS_AESDMA:u_AESDMA_TOP@AESDMA_TOP_DCLS:u_aesdma_top@AESDMA_TOP:u_AESDMA_WRCORE@AESDMA_WRCORE""}"
W415a_c2c9d5360750,UNCHANGED,WAIVED,yes,W415a_787,"These are from combinationl logic with for loop state, which is overriding assign.",AUTO,,,,,PENDING,,W415a,warning,BOS_LINT_RULE,AESDMA_REORDER_BUF,/storage/project/atlas/design/user/pnson/ATLAS_WORKING/IP/AESDMA/RTL/AESDMA_CORE/AESDMA_REORDER_BUF.sv,204,:BOS_AESDMA:u_AESDMA_TOP@AESDMA_TOP_DCLS:u_aesdma_top@AESDMA_TOP:u_AESDMA_RDCORE@AESDMA_RDCORE:u_AESDMA_REORDER_BUF@AESDMA_REORDER_BUF,w_dest_table_id_min_idx,w_dest_table_id_min_idx = w_cur_ptr;,Signal [Signal] is being assigned multiple times ( assignment within same for-loop ) in same always block [Hierarchy: '[HIERARCHY]'],Lint:796,waived,,,"{""Goal"": ""BOS_LINT_RULE"", ""Module"": ""AESDMA_REORDER_BUF"", ""FileName"": ""/storage/project/atlas/design/user/pnson/ATLAS_WORKING/IP/AESDMA/RTL/AESDMA_CORE/AESDMA_REORDER_BUF.sv"", ""LineNumber"": ""204"", ""Statement"": ""w_dest_table_id_min_idx = w_cur_ptr;"", ""HIERARCHY"": "":BOS_AESDMA:u_AESDMA_TOP@AESDMA_TOP_DCLS:u_aesdma_top@AESDMA_TOP:u_AESDMA_RDCORE@AESDMA_RDCORE:u_AESDMA_REORDER_BUF@AESDMA_REORDER_BUF"", ""Signal"": ""w_dest_table_id_min_idx""}","{""Tag"": ""W415a"", ""Description"": ""Signal [Signal] is being assigned multiple times ( assignment within same for-loop ) in same always block [Hierarchy: '[HIERARCHY]']"", ""Violation"": ""Lint:796"", ""Goal"": ""BOS_LINT_RULE"", ""Module"": ""AESDMA_REORDER_BUF"", ""FileName"": ""/storage/project/atlas/design/user/pnson/ATLAS_WORKING/IP/AESDMA/RTL/AESDMA_CORE/AESDMA_REORDER_BUF.sv"", ""LineNumber"": ""204"", ""Statement"": ""            w_dest_table_id_min_idx = w_cur_ptr;"", ""Signal"": ""w_dest_table_id_min_idx"", ""HIERARCHY"": "":BOS_AESDMA:u_AESDMA_TOP@AESDMA_TOP_DCLS:u_aesdma_top@AESDMA_TOP:u_AESDMA_RDCORE@AESDMA_RDCORE:u_AESDMA_REORDER_BUF@AESDMA_REORDER_BUF""}"
W415a_d75bf97c4061,UNCHANGED,WAIVED,yes,W415a_787,"These are from combinationl logic with for loop state, which is overriding assign.",AUTO,,,,,PENDING,,W415a,warning,BOS_LINT_RULE,AESDMA_REORDER_BUF,/storage/project/atlas/design/user/pnson/ATLAS_WORKING/IP/AESDMA/RTL/AESDMA_CORE/AESDMA_REORDER_BUF.sv,205,:BOS_AESDMA:u_AESDMA_TOP@AESDMA_TOP_DCLS:u_aesdma_top@AESDMA_TOP:u_AESDMA_RDCORE@AESDMA_RDCORE:u_AESDMA_REORDER_BUF@AESDMA_REORDER_BUF,w_found_dest_table_id,w_found_dest_table_id = 1;,Signal [Signal] is being assigned multiple times ( assignment within same for-loop ) in same always block [Hierarchy: '[HIERARCHY]'],Lint:797,waived,,,"{""Goal"": ""BOS_LINT_RULE"", ""Module"": ""AESDMA_REORDER_BUF"", ""FileName"": ""/storage/project/atlas/design/user/pnson/ATLAS_WORKING/IP/AESDMA/RTL/AESDMA_CORE/AESDMA_REORDER_BUF.sv"", ""LineNumber"": ""205"", ""Statement"": ""w_found_dest_table_id = 1;"", ""HIERARCHY"": "":BOS_AESDMA:u_AESDMA_TOP@AESDMA_TOP_DCLS:u_aesdma_top@AESDMA_TOP:u_AESDMA_RDCORE@AESDMA_RDCORE:u_AESDMA_REORDER_BUF@AESDMA_REORDER_BUF"", ""Signal"": ""w_found_dest_table_id""}","{""Tag"": ""W415a"", ""Description"": ""Signal [Signal] is being assigned multiple times ( assignment within same for-loop ) in same always block [Hierarchy: '[HIERARCHY]']"", ""Violation"": ""Lint:797"", ""Goal"": ""BOS_LINT_RULE"", ""Module"": ""AESDMA_REORDER_BUF"", ""FileName"": ""/storage/project/atlas/design/user/pnson/ATLAS_WORKING/IP/AESDMA/RTL/AESDMA_CORE/AESDMA_REORDER_BUF.sv"", ""LineNumber"": ""205"", ""Statement"": ""            w_found_dest_table_id = 1;"", ""Signal"": ""w_found_dest_table_id"", ""HIERARCHY"": "":BOS_AESDMA:u_AESDMA_TOP@AESDMA_TOP_DCLS:u_aesdma_top@AESDMA_TOP:u_AESDMA_RDCORE@AESDMA_RDCORE:u_AESDMA_REORDER_BUF@AESDMA_REORDER_BUF""}"
W415a_3e39127be668,UNCHANGED,WAIVED,yes,W415a_787,"These are from combinationl logic with for loop state, which is overriding assign.",AUTO,,,,,PENDING,,W415a,warning,BOS_LINT_RULE,AESDMA_WRCORE,/storage/project/atlas/design/user/pnson/ATLAS_WORKING/IP/AESDMA/RTL/AESDMA_CORE/AESDMA_WRCORE.sv,381,:BOS_AESDMA:u_AESDMA_TOP@AESDMA_TOP_DCLS:u_aesdma_top@AESDMA_TOP:u_AESDMA_WRCORE@AESDMA_WRCORE MultiLine SgStmt,n_wLasts,n_wLasts = n_wLasts >> 1 ;,Signal [Signal] is being assigned multiple times ( previous assignment at line [CulpritLineNumber] ) in same always block [Hierarchy: '[HIERARCHY]'],Lint:805,waived,,,"{""Goal"": ""BOS_LINT_RULE"", ""Module"": ""AESDMA_WRCORE"", ""FileName"": ""/storage/project/atlas/design/user/pnson/ATLAS_WORKING/IP/AESDMA/RTL/AESDMA_CORE/AESDMA_WRCORE.sv"", ""LineNumber"": ""381"", ""Statement"": ""n_wLasts = n_wLasts >> 1 ;"", ""HIERARCHY"": "":BOS_AESDMA:u_AESDMA_TOP@AESDMA_TOP_DCLS:u_aesdma_top@AESDMA_TOP:u_AESDMA_WRCORE@AESDMA_WRCORE MultiLine SgStmt"", ""Signal"": ""n_wLasts""}","{""Tag"": ""W415a"", ""Description"": ""Signal [Signal] is being assigned multiple times ( previous assignment at line [CulpritLineNumber] ) in same always block [Hierarchy: '[HIERARCHY]']"", ""Violation"": ""Lint:805"", ""Goal"": ""BOS_LINT_RULE"", ""Module"": ""AESDMA_WRCORE"", ""FileName"": ""/storage/project/atlas/design/user/pnson/ATLAS_WORKING/IP/AESDMA/RTL/AESDMA_CORE/AESDMA_WRCORE.sv"", ""LineNumber"": ""381"", ""Statement"": ""        n_wLasts = n_wLasts >> 1 ;"", ""Signal"": ""n_wLasts"", ""CulpritLineNumber"": ""381"", ""HIERARCHY"": "":BOS_AESDMA:u_AESDMA_TOP@AESDMA_TOP_DCLS:u_aesdma_top@AESDMA_TOP:u_AESDMA_WRCORE@AESDMA_WRCORE\n  MultiLine\n    SgStmt"", ""HDL_STATEMENT"": ""        n_wLasts[(WFIFO_DATACNT_WIDTH)'(r_wCnt + O_AwLen)] = 1'b1;""}"
W528_a5f263eefaa3,UNCHANGED,WAIVED,yes,W528_825,output port is not connected warning,AUTO,,,,,PENDING,,W528,warning,BOS_LINT_RULE,AESDMA_AXIMUX_RD_2X1,/storage/project/atlas/design/user/pnson/ATLAS_WORKING/IP/AESDMA/RTL/AESDMA_CORE/AESDMA_AXIMUX_RD_2X1.v,96,:BOS_AESDMA:u_AESDMA_TOP@AESDMA_TOP_DCLS:u_aesdma_top@AESDMA_TOP:u_AESDMA_AXIMUX_RD_2X1@AESDMA_AXIMUX_RD_2X1,ar_grant[1],.O_GRANTED_AGENT (ar_grant ),Variable '[VariableName]'[ExprSize] set but not read.[Hierarchy: '[HIERARCHY]'],Lint:916,waived,,,"{""Goal"": ""BOS_LINT_RULE"", ""Module"": ""AESDMA_AXIMUX_RD_2X1"", ""FileName"": ""/storage/project/atlas/design/user/pnson/ATLAS_WORKING/IP/AESDMA/RTL/AESDMA_CORE/AESDMA_AXIMUX_RD_2X1.v"", ""LineNumber"": ""96"", ""Statement"": "".O_GRANTED_AGENT (ar_grant )"", ""HIERARCHY"": "":BOS_AESDMA:u_AESDMA_TOP@AESDMA_TOP_DCLS:u_aesdma_top@AESDMA_TOP:u_AESDMA_AXIMUX_RD_2X1@AESDMA_AXIMUX_RD_2X1"", ""VariableName"": ""ar_grant[1]""}","{""Tag"": ""W528"", ""Description"": ""Variable '[VariableName]'[ExprSize] set but not read.[Hierarchy: '[HIERARCHY]']"", ""Violation"": ""Lint:916"", ""Goal"": ""BOS_LINT_RULE"", ""Module"": ""AESDMA_AXIMUX_RD_2X1"", ""FileName"": ""/storage/project/atlas/design/user/pnson/ATLAS_WORKING/IP/AESDMA/RTL/AESDMA_CORE/AESDMA_AXIMUX_RD_2X1.v"", ""LineNumber"": ""96"", ""Statement"": ""    .O_GRANTED_AGENT    (ar_grant                       )"", ""VariableName"": ""ar_grant[1]"", ""ExprSize"": """", ""HIERARCHY"": "":BOS_AESDMA:u_AESDMA_TOP@AESDMA_TOP_DCLS:u_aesdma_top@AESDMA_TOP:u_AESDMA_AXIMUX_RD_2X1@AESDMA_AXIMUX_RD_2X1""}"
W528_b4ed262689fb,UNCHANGED,WAIVED,yes,W528_825,output port is not connected warning,AUTO,,,,,PENDING,,W528,warning,BOS_LINT_RULE,AESDMA_BD,/storage/project/atlas/design/user/pnson/ATLAS_WORKING/IP/AESDMA/RTL/AESDMA_CORE/AESDMA_BD.v,196,:BOS_AESDMA:u_AESDMA_TOP@AESDMA_TOP_DCLS:u_aesdma_top@AESDMA_TOP:u_AESDMA_BD@AESDMA_BD,"w_bd_fifo_mdata[479:449, 255:162, ...]",assign w_bd_fifo_mdata = ( bd_fifo_mvalid & bd_fifo_mready & ~r_bd_fifo_mvalid_mready_d1 )? bd_fifo_mdata : r_bd_fifo_mdata;,Variable '[VariableName]'[ExprSize] set but not read.[Hierarchy: '[HIERARCHY]'],Lint:913,waived,,,"{""Goal"": ""BOS_LINT_RULE"", ""Module"": ""AESDMA_BD"", ""FileName"": ""/storage/project/atlas/design/user/pnson/ATLAS_WORKING/IP/AESDMA/RTL/AESDMA_CORE/AESDMA_BD.v"", ""LineNumber"": ""196"", ""Statement"": ""assign w_bd_fifo_mdata = ( bd_fifo_mvalid & bd_fifo_mready & ~r_bd_fifo_mvalid_mready_d1 )? bd_fifo_mdata : r_bd_fifo_mdata;"", ""HIERARCHY"": "":BOS_AESDMA:u_AESDMA_TOP@AESDMA_TOP_DCLS:u_aesdma_top@AESDMA_TOP:u_AESDMA_BD@AESDMA_BD"", ""VariableName"": ""w_bd_fifo_mdata[479:449, 255:162, ...]""}","{""Tag"": ""W528"", ""Description"": ""Variable '[VariableName]'[ExprSize] set but not read.[Hierarchy: '[HIERARCHY]']"", ""Violation"": ""Lint:913"", ""Goal"": ""BOS_LINT_RULE"", ""Module"": ""AESDMA_BD"", ""FileName"": ""/storage/project/atlas/design/user/pnson/ATLAS_WORKING/IP/AESDMA/RTL/AESDMA_CORE/AESDMA_BD.v"", ""LineNumber"": ""196"", ""Statement"": ""assign  w_bd_fifo_mdata     = ( bd_fifo_mvalid & bd_fifo_mready & ~r_bd_fifo_mvalid_mready_d1 )? bd_fifo_mdata : r_bd_fifo_mdata;"", ""VariableName"": ""w_bd_fifo_mdata[479:449, 255:162, ...]"", ""ExprSize"": """", ""HIERARCHY"": "":BOS_AESDMA:u_AESDMA_TOP@AESDMA_TOP_DCLS:u_aesdma_top@AESDMA_TOP:u_AESDMA_BD@AESDMA_BD""}"
W528_0cc93ccf1b45,UNCHANGED,WAIVED,yes,W528_825,output port is not connected warning,AUTO,,,,,PENDING,,W528,warning,BOS_LINT_RULE,AESDMA_DATAGEN,/storage/project/atlas/design/user/pnson/ATLAS_WORKING/IP/AESDMA/RTL/AESDMA_CORE/AESDMA_DATAGEN.v,379,:BOS_AESDMA:u_AESDMA_TOP@AESDMA_TOP_DCLS:u_aesdma_top@AESDMA_TOP:u_AESDMA_DATAGEN@AESDMA_DATAGEN,w_crc_cal_ready,".O_CRC_CAL_READY ( w_crc_cal_ready ),",Variable '[VariableName]'[ExprSize] set but not read.[Hierarchy: '[HIERARCHY]'],Lint:937,waived,,,"{""Goal"": ""BOS_LINT_RULE"", ""Module"": ""AESDMA_DATAGEN"", ""FileName"": ""/storage/project/atlas/design/user/pnson/ATLAS_WORKING/IP/AESDMA/RTL/AESDMA_CORE/AESDMA_DATAGEN.v"", ""LineNumber"": ""379"", ""Statement"": "".O_CRC_CAL_READY ( w_crc_cal_ready ),"", ""HIERARCHY"": "":BOS_AESDMA:u_AESDMA_TOP@AESDMA_TOP_DCLS:u_aesdma_top@AESDMA_TOP:u_AESDMA_DATAGEN@AESDMA_DATAGEN"", ""VariableName"": ""w_crc_cal_ready""}","{""Tag"": ""W528"", ""Description"": ""Variable '[VariableName]'[ExprSize] set but not read.[Hierarchy: '[HIERARCHY]']"", ""Violation"": ""Lint:937"", ""Goal"": ""BOS_LINT_RULE"", ""Module"": ""AESDMA_DATAGEN"", ""FileName"": ""/storage/project/atlas/design/user/pnson/ATLAS_WORKING/IP/AESDMA/RTL/AESDMA_CORE/AESDMA_DATAGEN.v"", ""LineNumber"": ""379"", ""Statement"": ""    .O_CRC_CAL_READY    ( w_crc_cal_ready           ),"", ""VariableName"": ""w_crc_cal_ready"", ""ExprSize"": """", ""HIERARCHY"": "":BOS_AESDMA:u_AESDMA_TOP@AESDMA_TOP_DCLS:u_aesdma_top@AESDMA_TOP:u_AESDMA_DATAGEN@AESDMA_DATAGEN""}"
W528_c732596f77db,UNCHANGED,WAIVED,yes,W528_825,output port is not connected warning,AUTO,,,,,PENDING,,W528,warning,BOS_LINT_RULE,AESDMA_DOORBELL,/storage/project/atlas/design/user/pnson/ATLAS_WORKING/IP/AESDMA/RTL/AESDMA_CORE/AESDMA_DOORBELL.v,134,:BOS_AESDMA:u_AESDMA_TOP@AESDMA_TOP_DCLS:u_aesdma_top@AESDMA_TOP:u_AESDMA_DOORBELL@AESDMA_DOORBELL,r_BD_base_addr[127:44],r_BD_base_addr <= {BD_SIZE_IN_BIT{1'b0}};,Variable '[VariableName]'[ExprSize] set but not read.[Hierarchy: '[HIERARCHY]'],Lint:904,waived,,,"{""Goal"": ""BOS_LINT_RULE"", ""Module"": ""AESDMA_DOORBELL"", ""FileName"": ""/storage/project/atlas/design/user/pnson/ATLAS_WORKING/IP/AESDMA/RTL/AESDMA_CORE/AESDMA_DOORBELL.v"", ""LineNumber"": ""134"", ""Statement"": ""r_BD_base_addr <= {BD_SIZE_IN_BIT{1'b0}};"", ""HIERARCHY"": "":BOS_AESDMA:u_AESDMA_TOP@AESDMA_TOP_DCLS:u_aesdma_top@AESDMA_TOP:u_AESDMA_DOORBELL@AESDMA_DOORBELL"", ""VariableName"": ""r_BD_base_addr[127:44]""}","{""Tag"": ""W528"", ""Description"": ""Variable '[VariableName]'[ExprSize] set but not read.[Hierarchy: '[HIERARCHY]']"", ""Violation"": ""Lint:904"", ""Goal"": ""BOS_LINT_RULE"", ""Module"": ""AESDMA_DOORBELL"", ""FileName"": ""/storage/project/atlas/design/user/pnson/ATLAS_WORKING/IP/AESDMA/RTL/AESDMA_CORE/AESDMA_DOORBELL.v"", ""LineNumber"": ""134"", ""Statement"": ""        r_BD_base_addr <= {BD_SIZE_IN_BIT{1'b0}};"", ""VariableName"": ""r_BD_base_addr[127:44]"", ""ExprSize"": """", ""HIERARCHY"": "":BOS_AESDMA:u_AESDMA_TOP@AESDMA_TOP_DCLS:u_aesdma_top@AESDMA_TOP:u_AESDMA_DOORBELL@AESDMA_DOORBELL""}"
W528_e9f9bc686d5e,UNCHANGED,WAIVED,yes,W528_825,output port is not connected warning,AUTO,,,,,PENDING,,W528,warning,BOS_LINT_RULE,AESDMA_RDCORE,/storage/project/atlas/design/user/pnson/ATLAS_WORKING/IP/AESDMA/RTL/AESDMA_CORE/AESDMA_RDCORE.sv,269,:BOS_AESDMA:u_AESDMA_TOP@AESDMA_TOP_DCLS:u_aesdma_top@AESDMA_TOP:u_AESDMA_RDCORE@AESDMA_RDCORE,w_skip_rdLength_adj_R[3:0],assign w_skip_rdLength_adj_R = I_RdLen_R + I_RdStartAddr_R[ADDR_BASE_LSB-1:0];,Variable '[VariableName]'[ExprSize] set but not read.[Hierarchy: '[HIERARCHY]'],Lint:921,waived,,,"{""Goal"": ""BOS_LINT_RULE"", ""Module"": ""AESDMA_RDCORE"", ""FileName"": ""/storage/project/atlas/design/user/pnson/ATLAS_WORKING/IP/AESDMA/RTL/AESDMA_CORE/AESDMA_RDCORE.sv"", ""LineNumber"": ""269"", ""Statement"": ""assign w_skip_rdLength_adj_R = I_RdLen_R + I_RdStartAddr_R[ADDR_BASE_LSB-1:0];"", ""HIERARCHY"": "":BOS_AESDMA:u_AESDMA_TOP@AESDMA_TOP_DCLS:u_aesdma_top@AESDMA_TOP:u_AESDMA_RDCORE@AESDMA_RDCORE"", ""VariableName"": ""w_skip_rdLength_adj_R[3:0]""}","{""Tag"": ""W528"", ""Description"": ""Variable '[VariableName]'[ExprSize] set but not read.[Hierarchy: '[HIERARCHY]']"", ""Violation"": ""Lint:921"", ""Goal"": ""BOS_LINT_RULE"", ""Module"": ""AESDMA_RDCORE"", ""FileName"": ""/storage/project/atlas/design/user/pnson/ATLAS_WORKING/IP/AESDMA/RTL/AESDMA_CORE/AESDMA_RDCORE.sv"", ""LineNumber"": ""269"", ""Statement"": ""assign w_skip_rdLength_adj_R = I_RdLen_R + I_RdStartAddr_R[ADDR_BASE_LSB-1:0];"", ""VariableName"": ""w_skip_rdLength_adj_R[3:0]"", ""ExprSize"": """", ""HIERARCHY"": "":BOS_AESDMA:u_AESDMA_TOP@AESDMA_TOP_DCLS:u_aesdma_top@AESDMA_TOP:u_AESDMA_RDCORE@AESDMA_RDCORE""}"
W528_4a7cfb76e9a8,UNCHANGED,WAIVED,yes,W528_825,output port is not connected warning,AUTO,,,,,PENDING,,W528,warning,BOS_LINT_RULE,AESDMA_RDCORE,/storage/project/atlas/design/user/pnson/ATLAS_WORKING/IP/AESDMA/RTL/AESDMA_CORE/AESDMA_RDCORE.sv,337,:BOS_AESDMA:u_AESDMA_TOP@AESDMA_TOP_DCLS:u_aesdma_top@AESDMA_TOP:u_AESDMA_RDCORE@AESDMA_RDCORE,w_data_slot_available_flag,".O_Data_Slot_Available_Flag ( w_data_slot_available_flag ),",Variable '[VariableName]'[ExprSize] set but not read.[Hierarchy: '[HIERARCHY]'],Lint:920,waived,,,"{""Goal"": ""BOS_LINT_RULE"", ""Module"": ""AESDMA_RDCORE"", ""FileName"": ""/storage/project/atlas/design/user/pnson/ATLAS_WORKING/IP/AESDMA/RTL/AESDMA_CORE/AESDMA_RDCORE.sv"", ""LineNumber"": ""337"", ""Statement"": "".O_Data_Slot_Available_Flag ( w_data_slot_available_flag ),"", ""HIERARCHY"": "":BOS_AESDMA:u_AESDMA_TOP@AESDMA_TOP_DCLS:u_aesdma_top@AESDMA_TOP:u_AESDMA_RDCORE@AESDMA_RDCORE"", ""VariableName"": ""w_data_slot_available_flag""}","{""Tag"": ""W528"", ""Description"": ""Variable '[VariableName]'[ExprSize] set but not read.[Hierarchy: '[HIERARCHY]']"", ""Violation"": ""Lint:920"", ""Goal"": ""BOS_LINT_RULE"", ""Module"": ""AESDMA_RDCORE"", ""FileName"": ""/storage/project/atlas/design/user/pnson/ATLAS_WORKING/IP/AESDMA/RTL/AESDMA_CORE/AESDMA_RDCORE.sv"", ""LineNumber"": ""337"", ""Statement"": ""    .O_Data_Slot_Available_Flag     ( w_data_slot_available_flag     ),"", ""VariableName"": ""w_data_slot_available_flag"", ""ExprSize"": """", ""HIERARCHY"": "":BOS_AESDMA:u_AESDMA_TOP@AESDMA_TOP_DCLS:u_aesdma_top@AESDMA_TOP:u_AESDMA_RDCORE@AESDMA_RDCORE""}"
W528_c8e85da3f080,UNCHANGED,WAIVED,yes,W528_825,output port is not connected warning,AUTO,,,,,PENDING,,W528,warning,BOS_LINT_RULE,AESDMA_REORDER_BUF,/storage/project/atlas/design/user/pnson/ATLAS_WORKING/IP/AESDMA/RTL/AESDMA_CORE/AESDMA_REORDER_BUF.sv,212,:BOS_AESDMA:u_AESDMA_TOP@AESDMA_TOP_DCLS:u_aesdma_top@AESDMA_TOP:u_AESDMA_RDCORE@AESDMA_RDCORE:u_AESDMA_REORDER_BUF@AESDMA_REORDER_BUF,wpt_nxt_empty_table_id[4:0],assign wpt_nxt_empty_table_id = ((wpt_cur_empty_table_id + 1) == ARTABLE_DEPTH) ? 0 : (wpt_cur_empty_table_id + 1);,Variable '[VariableName]'[ExprSize] set but not read.[Hierarchy: '[HIERARCHY]'],Lint:924,waived,,,"{""Goal"": ""BOS_LINT_RULE"", ""Module"": ""AESDMA_REORDER_BUF"", ""FileName"": ""/storage/project/atlas/design/user/pnson/ATLAS_WORKING/IP/AESDMA/RTL/AESDMA_CORE/AESDMA_REORDER_BUF.sv"", ""LineNumber"": ""212"", ""Statement"": ""assign wpt_nxt_empty_table_id = ((wpt_cur_empty_table_id + 1) == ARTABLE_DEPTH) ? 0 : (wpt_cur_empty_table_id + 1);"", ""HIERARCHY"": "":BOS_AESDMA:u_AESDMA_TOP@AESDMA_TOP_DCLS:u_aesdma_top@AESDMA_TOP:u_AESDMA_RDCORE@AESDMA_RDCORE:u_AESDMA_REORDER_BUF@AESDMA_REORDER_BUF"", ""VariableName"": ""wpt_nxt_empty_table_id[4:0]""}","{""Tag"": ""W528"", ""Description"": ""Variable '[VariableName]'[ExprSize] set but not read.[Hierarchy: '[HIERARCHY]']"", ""Violation"": ""Lint:924"", ""Goal"": ""BOS_LINT_RULE"", ""Module"": ""AESDMA_REORDER_BUF"", ""FileName"": ""/storage/project/atlas/design/user/pnson/ATLAS_WORKING/IP/AESDMA/RTL/AESDMA_CORE/AESDMA_REORDER_BUF.sv"", ""LineNumber"": ""212"", ""Statement"": ""assign wpt_nxt_empty_table_id = ((wpt_cur_empty_table_id + 1) == ARTABLE_DEPTH) ? 0 : (wpt_cur_empty_table_id + 1);"", ""VariableName"": ""wpt_nxt_empty_table_id[4:0]"", ""ExprSize"": """", ""HIERARCHY"": "":BOS_AESDMA:u_AESDMA_TOP@AESDMA_TOP_DCLS:u_aesdma_top@AESDMA_TOP:u_AESDMA_RDCORE@AESDMA_RDCORE:u_AESDMA_REORDER_BUF@AESDMA_REORDER_BUF""}"
W528_c194021c6697,UNCHANGED,WAIVED,yes,W528_825,output port is not connected warning,AUTO,,,,,PENDING,,W528,warning,BOS_LINT_RULE,AESDMA_SYNC_FIFO_TPSRAM,/storage/project/atlas/design/user/pnson/ATLAS_WORKING/IP/AESDMA/RTL/AESDMA_CORE/AESDMA_SYNC_FIFO_TPSRAM.sv,246,:BOS_AESDMA:u_AESDMA_TOP@AESDMA_TOP_DCLS:u_aesdma_top@AESDMA_TOP:u_AESDMA_WRCORE@AESDMA_WRCORE:u_AESDMA_DMA_WR_FIFO@AESDMA_SYNC_FIFO_TPSRAM,w_regfifo_empty_cnt[1:0],".O_EMPTY_CNT ( w_regfifo_empty_cnt ),",Variable '[VariableName]'[ExprSize] set but not read.[Hierarchy: '[HIERARCHY]'],Lint:936,waived,,,"{""Goal"": ""BOS_LINT_RULE"", ""Module"": ""AESDMA_SYNC_FIFO_TPSRAM"", ""FileName"": ""/storage/project/atlas/design/user/pnson/ATLAS_WORKING/IP/AESDMA/RTL/AESDMA_CORE/AESDMA_SYNC_FIFO_TPSRAM.sv"", ""LineNumber"": ""246"", ""Statement"": "".O_EMPTY_CNT ( w_regfifo_empty_cnt ),"", ""HIERARCHY"": "":BOS_AESDMA:u_AESDMA_TOP@AESDMA_TOP_DCLS:u_aesdma_top@AESDMA_TOP:u_AESDMA_WRCORE@AESDMA_WRCORE:u_AESDMA_DMA_WR_FIFO@AESDMA_SYNC_FIFO_TPSRAM"", ""VariableName"": ""w_regfifo_empty_cnt[1:0]""}","{""Tag"": ""W528"", ""Description"": ""Variable '[VariableName]'[ExprSize] set but not read.[Hierarchy: '[HIERARCHY]']"", ""Violation"": ""Lint:936"", ""Goal"": ""BOS_LINT_RULE"", ""Module"": ""AESDMA_SYNC_FIFO_TPSRAM"", ""FileName"": ""/storage/project/atlas/design/user/pnson/ATLAS_WORKING/IP/AESDMA/RTL/AESDMA_CORE/AESDMA_SYNC_FIFO_TPSRAM.sv"", ""LineNumber"": ""246"", ""Statement"": ""       .O_EMPTY_CNT ( w_regfifo_empty_cnt    ),"", ""VariableName"": ""w_regfifo_empty_cnt[1:0]"", ""ExprSize"": """", ""HIERARCHY"": "":BOS_AESDMA:u_AESDMA_TOP@AESDMA_TOP_DCLS:u_aesdma_top@AESDMA_TOP:u_AESDMA_WRCORE@AESDMA_WRCORE:u_AESDMA_DMA_WR_FIFO@AESDMA_SYNC_FIFO_TPSRAM""}"
W528_58b377283fc5,UNCHANGED,WAIVED,yes,W528_825,output port is not connected warning,AUTO,,,,,PENDING,,W528,warning,BOS_LINT_RULE,AESDMA_SYNC_FIFO_TPSRAM,/storage/project/atlas/design/user/pnson/ATLAS_WORKING/IP/AESDMA/RTL/AESDMA_CORE/AESDMA_SYNC_FIFO_TPSRAM.sv,247,:BOS_AESDMA:u_AESDMA_TOP@AESDMA_TOP_DCLS:u_aesdma_top@AESDMA_TOP:u_AESDMA_WRCORE@AESDMA_WRCORE:u_AESDMA_DMA_WR_FIFO@AESDMA_SYNC_FIFO_TPSRAM,w_regfifo_full_cnt[1:0],.O_FULL_CNT ( w_regfifo_full_cnt ),Variable '[VariableName]'[ExprSize] set but not read.[Hierarchy: '[HIERARCHY]'],Lint:935,waived,,,"{""Goal"": ""BOS_LINT_RULE"", ""Module"": ""AESDMA_SYNC_FIFO_TPSRAM"", ""FileName"": ""/storage/project/atlas/design/user/pnson/ATLAS_WORKING/IP/AESDMA/RTL/AESDMA_CORE/AESDMA_SYNC_FIFO_TPSRAM.sv"", ""LineNumber"": ""247"", ""Statement"": "".O_FULL_CNT ( w_regfifo_full_cnt )"", ""HIERARCHY"": "":BOS_AESDMA:u_AESDMA_TOP@AESDMA_TOP_DCLS:u_aesdma_top@AESDMA_TOP:u_AESDMA_WRCORE@AESDMA_WRCORE:u_AESDMA_DMA_WR_FIFO@AESDMA_SYNC_FIFO_TPSRAM"", ""VariableName"": ""w_regfifo_full_cnt[1:0]""}","{""Tag"": ""W528"", ""Description"": ""Variable '[VariableName]'[ExprSize] set but not read.[Hierarchy: '[HIERARCHY]']"", ""Violation"": ""Lint:935"", ""Goal"": ""BOS_LINT_RULE"", ""Module"": ""AESDMA_SYNC_FIFO_TPSRAM"", ""FileName"": ""/storage/project/atlas/design/user/pnson/ATLAS_WORKING/IP/AESDMA/RTL/AESDMA_CORE/AESDMA_SYNC_FIFO_TPSRAM.sv"", ""LineNumber"": ""247"", ""Statement"": ""       .O_FULL_CNT  ( w_regfifo_full_cnt     )"", ""VariableName"": ""w_regfifo_full_cnt[1:0]"", ""ExprSize"": """", ""HIERARCHY"": "":BOS_AESDMA:u_AESDMA_TOP@AESDMA_TOP_DCLS:u_aesdma_top@AESDMA_TOP:u_AESDMA_WRCORE@AESDMA_WRCORE:u_AESDMA_DMA_WR_FIFO@AESDMA_SYNC_FIFO_TPSRAM""}"
W528_61291d06c89f,UNCHANGED,WAIVED,yes,W528_825,output port is not connected warning,AUTO,,,,,PENDING,,W528,warning,BOS_LINT_RULE,AESDMA_TOP,/storage/project/atlas/design/user/pnson/ATLAS_WORKING/IP/AESDMA/RTL/AESDMA_CORE/AESDMA_TOP.v,1026,:BOS_AESDMA:u_AESDMA_TOP@AESDMA_TOP_DCLS:u_aesdma_top@AESDMA_TOP,r_aesdma_done_tmp_for_gcm_ccm,r_aesdma_done_tmp_for_gcm_ccm <= 1'b0;,Variable '[VariableName]'[ExprSize] set but not read.[Hierarchy: '[HIERARCHY]'],Lint:871,waived,,,"{""Goal"": ""BOS_LINT_RULE"", ""Module"": ""AESDMA_TOP"", ""FileName"": ""/storage/project/atlas/design/user/pnson/ATLAS_WORKING/IP/AESDMA/RTL/AESDMA_CORE/AESDMA_TOP.v"", ""LineNumber"": ""1026"", ""Statement"": ""r_aesdma_done_tmp_for_gcm_ccm <= 1'b0;"", ""HIERARCHY"": "":BOS_AESDMA:u_AESDMA_TOP@AESDMA_TOP_DCLS:u_aesdma_top@AESDMA_TOP"", ""VariableName"": ""r_aesdma_done_tmp_for_gcm_ccm""}","{""Tag"": ""W528"", ""Description"": ""Variable '[VariableName]'[ExprSize] set but not read.[Hierarchy: '[HIERARCHY]']"", ""Violation"": ""Lint:871"", ""Goal"": ""BOS_LINT_RULE"", ""Module"": ""AESDMA_TOP"", ""FileName"": ""/storage/project/atlas/design/user/pnson/ATLAS_WORKING/IP/AESDMA/RTL/AESDMA_CORE/AESDMA_TOP.v"", ""LineNumber"": ""1026"", ""Statement"": ""        r_aesdma_done_tmp_for_gcm_ccm <= 1'b0;"", ""VariableName"": ""r_aesdma_done_tmp_for_gcm_ccm"", ""ExprSize"": """", ""HIERARCHY"": "":BOS_AESDMA:u_AESDMA_TOP@AESDMA_TOP_DCLS:u_aesdma_top@AESDMA_TOP""}"
W528_e856677b66a8,UNCHANGED,WAIVED,yes,W528_825,output port is not connected warning,AUTO,,,,,PENDING,,W528,warning,BOS_LINT_RULE,AESDMA_TOP,/storage/project/atlas/design/user/pnson/ATLAS_WORKING/IP/AESDMA/RTL/AESDMA_CORE/AESDMA_TOP.v,1056,:BOS_AESDMA:u_AESDMA_TOP@AESDMA_TOP_DCLS:u_aesdma_top@AESDMA_TOP,w_aesdma_wr_w_start_level,assign w_aesdma_wr_w_start_level = (r_cur_aesdma_w_st == S_AESDMA_W_START);,Variable '[VariableName]'[ExprSize] set but not read.[Hierarchy: '[HIERARCHY]'],Lint:881,waived,,,"{""Goal"": ""BOS_LINT_RULE"", ""Module"": ""AESDMA_TOP"", ""FileName"": ""/storage/project/atlas/design/user/pnson/ATLAS_WORKING/IP/AESDMA/RTL/AESDMA_CORE/AESDMA_TOP.v"", ""LineNumber"": ""1056"", ""Statement"": ""assign w_aesdma_wr_w_start_level = (r_cur_aesdma_w_st == S_AESDMA_W_START);"", ""HIERARCHY"": "":BOS_AESDMA:u_AESDMA_TOP@AESDMA_TOP_DCLS:u_aesdma_top@AESDMA_TOP"", ""VariableName"": ""w_aesdma_wr_w_start_level""}","{""Tag"": ""W528"", ""Description"": ""Variable '[VariableName]'[ExprSize] set but not read.[Hierarchy: '[HIERARCHY]']"", ""Violation"": ""Lint:881"", ""Goal"": ""BOS_LINT_RULE"", ""Module"": ""AESDMA_TOP"", ""FileName"": ""/storage/project/atlas/design/user/pnson/ATLAS_WORKING/IP/AESDMA/RTL/AESDMA_CORE/AESDMA_TOP.v"", ""LineNumber"": ""1056"", ""Statement"": ""assign w_aesdma_wr_w_start_level  = (r_cur_aesdma_w_st == S_AESDMA_W_START);"", ""VariableName"": ""w_aesdma_wr_w_start_level"", ""ExprSize"": """", ""HIERARCHY"": "":BOS_AESDMA:u_AESDMA_TOP@AESDMA_TOP_DCLS:u_aesdma_top@AESDMA_TOP""}"
W528_2587343f263d,UNCHANGED,WAIVED,yes,W528_825,output port is not connected warning,AUTO,,,,,PENDING,,W528,warning,BOS_LINT_RULE,AESDMA_TOP,/storage/project/atlas/design/user/pnson/ATLAS_WORKING/IP/AESDMA/RTL/AESDMA_CORE/AESDMA_TOP.v,1085,:BOS_AESDMA:u_AESDMA_TOP@AESDMA_TOP_DCLS:u_aesdma_top@AESDMA_TOP,r_axidma_wr_busy_Aw,r_axidma_wr_busy_Aw <= 1'b0;,Variable '[VariableName]'[ExprSize] set but not read.[Hierarchy: '[HIERARCHY]'],Lint:873,waived,,,"{""Goal"": ""BOS_LINT_RULE"", ""Module"": ""AESDMA_TOP"", ""FileName"": ""/storage/project/atlas/design/user/pnson/ATLAS_WORKING/IP/AESDMA/RTL/AESDMA_CORE/AESDMA_TOP.v"", ""LineNumber"": ""1085"", ""Statement"": ""r_axidma_wr_busy_Aw <= 1'b0;"", ""HIERARCHY"": "":BOS_AESDMA:u_AESDMA_TOP@AESDMA_TOP_DCLS:u_aesdma_top@AESDMA_TOP"", ""VariableName"": ""r_axidma_wr_busy_Aw""}","{""Tag"": ""W528"", ""Description"": ""Variable '[VariableName]'[ExprSize] set but not read.[Hierarchy: '[HIERARCHY]']"", ""Violation"": ""Lint:873"", ""Goal"": ""BOS_LINT_RULE"", ""Module"": ""AESDMA_TOP"", ""FileName"": ""/storage/project/atlas/design/user/pnson/ATLAS_WORKING/IP/AESDMA/RTL/AESDMA_CORE/AESDMA_TOP.v"", ""LineNumber"": ""1085"", ""Statement"": ""        r_axidma_wr_busy_Aw <= 1'b0;"", ""VariableName"": ""r_axidma_wr_busy_Aw"", ""ExprSize"": """", ""HIERARCHY"": "":BOS_AESDMA:u_AESDMA_TOP@AESDMA_TOP_DCLS:u_aesdma_top@AESDMA_TOP""}"
W528_8b0135c17f3b,UNCHANGED,WAIVED,yes,W528_825,output port is not connected warning,AUTO,,,,,PENDING,,W528,warning,BOS_LINT_RULE,AESDMA_TOP,/storage/project/atlas/design/user/pnson/ATLAS_WORKING/IP/AESDMA/RTL/AESDMA_CORE/AESDMA_TOP.v,1325,:BOS_AESDMA:u_AESDMA_TOP@AESDMA_TOP_DCLS:u_aesdma_top@AESDMA_TOP,w_axidma_2d_rd_ar_fifo_emptycnt[2:0],".O_EMPTY_CNT ( w_axidma_2d_rd_ar_fifo_emptycnt ),",Variable '[VariableName]'[ExprSize] set but not read.[Hierarchy: '[HIERARCHY]'],Lint:899,waived,,,"{""Goal"": ""BOS_LINT_RULE"", ""Module"": ""AESDMA_TOP"", ""FileName"": ""/storage/project/atlas/design/user/pnson/ATLAS_WORKING/IP/AESDMA/RTL/AESDMA_CORE/AESDMA_TOP.v"", ""LineNumber"": ""1325"", ""Statement"": "".O_EMPTY_CNT ( w_axidma_2d_rd_ar_fifo_emptycnt ),"", ""HIERARCHY"": "":BOS_AESDMA:u_AESDMA_TOP@AESDMA_TOP_DCLS:u_aesdma_top@AESDMA_TOP"", ""VariableName"": ""w_axidma_2d_rd_ar_fifo_emptycnt[2:0]""}","{""Tag"": ""W528"", ""Description"": ""Variable '[VariableName]'[ExprSize] set but not read.[Hierarchy: '[HIERARCHY]']"", ""Violation"": ""Lint:899"", ""Goal"": ""BOS_LINT_RULE"", ""Module"": ""AESDMA_TOP"", ""FileName"": ""/storage/project/atlas/design/user/pnson/ATLAS_WORKING/IP/AESDMA/RTL/AESDMA_CORE/AESDMA_TOP.v"", ""LineNumber"": ""1325"", ""Statement"": ""    .O_EMPTY_CNT                ( w_axidma_2d_rd_ar_fifo_emptycnt  ),"", ""VariableName"": ""w_axidma_2d_rd_ar_fifo_emptycnt[2:0]"", ""ExprSize"": """", ""HIERARCHY"": "":BOS_AESDMA:u_AESDMA_TOP@AESDMA_TOP_DCLS:u_aesdma_top@AESDMA_TOP""}"
W528_0e4cd3a9a184,UNCHANGED,WAIVED,yes,W528_825,output port is not connected warning,AUTO,,,,,PENDING,,W528,warning,BOS_LINT_RULE,AESDMA_TOP,/storage/project/atlas/design/user/pnson/ATLAS_WORKING/IP/AESDMA/RTL/AESDMA_CORE/AESDMA_TOP.v,1326,:BOS_AESDMA:u_AESDMA_TOP@AESDMA_TOP_DCLS:u_aesdma_top@AESDMA_TOP,w_axidma_2d_rd_ar_fifo_fullcnt[2:0],.O_FULL_CNT ( w_axidma_2d_rd_ar_fifo_fullcnt ),Variable '[VariableName]'[ExprSize] set but not read.[Hierarchy: '[HIERARCHY]'],Lint:898,waived,,,"{""Goal"": ""BOS_LINT_RULE"", ""Module"": ""AESDMA_TOP"", ""FileName"": ""/storage/project/atlas/design/user/pnson/ATLAS_WORKING/IP/AESDMA/RTL/AESDMA_CORE/AESDMA_TOP.v"", ""LineNumber"": ""1326"", ""Statement"": "".O_FULL_CNT ( w_axidma_2d_rd_ar_fifo_fullcnt )"", ""HIERARCHY"": "":BOS_AESDMA:u_AESDMA_TOP@AESDMA_TOP_DCLS:u_aesdma_top@AESDMA_TOP"", ""VariableName"": ""w_axidma_2d_rd_ar_fifo_fullcnt[2:0]""}","{""Tag"": ""W528"", ""Description"": ""Variable '[VariableName]'[ExprSize] set but not read.[Hierarchy: '[HIERARCHY]']"", ""Violation"": ""Lint:898"", ""Goal"": ""BOS_LINT_RULE"", ""Module"": ""AESDMA_TOP"", ""FileName"": ""/storage/project/atlas/design/user/pnson/ATLAS_WORKING/IP/AESDMA/RTL/AESDMA_CORE/AESDMA_TOP.v"", ""LineNumber"": ""1326"", ""Statement"": ""    .O_FULL_CNT                 ( w_axidma_2d_rd_ar_fifo_fullcnt   )"", ""VariableName"": ""w_axidma_2d_rd_ar_fifo_fullcnt[2:0]"", ""ExprSize"": """", ""HIERARCHY"": "":BOS_AESDMA:u_AESDMA_TOP@AESDMA_TOP_DCLS:u_aesdma_top@AESDMA_TOP""}"
W528_d8d768381286,UNCHANGED,WAIVED,yes,W528_825,output port is not connected warning,AUTO,,,,,PENDING,,W528,warning,BOS_LINT_RULE,AESDMA_TOP,/storage/project/atlas/design/user/pnson/ATLAS_WORKING/IP/AESDMA/RTL/AESDMA_CORE/AESDMA_TOP.v,1412,:BOS_AESDMA:u_AESDMA_TOP@AESDMA_TOP_DCLS:u_aesdma_top@AESDMA_TOP,w_axidma_cmdfifo_r_out_bdvalid,"assign {w_axidma_cmdfifo_r_out_bdvalid, w_axidma_cmdfifo_r_out_startsector, w_axidma_core_rd_r_start_addr, w_axidma_core_rd_r_length } = w_axidma_2d_rd_r_fifo_mdata;",Variable '[VariableName]'[ExprSize] set but not read.[Hierarchy: '[HIERARCHY]'],Lint:885,waived,,,"{""Goal"": ""BOS_LINT_RULE"", ""Module"": ""AESDMA_TOP"", ""FileName"": ""/storage/project/atlas/design/user/pnson/ATLAS_WORKING/IP/AESDMA/RTL/AESDMA_CORE/AESDMA_TOP.v"", ""LineNumber"": ""1412"", ""Statement"": ""assign {w_axidma_cmdfifo_r_out_bdvalid, w_axidma_cmdfifo_r_out_startsector, w_axidma_core_rd_r_start_addr, w_axidma_core_rd_r_length } = w_axidma_2d_rd_r_fifo_mdata;"", ""HIERARCHY"": "":BOS_AESDMA:u_AESDMA_TOP@AESDMA_TOP_DCLS:u_aesdma_top@AESDMA_TOP"", ""VariableName"": ""w_axidma_cmdfifo_r_out_bdvalid""}","{""Tag"": ""W528"", ""Description"": ""Variable '[VariableName]'[ExprSize] set but not read.[Hierarchy: '[HIERARCHY]']"", ""Violation"": ""Lint:885"", ""Goal"": ""BOS_LINT_RULE"", ""Module"": ""AESDMA_TOP"", ""FileName"": ""/storage/project/atlas/design/user/pnson/ATLAS_WORKING/IP/AESDMA/RTL/AESDMA_CORE/AESDMA_TOP.v"", ""LineNumber"": ""1412"", ""Statement"": ""assign {w_axidma_cmdfifo_r_out_bdvalid, w_axidma_cmdfifo_r_out_startsector, w_axidma_core_rd_r_start_addr, w_axidma_core_rd_r_length } = w_axidma_2d_rd_r_fifo_mdata;"", ""VariableName"": ""w_axidma_cmdfifo_r_out_bdvalid"", ""ExprSize"": """", ""HIERARCHY"": "":BOS_AESDMA:u_AESDMA_TOP@AESDMA_TOP_DCLS:u_aesdma_top@AESDMA_TOP""}"
W528_72917f98c340,UNCHANGED,WAIVED,yes,W528_825,output port is not connected warning,AUTO,,,,,PENDING,,W528,warning,BOS_LINT_RULE,AESDMA_TOP,/storage/project/atlas/design/user/pnson/ATLAS_WORKING/IP/AESDMA/RTL/AESDMA_CORE/AESDMA_TOP.v,1538,:BOS_AESDMA:u_AESDMA_TOP@AESDMA_TOP_DCLS:u_aesdma_top@AESDMA_TOP,w_axidma_2d_wr_aw_fifo_emptycnt[2:0],".O_EMPTY_CNT ( w_axidma_2d_wr_aw_fifo_emptycnt ),",Variable '[VariableName]'[ExprSize] set but not read.[Hierarchy: '[HIERARCHY]'],Lint:897,waived,,,"{""Goal"": ""BOS_LINT_RULE"", ""Module"": ""AESDMA_TOP"", ""FileName"": ""/storage/project/atlas/design/user/pnson/ATLAS_WORKING/IP/AESDMA/RTL/AESDMA_CORE/AESDMA_TOP.v"", ""LineNumber"": ""1538"", ""Statement"": "".O_EMPTY_CNT ( w_axidma_2d_wr_aw_fifo_emptycnt ),"", ""HIERARCHY"": "":BOS_AESDMA:u_AESDMA_TOP@AESDMA_TOP_DCLS:u_aesdma_top@AESDMA_TOP"", ""VariableName"": ""w_axidma_2d_wr_aw_fifo_emptycnt[2:0]""}","{""Tag"": ""W528"", ""Description"": ""Variable '[VariableName]'[ExprSize] set but not read.[Hierarchy: '[HIERARCHY]']"", ""Violation"": ""Lint:897"", ""Goal"": ""BOS_LINT_RULE"", ""Module"": ""AESDMA_TOP"", ""FileName"": ""/storage/project/atlas/design/user/pnson/ATLAS_WORKING/IP/AESDMA/RTL/AESDMA_CORE/AESDMA_TOP.v"", ""LineNumber"": ""1538"", ""Statement"": ""    .O_EMPTY_CNT                ( w_axidma_2d_wr_aw_fifo_emptycnt   ),"", ""VariableName"": ""w_axidma_2d_wr_aw_fifo_emptycnt[2:0]"", ""ExprSize"": """", ""HIERARCHY"": "":BOS_AESDMA:u_AESDMA_TOP@AESDMA_TOP_DCLS:u_aesdma_top@AESDMA_TOP""}"
W528_3d68dfa62ece,UNCHANGED,WAIVED,yes,W528_825,output port is not connected warning,AUTO,,,,,PENDING,,W528,warning,BOS_LINT_RULE,AESDMA_TOP,/storage/project/atlas/design/user/pnson/ATLAS_WORKING/IP/AESDMA/RTL/AESDMA_CORE/AESDMA_TOP.v,1539,:BOS_AESDMA:u_AESDMA_TOP@AESDMA_TOP_DCLS:u_aesdma_top@AESDMA_TOP,w_axidma_2d_wr_aw_fifo_fullcnt[2:0],.O_FULL_CNT ( w_axidma_2d_wr_aw_fifo_fullcnt ),Variable '[VariableName]'[ExprSize] set but not read.[Hierarchy: '[HIERARCHY]'],Lint:896,waived,,,"{""Goal"": ""BOS_LINT_RULE"", ""Module"": ""AESDMA_TOP"", ""FileName"": ""/storage/project/atlas/design/user/pnson/ATLAS_WORKING/IP/AESDMA/RTL/AESDMA_CORE/AESDMA_TOP.v"", ""LineNumber"": ""1539"", ""Statement"": "".O_FULL_CNT ( w_axidma_2d_wr_aw_fifo_fullcnt )"", ""HIERARCHY"": "":BOS_AESDMA:u_AESDMA_TOP@AESDMA_TOP_DCLS:u_aesdma_top@AESDMA_TOP"", ""VariableName"": ""w_axidma_2d_wr_aw_fifo_fullcnt[2:0]""}","{""Tag"": ""W528"", ""Description"": ""Variable '[VariableName]'[ExprSize] set but not read.[Hierarchy: '[HIERARCHY]']"", ""Violation"": ""Lint:896"", ""Goal"": ""BOS_LINT_RULE"", ""Module"": ""AESDMA_TOP"", ""FileName"": ""/storage/project/atlas/design/user/pnson/ATLAS_WORKING/IP/AESDMA/RTL/AESDMA_CORE/AESDMA_TOP.v"", ""LineNumber"": ""1539"", ""Statement"": ""    .O_FULL_CNT                 ( w_axidma_2d_wr_aw_fifo_fullcnt    )"", ""VariableName"": ""w_axidma_2d_wr_aw_fifo_fullcnt[2:0]"", ""ExprSize"": """", ""HIERARCHY"": "":BOS_AESDMA:u_AESDMA_TOP@AESDMA_TOP_DCLS:u_aesdma_top@AESDMA_TOP""}"
W528_674ca862327a,UNCHANGED,WAIVED,yes,W528_825,output port is not connected warning,AUTO,,,,,PENDING,,W528,warning,BOS_LINT_RULE,AESDMA_TOP,/storage/project/atlas/design/user/pnson/ATLAS_WORKING/IP/AESDMA/RTL/AESDMA_CORE/AESDMA_TOP.v,1564,:BOS_AESDMA:u_AESDMA_TOP@AESDMA_TOP_DCLS:u_aesdma_top@AESDMA_TOP,w_axidma_2d_wr_w_fifo_emptycnt[2:0],".O_EMPTY_CNT ( w_axidma_2d_wr_w_fifo_emptycnt),",Variable '[VariableName]'[ExprSize] set but not read.[Hierarchy: '[HIERARCHY]'],Lint:895,waived,,,"{""Goal"": ""BOS_LINT_RULE"", ""Module"": ""AESDMA_TOP"", ""FileName"": ""/storage/project/atlas/design/user/pnson/ATLAS_WORKING/IP/AESDMA/RTL/AESDMA_CORE/AESDMA_TOP.v"", ""LineNumber"": ""1564"", ""Statement"": "".O_EMPTY_CNT ( w_axidma_2d_wr_w_fifo_emptycnt),"", ""HIERARCHY"": "":BOS_AESDMA:u_AESDMA_TOP@AESDMA_TOP_DCLS:u_aesdma_top@AESDMA_TOP"", ""VariableName"": ""w_axidma_2d_wr_w_fifo_emptycnt[2:0]""}","{""Tag"": ""W528"", ""Description"": ""Variable '[VariableName]'[ExprSize] set but not read.[Hierarchy: '[HIERARCHY]']"", ""Violation"": ""Lint:895"", ""Goal"": ""BOS_LINT_RULE"", ""Module"": ""AESDMA_TOP"", ""FileName"": ""/storage/project/atlas/design/user/pnson/ATLAS_WORKING/IP/AESDMA/RTL/AESDMA_CORE/AESDMA_TOP.v"", ""LineNumber"": ""1564"", ""Statement"": ""    .O_EMPTY_CNT                ( w_axidma_2d_wr_w_fifo_emptycnt),"", ""VariableName"": ""w_axidma_2d_wr_w_fifo_emptycnt[2:0]"", ""ExprSize"": """", ""HIERARCHY"": "":BOS_AESDMA:u_AESDMA_TOP@AESDMA_TOP_DCLS:u_aesdma_top@AESDMA_TOP""}"
W528_c27e1ad6ab59,UNCHANGED,WAIVED,yes,W528_825,output port is not connected warning,AUTO,,,,,PENDING,,W528,warning,BOS_LINT_RULE,AESDMA_TOP,/storage/project/atlas/design/user/pnson/ATLAS_WORKING/IP/AESDMA/RTL/AESDMA_CORE/AESDMA_TOP.v,1642,:BOS_AESDMA:u_AESDMA_TOP@AESDMA_TOP_DCLS:u_aesdma_top@AESDMA_TOP,w_aesdma_aad_base_addr[63:44],".O_AAD_BASE_ADDR_HI_ADDR_HI ( w_aesdma_aad_base_addr[63:32]),",Variable '[VariableName]'[ExprSize] set but not read.[Hierarchy: '[HIERARCHY]'],Lint:901,waived,,,"{""Goal"": ""BOS_LINT_RULE"", ""Module"": ""AESDMA_TOP"", ""FileName"": ""/storage/project/atlas/design/user/pnson/ATLAS_WORKING/IP/AESDMA/RTL/AESDMA_CORE/AESDMA_TOP.v"", ""LineNumber"": ""1642"", ""Statement"": "".O_AAD_BASE_ADDR_HI_ADDR_HI ( w_aesdma_aad_base_addr[63:32]),"", ""HIERARCHY"": "":BOS_AESDMA:u_AESDMA_TOP@AESDMA_TOP_DCLS:u_aesdma_top@AESDMA_TOP"", ""VariableName"": ""w_aesdma_aad_base_addr[63:44]""}","{""Tag"": ""W528"", ""Description"": ""Variable '[VariableName]'[ExprSize] set but not read.[Hierarchy: '[HIERARCHY]']"", ""Violation"": ""Lint:901"", ""Goal"": ""BOS_LINT_RULE"", ""Module"": ""AESDMA_TOP"", ""FileName"": ""/storage/project/atlas/design/user/pnson/ATLAS_WORKING/IP/AESDMA/RTL/AESDMA_CORE/AESDMA_TOP.v"", ""LineNumber"": ""1642"", ""Statement"": ""    .O_AAD_BASE_ADDR_HI_ADDR_HI     ( w_aesdma_aad_base_addr[63:32]),"", ""VariableName"": ""w_aesdma_aad_base_addr[63:44]"", ""ExprSize"": """", ""HIERARCHY"": "":BOS_AESDMA:u_AESDMA_TOP@AESDMA_TOP_DCLS:u_aesdma_top@AESDMA_TOP""}"
W528_84d0fa6ff4aa,UNCHANGED,WAIVED,yes,W528_825,output port is not connected warning,AUTO,,,,,PENDING,,W528,warning,BOS_LINT_RULE,AESDMA_TOP,/storage/project/atlas/design/user/pnson/ATLAS_WORKING/IP/AESDMA/RTL/AESDMA_CORE/AESDMA_TOP.v,1671,:BOS_AESDMA:u_AESDMA_TOP@AESDMA_TOP_DCLS:u_aesdma_top@AESDMA_TOP,w_aesdma_nonce[127:104],".O_NONCE_VAL3_CUR_VAL ( w_aesdma_nonce[127:96] ),",Variable '[VariableName]'[ExprSize] set but not read.[Hierarchy: '[HIERARCHY]'],Lint:900,waived,,,"{""Goal"": ""BOS_LINT_RULE"", ""Module"": ""AESDMA_TOP"", ""FileName"": ""/storage/project/atlas/design/user/pnson/ATLAS_WORKING/IP/AESDMA/RTL/AESDMA_CORE/AESDMA_TOP.v"", ""LineNumber"": ""1671"", ""Statement"": "".O_NONCE_VAL3_CUR_VAL ( w_aesdma_nonce[127:96] ),"", ""HIERARCHY"": "":BOS_AESDMA:u_AESDMA_TOP@AESDMA_TOP_DCLS:u_aesdma_top@AESDMA_TOP"", ""VariableName"": ""w_aesdma_nonce[127:104]""}","{""Tag"": ""W528"", ""Description"": ""Variable '[VariableName]'[ExprSize] set but not read.[Hierarchy: '[HIERARCHY]']"", ""Violation"": ""Lint:900"", ""Goal"": ""BOS_LINT_RULE"", ""Module"": ""AESDMA_TOP"", ""FileName"": ""/storage/project/atlas/design/user/pnson/ATLAS_WORKING/IP/AESDMA/RTL/AESDMA_CORE/AESDMA_TOP.v"", ""LineNumber"": ""1671"", ""Statement"": ""    .O_NONCE_VAL3_CUR_VAL           ( w_aesdma_nonce[127:96]       ),"", ""VariableName"": ""w_aesdma_nonce[127:104]"", ""ExprSize"": """", ""HIERARCHY"": "":BOS_AESDMA:u_AESDMA_TOP@AESDMA_TOP_DCLS:u_aesdma_top@AESDMA_TOP""}"
W528_dd84826f5385,UNCHANGED,WAIVED,yes,W528_825,output port is not connected warning,AUTO,,,,,PENDING,,W528,warning,BOS_LINT_RULE,AESDMA_TOP,/storage/project/atlas/design/user/pnson/ATLAS_WORKING/IP/AESDMA/RTL/AESDMA_CORE/AESDMA_TOP.v,1695,:BOS_AESDMA:u_AESDMA_TOP@AESDMA_TOP_DCLS:u_aesdma_top@AESDMA_TOP,w_dma_src_addr[63:44],".O_DMA_SRC_ADDR_HI_ADDR_HI ( w_dma_src_addr[63:32] ),",Variable '[VariableName]'[ExprSize] set but not read.[Hierarchy: '[HIERARCHY]'],Lint:890,waived,,,"{""Goal"": ""BOS_LINT_RULE"", ""Module"": ""AESDMA_TOP"", ""FileName"": ""/storage/project/atlas/design/user/pnson/ATLAS_WORKING/IP/AESDMA/RTL/AESDMA_CORE/AESDMA_TOP.v"", ""LineNumber"": ""1695"", ""Statement"": "".O_DMA_SRC_ADDR_HI_ADDR_HI ( w_dma_src_addr[63:32] ),"", ""HIERARCHY"": "":BOS_AESDMA:u_AESDMA_TOP@AESDMA_TOP_DCLS:u_aesdma_top@AESDMA_TOP"", ""VariableName"": ""w_dma_src_addr[63:44]""}","{""Tag"": ""W528"", ""Description"": ""Variable '[VariableName]'[ExprSize] set but not read.[Hierarchy: '[HIERARCHY]']"", ""Violation"": ""Lint:890"", ""Goal"": ""BOS_LINT_RULE"", ""Module"": ""AESDMA_TOP"", ""FileName"": ""/storage/project/atlas/design/user/pnson/ATLAS_WORKING/IP/AESDMA/RTL/AESDMA_CORE/AESDMA_TOP.v"", ""LineNumber"": ""1695"", ""Statement"": ""    .O_DMA_SRC_ADDR_HI_ADDR_HI      ( w_dma_src_addr[63:32]        ),"", ""VariableName"": ""w_dma_src_addr[63:44]"", ""ExprSize"": """", ""HIERARCHY"": "":BOS_AESDMA:u_AESDMA_TOP@AESDMA_TOP_DCLS:u_aesdma_top@AESDMA_TOP""}"
W528_f720031bebda,UNCHANGED,WAIVED,yes,W528_825,output port is not connected warning,AUTO,,,,,PENDING,,W528,warning,BOS_LINT_RULE,AESDMA_TOP,/storage/project/atlas/design/user/pnson/ATLAS_WORKING/IP/AESDMA/RTL/AESDMA_CORE/AESDMA_TOP.v,1697,:BOS_AESDMA:u_AESDMA_TOP@AESDMA_TOP_DCLS:u_aesdma_top@AESDMA_TOP,w_dma_dest_addr[63:44],".O_DMA_DEST_ADDR_HI_ADDR_HI ( w_dma_dest_addr[63:32] ),",Variable '[VariableName]'[ExprSize] set but not read.[Hierarchy: '[HIERARCHY]'],Lint:891,waived,,,"{""Goal"": ""BOS_LINT_RULE"", ""Module"": ""AESDMA_TOP"", ""FileName"": ""/storage/project/atlas/design/user/pnson/ATLAS_WORKING/IP/AESDMA/RTL/AESDMA_CORE/AESDMA_TOP.v"", ""LineNumber"": ""1697"", ""Statement"": "".O_DMA_DEST_ADDR_HI_ADDR_HI ( w_dma_dest_addr[63:32] ),"", ""HIERARCHY"": "":BOS_AESDMA:u_AESDMA_TOP@AESDMA_TOP_DCLS:u_aesdma_top@AESDMA_TOP"", ""VariableName"": ""w_dma_dest_addr[63:44]""}","{""Tag"": ""W528"", ""Description"": ""Variable '[VariableName]'[ExprSize] set but not read.[Hierarchy: '[HIERARCHY]']"", ""Violation"": ""Lint:891"", ""Goal"": ""BOS_LINT_RULE"", ""Module"": ""AESDMA_TOP"", ""FileName"": ""/storage/project/atlas/design/user/pnson/ATLAS_WORKING/IP/AESDMA/RTL/AESDMA_CORE/AESDMA_TOP.v"", ""LineNumber"": ""1697"", ""Statement"": ""    .O_DMA_DEST_ADDR_HI_ADDR_HI     ( w_dma_dest_addr[63:32]       ),"", ""VariableName"": ""w_dma_dest_addr[63:44]"", ""ExprSize"": """", ""HIERARCHY"": "":BOS_AESDMA:u_AESDMA_TOP@AESDMA_TOP_DCLS:u_aesdma_top@AESDMA_TOP""}"
W528_f653a3d4959a,UNCHANGED,WAIVED,yes,W528_825,output port is not connected warning,AUTO,,,,,PENDING,,W528,warning,BOS_LINT_RULE,AESDMA_TOP,/storage/project/atlas/design/user/pnson/ATLAS_WORKING/IP/AESDMA/RTL/AESDMA_CORE/AESDMA_TOP.v,1700,:BOS_AESDMA:u_AESDMA_TOP@AESDMA_TOP_DCLS:u_aesdma_top@AESDMA_TOP,w_axidma_3d_mode_en,".O_DMA_CON2_DMA_3D_MODE_EN ( w_axidma_3d_mode_en ),",Variable '[VariableName]'[ExprSize] set but not read.[Hierarchy: '[HIERARCHY]'],Lint:883,waived,,,"{""Goal"": ""BOS_LINT_RULE"", ""Module"": ""AESDMA_TOP"", ""FileName"": ""/storage/project/atlas/design/user/pnson/ATLAS_WORKING/IP/AESDMA/RTL/AESDMA_CORE/AESDMA_TOP.v"", ""LineNumber"": ""1700"", ""Statement"": "".O_DMA_CON2_DMA_3D_MODE_EN ( w_axidma_3d_mode_en ),"", ""HIERARCHY"": "":BOS_AESDMA:u_AESDMA_TOP@AESDMA_TOP_DCLS:u_aesdma_top@AESDMA_TOP"", ""VariableName"": ""w_axidma_3d_mode_en""}","{""Tag"": ""W528"", ""Description"": ""Variable '[VariableName]'[ExprSize] set but not read.[Hierarchy: '[HIERARCHY]']"", ""Violation"": ""Lint:883"", ""Goal"": ""BOS_LINT_RULE"", ""Module"": ""AESDMA_TOP"", ""FileName"": ""/storage/project/atlas/design/user/pnson/ATLAS_WORKING/IP/AESDMA/RTL/AESDMA_CORE/AESDMA_TOP.v"", ""LineNumber"": ""1700"", ""Statement"": ""    .O_DMA_CON2_DMA_3D_MODE_EN      ( w_axidma_3d_mode_en          ),"", ""VariableName"": ""w_axidma_3d_mode_en"", ""ExprSize"": """", ""HIERARCHY"": "":BOS_AESDMA:u_AESDMA_TOP@AESDMA_TOP_DCLS:u_aesdma_top@AESDMA_TOP""}"
W528_7cf90dffca4c,UNCHANGED,WAIVED,yes,W528_825,output port is not connected warning,AUTO,,,,,PENDING,,W528,warning,BOS_LINT_RULE,AESDMA_TOP,/storage/project/atlas/design/user/pnson/ATLAS_WORKING/IP/AESDMA/RTL/AESDMA_CORE/AESDMA_TOP.v,1701,:BOS_AESDMA:u_AESDMA_TOP@AESDMA_TOP_DCLS:u_aesdma_top@AESDMA_TOP,w_axidma_2d_mode_en,".O_DMA_CON2_DMA_2D_MODE_EN ( w_axidma_2d_mode_en ),",Variable '[VariableName]'[ExprSize] set but not read.[Hierarchy: '[HIERARCHY]'],Lint:882,waived,,,"{""Goal"": ""BOS_LINT_RULE"", ""Module"": ""AESDMA_TOP"", ""FileName"": ""/storage/project/atlas/design/user/pnson/ATLAS_WORKING/IP/AESDMA/RTL/AESDMA_CORE/AESDMA_TOP.v"", ""LineNumber"": ""1701"", ""Statement"": "".O_DMA_CON2_DMA_2D_MODE_EN ( w_axidma_2d_mode_en ),"", ""HIERARCHY"": "":BOS_AESDMA:u_AESDMA_TOP@AESDMA_TOP_DCLS:u_aesdma_top@AESDMA_TOP"", ""VariableName"": ""w_axidma_2d_mode_en""}","{""Tag"": ""W528"", ""Description"": ""Variable '[VariableName]'[ExprSize] set but not read.[Hierarchy: '[HIERARCHY]']"", ""Violation"": ""Lint:882"", ""Goal"": ""BOS_LINT_RULE"", ""Module"": ""AESDMA_TOP"", ""FileName"": ""/storage/project/atlas/design/user/pnson/ATLAS_WORKING/IP/AESDMA/RTL/AESDMA_CORE/AESDMA_TOP.v"", ""LineNumber"": ""1701"", ""Statement"": ""    .O_DMA_CON2_DMA_2D_MODE_EN      ( w_axidma_2d_mode_en          ),"", ""VariableName"": ""w_axidma_2d_mode_en"", ""ExprSize"": """", ""HIERARCHY"": "":BOS_AESDMA:u_AESDMA_TOP@AESDMA_TOP_DCLS:u_aesdma_top@AESDMA_TOP""}"
W528_7d460a4bbad4,UNCHANGED,WAIVED,yes,W528_825,output port is not connected warning,AUTO,,,,,PENDING,,W528,warning,BOS_LINT_RULE,AESDMA_TOP,/storage/project/atlas/design/user/pnson/ATLAS_WORKING/IP/AESDMA/RTL/AESDMA_CORE/AESDMA_TOP.v,1715,:BOS_AESDMA:u_AESDMA_TOP@AESDMA_TOP_DCLS:u_aesdma_top@AESDMA_TOP,w_axidma_doorbell_base_addr[63:44],".O_DMA_BD_BASE_ADDR_HI_ADDR_HI ( w_axidma_doorbell_base_addr[63:32]),",Variable '[VariableName]'[ExprSize] set but not read.[Hierarchy: '[HIERARCHY]'],Lint:894,waived,,,"{""Goal"": ""BOS_LINT_RULE"", ""Module"": ""AESDMA_TOP"", ""FileName"": ""/storage/project/atlas/design/user/pnson/ATLAS_WORKING/IP/AESDMA/RTL/AESDMA_CORE/AESDMA_TOP.v"", ""LineNumber"": ""1715"", ""Statement"": "".O_DMA_BD_BASE_ADDR_HI_ADDR_HI ( w_axidma_doorbell_base_addr[63:32]),"", ""HIERARCHY"": "":BOS_AESDMA:u_AESDMA_TOP@AESDMA_TOP_DCLS:u_aesdma_top@AESDMA_TOP"", ""VariableName"": ""w_axidma_doorbell_base_addr[63:44]""}","{""Tag"": ""W528"", ""Description"": ""Variable '[VariableName]'[ExprSize] set but not read.[Hierarchy: '[HIERARCHY]']"", ""Violation"": ""Lint:894"", ""Goal"": ""BOS_LINT_RULE"", ""Module"": ""AESDMA_TOP"", ""FileName"": ""/storage/project/atlas/design/user/pnson/ATLAS_WORKING/IP/AESDMA/RTL/AESDMA_CORE/AESDMA_TOP.v"", ""LineNumber"": ""1715"", ""Statement"": ""    .O_DMA_BD_BASE_ADDR_HI_ADDR_HI  ( w_axidma_doorbell_base_addr[63:32]),"", ""VariableName"": ""w_axidma_doorbell_base_addr[63:44]"", ""ExprSize"": """", ""HIERARCHY"": "":BOS_AESDMA:u_AESDMA_TOP@AESDMA_TOP_DCLS:u_aesdma_top@AESDMA_TOP""}"
W528_2e2ca0bc47b8,UNCHANGED,WAIVED,yes,W528_825,output port is not connected warning,AUTO,,,,,PENDING,,W528,warning,BOS_LINT_RULE,AESDMA_TOP,/storage/project/atlas/design/user/pnson/ATLAS_WORKING/IP/AESDMA/RTL/AESDMA_CORE/AESDMA_TOP.v,1801,:BOS_AESDMA:u_AESDMA_TOP@AESDMA_TOP_DCLS:u_aesdma_top@AESDMA_TOP,r_axidma_doorbell_done,r_axidma_doorbell_done <= 1'b0;,Variable '[VariableName]'[ExprSize] set but not read.[Hierarchy: '[HIERARCHY]'],Lint:872,waived,,,"{""Goal"": ""BOS_LINT_RULE"", ""Module"": ""AESDMA_TOP"", ""FileName"": ""/storage/project/atlas/design/user/pnson/ATLAS_WORKING/IP/AESDMA/RTL/AESDMA_CORE/AESDMA_TOP.v"", ""LineNumber"": ""1801"", ""Statement"": ""r_axidma_doorbell_done <= 1'b0;"", ""HIERARCHY"": "":BOS_AESDMA:u_AESDMA_TOP@AESDMA_TOP_DCLS:u_aesdma_top@AESDMA_TOP"", ""VariableName"": ""r_axidma_doorbell_done""}","{""Tag"": ""W528"", ""Description"": ""Variable '[VariableName]'[ExprSize] set but not read.[Hierarchy: '[HIERARCHY]']"", ""Violation"": ""Lint:872"", ""Goal"": ""BOS_LINT_RULE"", ""Module"": ""AESDMA_TOP"", ""FileName"": ""/storage/project/atlas/design/user/pnson/ATLAS_WORKING/IP/AESDMA/RTL/AESDMA_CORE/AESDMA_TOP.v"", ""LineNumber"": ""1801"", ""Statement"": ""        r_axidma_doorbell_done <= 1'b0;"", ""VariableName"": ""r_axidma_doorbell_done"", ""ExprSize"": """", ""HIERARCHY"": "":BOS_AESDMA:u_AESDMA_TOP@AESDMA_TOP_DCLS:u_aesdma_top@AESDMA_TOP""}"
W528_4680bca2b7dc,UNCHANGED,WAIVED,yes,W528_825,output port is not connected warning,AUTO,,,,,PENDING,,W528,warning,BOS_LINT_RULE,AESDMA_TOP,/storage/project/atlas/design/user/pnson/ATLAS_WORKING/IP/AESDMA/RTL/AESDMA_CORE/AESDMA_TOP.v,1864,:BOS_AESDMA:u_AESDMA_TOP@AESDMA_TOP_DCLS:u_aesdma_top@AESDMA_TOP,w_axidma_bd_start_level_r,".O_DMA_StartLevel_R ( w_axidma_bd_start_level_r ),",Variable '[VariableName]'[ExprSize] set but not read.[Hierarchy: '[HIERARCHY]'],Lint:884,waived,,,"{""Goal"": ""BOS_LINT_RULE"", ""Module"": ""AESDMA_TOP"", ""FileName"": ""/storage/project/atlas/design/user/pnson/ATLAS_WORKING/IP/AESDMA/RTL/AESDMA_CORE/AESDMA_TOP.v"", ""LineNumber"": ""1864"", ""Statement"": "".O_DMA_StartLevel_R ( w_axidma_bd_start_level_r ),"", ""HIERARCHY"": "":BOS_AESDMA:u_AESDMA_TOP@AESDMA_TOP_DCLS:u_aesdma_top@AESDMA_TOP"", ""VariableName"": ""w_axidma_bd_start_level_r""}","{""Tag"": ""W528"", ""Description"": ""Variable '[VariableName]'[ExprSize] set but not read.[Hierarchy: '[HIERARCHY]']"", ""Violation"": ""Lint:884"", ""Goal"": ""BOS_LINT_RULE"", ""Module"": ""AESDMA_TOP"", ""FileName"": ""/storage/project/atlas/design/user/pnson/ATLAS_WORKING/IP/AESDMA/RTL/AESDMA_CORE/AESDMA_TOP.v"", ""LineNumber"": ""1864"", ""Statement"": ""    .O_DMA_StartLevel_R         ( w_axidma_bd_start_level_r    ),"", ""VariableName"": ""w_axidma_bd_start_level_r"", ""ExprSize"": """", ""HIERARCHY"": "":BOS_AESDMA:u_AESDMA_TOP@AESDMA_TOP_DCLS:u_aesdma_top@AESDMA_TOP""}"
W528_23b0e109299e,UNCHANGED,WAIVED,yes,W528_825,output port is not connected warning,AUTO,,,,,PENDING,,W528,warning,BOS_LINT_RULE,AESDMA_TOP,/storage/project/atlas/design/user/pnson/ATLAS_WORKING/IP/AESDMA/RTL/AESDMA_CORE/AESDMA_TOP.v,1916,:BOS_AESDMA:u_AESDMA_TOP@AESDMA_TOP_DCLS:u_aesdma_top@AESDMA_TOP,w_bd_RCntZero,".O_RdRCntZero ( w_bd_RCntZero ),",Variable '[VariableName]'[ExprSize] set but not read.[Hierarchy: '[HIERARCHY]'],Lint:888,waived,,,"{""Goal"": ""BOS_LINT_RULE"", ""Module"": ""AESDMA_TOP"", ""FileName"": ""/storage/project/atlas/design/user/pnson/ATLAS_WORKING/IP/AESDMA/RTL/AESDMA_CORE/AESDMA_TOP.v"", ""LineNumber"": ""1916"", ""Statement"": "".O_RdRCntZero ( w_bd_RCntZero ),"", ""HIERARCHY"": "":BOS_AESDMA:u_AESDMA_TOP@AESDMA_TOP_DCLS:u_aesdma_top@AESDMA_TOP"", ""VariableName"": ""w_bd_RCntZero""}","{""Tag"": ""W528"", ""Description"": ""Variable '[VariableName]'[ExprSize] set but not read.[Hierarchy: '[HIERARCHY]']"", ""Violation"": ""Lint:888"", ""Goal"": ""BOS_LINT_RULE"", ""Module"": ""AESDMA_TOP"", ""FileName"": ""/storage/project/atlas/design/user/pnson/ATLAS_WORKING/IP/AESDMA/RTL/AESDMA_CORE/AESDMA_TOP.v"", ""LineNumber"": ""1916"", ""Statement"": ""    .O_RdRCntZero               ( w_bd_RCntZero                ),"", ""VariableName"": ""w_bd_RCntZero"", ""ExprSize"": """", ""HIERARCHY"": "":BOS_AESDMA:u_AESDMA_TOP@AESDMA_TOP_DCLS:u_aesdma_top@AESDMA_TOP""}"
W528_7b06a89067e2,UNCHANGED,WAIVED,yes,W528_825,output port is not connected warning,AUTO,,,,,PENDING,,W528,warning,BOS_LINT_RULE,AESDMA_TOP,/storage/project/atlas/design/user/pnson/ATLAS_WORKING/IP/AESDMA/RTL/AESDMA_CORE/AESDMA_TOP.v,2038,:BOS_AESDMA:u_AESDMA_TOP@AESDMA_TOP_DCLS:u_aesdma_top@AESDMA_TOP,w_axidma_rd_ar_busy,assign w_axidma_rd_ar_busy = w_axidma_enabled & w_dma_rd_ar_busy;,Variable '[VariableName]'[ExprSize] set but not read.[Hierarchy: '[HIERARCHY]'],Lint:886,waived,,,"{""Goal"": ""BOS_LINT_RULE"", ""Module"": ""AESDMA_TOP"", ""FileName"": ""/storage/project/atlas/design/user/pnson/ATLAS_WORKING/IP/AESDMA/RTL/AESDMA_CORE/AESDMA_TOP.v"", ""LineNumber"": ""2038"", ""Statement"": ""assign w_axidma_rd_ar_busy = w_axidma_enabled & w_dma_rd_ar_busy;"", ""HIERARCHY"": "":BOS_AESDMA:u_AESDMA_TOP@AESDMA_TOP_DCLS:u_aesdma_top@AESDMA_TOP"", ""VariableName"": ""w_axidma_rd_ar_busy""}","{""Tag"": ""W528"", ""Description"": ""Variable '[VariableName]'[ExprSize] set but not read.[Hierarchy: '[HIERARCHY]']"", ""Violation"": ""Lint:886"", ""Goal"": ""BOS_LINT_RULE"", ""Module"": ""AESDMA_TOP"", ""FileName"": ""/storage/project/atlas/design/user/pnson/ATLAS_WORKING/IP/AESDMA/RTL/AESDMA_CORE/AESDMA_TOP.v"", ""LineNumber"": ""2038"", ""Statement"": ""assign w_axidma_rd_ar_busy        = w_axidma_enabled & w_dma_rd_ar_busy;"", ""VariableName"": ""w_axidma_rd_ar_busy"", ""ExprSize"": """", ""HIERARCHY"": "":BOS_AESDMA:u_AESDMA_TOP@AESDMA_TOP_DCLS:u_aesdma_top@AESDMA_TOP""}"
W528_78047697604d,UNCHANGED,WAIVED,yes,W528_825,output port is not connected warning,AUTO,,,,,PENDING,,W528,warning,BOS_LINT_RULE,AESDMA_TOP,/storage/project/atlas/design/user/pnson/ATLAS_WORKING/IP/AESDMA/RTL/AESDMA_CORE/AESDMA_TOP.v,2041,:BOS_AESDMA:u_AESDMA_TOP@AESDMA_TOP_DCLS:u_aesdma_top@AESDMA_TOP,w_aesdma_rd_ar_done,assign w_aesdma_rd_ar_done = (~w_axidma_enabled | w_bd_mode_aad_rd_ar_state ) & w_dma_rd_ar_done;,Variable '[VariableName]'[ExprSize] set but not read.[Hierarchy: '[HIERARCHY]'],Lint:875,waived,,,"{""Goal"": ""BOS_LINT_RULE"", ""Module"": ""AESDMA_TOP"", ""FileName"": ""/storage/project/atlas/design/user/pnson/ATLAS_WORKING/IP/AESDMA/RTL/AESDMA_CORE/AESDMA_TOP.v"", ""LineNumber"": ""2041"", ""Statement"": ""assign w_aesdma_rd_ar_done = (~w_axidma_enabled | w_bd_mode_aad_rd_ar_state ) & w_dma_rd_ar_done;"", ""HIERARCHY"": "":BOS_AESDMA:u_AESDMA_TOP@AESDMA_TOP_DCLS:u_aesdma_top@AESDMA_TOP"", ""VariableName"": ""w_aesdma_rd_ar_done""}","{""Tag"": ""W528"", ""Description"": ""Variable '[VariableName]'[ExprSize] set but not read.[Hierarchy: '[HIERARCHY]']"", ""Violation"": ""Lint:875"", ""Goal"": ""BOS_LINT_RULE"", ""Module"": ""AESDMA_TOP"", ""FileName"": ""/storage/project/atlas/design/user/pnson/ATLAS_WORKING/IP/AESDMA/RTL/AESDMA_CORE/AESDMA_TOP.v"", ""LineNumber"": ""2041"", ""Statement"": ""assign w_aesdma_rd_ar_done        = (~w_axidma_enabled | w_bd_mode_aad_rd_ar_state ) & w_dma_rd_ar_done;"", ""VariableName"": ""w_aesdma_rd_ar_done"", ""ExprSize"": """", ""HIERARCHY"": "":BOS_AESDMA:u_AESDMA_TOP@AESDMA_TOP_DCLS:u_aesdma_top@AESDMA_TOP""}"
W528_b8ce47044576,UNCHANGED,WAIVED,yes,W528_825,output port is not connected warning,AUTO,,,,,PENDING,,W528,warning,BOS_LINT_RULE,AESDMA_TOP,/storage/project/atlas/design/user/pnson/ATLAS_WORKING/IP/AESDMA/RTL/AESDMA_CORE/AESDMA_TOP.v,2042,:BOS_AESDMA:u_AESDMA_TOP@AESDMA_TOP_DCLS:u_aesdma_top@AESDMA_TOP,w_aesdma_rd_ar_busy,assign w_aesdma_rd_ar_busy = (~w_axidma_enabled | w_bd_mode_aad_rd_ar_state ) & w_dma_rd_ar_busy;,Variable '[VariableName]'[ExprSize] set but not read.[Hierarchy: '[HIERARCHY]'],Lint:874,waived,,,"{""Goal"": ""BOS_LINT_RULE"", ""Module"": ""AESDMA_TOP"", ""FileName"": ""/storage/project/atlas/design/user/pnson/ATLAS_WORKING/IP/AESDMA/RTL/AESDMA_CORE/AESDMA_TOP.v"", ""LineNumber"": ""2042"", ""Statement"": ""assign w_aesdma_rd_ar_busy = (~w_axidma_enabled | w_bd_mode_aad_rd_ar_state ) & w_dma_rd_ar_busy;"", ""HIERARCHY"": "":BOS_AESDMA:u_AESDMA_TOP@AESDMA_TOP_DCLS:u_aesdma_top@AESDMA_TOP"", ""VariableName"": ""w_aesdma_rd_ar_busy""}","{""Tag"": ""W528"", ""Description"": ""Variable '[VariableName]'[ExprSize] set but not read.[Hierarchy: '[HIERARCHY]']"", ""Violation"": ""Lint:874"", ""Goal"": ""BOS_LINT_RULE"", ""Module"": ""AESDMA_TOP"", ""FileName"": ""/storage/project/atlas/design/user/pnson/ATLAS_WORKING/IP/AESDMA/RTL/AESDMA_CORE/AESDMA_TOP.v"", ""LineNumber"": ""2042"", ""Statement"": ""assign w_aesdma_rd_ar_busy        = (~w_axidma_enabled | w_bd_mode_aad_rd_ar_state ) & w_dma_rd_ar_busy;"", ""VariableName"": ""w_aesdma_rd_ar_busy"", ""ExprSize"": """", ""HIERARCHY"": "":BOS_AESDMA:u_AESDMA_TOP@AESDMA_TOP_DCLS:u_aesdma_top@AESDMA_TOP""}"
W528_59cff70f23df,UNCHANGED,WAIVED,yes,W528_825,output port is not connected warning,AUTO,,,,,PENDING,,W528,warning,BOS_LINT_RULE,AESDMA_TOP,/storage/project/atlas/design/user/pnson/ATLAS_WORKING/IP/AESDMA/RTL/AESDMA_CORE/AESDMA_TOP.v,2050,:BOS_AESDMA:u_AESDMA_TOP@AESDMA_TOP_DCLS:u_aesdma_top@AESDMA_TOP,w_axidma_rd_r_busy,assign w_axidma_rd_r_busy = w_axidma_enabled & w_dma_rd_r_busy;,Variable '[VariableName]'[ExprSize] set but not read.[Hierarchy: '[HIERARCHY]'],Lint:887,waived,,,"{""Goal"": ""BOS_LINT_RULE"", ""Module"": ""AESDMA_TOP"", ""FileName"": ""/storage/project/atlas/design/user/pnson/ATLAS_WORKING/IP/AESDMA/RTL/AESDMA_CORE/AESDMA_TOP.v"", ""LineNumber"": ""2050"", ""Statement"": ""assign w_axidma_rd_r_busy = w_axidma_enabled & w_dma_rd_r_busy;"", ""HIERARCHY"": "":BOS_AESDMA:u_AESDMA_TOP@AESDMA_TOP_DCLS:u_aesdma_top@AESDMA_TOP"", ""VariableName"": ""w_axidma_rd_r_busy""}","{""Tag"": ""W528"", ""Description"": ""Variable '[VariableName]'[ExprSize] set but not read.[Hierarchy: '[HIERARCHY]']"", ""Violation"": ""Lint:887"", ""Goal"": ""BOS_LINT_RULE"", ""Module"": ""AESDMA_TOP"", ""FileName"": ""/storage/project/atlas/design/user/pnson/ATLAS_WORKING/IP/AESDMA/RTL/AESDMA_CORE/AESDMA_TOP.v"", ""LineNumber"": ""2050"", ""Statement"": ""assign w_axidma_rd_r_busy         = w_axidma_enabled & w_dma_rd_r_busy;"", ""VariableName"": ""w_axidma_rd_r_busy"", ""ExprSize"": """", ""HIERARCHY"": "":BOS_AESDMA:u_AESDMA_TOP@AESDMA_TOP_DCLS:u_aesdma_top@AESDMA_TOP""}"
W528_c62058268d0f,UNCHANGED,WAIVED,yes,W528_825,output port is not connected warning,AUTO,,,,,PENDING,,W528,warning,BOS_LINT_RULE,AESDMA_TOP,/storage/project/atlas/design/user/pnson/ATLAS_WORKING/IP/AESDMA/RTL/AESDMA_CORE/AESDMA_TOP.v,2053,:BOS_AESDMA:u_AESDMA_TOP@AESDMA_TOP_DCLS:u_aesdma_top@AESDMA_TOP,w_aesdma_rd_r_done,assign w_aesdma_rd_r_done = (~w_axidma_enabled | w_bd_mode_aad_rd_r_state ) & w_dma_rd_r_done;,Variable '[VariableName]'[ExprSize] set but not read.[Hierarchy: '[HIERARCHY]'],Lint:877,waived,,,"{""Goal"": ""BOS_LINT_RULE"", ""Module"": ""AESDMA_TOP"", ""FileName"": ""/storage/project/atlas/design/user/pnson/ATLAS_WORKING/IP/AESDMA/RTL/AESDMA_CORE/AESDMA_TOP.v"", ""LineNumber"": ""2053"", ""Statement"": ""assign w_aesdma_rd_r_done = (~w_axidma_enabled | w_bd_mode_aad_rd_r_state ) & w_dma_rd_r_done;"", ""HIERARCHY"": "":BOS_AESDMA:u_AESDMA_TOP@AESDMA_TOP_DCLS:u_aesdma_top@AESDMA_TOP"", ""VariableName"": ""w_aesdma_rd_r_done""}","{""Tag"": ""W528"", ""Description"": ""Variable '[VariableName]'[ExprSize] set but not read.[Hierarchy: '[HIERARCHY]']"", ""Violation"": ""Lint:877"", ""Goal"": ""BOS_LINT_RULE"", ""Module"": ""AESDMA_TOP"", ""FileName"": ""/storage/project/atlas/design/user/pnson/ATLAS_WORKING/IP/AESDMA/RTL/AESDMA_CORE/AESDMA_TOP.v"", ""LineNumber"": ""2053"", ""Statement"": ""assign w_aesdma_rd_r_done         = (~w_axidma_enabled | w_bd_mode_aad_rd_r_state ) & w_dma_rd_r_done;"", ""VariableName"": ""w_aesdma_rd_r_done"", ""ExprSize"": """", ""HIERARCHY"": "":BOS_AESDMA:u_AESDMA_TOP@AESDMA_TOP_DCLS:u_aesdma_top@AESDMA_TOP""}"
W528_5b491ab1bf21,UNCHANGED,WAIVED,yes,W528_825,output port is not connected warning,AUTO,,,,,PENDING,,W528,warning,BOS_LINT_RULE,AESDMA_TOP,/storage/project/atlas/design/user/pnson/ATLAS_WORKING/IP/AESDMA/RTL/AESDMA_CORE/AESDMA_TOP.v,2054,:BOS_AESDMA:u_AESDMA_TOP@AESDMA_TOP_DCLS:u_aesdma_top@AESDMA_TOP,w_aesdma_rd_r_busy,assign w_aesdma_rd_r_busy = (~w_axidma_enabled | w_bd_mode_aad_rd_r_state ) & w_dma_rd_r_busy;,Variable '[VariableName]'[ExprSize] set but not read.[Hierarchy: '[HIERARCHY]'],Lint:876,waived,,,"{""Goal"": ""BOS_LINT_RULE"", ""Module"": ""AESDMA_TOP"", ""FileName"": ""/storage/project/atlas/design/user/pnson/ATLAS_WORKING/IP/AESDMA/RTL/AESDMA_CORE/AESDMA_TOP.v"", ""LineNumber"": ""2054"", ""Statement"": ""assign w_aesdma_rd_r_busy = (~w_axidma_enabled | w_bd_mode_aad_rd_r_state ) & w_dma_rd_r_busy;"", ""HIERARCHY"": "":BOS_AESDMA:u_AESDMA_TOP@AESDMA_TOP_DCLS:u_aesdma_top@AESDMA_TOP"", ""VariableName"": ""w_aesdma_rd_r_busy""}","{""Tag"": ""W528"", ""Description"": ""Variable '[VariableName]'[ExprSize] set but not read.[Hierarchy: '[HIERARCHY]']"", ""Violation"": ""Lint:876"", ""Goal"": ""BOS_LINT_RULE"", ""Module"": ""AESDMA_TOP"", ""FileName"": ""/storage/project/atlas/design/user/pnson/ATLAS_WORKING/IP/AESDMA/RTL/AESDMA_CORE/AESDMA_TOP.v"", ""LineNumber"": ""2054"", ""Statement"": ""assign w_aesdma_rd_r_busy         = (~w_axidma_enabled | w_bd_mode_aad_rd_r_state ) & w_dma_rd_r_busy;"", ""VariableName"": ""w_aesdma_rd_r_busy"", ""ExprSize"": """", ""HIERARCHY"": "":BOS_AESDMA:u_AESDMA_TOP@AESDMA_TOP_DCLS:u_aesdma_top@AESDMA_TOP""}"
W528_1f0587c2ce4d,UNCHANGED,WAIVED,yes,W528_825,output port is not connected warning,AUTO,,,,,PENDING,,W528,warning,BOS_LINT_RULE,AESDMA_TOP,/storage/project/atlas/design/user/pnson/ATLAS_WORKING/IP/AESDMA/RTL/AESDMA_CORE/AESDMA_TOP.v,2150,:BOS_AESDMA:u_AESDMA_TOP@AESDMA_TOP_DCLS:u_aesdma_top@AESDMA_TOP,w_aesdma_wr_aw_done,assign w_aesdma_wr_aw_done = (~w_axidma_enabled) & w_dma_wr_aw_line_done;,Variable '[VariableName]'[ExprSize] set but not read.[Hierarchy: '[HIERARCHY]'],Lint:880,waived,,,"{""Goal"": ""BOS_LINT_RULE"", ""Module"": ""AESDMA_TOP"", ""FileName"": ""/storage/project/atlas/design/user/pnson/ATLAS_WORKING/IP/AESDMA/RTL/AESDMA_CORE/AESDMA_TOP.v"", ""LineNumber"": ""2150"", ""Statement"": ""assign w_aesdma_wr_aw_done = (~w_axidma_enabled) & w_dma_wr_aw_line_done;"", ""HIERARCHY"": "":BOS_AESDMA:u_AESDMA_TOP@AESDMA_TOP_DCLS:u_aesdma_top@AESDMA_TOP"", ""VariableName"": ""w_aesdma_wr_aw_done""}","{""Tag"": ""W528"", ""Description"": ""Variable '[VariableName]'[ExprSize] set but not read.[Hierarchy: '[HIERARCHY]']"", ""Violation"": ""Lint:880"", ""Goal"": ""BOS_LINT_RULE"", ""Module"": ""AESDMA_TOP"", ""FileName"": ""/storage/project/atlas/design/user/pnson/ATLAS_WORKING/IP/AESDMA/RTL/AESDMA_CORE/AESDMA_TOP.v"", ""LineNumber"": ""2150"", ""Statement"": ""assign w_aesdma_wr_aw_done          = (~w_axidma_enabled) & w_dma_wr_aw_line_done;"", ""VariableName"": ""w_aesdma_wr_aw_done"", ""ExprSize"": """", ""HIERARCHY"": "":BOS_AESDMA:u_AESDMA_TOP@AESDMA_TOP_DCLS:u_aesdma_top@AESDMA_TOP""}"
W528_e5be5f35321e,UNCHANGED,WAIVED,yes,W528_825,output port is not connected warning,AUTO,,,,,PENDING,,W528,warning,BOS_LINT_RULE,AESDMA_TOP,/storage/project/atlas/design/user/pnson/ATLAS_WORKING/IP/AESDMA/RTL/AESDMA_CORE/AESDMA_TOP.v,2151,:BOS_AESDMA:u_AESDMA_TOP@AESDMA_TOP_DCLS:u_aesdma_top@AESDMA_TOP,w_aesdma_wr_aw_busy,assign w_aesdma_wr_aw_busy = (~w_axidma_enabled) & w_dma_wr_aw_line_busy;,Variable '[VariableName]'[ExprSize] set but not read.[Hierarchy: '[HIERARCHY]'],Lint:878,waived,,,"{""Goal"": ""BOS_LINT_RULE"", ""Module"": ""AESDMA_TOP"", ""FileName"": ""/storage/project/atlas/design/user/pnson/ATLAS_WORKING/IP/AESDMA/RTL/AESDMA_CORE/AESDMA_TOP.v"", ""LineNumber"": ""2151"", ""Statement"": ""assign w_aesdma_wr_aw_busy = (~w_axidma_enabled) & w_dma_wr_aw_line_busy;"", ""HIERARCHY"": "":BOS_AESDMA:u_AESDMA_TOP@AESDMA_TOP_DCLS:u_aesdma_top@AESDMA_TOP"", ""VariableName"": ""w_aesdma_wr_aw_busy""}","{""Tag"": ""W528"", ""Description"": ""Variable '[VariableName]'[ExprSize] set but not read.[Hierarchy: '[HIERARCHY]']"", ""Violation"": ""Lint:878"", ""Goal"": ""BOS_LINT_RULE"", ""Module"": ""AESDMA_TOP"", ""FileName"": ""/storage/project/atlas/design/user/pnson/ATLAS_WORKING/IP/AESDMA/RTL/AESDMA_CORE/AESDMA_TOP.v"", ""LineNumber"": ""2151"", ""Statement"": ""assign w_aesdma_wr_aw_busy          = (~w_axidma_enabled) & w_dma_wr_aw_line_busy;"", ""VariableName"": ""w_aesdma_wr_aw_busy"", ""ExprSize"": """", ""HIERARCHY"": "":BOS_AESDMA:u_AESDMA_TOP@AESDMA_TOP_DCLS:u_aesdma_top@AESDMA_TOP""}"
W528_ea61c1878686,UNCHANGED,WAIVED,yes,W528_825,output port is not connected warning,AUTO,,,,,PENDING,,W528,warning,BOS_LINT_RULE,AESDMA_TOP,/storage/project/atlas/design/user/pnson/ATLAS_WORKING/IP/AESDMA/RTL/AESDMA_CORE/AESDMA_TOP.v,2152,:BOS_AESDMA:u_AESDMA_TOP@AESDMA_TOP_DCLS:u_aesdma_top@AESDMA_TOP,w_aesdma_wr_aw_cmdack,assign w_aesdma_wr_aw_cmdack = (~w_axidma_enabled) & w_dma_wr_aw_cmdack;,Variable '[VariableName]'[ExprSize] set but not read.[Hierarchy: '[HIERARCHY]'],Lint:879,waived,,,"{""Goal"": ""BOS_LINT_RULE"", ""Module"": ""AESDMA_TOP"", ""FileName"": ""/storage/project/atlas/design/user/pnson/ATLAS_WORKING/IP/AESDMA/RTL/AESDMA_CORE/AESDMA_TOP.v"", ""LineNumber"": ""2152"", ""Statement"": ""assign w_aesdma_wr_aw_cmdack = (~w_axidma_enabled) & w_dma_wr_aw_cmdack;"", ""HIERARCHY"": "":BOS_AESDMA:u_AESDMA_TOP@AESDMA_TOP_DCLS:u_aesdma_top@AESDMA_TOP"", ""VariableName"": ""w_aesdma_wr_aw_cmdack""}","{""Tag"": ""W528"", ""Description"": ""Variable '[VariableName]'[ExprSize] set but not read.[Hierarchy: '[HIERARCHY]']"", ""Violation"": ""Lint:879"", ""Goal"": ""BOS_LINT_RULE"", ""Module"": ""AESDMA_TOP"", ""FileName"": ""/storage/project/atlas/design/user/pnson/ATLAS_WORKING/IP/AESDMA/RTL/AESDMA_CORE/AESDMA_TOP.v"", ""LineNumber"": ""2152"", ""Statement"": ""assign w_aesdma_wr_aw_cmdack        = (~w_axidma_enabled) & w_dma_wr_aw_cmdack;"", ""VariableName"": ""w_aesdma_wr_aw_cmdack"", ""ExprSize"": """", ""HIERARCHY"": "":BOS_AESDMA:u_AESDMA_TOP@AESDMA_TOP_DCLS:u_aesdma_top@AESDMA_TOP""}"
W528_20cc58d4b134,UNCHANGED,WAIVED,yes,W528_825,output port is not connected warning,AUTO,,,,,PENDING,,W528,warning,BOS_LINT_RULE,AESDMA_TOP,/storage/project/atlas/design/user/pnson/ATLAS_WORKING/IP/AESDMA/RTL/AESDMA_CORE/AESDMA_TOP.v,2365,:BOS_AESDMA:u_AESDMA_TOP@AESDMA_TOP_DCLS:u_aesdma_top@AESDMA_TOP,w_bd_iv_fifo_sready,".O_SREADY ( w_bd_iv_fifo_sready ),",Variable '[VariableName]'[ExprSize] set but not read.[Hierarchy: '[HIERARCHY]'],Lint:889,waived,,,"{""Goal"": ""BOS_LINT_RULE"", ""Module"": ""AESDMA_TOP"", ""FileName"": ""/storage/project/atlas/design/user/pnson/ATLAS_WORKING/IP/AESDMA/RTL/AESDMA_CORE/AESDMA_TOP.v"", ""LineNumber"": ""2365"", ""Statement"": "".O_SREADY ( w_bd_iv_fifo_sready ),"", ""HIERARCHY"": "":BOS_AESDMA:u_AESDMA_TOP@AESDMA_TOP_DCLS:u_aesdma_top@AESDMA_TOP"", ""VariableName"": ""w_bd_iv_fifo_sready""}","{""Tag"": ""W528"", ""Description"": ""Variable '[VariableName]'[ExprSize] set but not read.[Hierarchy: '[HIERARCHY]']"", ""Violation"": ""Lint:889"", ""Goal"": ""BOS_LINT_RULE"", ""Module"": ""AESDMA_TOP"", ""FileName"": ""/storage/project/atlas/design/user/pnson/ATLAS_WORKING/IP/AESDMA/RTL/AESDMA_CORE/AESDMA_TOP.v"", ""LineNumber"": ""2365"", ""Statement"": ""    .O_SREADY        ( w_bd_iv_fifo_sready   ),"", ""VariableName"": ""w_bd_iv_fifo_sready"", ""ExprSize"": """", ""HIERARCHY"": "":BOS_AESDMA:u_AESDMA_TOP@AESDMA_TOP_DCLS:u_aesdma_top@AESDMA_TOP""}"
W528_9095e013af8a,UNCHANGED,WAIVED,yes,W528_825,output port is not connected warning,AUTO,,,,,PENDING,,W528,warning,BOS_LINT_RULE,AESDMA_TOP,/storage/project/atlas/design/user/pnson/ATLAS_WORKING/IP/AESDMA/RTL/AESDMA_CORE/AESDMA_TOP.v,2371,:BOS_AESDMA:u_AESDMA_TOP@AESDMA_TOP_DCLS:u_aesdma_top@AESDMA_TOP,w_bd_iv_fifo_empty_cnt[1:0],".O_EMPTY_CNT ( w_bd_iv_fifo_empty_cnt),",Variable '[VariableName]'[ExprSize] set but not read.[Hierarchy: '[HIERARCHY]'],Lint:893,waived,,,"{""Goal"": ""BOS_LINT_RULE"", ""Module"": ""AESDMA_TOP"", ""FileName"": ""/storage/project/atlas/design/user/pnson/ATLAS_WORKING/IP/AESDMA/RTL/AESDMA_CORE/AESDMA_TOP.v"", ""LineNumber"": ""2371"", ""Statement"": "".O_EMPTY_CNT ( w_bd_iv_fifo_empty_cnt),"", ""HIERARCHY"": "":BOS_AESDMA:u_AESDMA_TOP@AESDMA_TOP_DCLS:u_aesdma_top@AESDMA_TOP"", ""VariableName"": ""w_bd_iv_fifo_empty_cnt[1:0]""}","{""Tag"": ""W528"", ""Description"": ""Variable '[VariableName]'[ExprSize] set but not read.[Hierarchy: '[HIERARCHY]']"", ""Violation"": ""Lint:893"", ""Goal"": ""BOS_LINT_RULE"", ""Module"": ""AESDMA_TOP"", ""FileName"": ""/storage/project/atlas/design/user/pnson/ATLAS_WORKING/IP/AESDMA/RTL/AESDMA_CORE/AESDMA_TOP.v"", ""LineNumber"": ""2371"", ""Statement"": ""    .O_EMPTY_CNT     ( w_bd_iv_fifo_empty_cnt),"", ""VariableName"": ""w_bd_iv_fifo_empty_cnt[1:0]"", ""ExprSize"": """", ""HIERARCHY"": "":BOS_AESDMA:u_AESDMA_TOP@AESDMA_TOP_DCLS:u_aesdma_top@AESDMA_TOP""}"
W528_7b1d37aadd53,UNCHANGED,WAIVED,yes,W528_825,output port is not connected warning,AUTO,,,,,PENDING,,W528,warning,BOS_LINT_RULE,AESDMA_TOP,/storage/project/atlas/design/user/pnson/ATLAS_WORKING/IP/AESDMA/RTL/AESDMA_CORE/AESDMA_TOP.v,2372,:BOS_AESDMA:u_AESDMA_TOP@AESDMA_TOP_DCLS:u_aesdma_top@AESDMA_TOP,w_bd_iv_fifo_full_cnt[1:0],.O_FULL_CNT ( w_bd_iv_fifo_full_cnt ),Variable '[VariableName]'[ExprSize] set but not read.[Hierarchy: '[HIERARCHY]'],Lint:892,waived,,,"{""Goal"": ""BOS_LINT_RULE"", ""Module"": ""AESDMA_TOP"", ""FileName"": ""/storage/project/atlas/design/user/pnson/ATLAS_WORKING/IP/AESDMA/RTL/AESDMA_CORE/AESDMA_TOP.v"", ""LineNumber"": ""2372"", ""Statement"": "".O_FULL_CNT ( w_bd_iv_fifo_full_cnt )"", ""HIERARCHY"": "":BOS_AESDMA:u_AESDMA_TOP@AESDMA_TOP_DCLS:u_aesdma_top@AESDMA_TOP"", ""VariableName"": ""w_bd_iv_fifo_full_cnt[1:0]""}","{""Tag"": ""W528"", ""Description"": ""Variable '[VariableName]'[ExprSize] set but not read.[Hierarchy: '[HIERARCHY]']"", ""Violation"": ""Lint:892"", ""Goal"": ""BOS_LINT_RULE"", ""Module"": ""AESDMA_TOP"", ""FileName"": ""/storage/project/atlas/design/user/pnson/ATLAS_WORKING/IP/AESDMA/RTL/AESDMA_CORE/AESDMA_TOP.v"", ""LineNumber"": ""2372"", ""Statement"": ""    .O_FULL_CNT      ( w_bd_iv_fifo_full_cnt )"", ""VariableName"": ""w_bd_iv_fifo_full_cnt[1:0]"", ""ExprSize"": """", ""HIERARCHY"": "":BOS_AESDMA:u_AESDMA_TOP@AESDMA_TOP_DCLS:u_aesdma_top@AESDMA_TOP""}"
W528_e418e2f5e44f,UNCHANGED,WAIVED,yes,W528_825,output port is not connected warning,AUTO,,,,,PENDING,,W528,warning,BOS_LINT_RULE,AESDMA_TOP_DCLS,/storage/project/atlas/design/user/pnson/ATLAS_WORKING/IP/AESDMA/RTL/SAFETY/AESDMA_TOP_DCLS.v,118,:BOS_AESDMA:u_AESDMA_TOP@AESDMA_TOP_DCLS,w_unused_dcls_ctrl,assign w_unused_dcls_ctrl = FIERR_AESDMA_DCLS | ENERR_AESDMA_DCLS;,Variable '[VariableName]'[ExprSize] set but not read.[Hierarchy: '[HIERARCHY]'],Lint:862,waived,,,"{""Goal"": ""BOS_LINT_RULE"", ""Module"": ""AESDMA_TOP_DCLS"", ""FileName"": ""/storage/project/atlas/design/user/pnson/ATLAS_WORKING/IP/AESDMA/RTL/SAFETY/AESDMA_TOP_DCLS.v"", ""LineNumber"": ""118"", ""Statement"": ""assign w_unused_dcls_ctrl = FIERR_AESDMA_DCLS | ENERR_AESDMA_DCLS;"", ""HIERARCHY"": "":BOS_AESDMA:u_AESDMA_TOP@AESDMA_TOP_DCLS"", ""VariableName"": ""w_unused_dcls_ctrl""}","{""Tag"": ""W528"", ""Description"": ""Variable '[VariableName]'[ExprSize] set but not read.[Hierarchy: '[HIERARCHY]']"", ""Violation"": ""Lint:862"", ""Goal"": ""BOS_LINT_RULE"", ""Module"": ""AESDMA_TOP_DCLS"", ""FileName"": ""/storage/project/atlas/design/user/pnson/ATLAS_WORKING/IP/AESDMA/RTL/SAFETY/AESDMA_TOP_DCLS.v"", ""LineNumber"": ""118"", ""Statement"": ""assign w_unused_dcls_ctrl = FIERR_AESDMA_DCLS | ENERR_AESDMA_DCLS;"", ""VariableName"": ""w_unused_dcls_ctrl"", ""ExprSize"": """", ""HIERARCHY"": "":BOS_AESDMA:u_AESDMA_TOP@AESDMA_TOP_DCLS""}"
W528_556685082aa7,UNCHANGED,WAIVED,yes,W528_825,output port is not connected warning,AUTO,,,,,PENDING,,W528,warning,BOS_LINT_RULE,AESDMA_WRCORE,/storage/project/atlas/design/user/pnson/ATLAS_WORKING/IP/AESDMA/RTL/AESDMA_CORE/AESDMA_WRCORE.sv,811,:BOS_AESDMA:u_AESDMA_TOP@AESDMA_TOP_DCLS:u_aesdma_top@AESDMA_TOP:u_AESDMA_WRCORE@AESDMA_WRCORE,w_aw_w_fc_fifo_accept,".O_SREADY ( w_aw_w_fc_fifo_accept ),",Variable '[VariableName]'[ExprSize] set but not read.[Hierarchy: '[HIERARCHY]'],Lint:934,waived,,,"{""Goal"": ""BOS_LINT_RULE"", ""Module"": ""AESDMA_WRCORE"", ""FileName"": ""/storage/project/atlas/design/user/pnson/ATLAS_WORKING/IP/AESDMA/RTL/AESDMA_CORE/AESDMA_WRCORE.sv"", ""LineNumber"": ""811"", ""Statement"": "".O_SREADY ( w_aw_w_fc_fifo_accept ),"", ""HIERARCHY"": "":BOS_AESDMA:u_AESDMA_TOP@AESDMA_TOP_DCLS:u_aesdma_top@AESDMA_TOP:u_AESDMA_WRCORE@AESDMA_WRCORE"", ""VariableName"": ""w_aw_w_fc_fifo_accept""}","{""Tag"": ""W528"", ""Description"": ""Variable '[VariableName]'[ExprSize] set but not read.[Hierarchy: '[HIERARCHY]']"", ""Violation"": ""Lint:934"", ""Goal"": ""BOS_LINT_RULE"", ""Module"": ""AESDMA_WRCORE"", ""FileName"": ""/storage/project/atlas/design/user/pnson/ATLAS_WORKING/IP/AESDMA/RTL/AESDMA_CORE/AESDMA_WRCORE.sv"", ""LineNumber"": ""811"", ""Statement"": ""    .O_SREADY                   ( w_aw_w_fc_fifo_accept  ),"", ""VariableName"": ""w_aw_w_fc_fifo_accept"", ""ExprSize"": """", ""HIERARCHY"": "":BOS_AESDMA:u_AESDMA_TOP@AESDMA_TOP_DCLS:u_aesdma_top@AESDMA_TOP:u_AESDMA_WRCORE@AESDMA_WRCORE""}"
W528_590bbb685c2a,UNCHANGED,WAIVED,yes,W528_825,output port is not connected warning,AUTO,,,,,PENDING,,W528,warning,BOS_LINT_RULE,AES_CORE_dev,/storage/project/atlas/design/user/pnson/ATLAS_WORKING/IP/AESDMA/RTL/AES_CORE/AES_CORE_dev.v,810,:BOS_AESDMA:u_AESDMA_TOP@AESDMA_TOP_DCLS:u_aesdma_top@AESDMA_TOP:u_AES_CORE@AES_CORE_dev,w_ccm_ctr_selector_mdata,assign w_ccm_ctr_selector_mdata = r_ccm_ctr_valid_ctr - 1;,Variable '[VariableName]'[ExprSize] set but not read.[Hierarchy: '[HIERARCHY]'],Lint:946,waived,,,"{""Goal"": ""BOS_LINT_RULE"", ""Module"": ""AES_CORE_dev"", ""FileName"": ""/storage/project/atlas/design/user/pnson/ATLAS_WORKING/IP/AESDMA/RTL/AES_CORE/AES_CORE_dev.v"", ""LineNumber"": ""810"", ""Statement"": ""assign w_ccm_ctr_selector_mdata = r_ccm_ctr_valid_ctr - 1;"", ""HIERARCHY"": "":BOS_AESDMA:u_AESDMA_TOP@AESDMA_TOP_DCLS:u_aesdma_top@AESDMA_TOP:u_AES_CORE@AES_CORE_dev"", ""VariableName"": ""w_ccm_ctr_selector_mdata""}","{""Tag"": ""W528"", ""Description"": ""Variable '[VariableName]'[ExprSize] set but not read.[Hierarchy: '[HIERARCHY]']"", ""Violation"": ""Lint:946"", ""Goal"": ""BOS_LINT_RULE"", ""Module"": ""AES_CORE_dev"", ""FileName"": ""/storage/project/atlas/design/user/pnson/ATLAS_WORKING/IP/AESDMA/RTL/AES_CORE/AES_CORE_dev.v"", ""LineNumber"": ""810"", ""Statement"": ""assign w_ccm_ctr_selector_mdata = r_ccm_ctr_valid_ctr - 1;"", ""VariableName"": ""w_ccm_ctr_selector_mdata"", ""ExprSize"": """", ""HIERARCHY"": "":BOS_AESDMA:u_AESDMA_TOP@AESDMA_TOP_DCLS:u_aesdma_top@AESDMA_TOP:u_AES_CORE@AES_CORE_dev""}"
W528_9108be39e078,UNCHANGED,WAIVED,yes,W528_825,output port is not connected warning,AUTO,,,,,PENDING,,W528,warning,BOS_LINT_RULE,AES_CORE_dev,/storage/project/atlas/design/user/pnson/ATLAS_WORKING/IP/AESDMA/RTL/AES_CORE/AES_CORE_dev.v,915,:BOS_AESDMA:u_AESDMA_TOP@AESDMA_TOP_DCLS:u_aesdma_top@AESDMA_TOP:u_AES_CORE@AES_CORE_dev,gen_xts_gf[0].q_tmp,assign q_tmp = q - 1;,Variable '[VariableName]'[ExprSize] set but not read.[Hierarchy: '[HIERARCHY]'],Lint:949,waived,,,"{""Goal"": ""BOS_LINT_RULE"", ""Module"": ""AES_CORE_dev"", ""FileName"": ""/storage/project/atlas/design/user/pnson/ATLAS_WORKING/IP/AESDMA/RTL/AES_CORE/AES_CORE_dev.v"", ""LineNumber"": ""915"", ""Statement"": ""assign q_tmp = q - 1;"", ""HIERARCHY"": "":BOS_AESDMA:u_AESDMA_TOP@AESDMA_TOP_DCLS:u_aesdma_top@AESDMA_TOP:u_AES_CORE@AES_CORE_dev"", ""VariableName"": ""gen_xts_gf[0].q_tmp""}","{""Tag"": ""W528"", ""Description"": ""Variable '[VariableName]'[ExprSize] set but not read.[Hierarchy: '[HIERARCHY]']"", ""Violation"": ""Lint:949"", ""Goal"": ""BOS_LINT_RULE"", ""Module"": ""AES_CORE_dev"", ""FileName"": ""/storage/project/atlas/design/user/pnson/ATLAS_WORKING/IP/AESDMA/RTL/AES_CORE/AES_CORE_dev.v"", ""LineNumber"": ""915"", ""Statement"": ""        assign q_tmp = q - 1;"", ""VariableName"": ""gen_xts_gf[0].q_tmp"", ""ExprSize"": """", ""HIERARCHY"": "":BOS_AESDMA:u_AESDMA_TOP@AESDMA_TOP_DCLS:u_aesdma_top@AESDMA_TOP:u_AES_CORE@AES_CORE_dev""}"
W528_21f65bf98723,UNCHANGED,WAIVED,yes,W528_825,output port is not connected warning,AUTO,,,,,PENDING,,W528,warning,BOS_LINT_RULE,AES_CORE_dev,/storage/project/atlas/design/user/pnson/ATLAS_WORKING/IP/AESDMA/RTL/AES_CORE/AES_CORE_dev.v,994,:BOS_AESDMA:u_AESDMA_TOP@AESDMA_TOP_DCLS:u_aesdma_top@AESDMA_TOP:u_AES_CORE@AES_CORE_dev,w_nxt_cfb_sbyte_ctr_type_X_p_aes_core_cnt[3:0],assign w_nxt_cfb_sbyte_ctr_type_X_p_aes_core_cnt = r_cfb_sbyte_ctr[AES_BLK_BYTE_LEN_WD-1:0] + r_cfb_sbyte_ctr_type_X_p_aes_core_cnt;,Variable '[VariableName]'[ExprSize] set but not read.[Hierarchy: '[HIERARCHY]'],Lint:948,waived,,,"{""Goal"": ""BOS_LINT_RULE"", ""Module"": ""AES_CORE_dev"", ""FileName"": ""/storage/project/atlas/design/user/pnson/ATLAS_WORKING/IP/AESDMA/RTL/AES_CORE/AES_CORE_dev.v"", ""LineNumber"": ""994"", ""Statement"": ""assign w_nxt_cfb_sbyte_ctr_type_X_p_aes_core_cnt = r_cfb_sbyte_ctr[AES_BLK_BYTE_LEN_WD-1:0] + r_cfb_sbyte_ctr_type_X_p_aes_core_cnt;"", ""HIERARCHY"": "":BOS_AESDMA:u_AESDMA_TOP@AESDMA_TOP_DCLS:u_aesdma_top@AESDMA_TOP:u_AES_CORE@AES_CORE_dev"", ""VariableName"": ""w_nxt_cfb_sbyte_ctr_type_X_p_aes_core_cnt[3:0]""}","{""Tag"": ""W528"", ""Description"": ""Variable '[VariableName]'[ExprSize] set but not read.[Hierarchy: '[HIERARCHY]']"", ""Violation"": ""Lint:948"", ""Goal"": ""BOS_LINT_RULE"", ""Module"": ""AES_CORE_dev"", ""FileName"": ""/storage/project/atlas/design/user/pnson/ATLAS_WORKING/IP/AESDMA/RTL/AES_CORE/AES_CORE_dev.v"", ""LineNumber"": ""994"", ""Statement"": ""assign w_nxt_cfb_sbyte_ctr_type_X_p_aes_core_cnt = r_cfb_sbyte_ctr[AES_BLK_BYTE_LEN_WD-1:0] + r_cfb_sbyte_ctr_type_X_p_aes_core_cnt;"", ""VariableName"": ""w_nxt_cfb_sbyte_ctr_type_X_p_aes_core_cnt[3:0]"", ""ExprSize"": """", ""HIERARCHY"": "":BOS_AESDMA:u_AESDMA_TOP@AESDMA_TOP_DCLS:u_aesdma_top@AESDMA_TOP:u_AES_CORE@AES_CORE_dev""}"
W528_91fbf2a74d68,UNCHANGED,WAIVED,yes,W528_825,output port is not connected warning,AUTO,,,,,PENDING,,W528,warning,BOS_LINT_RULE,AES_CORE_dev,/storage/project/atlas/design/user/pnson/ATLAS_WORKING/IP/AESDMA/RTL/AES_CORE/AES_CORE_dev.v,1574,:BOS_AESDMA:u_AESDMA_TOP@AESDMA_TOP_DCLS:u_aesdma_top@AESDMA_TOP:u_AES_CORE@AES_CORE_dev,AES_CLUSTER_OP[9].AES_CORE_OP[0].r_input_first_round[127:120],r_input_first_round <= 128'h0;,Variable '[VariableName]'[ExprSize] set but not read.[Hierarchy: '[HIERARCHY]'],Lint:952,waived,,,"{""Goal"": ""BOS_LINT_RULE"", ""Module"": ""AES_CORE_dev"", ""FileName"": ""/storage/project/atlas/design/user/pnson/ATLAS_WORKING/IP/AESDMA/RTL/AES_CORE/AES_CORE_dev.v"", ""LineNumber"": ""1574"", ""Statement"": ""r_input_first_round <= 128'h0;"", ""HIERARCHY"": "":BOS_AESDMA:u_AESDMA_TOP@AESDMA_TOP_DCLS:u_aesdma_top@AESDMA_TOP:u_AES_CORE@AES_CORE_dev"", ""VariableName"": ""AES_CLUSTER_OP[9].AES_CORE_OP[0].r_input_first_round[127:120]""}","{""Tag"": ""W528"", ""Description"": ""Variable '[VariableName]'[ExprSize] set but not read.[Hierarchy: '[HIERARCHY]']"", ""Violation"": ""Lint:952"", ""Goal"": ""BOS_LINT_RULE"", ""Module"": ""AES_CORE_dev"", ""FileName"": ""/storage/project/atlas/design/user/pnson/ATLAS_WORKING/IP/AESDMA/RTL/AES_CORE/AES_CORE_dev.v"", ""LineNumber"": ""1574"", ""Statement"": ""                    r_input_first_round <= 128'h0;"", ""VariableName"": ""AES_CLUSTER_OP[9].AES_CORE_OP[0].r_input_first_round[127:120]"", ""ExprSize"": """", ""HIERARCHY"": "":BOS_AESDMA:u_AESDMA_TOP@AESDMA_TOP_DCLS:u_aesdma_top@AESDMA_TOP:u_AES_CORE@AES_CORE_dev""}"
W528_b13eaa73bdf4,UNCHANGED,WAIVED,yes,W528_825,output port is not connected warning,AUTO,,,,,PENDING,,W528,warning,BOS_LINT_RULE,AES_CORE_dev,/storage/project/atlas/design/user/pnson/ATLAS_WORKING/IP/AESDMA/RTL/AES_CORE/AES_CORE_dev.v,1574,:BOS_AESDMA:u_AESDMA_TOP@AESDMA_TOP_DCLS:u_aesdma_top@AESDMA_TOP:u_AES_CORE@AES_CORE_dev,AES_CLUSTER_OP[8].AES_CORE_OP[0].r_input_first_round[127:120],r_input_first_round <= 128'h0;,Variable '[VariableName]'[ExprSize] set but not read.[Hierarchy: '[HIERARCHY]'],Lint:955,waived,,,"{""Goal"": ""BOS_LINT_RULE"", ""Module"": ""AES_CORE_dev"", ""FileName"": ""/storage/project/atlas/design/user/pnson/ATLAS_WORKING/IP/AESDMA/RTL/AES_CORE/AES_CORE_dev.v"", ""LineNumber"": ""1574"", ""Statement"": ""r_input_first_round <= 128'h0;"", ""HIERARCHY"": "":BOS_AESDMA:u_AESDMA_TOP@AESDMA_TOP_DCLS:u_aesdma_top@AESDMA_TOP:u_AES_CORE@AES_CORE_dev"", ""VariableName"": ""AES_CLUSTER_OP[8].AES_CORE_OP[0].r_input_first_round[127:120]""}","{""Tag"": ""W528"", ""Description"": ""Variable '[VariableName]'[ExprSize] set but not read.[Hierarchy: '[HIERARCHY]']"", ""Violation"": ""Lint:955"", ""Goal"": ""BOS_LINT_RULE"", ""Module"": ""AES_CORE_dev"", ""FileName"": ""/storage/project/atlas/design/user/pnson/ATLAS_WORKING/IP/AESDMA/RTL/AES_CORE/AES_CORE_dev.v"", ""LineNumber"": ""1574"", ""Statement"": ""                    r_input_first_round <= 128'h0;"", ""VariableName"": ""AES_CLUSTER_OP[8].AES_CORE_OP[0].r_input_first_round[127:120]"", ""ExprSize"": """", ""HIERARCHY"": "":BOS_AESDMA:u_AESDMA_TOP@AESDMA_TOP_DCLS:u_aesdma_top@AESDMA_TOP:u_AES_CORE@AES_CORE_dev""}"
W528_71df5bc7f667,UNCHANGED,WAIVED,yes,W528_825,output port is not connected warning,AUTO,,,,,PENDING,,W528,warning,BOS_LINT_RULE,AES_CORE_dev,/storage/project/atlas/design/user/pnson/ATLAS_WORKING/IP/AESDMA/RTL/AES_CORE/AES_CORE_dev.v,1574,:BOS_AESDMA:u_AESDMA_TOP@AESDMA_TOP_DCLS:u_aesdma_top@AESDMA_TOP:u_AES_CORE@AES_CORE_dev,AES_CLUSTER_OP[7].AES_CORE_OP[0].r_input_first_round[127:120],r_input_first_round <= 128'h0;,Variable '[VariableName]'[ExprSize] set but not read.[Hierarchy: '[HIERARCHY]'],Lint:958,waived,,,"{""Goal"": ""BOS_LINT_RULE"", ""Module"": ""AES_CORE_dev"", ""FileName"": ""/storage/project/atlas/design/user/pnson/ATLAS_WORKING/IP/AESDMA/RTL/AES_CORE/AES_CORE_dev.v"", ""LineNumber"": ""1574"", ""Statement"": ""r_input_first_round <= 128'h0;"", ""HIERARCHY"": "":BOS_AESDMA:u_AESDMA_TOP@AESDMA_TOP_DCLS:u_aesdma_top@AESDMA_TOP:u_AES_CORE@AES_CORE_dev"", ""VariableName"": ""AES_CLUSTER_OP[7].AES_CORE_OP[0].r_input_first_round[127:120]""}","{""Tag"": ""W528"", ""Description"": ""Variable '[VariableName]'[ExprSize] set but not read.[Hierarchy: '[HIERARCHY]']"", ""Violation"": ""Lint:958"", ""Goal"": ""BOS_LINT_RULE"", ""Module"": ""AES_CORE_dev"", ""FileName"": ""/storage/project/atlas/design/user/pnson/ATLAS_WORKING/IP/AESDMA/RTL/AES_CORE/AES_CORE_dev.v"", ""LineNumber"": ""1574"", ""Statement"": ""                    r_input_first_round <= 128'h0;"", ""VariableName"": ""AES_CLUSTER_OP[7].AES_CORE_OP[0].r_input_first_round[127:120]"", ""ExprSize"": """", ""HIERARCHY"": "":BOS_AESDMA:u_AESDMA_TOP@AESDMA_TOP_DCLS:u_aesdma_top@AESDMA_TOP:u_AES_CORE@AES_CORE_dev""}"
W528_8974c8e45d5e,UNCHANGED,WAIVED,yes,W528_825,output port is not connected warning,AUTO,,,,,PENDING,,W528,warning,BOS_LINT_RULE,AES_CORE_dev,/storage/project/atlas/design/user/pnson/ATLAS_WORKING/IP/AESDMA/RTL/AES_CORE/AES_CORE_dev.v,1574,:BOS_AESDMA:u_AESDMA_TOP@AESDMA_TOP_DCLS:u_aesdma_top@AESDMA_TOP:u_AES_CORE@AES_CORE_dev,AES_CLUSTER_OP[6].AES_CORE_OP[0].r_input_first_round[127:120],r_input_first_round <= 128'h0;,Variable '[VariableName]'[ExprSize] set but not read.[Hierarchy: '[HIERARCHY]'],Lint:961,waived,,,"{""Goal"": ""BOS_LINT_RULE"", ""Module"": ""AES_CORE_dev"", ""FileName"": ""/storage/project/atlas/design/user/pnson/ATLAS_WORKING/IP/AESDMA/RTL/AES_CORE/AES_CORE_dev.v"", ""LineNumber"": ""1574"", ""Statement"": ""r_input_first_round <= 128'h0;"", ""HIERARCHY"": "":BOS_AESDMA:u_AESDMA_TOP@AESDMA_TOP_DCLS:u_aesdma_top@AESDMA_TOP:u_AES_CORE@AES_CORE_dev"", ""VariableName"": ""AES_CLUSTER_OP[6].AES_CORE_OP[0].r_input_first_round[127:120]""}","{""Tag"": ""W528"", ""Description"": ""Variable '[VariableName]'[ExprSize] set but not read.[Hierarchy: '[HIERARCHY]']"", ""Violation"": ""Lint:961"", ""Goal"": ""BOS_LINT_RULE"", ""Module"": ""AES_CORE_dev"", ""FileName"": ""/storage/project/atlas/design/user/pnson/ATLAS_WORKING/IP/AESDMA/RTL/AES_CORE/AES_CORE_dev.v"", ""LineNumber"": ""1574"", ""Statement"": ""                    r_input_first_round <= 128'h0;"", ""VariableName"": ""AES_CLUSTER_OP[6].AES_CORE_OP[0].r_input_first_round[127:120]"", ""ExprSize"": """", ""HIERARCHY"": "":BOS_AESDMA:u_AESDMA_TOP@AESDMA_TOP_DCLS:u_aesdma_top@AESDMA_TOP:u_AES_CORE@AES_CORE_dev""}"
W528_0963cd8ec0f8,UNCHANGED,WAIVED,yes,W528_825,output port is not connected warning,AUTO,,,,,PENDING,,W528,warning,BOS_LINT_RULE,AES_CORE_dev,/storage/project/atlas/design/user/pnson/ATLAS_WORKING/IP/AESDMA/RTL/AES_CORE/AES_CORE_dev.v,1574,:BOS_AESDMA:u_AESDMA_TOP@AESDMA_TOP_DCLS:u_aesdma_top@AESDMA_TOP:u_AES_CORE@AES_CORE_dev,AES_CLUSTER_OP[5].AES_CORE_OP[0].r_input_first_round[127:120],r_input_first_round <= 128'h0;,Variable '[VariableName]'[ExprSize] set but not read.[Hierarchy: '[HIERARCHY]'],Lint:964,waived,,,"{""Goal"": ""BOS_LINT_RULE"", ""Module"": ""AES_CORE_dev"", ""FileName"": ""/storage/project/atlas/design/user/pnson/ATLAS_WORKING/IP/AESDMA/RTL/AES_CORE/AES_CORE_dev.v"", ""LineNumber"": ""1574"", ""Statement"": ""r_input_first_round <= 128'h0;"", ""HIERARCHY"": "":BOS_AESDMA:u_AESDMA_TOP@AESDMA_TOP_DCLS:u_aesdma_top@AESDMA_TOP:u_AES_CORE@AES_CORE_dev"", ""VariableName"": ""AES_CLUSTER_OP[5].AES_CORE_OP[0].r_input_first_round[127:120]""}","{""Tag"": ""W528"", ""Description"": ""Variable '[VariableName]'[ExprSize] set but not read.[Hierarchy: '[HIERARCHY]']"", ""Violation"": ""Lint:964"", ""Goal"": ""BOS_LINT_RULE"", ""Module"": ""AES_CORE_dev"", ""FileName"": ""/storage/project/atlas/design/user/pnson/ATLAS_WORKING/IP/AESDMA/RTL/AES_CORE/AES_CORE_dev.v"", ""LineNumber"": ""1574"", ""Statement"": ""                    r_input_first_round <= 128'h0;"", ""VariableName"": ""AES_CLUSTER_OP[5].AES_CORE_OP[0].r_input_first_round[127:120]"", ""ExprSize"": """", ""HIERARCHY"": "":BOS_AESDMA:u_AESDMA_TOP@AESDMA_TOP_DCLS:u_aesdma_top@AESDMA_TOP:u_AES_CORE@AES_CORE_dev""}"
W528_6179ffdfd463,UNCHANGED,WAIVED,yes,W528_825,output port is not connected warning,AUTO,,,,,PENDING,,W528,warning,BOS_LINT_RULE,AES_CORE_dev,/storage/project/atlas/design/user/pnson/ATLAS_WORKING/IP/AESDMA/RTL/AES_CORE/AES_CORE_dev.v,1574,:BOS_AESDMA:u_AESDMA_TOP@AESDMA_TOP_DCLS:u_aesdma_top@AESDMA_TOP:u_AES_CORE@AES_CORE_dev,AES_CLUSTER_OP[4].AES_CORE_OP[0].r_input_first_round[127:120],r_input_first_round <= 128'h0;,Variable '[VariableName]'[ExprSize] set but not read.[Hierarchy: '[HIERARCHY]'],Lint:967,waived,,,"{""Goal"": ""BOS_LINT_RULE"", ""Module"": ""AES_CORE_dev"", ""FileName"": ""/storage/project/atlas/design/user/pnson/ATLAS_WORKING/IP/AESDMA/RTL/AES_CORE/AES_CORE_dev.v"", ""LineNumber"": ""1574"", ""Statement"": ""r_input_first_round <= 128'h0;"", ""HIERARCHY"": "":BOS_AESDMA:u_AESDMA_TOP@AESDMA_TOP_DCLS:u_aesdma_top@AESDMA_TOP:u_AES_CORE@AES_CORE_dev"", ""VariableName"": ""AES_CLUSTER_OP[4].AES_CORE_OP[0].r_input_first_round[127:120]""}","{""Tag"": ""W528"", ""Description"": ""Variable '[VariableName]'[ExprSize] set but not read.[Hierarchy: '[HIERARCHY]']"", ""Violation"": ""Lint:967"", ""Goal"": ""BOS_LINT_RULE"", ""Module"": ""AES_CORE_dev"", ""FileName"": ""/storage/project/atlas/design/user/pnson/ATLAS_WORKING/IP/AESDMA/RTL/AES_CORE/AES_CORE_dev.v"", ""LineNumber"": ""1574"", ""Statement"": ""                    r_input_first_round <= 128'h0;"", ""VariableName"": ""AES_CLUSTER_OP[4].AES_CORE_OP[0].r_input_first_round[127:120]"", ""ExprSize"": """", ""HIERARCHY"": "":BOS_AESDMA:u_AESDMA_TOP@AESDMA_TOP_DCLS:u_aesdma_top@AESDMA_TOP:u_AES_CORE@AES_CORE_dev""}"
W528_04eac0d420f9,UNCHANGED,WAIVED,yes,W528_825,output port is not connected warning,AUTO,,,,,PENDING,,W528,warning,BOS_LINT_RULE,AES_CORE_dev,/storage/project/atlas/design/user/pnson/ATLAS_WORKING/IP/AESDMA/RTL/AES_CORE/AES_CORE_dev.v,1574,:BOS_AESDMA:u_AESDMA_TOP@AESDMA_TOP_DCLS:u_aesdma_top@AESDMA_TOP:u_AES_CORE@AES_CORE_dev,AES_CLUSTER_OP[3].AES_CORE_OP[0].r_input_first_round[127:120],r_input_first_round <= 128'h0;,Variable '[VariableName]'[ExprSize] set but not read.[Hierarchy: '[HIERARCHY]'],Lint:970,waived,,,"{""Goal"": ""BOS_LINT_RULE"", ""Module"": ""AES_CORE_dev"", ""FileName"": ""/storage/project/atlas/design/user/pnson/ATLAS_WORKING/IP/AESDMA/RTL/AES_CORE/AES_CORE_dev.v"", ""LineNumber"": ""1574"", ""Statement"": ""r_input_first_round <= 128'h0;"", ""HIERARCHY"": "":BOS_AESDMA:u_AESDMA_TOP@AESDMA_TOP_DCLS:u_aesdma_top@AESDMA_TOP:u_AES_CORE@AES_CORE_dev"", ""VariableName"": ""AES_CLUSTER_OP[3].AES_CORE_OP[0].r_input_first_round[127:120]""}","{""Tag"": ""W528"", ""Description"": ""Variable '[VariableName]'[ExprSize] set but not read.[Hierarchy: '[HIERARCHY]']"", ""Violation"": ""Lint:970"", ""Goal"": ""BOS_LINT_RULE"", ""Module"": ""AES_CORE_dev"", ""FileName"": ""/storage/project/atlas/design/user/pnson/ATLAS_WORKING/IP/AESDMA/RTL/AES_CORE/AES_CORE_dev.v"", ""LineNumber"": ""1574"", ""Statement"": ""                    r_input_first_round <= 128'h0;"", ""VariableName"": ""AES_CLUSTER_OP[3].AES_CORE_OP[0].r_input_first_round[127:120]"", ""ExprSize"": """", ""HIERARCHY"": "":BOS_AESDMA:u_AESDMA_TOP@AESDMA_TOP_DCLS:u_aesdma_top@AESDMA_TOP:u_AES_CORE@AES_CORE_dev""}"
W528_368a8bf08713,UNCHANGED,WAIVED,yes,W528_825,output port is not connected warning,AUTO,,,,,PENDING,,W528,warning,BOS_LINT_RULE,AES_CORE_dev,/storage/project/atlas/design/user/pnson/ATLAS_WORKING/IP/AESDMA/RTL/AES_CORE/AES_CORE_dev.v,1574,:BOS_AESDMA:u_AESDMA_TOP@AESDMA_TOP_DCLS:u_aesdma_top@AESDMA_TOP:u_AES_CORE@AES_CORE_dev,AES_CLUSTER_OP[2].AES_CORE_OP[0].r_input_first_round[127:120],r_input_first_round <= 128'h0;,Variable '[VariableName]'[ExprSize] set but not read.[Hierarchy: '[HIERARCHY]'],Lint:973,waived,,,"{""Goal"": ""BOS_LINT_RULE"", ""Module"": ""AES_CORE_dev"", ""FileName"": ""/storage/project/atlas/design/user/pnson/ATLAS_WORKING/IP/AESDMA/RTL/AES_CORE/AES_CORE_dev.v"", ""LineNumber"": ""1574"", ""Statement"": ""r_input_first_round <= 128'h0;"", ""HIERARCHY"": "":BOS_AESDMA:u_AESDMA_TOP@AESDMA_TOP_DCLS:u_aesdma_top@AESDMA_TOP:u_AES_CORE@AES_CORE_dev"", ""VariableName"": ""AES_CLUSTER_OP[2].AES_CORE_OP[0].r_input_first_round[127:120]""}","{""Tag"": ""W528"", ""Description"": ""Variable '[VariableName]'[ExprSize] set but not read.[Hierarchy: '[HIERARCHY]']"", ""Violation"": ""Lint:973"", ""Goal"": ""BOS_LINT_RULE"", ""Module"": ""AES_CORE_dev"", ""FileName"": ""/storage/project/atlas/design/user/pnson/ATLAS_WORKING/IP/AESDMA/RTL/AES_CORE/AES_CORE_dev.v"", ""LineNumber"": ""1574"", ""Statement"": ""                    r_input_first_round <= 128'h0;"", ""VariableName"": ""AES_CLUSTER_OP[2].AES_CORE_OP[0].r_input_first_round[127:120]"", ""ExprSize"": """", ""HIERARCHY"": "":BOS_AESDMA:u_AESDMA_TOP@AESDMA_TOP_DCLS:u_aesdma_top@AESDMA_TOP:u_AES_CORE@AES_CORE_dev""}"
W528_27905d08e18a,UNCHANGED,WAIVED,yes,W528_825,output port is not connected warning,AUTO,,,,,PENDING,,W528,warning,BOS_LINT_RULE,AES_CORE_dev,/storage/project/atlas/design/user/pnson/ATLAS_WORKING/IP/AESDMA/RTL/AES_CORE/AES_CORE_dev.v,1574,:BOS_AESDMA:u_AESDMA_TOP@AESDMA_TOP_DCLS:u_aesdma_top@AESDMA_TOP:u_AES_CORE@AES_CORE_dev,AES_CLUSTER_OP[1].AES_CORE_OP[0].r_input_first_round[127:120],r_input_first_round <= 128'h0;,Variable '[VariableName]'[ExprSize] set but not read.[Hierarchy: '[HIERARCHY]'],Lint:976,waived,,,"{""Goal"": ""BOS_LINT_RULE"", ""Module"": ""AES_CORE_dev"", ""FileName"": ""/storage/project/atlas/design/user/pnson/ATLAS_WORKING/IP/AESDMA/RTL/AES_CORE/AES_CORE_dev.v"", ""LineNumber"": ""1574"", ""Statement"": ""r_input_first_round <= 128'h0;"", ""HIERARCHY"": "":BOS_AESDMA:u_AESDMA_TOP@AESDMA_TOP_DCLS:u_aesdma_top@AESDMA_TOP:u_AES_CORE@AES_CORE_dev"", ""VariableName"": ""AES_CLUSTER_OP[1].AES_CORE_OP[0].r_input_first_round[127:120]""}","{""Tag"": ""W528"", ""Description"": ""Variable '[VariableName]'[ExprSize] set but not read.[Hierarchy: '[HIERARCHY]']"", ""Violation"": ""Lint:976"", ""Goal"": ""BOS_LINT_RULE"", ""Module"": ""AES_CORE_dev"", ""FileName"": ""/storage/project/atlas/design/user/pnson/ATLAS_WORKING/IP/AESDMA/RTL/AES_CORE/AES_CORE_dev.v"", ""LineNumber"": ""1574"", ""Statement"": ""                    r_input_first_round <= 128'h0;"", ""VariableName"": ""AES_CLUSTER_OP[1].AES_CORE_OP[0].r_input_first_round[127:120]"", ""ExprSize"": """", ""HIERARCHY"": "":BOS_AESDMA:u_AESDMA_TOP@AESDMA_TOP_DCLS:u_aesdma_top@AESDMA_TOP:u_AES_CORE@AES_CORE_dev""}"
W528_69c9afa04d4a,UNCHANGED,WAIVED,yes,W528_825,output port is not connected warning,AUTO,,,,,PENDING,,W528,warning,BOS_LINT_RULE,AES_CORE_dev,/storage/project/atlas/design/user/pnson/ATLAS_WORKING/IP/AESDMA/RTL/AES_CORE/AES_CORE_dev.v,1574,:BOS_AESDMA:u_AESDMA_TOP@AESDMA_TOP_DCLS:u_aesdma_top@AESDMA_TOP:u_AES_CORE@AES_CORE_dev,AES_CLUSTER_OP[14].AES_CORE_OP[0].r_input_first_round[127:120],r_input_first_round <= 128'h0;,Variable '[VariableName]'[ExprSize] set but not read.[Hierarchy: '[HIERARCHY]'],Lint:979,waived,,,"{""Goal"": ""BOS_LINT_RULE"", ""Module"": ""AES_CORE_dev"", ""FileName"": ""/storage/project/atlas/design/user/pnson/ATLAS_WORKING/IP/AESDMA/RTL/AES_CORE/AES_CORE_dev.v"", ""LineNumber"": ""1574"", ""Statement"": ""r_input_first_round <= 128'h0;"", ""HIERARCHY"": "":BOS_AESDMA:u_AESDMA_TOP@AESDMA_TOP_DCLS:u_aesdma_top@AESDMA_TOP:u_AES_CORE@AES_CORE_dev"", ""VariableName"": ""AES_CLUSTER_OP[14].AES_CORE_OP[0].r_input_first_round[127:120]""}","{""Tag"": ""W528"", ""Description"": ""Variable '[VariableName]'[ExprSize] set but not read.[Hierarchy: '[HIERARCHY]']"", ""Violation"": ""Lint:979"", ""Goal"": ""BOS_LINT_RULE"", ""Module"": ""AES_CORE_dev"", ""FileName"": ""/storage/project/atlas/design/user/pnson/ATLAS_WORKING/IP/AESDMA/RTL/AES_CORE/AES_CORE_dev.v"", ""LineNumber"": ""1574"", ""Statement"": ""                    r_input_first_round <= 128'h0;"", ""VariableName"": ""AES_CLUSTER_OP[14].AES_CORE_OP[0].r_input_first_round[127:120]"", ""ExprSize"": """", ""HIERARCHY"": "":BOS_AESDMA:u_AESDMA_TOP@AESDMA_TOP_DCLS:u_aesdma_top@AESDMA_TOP:u_AES_CORE@AES_CORE_dev""}"
W528_9e84509a412f,UNCHANGED,WAIVED,yes,W528_825,output port is not connected warning,AUTO,,,,,PENDING,,W528,warning,BOS_LINT_RULE,AES_CORE_dev,/storage/project/atlas/design/user/pnson/ATLAS_WORKING/IP/AESDMA/RTL/AES_CORE/AES_CORE_dev.v,1574,:BOS_AESDMA:u_AESDMA_TOP@AESDMA_TOP_DCLS:u_aesdma_top@AESDMA_TOP:u_AES_CORE@AES_CORE_dev,AES_CLUSTER_OP[13].AES_CORE_OP[0].r_input_first_round[127:120],r_input_first_round <= 128'h0;,Variable '[VariableName]'[ExprSize] set but not read.[Hierarchy: '[HIERARCHY]'],Lint:982,waived,,,"{""Goal"": ""BOS_LINT_RULE"", ""Module"": ""AES_CORE_dev"", ""FileName"": ""/storage/project/atlas/design/user/pnson/ATLAS_WORKING/IP/AESDMA/RTL/AES_CORE/AES_CORE_dev.v"", ""LineNumber"": ""1574"", ""Statement"": ""r_input_first_round <= 128'h0;"", ""HIERARCHY"": "":BOS_AESDMA:u_AESDMA_TOP@AESDMA_TOP_DCLS:u_aesdma_top@AESDMA_TOP:u_AES_CORE@AES_CORE_dev"", ""VariableName"": ""AES_CLUSTER_OP[13].AES_CORE_OP[0].r_input_first_round[127:120]""}","{""Tag"": ""W528"", ""Description"": ""Variable '[VariableName]'[ExprSize] set but not read.[Hierarchy: '[HIERARCHY]']"", ""Violation"": ""Lint:982"", ""Goal"": ""BOS_LINT_RULE"", ""Module"": ""AES_CORE_dev"", ""FileName"": ""/storage/project/atlas/design/user/pnson/ATLAS_WORKING/IP/AESDMA/RTL/AES_CORE/AES_CORE_dev.v"", ""LineNumber"": ""1574"", ""Statement"": ""                    r_input_first_round <= 128'h0;"", ""VariableName"": ""AES_CLUSTER_OP[13].AES_CORE_OP[0].r_input_first_round[127:120]"", ""ExprSize"": """", ""HIERARCHY"": "":BOS_AESDMA:u_AESDMA_TOP@AESDMA_TOP_DCLS:u_aesdma_top@AESDMA_TOP:u_AES_CORE@AES_CORE_dev""}"
W528_dad60b1b9715,UNCHANGED,WAIVED,yes,W528_825,output port is not connected warning,AUTO,,,,,PENDING,,W528,warning,BOS_LINT_RULE,AES_CORE_dev,/storage/project/atlas/design/user/pnson/ATLAS_WORKING/IP/AESDMA/RTL/AES_CORE/AES_CORE_dev.v,1574,:BOS_AESDMA:u_AESDMA_TOP@AESDMA_TOP_DCLS:u_aesdma_top@AESDMA_TOP:u_AES_CORE@AES_CORE_dev,AES_CLUSTER_OP[12].AES_CORE_OP[0].r_input_first_round[127:120],r_input_first_round <= 128'h0;,Variable '[VariableName]'[ExprSize] set but not read.[Hierarchy: '[HIERARCHY]'],Lint:985,waived,,,"{""Goal"": ""BOS_LINT_RULE"", ""Module"": ""AES_CORE_dev"", ""FileName"": ""/storage/project/atlas/design/user/pnson/ATLAS_WORKING/IP/AESDMA/RTL/AES_CORE/AES_CORE_dev.v"", ""LineNumber"": ""1574"", ""Statement"": ""r_input_first_round <= 128'h0;"", ""HIERARCHY"": "":BOS_AESDMA:u_AESDMA_TOP@AESDMA_TOP_DCLS:u_aesdma_top@AESDMA_TOP:u_AES_CORE@AES_CORE_dev"", ""VariableName"": ""AES_CLUSTER_OP[12].AES_CORE_OP[0].r_input_first_round[127:120]""}","{""Tag"": ""W528"", ""Description"": ""Variable '[VariableName]'[ExprSize] set but not read.[Hierarchy: '[HIERARCHY]']"", ""Violation"": ""Lint:985"", ""Goal"": ""BOS_LINT_RULE"", ""Module"": ""AES_CORE_dev"", ""FileName"": ""/storage/project/atlas/design/user/pnson/ATLAS_WORKING/IP/AESDMA/RTL/AES_CORE/AES_CORE_dev.v"", ""LineNumber"": ""1574"", ""Statement"": ""                    r_input_first_round <= 128'h0;"", ""VariableName"": ""AES_CLUSTER_OP[12].AES_CORE_OP[0].r_input_first_round[127:120]"", ""ExprSize"": """", ""HIERARCHY"": "":BOS_AESDMA:u_AESDMA_TOP@AESDMA_TOP_DCLS:u_aesdma_top@AESDMA_TOP:u_AES_CORE@AES_CORE_dev""}"
W528_c100ae99145f,UNCHANGED,WAIVED,yes,W528_825,output port is not connected warning,AUTO,,,,,PENDING,,W528,warning,BOS_LINT_RULE,AES_CORE_dev,/storage/project/atlas/design/user/pnson/ATLAS_WORKING/IP/AESDMA/RTL/AES_CORE/AES_CORE_dev.v,1574,:BOS_AESDMA:u_AESDMA_TOP@AESDMA_TOP_DCLS:u_aesdma_top@AESDMA_TOP:u_AES_CORE@AES_CORE_dev,AES_CLUSTER_OP[11].AES_CORE_OP[0].r_input_first_round[127:120],r_input_first_round <= 128'h0;,Variable '[VariableName]'[ExprSize] set but not read.[Hierarchy: '[HIERARCHY]'],Lint:988,waived,,,"{""Goal"": ""BOS_LINT_RULE"", ""Module"": ""AES_CORE_dev"", ""FileName"": ""/storage/project/atlas/design/user/pnson/ATLAS_WORKING/IP/AESDMA/RTL/AES_CORE/AES_CORE_dev.v"", ""LineNumber"": ""1574"", ""Statement"": ""r_input_first_round <= 128'h0;"", ""HIERARCHY"": "":BOS_AESDMA:u_AESDMA_TOP@AESDMA_TOP_DCLS:u_aesdma_top@AESDMA_TOP:u_AES_CORE@AES_CORE_dev"", ""VariableName"": ""AES_CLUSTER_OP[11].AES_CORE_OP[0].r_input_first_round[127:120]""}","{""Tag"": ""W528"", ""Description"": ""Variable '[VariableName]'[ExprSize] set but not read.[Hierarchy: '[HIERARCHY]']"", ""Violation"": ""Lint:988"", ""Goal"": ""BOS_LINT_RULE"", ""Module"": ""AES_CORE_dev"", ""FileName"": ""/storage/project/atlas/design/user/pnson/ATLAS_WORKING/IP/AESDMA/RTL/AES_CORE/AES_CORE_dev.v"", ""LineNumber"": ""1574"", ""Statement"": ""                    r_input_first_round <= 128'h0;"", ""VariableName"": ""AES_CLUSTER_OP[11].AES_CORE_OP[0].r_input_first_round[127:120]"", ""ExprSize"": """", ""HIERARCHY"": "":BOS_AESDMA:u_AESDMA_TOP@AESDMA_TOP_DCLS:u_aesdma_top@AESDMA_TOP:u_AES_CORE@AES_CORE_dev""}"
W528_28930b0c756c,UNCHANGED,WAIVED,yes,W528_825,output port is not connected warning,AUTO,,,,,PENDING,,W528,warning,BOS_LINT_RULE,AES_CORE_dev,/storage/project/atlas/design/user/pnson/ATLAS_WORKING/IP/AESDMA/RTL/AES_CORE/AES_CORE_dev.v,1574,:BOS_AESDMA:u_AESDMA_TOP@AESDMA_TOP_DCLS:u_aesdma_top@AESDMA_TOP:u_AES_CORE@AES_CORE_dev,AES_CLUSTER_OP[10].AES_CORE_OP[0].r_input_first_round[127:120],r_input_first_round <= 128'h0;,Variable '[VariableName]'[ExprSize] set but not read.[Hierarchy: '[HIERARCHY]'],Lint:991,waived,,,"{""Goal"": ""BOS_LINT_RULE"", ""Module"": ""AES_CORE_dev"", ""FileName"": ""/storage/project/atlas/design/user/pnson/ATLAS_WORKING/IP/AESDMA/RTL/AES_CORE/AES_CORE_dev.v"", ""LineNumber"": ""1574"", ""Statement"": ""r_input_first_round <= 128'h0;"", ""HIERARCHY"": "":BOS_AESDMA:u_AESDMA_TOP@AESDMA_TOP_DCLS:u_aesdma_top@AESDMA_TOP:u_AES_CORE@AES_CORE_dev"", ""VariableName"": ""AES_CLUSTER_OP[10].AES_CORE_OP[0].r_input_first_round[127:120]""}","{""Tag"": ""W528"", ""Description"": ""Variable '[VariableName]'[ExprSize] set but not read.[Hierarchy: '[HIERARCHY]']"", ""Violation"": ""Lint:991"", ""Goal"": ""BOS_LINT_RULE"", ""Module"": ""AES_CORE_dev"", ""FileName"": ""/storage/project/atlas/design/user/pnson/ATLAS_WORKING/IP/AESDMA/RTL/AES_CORE/AES_CORE_dev.v"", ""LineNumber"": ""1574"", ""Statement"": ""                    r_input_first_round <= 128'h0;"", ""VariableName"": ""AES_CLUSTER_OP[10].AES_CORE_OP[0].r_input_first_round[127:120]"", ""ExprSize"": """", ""HIERARCHY"": "":BOS_AESDMA:u_AESDMA_TOP@AESDMA_TOP_DCLS:u_aesdma_top@AESDMA_TOP:u_AES_CORE@AES_CORE_dev""}"
W528_1d13223d6df3,UNCHANGED,WAIVED,yes,W528_825,output port is not connected warning,AUTO,,,,,PENDING,,W528,warning,BOS_LINT_RULE,AES_CORE_dev,/storage/project/atlas/design/user/pnson/ATLAS_WORKING/IP/AESDMA/RTL/AES_CORE/AES_CORE_dev.v,1574,:BOS_AESDMA:u_AESDMA_TOP@AESDMA_TOP_DCLS:u_aesdma_top@AESDMA_TOP:u_AES_CORE@AES_CORE_dev,AES_CLUSTER_OP[0].AES_CORE_OP[0].r_input_first_round[127:120],r_input_first_round <= 128'h0;,Variable '[VariableName]'[ExprSize] set but not read.[Hierarchy: '[HIERARCHY]'],Lint:994,waived,,,"{""Goal"": ""BOS_LINT_RULE"", ""Module"": ""AES_CORE_dev"", ""FileName"": ""/storage/project/atlas/design/user/pnson/ATLAS_WORKING/IP/AESDMA/RTL/AES_CORE/AES_CORE_dev.v"", ""LineNumber"": ""1574"", ""Statement"": ""r_input_first_round <= 128'h0;"", ""HIERARCHY"": "":BOS_AESDMA:u_AESDMA_TOP@AESDMA_TOP_DCLS:u_aesdma_top@AESDMA_TOP:u_AES_CORE@AES_CORE_dev"", ""VariableName"": ""AES_CLUSTER_OP[0].AES_CORE_OP[0].r_input_first_round[127:120]""}","{""Tag"": ""W528"", ""Description"": ""Variable '[VariableName]'[ExprSize] set but not read.[Hierarchy: '[HIERARCHY]']"", ""Violation"": ""Lint:994"", ""Goal"": ""BOS_LINT_RULE"", ""Module"": ""AES_CORE_dev"", ""FileName"": ""/storage/project/atlas/design/user/pnson/ATLAS_WORKING/IP/AESDMA/RTL/AES_CORE/AES_CORE_dev.v"", ""LineNumber"": ""1574"", ""Statement"": ""                    r_input_first_round <= 128'h0;"", ""VariableName"": ""AES_CLUSTER_OP[0].AES_CORE_OP[0].r_input_first_round[127:120]"", ""ExprSize"": """", ""HIERARCHY"": "":BOS_AESDMA:u_AESDMA_TOP@AESDMA_TOP_DCLS:u_aesdma_top@AESDMA_TOP:u_AES_CORE@AES_CORE_dev""}"
W528_38ed85c24b1a,UNCHANGED,WAIVED,yes,W528_825,output port is not connected warning,AUTO,,,,,PENDING,,W528,warning,BOS_LINT_RULE,AES_CORE_dev,/storage/project/atlas/design/user/pnson/ATLAS_WORKING/IP/AESDMA/RTL/AES_CORE/AES_CORE_dev.v,1590,:BOS_AESDMA:u_AESDMA_TOP@AESDMA_TOP_DCLS:u_aesdma_top@AESDMA_TOP:u_AES_CORE@AES_CORE_dev,AES_CLUSTER_OP[9].AES_CORE_OP[0].w_cfb_sbyte_ctr_y[5:4],wire [DATA_BYTE_LEN_WD:0] w_cfb_sbyte_ctr_y = r_cfb_sbyte_ctr + ((I_CFB_BYTE_TYPE == 3'd0)? 0: (CFB_SBYTE_CTR_TYPE * q));,Variable '[VariableName]'[ExprSize] set but not read.[Hierarchy: '[HIERARCHY]'],Lint:951,waived,,,"{""Goal"": ""BOS_LINT_RULE"", ""Module"": ""AES_CORE_dev"", ""FileName"": ""/storage/project/atlas/design/user/pnson/ATLAS_WORKING/IP/AESDMA/RTL/AES_CORE/AES_CORE_dev.v"", ""LineNumber"": ""1590"", ""Statement"": ""wire [DATA_BYTE_LEN_WD:0] w_cfb_sbyte_ctr_y = r_cfb_sbyte_ctr + ((I_CFB_BYTE_TYPE == 3'd0)? 0: (CFB_SBYTE_CTR_TYPE * q));"", ""HIERARCHY"": "":BOS_AESDMA:u_AESDMA_TOP@AESDMA_TOP_DCLS:u_aesdma_top@AESDMA_TOP:u_AES_CORE@AES_CORE_dev"", ""VariableName"": ""AES_CLUSTER_OP[9].AES_CORE_OP[0].w_cfb_sbyte_ctr_y[5:4]""}","{""Tag"": ""W528"", ""Description"": ""Variable '[VariableName]'[ExprSize] set but not read.[Hierarchy: '[HIERARCHY]']"", ""Violation"": ""Lint:951"", ""Goal"": ""BOS_LINT_RULE"", ""Module"": ""AES_CORE_dev"", ""FileName"": ""/storage/project/atlas/design/user/pnson/ATLAS_WORKING/IP/AESDMA/RTL/AES_CORE/AES_CORE_dev.v"", ""LineNumber"": ""1590"", ""Statement"": ""            wire [DATA_BYTE_LEN_WD:0] w_cfb_sbyte_ctr_y = r_cfb_sbyte_ctr + ((I_CFB_BYTE_TYPE == 3'd0)? 0: (CFB_SBYTE_CTR_TYPE * q));"", ""VariableName"": ""AES_CLUSTER_OP[9].AES_CORE_OP[0].w_cfb_sbyte_ctr_y[5:4]"", ""ExprSize"": """", ""HIERARCHY"": "":BOS_AESDMA:u_AESDMA_TOP@AESDMA_TOP_DCLS:u_aesdma_top@AESDMA_TOP:u_AES_CORE@AES_CORE_dev""}"
W528_426ae60cfcfd,UNCHANGED,WAIVED,yes,W528_825,output port is not connected warning,AUTO,,,,,PENDING,,W528,warning,BOS_LINT_RULE,AES_CORE_dev,/storage/project/atlas/design/user/pnson/ATLAS_WORKING/IP/AESDMA/RTL/AES_CORE/AES_CORE_dev.v,1590,:BOS_AESDMA:u_AESDMA_TOP@AESDMA_TOP_DCLS:u_aesdma_top@AESDMA_TOP:u_AES_CORE@AES_CORE_dev,AES_CLUSTER_OP[8].AES_CORE_OP[0].w_cfb_sbyte_ctr_y[5:4],wire [DATA_BYTE_LEN_WD:0] w_cfb_sbyte_ctr_y = r_cfb_sbyte_ctr + ((I_CFB_BYTE_TYPE == 3'd0)? 0: (CFB_SBYTE_CTR_TYPE * q));,Variable '[VariableName]'[ExprSize] set but not read.[Hierarchy: '[HIERARCHY]'],Lint:954,waived,,,"{""Goal"": ""BOS_LINT_RULE"", ""Module"": ""AES_CORE_dev"", ""FileName"": ""/storage/project/atlas/design/user/pnson/ATLAS_WORKING/IP/AESDMA/RTL/AES_CORE/AES_CORE_dev.v"", ""LineNumber"": ""1590"", ""Statement"": ""wire [DATA_BYTE_LEN_WD:0] w_cfb_sbyte_ctr_y = r_cfb_sbyte_ctr + ((I_CFB_BYTE_TYPE == 3'd0)? 0: (CFB_SBYTE_CTR_TYPE * q));"", ""HIERARCHY"": "":BOS_AESDMA:u_AESDMA_TOP@AESDMA_TOP_DCLS:u_aesdma_top@AESDMA_TOP:u_AES_CORE@AES_CORE_dev"", ""VariableName"": ""AES_CLUSTER_OP[8].AES_CORE_OP[0].w_cfb_sbyte_ctr_y[5:4]""}","{""Tag"": ""W528"", ""Description"": ""Variable '[VariableName]'[ExprSize] set but not read.[Hierarchy: '[HIERARCHY]']"", ""Violation"": ""Lint:954"", ""Goal"": ""BOS_LINT_RULE"", ""Module"": ""AES_CORE_dev"", ""FileName"": ""/storage/project/atlas/design/user/pnson/ATLAS_WORKING/IP/AESDMA/RTL/AES_CORE/AES_CORE_dev.v"", ""LineNumber"": ""1590"", ""Statement"": ""            wire [DATA_BYTE_LEN_WD:0] w_cfb_sbyte_ctr_y = r_cfb_sbyte_ctr + ((I_CFB_BYTE_TYPE == 3'd0)? 0: (CFB_SBYTE_CTR_TYPE * q));"", ""VariableName"": ""AES_CLUSTER_OP[8].AES_CORE_OP[0].w_cfb_sbyte_ctr_y[5:4]"", ""ExprSize"": """", ""HIERARCHY"": "":BOS_AESDMA:u_AESDMA_TOP@AESDMA_TOP_DCLS:u_aesdma_top@AESDMA_TOP:u_AES_CORE@AES_CORE_dev""}"
W528_14dd1e14cfa1,UNCHANGED,WAIVED,yes,W528_825,output port is not connected warning,AUTO,,,,,PENDING,,W528,warning,BOS_LINT_RULE,AES_CORE_dev,/storage/project/atlas/design/user/pnson/ATLAS_WORKING/IP/AESDMA/RTL/AES_CORE/AES_CORE_dev.v,1590,:BOS_AESDMA:u_AESDMA_TOP@AESDMA_TOP_DCLS:u_aesdma_top@AESDMA_TOP:u_AES_CORE@AES_CORE_dev,AES_CLUSTER_OP[7].AES_CORE_OP[0].w_cfb_sbyte_ctr_y[5:4],wire [DATA_BYTE_LEN_WD:0] w_cfb_sbyte_ctr_y = r_cfb_sbyte_ctr + ((I_CFB_BYTE_TYPE == 3'd0)? 0: (CFB_SBYTE_CTR_TYPE * q));,Variable '[VariableName]'[ExprSize] set but not read.[Hierarchy: '[HIERARCHY]'],Lint:957,waived,,,"{""Goal"": ""BOS_LINT_RULE"", ""Module"": ""AES_CORE_dev"", ""FileName"": ""/storage/project/atlas/design/user/pnson/ATLAS_WORKING/IP/AESDMA/RTL/AES_CORE/AES_CORE_dev.v"", ""LineNumber"": ""1590"", ""Statement"": ""wire [DATA_BYTE_LEN_WD:0] w_cfb_sbyte_ctr_y = r_cfb_sbyte_ctr + ((I_CFB_BYTE_TYPE == 3'd0)? 0: (CFB_SBYTE_CTR_TYPE * q));"", ""HIERARCHY"": "":BOS_AESDMA:u_AESDMA_TOP@AESDMA_TOP_DCLS:u_aesdma_top@AESDMA_TOP:u_AES_CORE@AES_CORE_dev"", ""VariableName"": ""AES_CLUSTER_OP[7].AES_CORE_OP[0].w_cfb_sbyte_ctr_y[5:4]""}","{""Tag"": ""W528"", ""Description"": ""Variable '[VariableName]'[ExprSize] set but not read.[Hierarchy: '[HIERARCHY]']"", ""Violation"": ""Lint:957"", ""Goal"": ""BOS_LINT_RULE"", ""Module"": ""AES_CORE_dev"", ""FileName"": ""/storage/project/atlas/design/user/pnson/ATLAS_WORKING/IP/AESDMA/RTL/AES_CORE/AES_CORE_dev.v"", ""LineNumber"": ""1590"", ""Statement"": ""            wire [DATA_BYTE_LEN_WD:0] w_cfb_sbyte_ctr_y = r_cfb_sbyte_ctr + ((I_CFB_BYTE_TYPE == 3'd0)? 0: (CFB_SBYTE_CTR_TYPE * q));"", ""VariableName"": ""AES_CLUSTER_OP[7].AES_CORE_OP[0].w_cfb_sbyte_ctr_y[5:4]"", ""ExprSize"": """", ""HIERARCHY"": "":BOS_AESDMA:u_AESDMA_TOP@AESDMA_TOP_DCLS:u_aesdma_top@AESDMA_TOP:u_AES_CORE@AES_CORE_dev""}"
W528_d50b98d5302d,UNCHANGED,WAIVED,yes,W528_825,output port is not connected warning,AUTO,,,,,PENDING,,W528,warning,BOS_LINT_RULE,AES_CORE_dev,/storage/project/atlas/design/user/pnson/ATLAS_WORKING/IP/AESDMA/RTL/AES_CORE/AES_CORE_dev.v,1590,:BOS_AESDMA:u_AESDMA_TOP@AESDMA_TOP_DCLS:u_aesdma_top@AESDMA_TOP:u_AES_CORE@AES_CORE_dev,AES_CLUSTER_OP[6].AES_CORE_OP[0].w_cfb_sbyte_ctr_y[5:4],wire [DATA_BYTE_LEN_WD:0] w_cfb_sbyte_ctr_y = r_cfb_sbyte_ctr + ((I_CFB_BYTE_TYPE == 3'd0)? 0: (CFB_SBYTE_CTR_TYPE * q));,Variable '[VariableName]'[ExprSize] set but not read.[Hierarchy: '[HIERARCHY]'],Lint:960,waived,,,"{""Goal"": ""BOS_LINT_RULE"", ""Module"": ""AES_CORE_dev"", ""FileName"": ""/storage/project/atlas/design/user/pnson/ATLAS_WORKING/IP/AESDMA/RTL/AES_CORE/AES_CORE_dev.v"", ""LineNumber"": ""1590"", ""Statement"": ""wire [DATA_BYTE_LEN_WD:0] w_cfb_sbyte_ctr_y = r_cfb_sbyte_ctr + ((I_CFB_BYTE_TYPE == 3'd0)? 0: (CFB_SBYTE_CTR_TYPE * q));"", ""HIERARCHY"": "":BOS_AESDMA:u_AESDMA_TOP@AESDMA_TOP_DCLS:u_aesdma_top@AESDMA_TOP:u_AES_CORE@AES_CORE_dev"", ""VariableName"": ""AES_CLUSTER_OP[6].AES_CORE_OP[0].w_cfb_sbyte_ctr_y[5:4]""}","{""Tag"": ""W528"", ""Description"": ""Variable '[VariableName]'[ExprSize] set but not read.[Hierarchy: '[HIERARCHY]']"", ""Violation"": ""Lint:960"", ""Goal"": ""BOS_LINT_RULE"", ""Module"": ""AES_CORE_dev"", ""FileName"": ""/storage/project/atlas/design/user/pnson/ATLAS_WORKING/IP/AESDMA/RTL/AES_CORE/AES_CORE_dev.v"", ""LineNumber"": ""1590"", ""Statement"": ""            wire [DATA_BYTE_LEN_WD:0] w_cfb_sbyte_ctr_y = r_cfb_sbyte_ctr + ((I_CFB_BYTE_TYPE == 3'd0)? 0: (CFB_SBYTE_CTR_TYPE * q));"", ""VariableName"": ""AES_CLUSTER_OP[6].AES_CORE_OP[0].w_cfb_sbyte_ctr_y[5:4]"", ""ExprSize"": """", ""HIERARCHY"": "":BOS_AESDMA:u_AESDMA_TOP@AESDMA_TOP_DCLS:u_aesdma_top@AESDMA_TOP:u_AES_CORE@AES_CORE_dev""}"
W528_d6dda8d9fead,UNCHANGED,WAIVED,yes,W528_825,output port is not connected warning,AUTO,,,,,PENDING,,W528,warning,BOS_LINT_RULE,AES_CORE_dev,/storage/project/atlas/design/user/pnson/ATLAS_WORKING/IP/AESDMA/RTL/AES_CORE/AES_CORE_dev.v,1590,:BOS_AESDMA:u_AESDMA_TOP@AESDMA_TOP_DCLS:u_aesdma_top@AESDMA_TOP:u_AES_CORE@AES_CORE_dev,AES_CLUSTER_OP[5].AES_CORE_OP[0].w_cfb_sbyte_ctr_y[5:4],wire [DATA_BYTE_LEN_WD:0] w_cfb_sbyte_ctr_y = r_cfb_sbyte_ctr + ((I_CFB_BYTE_TYPE == 3'd0)? 0: (CFB_SBYTE_CTR_TYPE * q));,Variable '[VariableName]'[ExprSize] set but not read.[Hierarchy: '[HIERARCHY]'],Lint:963,waived,,,"{""Goal"": ""BOS_LINT_RULE"", ""Module"": ""AES_CORE_dev"", ""FileName"": ""/storage/project/atlas/design/user/pnson/ATLAS_WORKING/IP/AESDMA/RTL/AES_CORE/AES_CORE_dev.v"", ""LineNumber"": ""1590"", ""Statement"": ""wire [DATA_BYTE_LEN_WD:0] w_cfb_sbyte_ctr_y = r_cfb_sbyte_ctr + ((I_CFB_BYTE_TYPE == 3'd0)? 0: (CFB_SBYTE_CTR_TYPE * q));"", ""HIERARCHY"": "":BOS_AESDMA:u_AESDMA_TOP@AESDMA_TOP_DCLS:u_aesdma_top@AESDMA_TOP:u_AES_CORE@AES_CORE_dev"", ""VariableName"": ""AES_CLUSTER_OP[5].AES_CORE_OP[0].w_cfb_sbyte_ctr_y[5:4]""}","{""Tag"": ""W528"", ""Description"": ""Variable '[VariableName]'[ExprSize] set but not read.[Hierarchy: '[HIERARCHY]']"", ""Violation"": ""Lint:963"", ""Goal"": ""BOS_LINT_RULE"", ""Module"": ""AES_CORE_dev"", ""FileName"": ""/storage/project/atlas/design/user/pnson/ATLAS_WORKING/IP/AESDMA/RTL/AES_CORE/AES_CORE_dev.v"", ""LineNumber"": ""1590"", ""Statement"": ""            wire [DATA_BYTE_LEN_WD:0] w_cfb_sbyte_ctr_y = r_cfb_sbyte_ctr + ((I_CFB_BYTE_TYPE == 3'd0)? 0: (CFB_SBYTE_CTR_TYPE * q));"", ""VariableName"": ""AES_CLUSTER_OP[5].AES_CORE_OP[0].w_cfb_sbyte_ctr_y[5:4]"", ""ExprSize"": """", ""HIERARCHY"": "":BOS_AESDMA:u_AESDMA_TOP@AESDMA_TOP_DCLS:u_aesdma_top@AESDMA_TOP:u_AES_CORE@AES_CORE_dev""}"
W528_821b5276652b,UNCHANGED,WAIVED,yes,W528_825,output port is not connected warning,AUTO,,,,,PENDING,,W528,warning,BOS_LINT_RULE,AES_CORE_dev,/storage/project/atlas/design/user/pnson/ATLAS_WORKING/IP/AESDMA/RTL/AES_CORE/AES_CORE_dev.v,1590,:BOS_AESDMA:u_AESDMA_TOP@AESDMA_TOP_DCLS:u_aesdma_top@AESDMA_TOP:u_AES_CORE@AES_CORE_dev,AES_CLUSTER_OP[4].AES_CORE_OP[0].w_cfb_sbyte_ctr_y[5:4],wire [DATA_BYTE_LEN_WD:0] w_cfb_sbyte_ctr_y = r_cfb_sbyte_ctr + ((I_CFB_BYTE_TYPE == 3'd0)? 0: (CFB_SBYTE_CTR_TYPE * q));,Variable '[VariableName]'[ExprSize] set but not read.[Hierarchy: '[HIERARCHY]'],Lint:966,waived,,,"{""Goal"": ""BOS_LINT_RULE"", ""Module"": ""AES_CORE_dev"", ""FileName"": ""/storage/project/atlas/design/user/pnson/ATLAS_WORKING/IP/AESDMA/RTL/AES_CORE/AES_CORE_dev.v"", ""LineNumber"": ""1590"", ""Statement"": ""wire [DATA_BYTE_LEN_WD:0] w_cfb_sbyte_ctr_y = r_cfb_sbyte_ctr + ((I_CFB_BYTE_TYPE == 3'd0)? 0: (CFB_SBYTE_CTR_TYPE * q));"", ""HIERARCHY"": "":BOS_AESDMA:u_AESDMA_TOP@AESDMA_TOP_DCLS:u_aesdma_top@AESDMA_TOP:u_AES_CORE@AES_CORE_dev"", ""VariableName"": ""AES_CLUSTER_OP[4].AES_CORE_OP[0].w_cfb_sbyte_ctr_y[5:4]""}","{""Tag"": ""W528"", ""Description"": ""Variable '[VariableName]'[ExprSize] set but not read.[Hierarchy: '[HIERARCHY]']"", ""Violation"": ""Lint:966"", ""Goal"": ""BOS_LINT_RULE"", ""Module"": ""AES_CORE_dev"", ""FileName"": ""/storage/project/atlas/design/user/pnson/ATLAS_WORKING/IP/AESDMA/RTL/AES_CORE/AES_CORE_dev.v"", ""LineNumber"": ""1590"", ""Statement"": ""            wire [DATA_BYTE_LEN_WD:0] w_cfb_sbyte_ctr_y = r_cfb_sbyte_ctr + ((I_CFB_BYTE_TYPE == 3'd0)? 0: (CFB_SBYTE_CTR_TYPE * q));"", ""VariableName"": ""AES_CLUSTER_OP[4].AES_CORE_OP[0].w_cfb_sbyte_ctr_y[5:4]"", ""ExprSize"": """", ""HIERARCHY"": "":BOS_AESDMA:u_AESDMA_TOP@AESDMA_TOP_DCLS:u_aesdma_top@AESDMA_TOP:u_AES_CORE@AES_CORE_dev""}"
W528_0094f19cc355,UNCHANGED,WAIVED,yes,W528_825,output port is not connected warning,AUTO,,,,,PENDING,,W528,warning,BOS_LINT_RULE,AES_CORE_dev,/storage/project/atlas/design/user/pnson/ATLAS_WORKING/IP/AESDMA/RTL/AES_CORE/AES_CORE_dev.v,1590,:BOS_AESDMA:u_AESDMA_TOP@AESDMA_TOP_DCLS:u_aesdma_top@AESDMA_TOP:u_AES_CORE@AES_CORE_dev,AES_CLUSTER_OP[3].AES_CORE_OP[0].w_cfb_sbyte_ctr_y[5:4],wire [DATA_BYTE_LEN_WD:0] w_cfb_sbyte_ctr_y = r_cfb_sbyte_ctr + ((I_CFB_BYTE_TYPE == 3'd0)? 0: (CFB_SBYTE_CTR_TYPE * q));,Variable '[VariableName]'[ExprSize] set but not read.[Hierarchy: '[HIERARCHY]'],Lint:969,waived,,,"{""Goal"": ""BOS_LINT_RULE"", ""Module"": ""AES_CORE_dev"", ""FileName"": ""/storage/project/atlas/design/user/pnson/ATLAS_WORKING/IP/AESDMA/RTL/AES_CORE/AES_CORE_dev.v"", ""LineNumber"": ""1590"", ""Statement"": ""wire [DATA_BYTE_LEN_WD:0] w_cfb_sbyte_ctr_y = r_cfb_sbyte_ctr + ((I_CFB_BYTE_TYPE == 3'd0)? 0: (CFB_SBYTE_CTR_TYPE * q));"", ""HIERARCHY"": "":BOS_AESDMA:u_AESDMA_TOP@AESDMA_TOP_DCLS:u_aesdma_top@AESDMA_TOP:u_AES_CORE@AES_CORE_dev"", ""VariableName"": ""AES_CLUSTER_OP[3].AES_CORE_OP[0].w_cfb_sbyte_ctr_y[5:4]""}","{""Tag"": ""W528"", ""Description"": ""Variable '[VariableName]'[ExprSize] set but not read.[Hierarchy: '[HIERARCHY]']"", ""Violation"": ""Lint:969"", ""Goal"": ""BOS_LINT_RULE"", ""Module"": ""AES_CORE_dev"", ""FileName"": ""/storage/project/atlas/design/user/pnson/ATLAS_WORKING/IP/AESDMA/RTL/AES_CORE/AES_CORE_dev.v"", ""LineNumber"": ""1590"", ""Statement"": ""            wire [DATA_BYTE_LEN_WD:0] w_cfb_sbyte_ctr_y = r_cfb_sbyte_ctr + ((I_CFB_BYTE_TYPE == 3'd0)? 0: (CFB_SBYTE_CTR_TYPE * q));"", ""VariableName"": ""AES_CLUSTER_OP[3].AES_CORE_OP[0].w_cfb_sbyte_ctr_y[5:4]"", ""ExprSize"": """", ""HIERARCHY"": "":BOS_AESDMA:u_AESDMA_TOP@AESDMA_TOP_DCLS:u_aesdma_top@AESDMA_TOP:u_AES_CORE@AES_CORE_dev""}"
W528_932495ede8d9,UNCHANGED,WAIVED,yes,W528_825,output port is not connected warning,AUTO,,,,,PENDING,,W528,warning,BOS_LINT_RULE,AES_CORE_dev,/storage/project/atlas/design/user/pnson/ATLAS_WORKING/IP/AESDMA/RTL/AES_CORE/AES_CORE_dev.v,1590,:BOS_AESDMA:u_AESDMA_TOP@AESDMA_TOP_DCLS:u_aesdma_top@AESDMA_TOP:u_AES_CORE@AES_CORE_dev,AES_CLUSTER_OP[2].AES_CORE_OP[0].w_cfb_sbyte_ctr_y[5:4],wire [DATA_BYTE_LEN_WD:0] w_cfb_sbyte_ctr_y = r_cfb_sbyte_ctr + ((I_CFB_BYTE_TYPE == 3'd0)? 0: (CFB_SBYTE_CTR_TYPE * q));,Variable '[VariableName]'[ExprSize] set but not read.[Hierarchy: '[HIERARCHY]'],Lint:972,waived,,,"{""Goal"": ""BOS_LINT_RULE"", ""Module"": ""AES_CORE_dev"", ""FileName"": ""/storage/project/atlas/design/user/pnson/ATLAS_WORKING/IP/AESDMA/RTL/AES_CORE/AES_CORE_dev.v"", ""LineNumber"": ""1590"", ""Statement"": ""wire [DATA_BYTE_LEN_WD:0] w_cfb_sbyte_ctr_y = r_cfb_sbyte_ctr + ((I_CFB_BYTE_TYPE == 3'd0)? 0: (CFB_SBYTE_CTR_TYPE * q));"", ""HIERARCHY"": "":BOS_AESDMA:u_AESDMA_TOP@AESDMA_TOP_DCLS:u_aesdma_top@AESDMA_TOP:u_AES_CORE@AES_CORE_dev"", ""VariableName"": ""AES_CLUSTER_OP[2].AES_CORE_OP[0].w_cfb_sbyte_ctr_y[5:4]""}","{""Tag"": ""W528"", ""Description"": ""Variable '[VariableName]'[ExprSize] set but not read.[Hierarchy: '[HIERARCHY]']"", ""Violation"": ""Lint:972"", ""Goal"": ""BOS_LINT_RULE"", ""Module"": ""AES_CORE_dev"", ""FileName"": ""/storage/project/atlas/design/user/pnson/ATLAS_WORKING/IP/AESDMA/RTL/AES_CORE/AES_CORE_dev.v"", ""LineNumber"": ""1590"", ""Statement"": ""            wire [DATA_BYTE_LEN_WD:0] w_cfb_sbyte_ctr_y = r_cfb_sbyte_ctr + ((I_CFB_BYTE_TYPE == 3'd0)? 0: (CFB_SBYTE_CTR_TYPE * q));"", ""VariableName"": ""AES_CLUSTER_OP[2].AES_CORE_OP[0].w_cfb_sbyte_ctr_y[5:4]"", ""ExprSize"": """", ""HIERARCHY"": "":BOS_AESDMA:u_AESDMA_TOP@AESDMA_TOP_DCLS:u_aesdma_top@AESDMA_TOP:u_AES_CORE@AES_CORE_dev""}"
W528_0c422d63b443,UNCHANGED,WAIVED,yes,W528_825,output port is not connected warning,AUTO,,,,,PENDING,,W528,warning,BOS_LINT_RULE,AES_CORE_dev,/storage/project/atlas/design/user/pnson/ATLAS_WORKING/IP/AESDMA/RTL/AES_CORE/AES_CORE_dev.v,1590,:BOS_AESDMA:u_AESDMA_TOP@AESDMA_TOP_DCLS:u_aesdma_top@AESDMA_TOP:u_AES_CORE@AES_CORE_dev,AES_CLUSTER_OP[1].AES_CORE_OP[0].w_cfb_sbyte_ctr_y[5:4],wire [DATA_BYTE_LEN_WD:0] w_cfb_sbyte_ctr_y = r_cfb_sbyte_ctr + ((I_CFB_BYTE_TYPE == 3'd0)? 0: (CFB_SBYTE_CTR_TYPE * q));,Variable '[VariableName]'[ExprSize] set but not read.[Hierarchy: '[HIERARCHY]'],Lint:975,waived,,,"{""Goal"": ""BOS_LINT_RULE"", ""Module"": ""AES_CORE_dev"", ""FileName"": ""/storage/project/atlas/design/user/pnson/ATLAS_WORKING/IP/AESDMA/RTL/AES_CORE/AES_CORE_dev.v"", ""LineNumber"": ""1590"", ""Statement"": ""wire [DATA_BYTE_LEN_WD:0] w_cfb_sbyte_ctr_y = r_cfb_sbyte_ctr + ((I_CFB_BYTE_TYPE == 3'd0)? 0: (CFB_SBYTE_CTR_TYPE * q));"", ""HIERARCHY"": "":BOS_AESDMA:u_AESDMA_TOP@AESDMA_TOP_DCLS:u_aesdma_top@AESDMA_TOP:u_AES_CORE@AES_CORE_dev"", ""VariableName"": ""AES_CLUSTER_OP[1].AES_CORE_OP[0].w_cfb_sbyte_ctr_y[5:4]""}","{""Tag"": ""W528"", ""Description"": ""Variable '[VariableName]'[ExprSize] set but not read.[Hierarchy: '[HIERARCHY]']"", ""Violation"": ""Lint:975"", ""Goal"": ""BOS_LINT_RULE"", ""Module"": ""AES_CORE_dev"", ""FileName"": ""/storage/project/atlas/design/user/pnson/ATLAS_WORKING/IP/AESDMA/RTL/AES_CORE/AES_CORE_dev.v"", ""LineNumber"": ""1590"", ""Statement"": ""            wire [DATA_BYTE_LEN_WD:0] w_cfb_sbyte_ctr_y = r_cfb_sbyte_ctr + ((I_CFB_BYTE_TYPE == 3'd0)? 0: (CFB_SBYTE_CTR_TYPE * q));"", ""VariableName"": ""AES_CLUSTER_OP[1].AES_CORE_OP[0].w_cfb_sbyte_ctr_y[5:4]"", ""ExprSize"": """", ""HIERARCHY"": "":BOS_AESDMA:u_AESDMA_TOP@AESDMA_TOP_DCLS:u_aesdma_top@AESDMA_TOP:u_AES_CORE@AES_CORE_dev""}"
W528_97a4db0fd336,UNCHANGED,WAIVED,yes,W528_825,output port is not connected warning,AUTO,,,,,PENDING,,W528,warning,BOS_LINT_RULE,AES_CORE_dev,/storage/project/atlas/design/user/pnson/ATLAS_WORKING/IP/AESDMA/RTL/AES_CORE/AES_CORE_dev.v,1590,:BOS_AESDMA:u_AESDMA_TOP@AESDMA_TOP_DCLS:u_aesdma_top@AESDMA_TOP:u_AES_CORE@AES_CORE_dev,AES_CLUSTER_OP[14].AES_CORE_OP[0].w_cfb_sbyte_ctr_y[5:4],wire [DATA_BYTE_LEN_WD:0] w_cfb_sbyte_ctr_y = r_cfb_sbyte_ctr + ((I_CFB_BYTE_TYPE == 3'd0)? 0: (CFB_SBYTE_CTR_TYPE * q));,Variable '[VariableName]'[ExprSize] set but not read.[Hierarchy: '[HIERARCHY]'],Lint:978,waived,,,"{""Goal"": ""BOS_LINT_RULE"", ""Module"": ""AES_CORE_dev"", ""FileName"": ""/storage/project/atlas/design/user/pnson/ATLAS_WORKING/IP/AESDMA/RTL/AES_CORE/AES_CORE_dev.v"", ""LineNumber"": ""1590"", ""Statement"": ""wire [DATA_BYTE_LEN_WD:0] w_cfb_sbyte_ctr_y = r_cfb_sbyte_ctr + ((I_CFB_BYTE_TYPE == 3'd0)? 0: (CFB_SBYTE_CTR_TYPE * q));"", ""HIERARCHY"": "":BOS_AESDMA:u_AESDMA_TOP@AESDMA_TOP_DCLS:u_aesdma_top@AESDMA_TOP:u_AES_CORE@AES_CORE_dev"", ""VariableName"": ""AES_CLUSTER_OP[14].AES_CORE_OP[0].w_cfb_sbyte_ctr_y[5:4]""}","{""Tag"": ""W528"", ""Description"": ""Variable '[VariableName]'[ExprSize] set but not read.[Hierarchy: '[HIERARCHY]']"", ""Violation"": ""Lint:978"", ""Goal"": ""BOS_LINT_RULE"", ""Module"": ""AES_CORE_dev"", ""FileName"": ""/storage/project/atlas/design/user/pnson/ATLAS_WORKING/IP/AESDMA/RTL/AES_CORE/AES_CORE_dev.v"", ""LineNumber"": ""1590"", ""Statement"": ""            wire [DATA_BYTE_LEN_WD:0] w_cfb_sbyte_ctr_y = r_cfb_sbyte_ctr + ((I_CFB_BYTE_TYPE == 3'd0)? 0: (CFB_SBYTE_CTR_TYPE * q));"", ""VariableName"": ""AES_CLUSTER_OP[14].AES_CORE_OP[0].w_cfb_sbyte_ctr_y[5:4]"", ""ExprSize"": """", ""HIERARCHY"": "":BOS_AESDMA:u_AESDMA_TOP@AESDMA_TOP_DCLS:u_aesdma_top@AESDMA_TOP:u_AES_CORE@AES_CORE_dev""}"
W528_100d9daa52f9,UNCHANGED,WAIVED,yes,W528_825,output port is not connected warning,AUTO,,,,,PENDING,,W528,warning,BOS_LINT_RULE,AES_CORE_dev,/storage/project/atlas/design/user/pnson/ATLAS_WORKING/IP/AESDMA/RTL/AES_CORE/AES_CORE_dev.v,1590,:BOS_AESDMA:u_AESDMA_TOP@AESDMA_TOP_DCLS:u_aesdma_top@AESDMA_TOP:u_AES_CORE@AES_CORE_dev,AES_CLUSTER_OP[13].AES_CORE_OP[0].w_cfb_sbyte_ctr_y[5:4],wire [DATA_BYTE_LEN_WD:0] w_cfb_sbyte_ctr_y = r_cfb_sbyte_ctr + ((I_CFB_BYTE_TYPE == 3'd0)? 0: (CFB_SBYTE_CTR_TYPE * q));,Variable '[VariableName]'[ExprSize] set but not read.[Hierarchy: '[HIERARCHY]'],Lint:981,waived,,,"{""Goal"": ""BOS_LINT_RULE"", ""Module"": ""AES_CORE_dev"", ""FileName"": ""/storage/project/atlas/design/user/pnson/ATLAS_WORKING/IP/AESDMA/RTL/AES_CORE/AES_CORE_dev.v"", ""LineNumber"": ""1590"", ""Statement"": ""wire [DATA_BYTE_LEN_WD:0] w_cfb_sbyte_ctr_y = r_cfb_sbyte_ctr + ((I_CFB_BYTE_TYPE == 3'd0)? 0: (CFB_SBYTE_CTR_TYPE * q));"", ""HIERARCHY"": "":BOS_AESDMA:u_AESDMA_TOP@AESDMA_TOP_DCLS:u_aesdma_top@AESDMA_TOP:u_AES_CORE@AES_CORE_dev"", ""VariableName"": ""AES_CLUSTER_OP[13].AES_CORE_OP[0].w_cfb_sbyte_ctr_y[5:4]""}","{""Tag"": ""W528"", ""Description"": ""Variable '[VariableName]'[ExprSize] set but not read.[Hierarchy: '[HIERARCHY]']"", ""Violation"": ""Lint:981"", ""Goal"": ""BOS_LINT_RULE"", ""Module"": ""AES_CORE_dev"", ""FileName"": ""/storage/project/atlas/design/user/pnson/ATLAS_WORKING/IP/AESDMA/RTL/AES_CORE/AES_CORE_dev.v"", ""LineNumber"": ""1590"", ""Statement"": ""            wire [DATA_BYTE_LEN_WD:0] w_cfb_sbyte_ctr_y = r_cfb_sbyte_ctr + ((I_CFB_BYTE_TYPE == 3'd0)? 0: (CFB_SBYTE_CTR_TYPE * q));"", ""VariableName"": ""AES_CLUSTER_OP[13].AES_CORE_OP[0].w_cfb_sbyte_ctr_y[5:4]"", ""ExprSize"": """", ""HIERARCHY"": "":BOS_AESDMA:u_AESDMA_TOP@AESDMA_TOP_DCLS:u_aesdma_top@AESDMA_TOP:u_AES_CORE@AES_CORE_dev""}"
W528_8bcbfa012ab7,UNCHANGED,WAIVED,yes,W528_825,output port is not connected warning,AUTO,,,,,PENDING,,W528,warning,BOS_LINT_RULE,AES_CORE_dev,/storage/project/atlas/design/user/pnson/ATLAS_WORKING/IP/AESDMA/RTL/AES_CORE/AES_CORE_dev.v,1590,:BOS_AESDMA:u_AESDMA_TOP@AESDMA_TOP_DCLS:u_aesdma_top@AESDMA_TOP:u_AES_CORE@AES_CORE_dev,AES_CLUSTER_OP[12].AES_CORE_OP[0].w_cfb_sbyte_ctr_y[5:4],wire [DATA_BYTE_LEN_WD:0] w_cfb_sbyte_ctr_y = r_cfb_sbyte_ctr + ((I_CFB_BYTE_TYPE == 3'd0)? 0: (CFB_SBYTE_CTR_TYPE * q));,Variable '[VariableName]'[ExprSize] set but not read.[Hierarchy: '[HIERARCHY]'],Lint:984,waived,,,"{""Goal"": ""BOS_LINT_RULE"", ""Module"": ""AES_CORE_dev"", ""FileName"": ""/storage/project/atlas/design/user/pnson/ATLAS_WORKING/IP/AESDMA/RTL/AES_CORE/AES_CORE_dev.v"", ""LineNumber"": ""1590"", ""Statement"": ""wire [DATA_BYTE_LEN_WD:0] w_cfb_sbyte_ctr_y = r_cfb_sbyte_ctr + ((I_CFB_BYTE_TYPE == 3'd0)? 0: (CFB_SBYTE_CTR_TYPE * q));"", ""HIERARCHY"": "":BOS_AESDMA:u_AESDMA_TOP@AESDMA_TOP_DCLS:u_aesdma_top@AESDMA_TOP:u_AES_CORE@AES_CORE_dev"", ""VariableName"": ""AES_CLUSTER_OP[12].AES_CORE_OP[0].w_cfb_sbyte_ctr_y[5:4]""}","{""Tag"": ""W528"", ""Description"": ""Variable '[VariableName]'[ExprSize] set but not read.[Hierarchy: '[HIERARCHY]']"", ""Violation"": ""Lint:984"", ""Goal"": ""BOS_LINT_RULE"", ""Module"": ""AES_CORE_dev"", ""FileName"": ""/storage/project/atlas/design/user/pnson/ATLAS_WORKING/IP/AESDMA/RTL/AES_CORE/AES_CORE_dev.v"", ""LineNumber"": ""1590"", ""Statement"": ""            wire [DATA_BYTE_LEN_WD:0] w_cfb_sbyte_ctr_y = r_cfb_sbyte_ctr + ((I_CFB_BYTE_TYPE == 3'd0)? 0: (CFB_SBYTE_CTR_TYPE * q));"", ""VariableName"": ""AES_CLUSTER_OP[12].AES_CORE_OP[0].w_cfb_sbyte_ctr_y[5:4]"", ""ExprSize"": """", ""HIERARCHY"": "":BOS_AESDMA:u_AESDMA_TOP@AESDMA_TOP_DCLS:u_aesdma_top@AESDMA_TOP:u_AES_CORE@AES_CORE_dev""}"
W528_abdc84fcfb54,UNCHANGED,WAIVED,yes,W528_825,output port is not connected warning,AUTO,,,,,PENDING,,W528,warning,BOS_LINT_RULE,AES_CORE_dev,/storage/project/atlas/design/user/pnson/ATLAS_WORKING/IP/AESDMA/RTL/AES_CORE/AES_CORE_dev.v,1590,:BOS_AESDMA:u_AESDMA_TOP@AESDMA_TOP_DCLS:u_aesdma_top@AESDMA_TOP:u_AES_CORE@AES_CORE_dev,AES_CLUSTER_OP[11].AES_CORE_OP[0].w_cfb_sbyte_ctr_y[5:4],wire [DATA_BYTE_LEN_WD:0] w_cfb_sbyte_ctr_y = r_cfb_sbyte_ctr + ((I_CFB_BYTE_TYPE == 3'd0)? 0: (CFB_SBYTE_CTR_TYPE * q));,Variable '[VariableName]'[ExprSize] set but not read.[Hierarchy: '[HIERARCHY]'],Lint:987,waived,,,"{""Goal"": ""BOS_LINT_RULE"", ""Module"": ""AES_CORE_dev"", ""FileName"": ""/storage/project/atlas/design/user/pnson/ATLAS_WORKING/IP/AESDMA/RTL/AES_CORE/AES_CORE_dev.v"", ""LineNumber"": ""1590"", ""Statement"": ""wire [DATA_BYTE_LEN_WD:0] w_cfb_sbyte_ctr_y = r_cfb_sbyte_ctr + ((I_CFB_BYTE_TYPE == 3'd0)? 0: (CFB_SBYTE_CTR_TYPE * q));"", ""HIERARCHY"": "":BOS_AESDMA:u_AESDMA_TOP@AESDMA_TOP_DCLS:u_aesdma_top@AESDMA_TOP:u_AES_CORE@AES_CORE_dev"", ""VariableName"": ""AES_CLUSTER_OP[11].AES_CORE_OP[0].w_cfb_sbyte_ctr_y[5:4]""}","{""Tag"": ""W528"", ""Description"": ""Variable '[VariableName]'[ExprSize] set but not read.[Hierarchy: '[HIERARCHY]']"", ""Violation"": ""Lint:987"", ""Goal"": ""BOS_LINT_RULE"", ""Module"": ""AES_CORE_dev"", ""FileName"": ""/storage/project/atlas/design/user/pnson/ATLAS_WORKING/IP/AESDMA/RTL/AES_CORE/AES_CORE_dev.v"", ""LineNumber"": ""1590"", ""Statement"": ""            wire [DATA_BYTE_LEN_WD:0] w_cfb_sbyte_ctr_y = r_cfb_sbyte_ctr + ((I_CFB_BYTE_TYPE == 3'd0)? 0: (CFB_SBYTE_CTR_TYPE * q));"", ""VariableName"": ""AES_CLUSTER_OP[11].AES_CORE_OP[0].w_cfb_sbyte_ctr_y[5:4]"", ""ExprSize"": """", ""HIERARCHY"": "":BOS_AESDMA:u_AESDMA_TOP@AESDMA_TOP_DCLS:u_aesdma_top@AESDMA_TOP:u_AES_CORE@AES_CORE_dev""}"
W528_f40d8ba13788,UNCHANGED,WAIVED,yes,W528_825,output port is not connected warning,AUTO,,,,,PENDING,,W528,warning,BOS_LINT_RULE,AES_CORE_dev,/storage/project/atlas/design/user/pnson/ATLAS_WORKING/IP/AESDMA/RTL/AES_CORE/AES_CORE_dev.v,1590,:BOS_AESDMA:u_AESDMA_TOP@AESDMA_TOP_DCLS:u_aesdma_top@AESDMA_TOP:u_AES_CORE@AES_CORE_dev,AES_CLUSTER_OP[10].AES_CORE_OP[0].w_cfb_sbyte_ctr_y[5:4],wire [DATA_BYTE_LEN_WD:0] w_cfb_sbyte_ctr_y = r_cfb_sbyte_ctr + ((I_CFB_BYTE_TYPE == 3'd0)? 0: (CFB_SBYTE_CTR_TYPE * q));,Variable '[VariableName]'[ExprSize] set but not read.[Hierarchy: '[HIERARCHY]'],Lint:990,waived,,,"{""Goal"": ""BOS_LINT_RULE"", ""Module"": ""AES_CORE_dev"", ""FileName"": ""/storage/project/atlas/design/user/pnson/ATLAS_WORKING/IP/AESDMA/RTL/AES_CORE/AES_CORE_dev.v"", ""LineNumber"": ""1590"", ""Statement"": ""wire [DATA_BYTE_LEN_WD:0] w_cfb_sbyte_ctr_y = r_cfb_sbyte_ctr + ((I_CFB_BYTE_TYPE == 3'd0)? 0: (CFB_SBYTE_CTR_TYPE * q));"", ""HIERARCHY"": "":BOS_AESDMA:u_AESDMA_TOP@AESDMA_TOP_DCLS:u_aesdma_top@AESDMA_TOP:u_AES_CORE@AES_CORE_dev"", ""VariableName"": ""AES_CLUSTER_OP[10].AES_CORE_OP[0].w_cfb_sbyte_ctr_y[5:4]""}","{""Tag"": ""W528"", ""Description"": ""Variable '[VariableName]'[ExprSize] set but not read.[Hierarchy: '[HIERARCHY]']"", ""Violation"": ""Lint:990"", ""Goal"": ""BOS_LINT_RULE"", ""Module"": ""AES_CORE_dev"", ""FileName"": ""/storage/project/atlas/design/user/pnson/ATLAS_WORKING/IP/AESDMA/RTL/AES_CORE/AES_CORE_dev.v"", ""LineNumber"": ""1590"", ""Statement"": ""            wire [DATA_BYTE_LEN_WD:0] w_cfb_sbyte_ctr_y = r_cfb_sbyte_ctr + ((I_CFB_BYTE_TYPE == 3'd0)? 0: (CFB_SBYTE_CTR_TYPE * q));"", ""VariableName"": ""AES_CLUSTER_OP[10].AES_CORE_OP[0].w_cfb_sbyte_ctr_y[5:4]"", ""ExprSize"": """", ""HIERARCHY"": "":BOS_AESDMA:u_AESDMA_TOP@AESDMA_TOP_DCLS:u_aesdma_top@AESDMA_TOP:u_AES_CORE@AES_CORE_dev""}"
W528_10164b6ddaba,UNCHANGED,WAIVED,yes,W528_825,output port is not connected warning,AUTO,,,,,PENDING,,W528,warning,BOS_LINT_RULE,AES_CORE_dev,/storage/project/atlas/design/user/pnson/ATLAS_WORKING/IP/AESDMA/RTL/AES_CORE/AES_CORE_dev.v,1590,:BOS_AESDMA:u_AESDMA_TOP@AESDMA_TOP_DCLS:u_aesdma_top@AESDMA_TOP:u_AES_CORE@AES_CORE_dev,AES_CLUSTER_OP[0].AES_CORE_OP[0].w_cfb_sbyte_ctr_y[5:4],wire [DATA_BYTE_LEN_WD:0] w_cfb_sbyte_ctr_y = r_cfb_sbyte_ctr + ((I_CFB_BYTE_TYPE == 3'd0)? 0: (CFB_SBYTE_CTR_TYPE * q));,Variable '[VariableName]'[ExprSize] set but not read.[Hierarchy: '[HIERARCHY]'],Lint:993,waived,,,"{""Goal"": ""BOS_LINT_RULE"", ""Module"": ""AES_CORE_dev"", ""FileName"": ""/storage/project/atlas/design/user/pnson/ATLAS_WORKING/IP/AESDMA/RTL/AES_CORE/AES_CORE_dev.v"", ""LineNumber"": ""1590"", ""Statement"": ""wire [DATA_BYTE_LEN_WD:0] w_cfb_sbyte_ctr_y = r_cfb_sbyte_ctr + ((I_CFB_BYTE_TYPE == 3'd0)? 0: (CFB_SBYTE_CTR_TYPE * q));"", ""HIERARCHY"": "":BOS_AESDMA:u_AESDMA_TOP@AESDMA_TOP_DCLS:u_aesdma_top@AESDMA_TOP:u_AES_CORE@AES_CORE_dev"", ""VariableName"": ""AES_CLUSTER_OP[0].AES_CORE_OP[0].w_cfb_sbyte_ctr_y[5:4]""}","{""Tag"": ""W528"", ""Description"": ""Variable '[VariableName]'[ExprSize] set but not read.[Hierarchy: '[HIERARCHY]']"", ""Violation"": ""Lint:993"", ""Goal"": ""BOS_LINT_RULE"", ""Module"": ""AES_CORE_dev"", ""FileName"": ""/storage/project/atlas/design/user/pnson/ATLAS_WORKING/IP/AESDMA/RTL/AES_CORE/AES_CORE_dev.v"", ""LineNumber"": ""1590"", ""Statement"": ""            wire [DATA_BYTE_LEN_WD:0] w_cfb_sbyte_ctr_y = r_cfb_sbyte_ctr + ((I_CFB_BYTE_TYPE == 3'd0)? 0: (CFB_SBYTE_CTR_TYPE * q));"", ""VariableName"": ""AES_CLUSTER_OP[0].AES_CORE_OP[0].w_cfb_sbyte_ctr_y[5:4]"", ""ExprSize"": """", ""HIERARCHY"": "":BOS_AESDMA:u_AESDMA_TOP@AESDMA_TOP_DCLS:u_aesdma_top@AESDMA_TOP:u_AES_CORE@AES_CORE_dev""}"
W528_196f9b0f7654,UNCHANGED,WAIVED,yes,W528_825,output port is not connected warning,AUTO,,,,,PENDING,,W528,warning,BOS_LINT_RULE,AES_CORE_dev,/storage/project/atlas/design/user/pnson/ATLAS_WORKING/IP/AESDMA/RTL/AES_CORE/AES_CORE_dev.v,1592,:BOS_AESDMA:u_AESDMA_TOP@AESDMA_TOP_DCLS:u_aesdma_top@AESDMA_TOP:u_AES_CORE@AES_CORE_dev,AES_CLUSTER_OP[9].AES_CORE_OP[0].q_tmp,wire [AES_CORE_CNT_WD-1:0] q_tmp = (P_AES_CORE_CNT == 1) ? 0 : q - 1;,Variable '[VariableName]'[ExprSize] set but not read.[Hierarchy: '[HIERARCHY]'],Lint:953,waived,,,"{""Goal"": ""BOS_LINT_RULE"", ""Module"": ""AES_CORE_dev"", ""FileName"": ""/storage/project/atlas/design/user/pnson/ATLAS_WORKING/IP/AESDMA/RTL/AES_CORE/AES_CORE_dev.v"", ""LineNumber"": ""1592"", ""Statement"": ""wire [AES_CORE_CNT_WD-1:0] q_tmp = (P_AES_CORE_CNT == 1) ? 0 : q - 1;"", ""HIERARCHY"": "":BOS_AESDMA:u_AESDMA_TOP@AESDMA_TOP_DCLS:u_aesdma_top@AESDMA_TOP:u_AES_CORE@AES_CORE_dev"", ""VariableName"": ""AES_CLUSTER_OP[9].AES_CORE_OP[0].q_tmp""}","{""Tag"": ""W528"", ""Description"": ""Variable '[VariableName]'[ExprSize] set but not read.[Hierarchy: '[HIERARCHY]']"", ""Violation"": ""Lint:953"", ""Goal"": ""BOS_LINT_RULE"", ""Module"": ""AES_CORE_dev"", ""FileName"": ""/storage/project/atlas/design/user/pnson/ATLAS_WORKING/IP/AESDMA/RTL/AES_CORE/AES_CORE_dev.v"", ""LineNumber"": ""1592"", ""Statement"": ""            wire [AES_CORE_CNT_WD-1:0] q_tmp = (P_AES_CORE_CNT == 1) ? 0 : q - 1;"", ""VariableName"": ""AES_CLUSTER_OP[9].AES_CORE_OP[0].q_tmp"", ""ExprSize"": """", ""HIERARCHY"": "":BOS_AESDMA:u_AESDMA_TOP@AESDMA_TOP_DCLS:u_aesdma_top@AESDMA_TOP:u_AES_CORE@AES_CORE_dev""}"
W528_d551c50f2d1a,UNCHANGED,WAIVED,yes,W528_825,output port is not connected warning,AUTO,,,,,PENDING,,W528,warning,BOS_LINT_RULE,AES_CORE_dev,/storage/project/atlas/design/user/pnson/ATLAS_WORKING/IP/AESDMA/RTL/AES_CORE/AES_CORE_dev.v,1592,:BOS_AESDMA:u_AESDMA_TOP@AESDMA_TOP_DCLS:u_aesdma_top@AESDMA_TOP:u_AES_CORE@AES_CORE_dev,AES_CLUSTER_OP[8].AES_CORE_OP[0].q_tmp,wire [AES_CORE_CNT_WD-1:0] q_tmp = (P_AES_CORE_CNT == 1) ? 0 : q - 1;,Variable '[VariableName]'[ExprSize] set but not read.[Hierarchy: '[HIERARCHY]'],Lint:956,waived,,,"{""Goal"": ""BOS_LINT_RULE"", ""Module"": ""AES_CORE_dev"", ""FileName"": ""/storage/project/atlas/design/user/pnson/ATLAS_WORKING/IP/AESDMA/RTL/AES_CORE/AES_CORE_dev.v"", ""LineNumber"": ""1592"", ""Statement"": ""wire [AES_CORE_CNT_WD-1:0] q_tmp = (P_AES_CORE_CNT == 1) ? 0 : q - 1;"", ""HIERARCHY"": "":BOS_AESDMA:u_AESDMA_TOP@AESDMA_TOP_DCLS:u_aesdma_top@AESDMA_TOP:u_AES_CORE@AES_CORE_dev"", ""VariableName"": ""AES_CLUSTER_OP[8].AES_CORE_OP[0].q_tmp""}","{""Tag"": ""W528"", ""Description"": ""Variable '[VariableName]'[ExprSize] set but not read.[Hierarchy: '[HIERARCHY]']"", ""Violation"": ""Lint:956"", ""Goal"": ""BOS_LINT_RULE"", ""Module"": ""AES_CORE_dev"", ""FileName"": ""/storage/project/atlas/design/user/pnson/ATLAS_WORKING/IP/AESDMA/RTL/AES_CORE/AES_CORE_dev.v"", ""LineNumber"": ""1592"", ""Statement"": ""            wire [AES_CORE_CNT_WD-1:0] q_tmp = (P_AES_CORE_CNT == 1) ? 0 : q - 1;"", ""VariableName"": ""AES_CLUSTER_OP[8].AES_CORE_OP[0].q_tmp"", ""ExprSize"": """", ""HIERARCHY"": "":BOS_AESDMA:u_AESDMA_TOP@AESDMA_TOP_DCLS:u_aesdma_top@AESDMA_TOP:u_AES_CORE@AES_CORE_dev""}"
W528_7653902b2bca,UNCHANGED,WAIVED,yes,W528_825,output port is not connected warning,AUTO,,,,,PENDING,,W528,warning,BOS_LINT_RULE,AES_CORE_dev,/storage/project/atlas/design/user/pnson/ATLAS_WORKING/IP/AESDMA/RTL/AES_CORE/AES_CORE_dev.v,1592,:BOS_AESDMA:u_AESDMA_TOP@AESDMA_TOP_DCLS:u_aesdma_top@AESDMA_TOP:u_AES_CORE@AES_CORE_dev,AES_CLUSTER_OP[7].AES_CORE_OP[0].q_tmp,wire [AES_CORE_CNT_WD-1:0] q_tmp = (P_AES_CORE_CNT == 1) ? 0 : q - 1;,Variable '[VariableName]'[ExprSize] set but not read.[Hierarchy: '[HIERARCHY]'],Lint:959,waived,,,"{""Goal"": ""BOS_LINT_RULE"", ""Module"": ""AES_CORE_dev"", ""FileName"": ""/storage/project/atlas/design/user/pnson/ATLAS_WORKING/IP/AESDMA/RTL/AES_CORE/AES_CORE_dev.v"", ""LineNumber"": ""1592"", ""Statement"": ""wire [AES_CORE_CNT_WD-1:0] q_tmp = (P_AES_CORE_CNT == 1) ? 0 : q - 1;"", ""HIERARCHY"": "":BOS_AESDMA:u_AESDMA_TOP@AESDMA_TOP_DCLS:u_aesdma_top@AESDMA_TOP:u_AES_CORE@AES_CORE_dev"", ""VariableName"": ""AES_CLUSTER_OP[7].AES_CORE_OP[0].q_tmp""}","{""Tag"": ""W528"", ""Description"": ""Variable '[VariableName]'[ExprSize] set but not read.[Hierarchy: '[HIERARCHY]']"", ""Violation"": ""Lint:959"", ""Goal"": ""BOS_LINT_RULE"", ""Module"": ""AES_CORE_dev"", ""FileName"": ""/storage/project/atlas/design/user/pnson/ATLAS_WORKING/IP/AESDMA/RTL/AES_CORE/AES_CORE_dev.v"", ""LineNumber"": ""1592"", ""Statement"": ""            wire [AES_CORE_CNT_WD-1:0] q_tmp = (P_AES_CORE_CNT == 1) ? 0 : q - 1;"", ""VariableName"": ""AES_CLUSTER_OP[7].AES_CORE_OP[0].q_tmp"", ""ExprSize"": """", ""HIERARCHY"": "":BOS_AESDMA:u_AESDMA_TOP@AESDMA_TOP_DCLS:u_aesdma_top@AESDMA_TOP:u_AES_CORE@AES_CORE_dev""}"
W528_6844873df49d,UNCHANGED,WAIVED,yes,W528_825,output port is not connected warning,AUTO,,,,,PENDING,,W528,warning,BOS_LINT_RULE,AES_CORE_dev,/storage/project/atlas/design/user/pnson/ATLAS_WORKING/IP/AESDMA/RTL/AES_CORE/AES_CORE_dev.v,1592,:BOS_AESDMA:u_AESDMA_TOP@AESDMA_TOP_DCLS:u_aesdma_top@AESDMA_TOP:u_AES_CORE@AES_CORE_dev,AES_CLUSTER_OP[6].AES_CORE_OP[0].q_tmp,wire [AES_CORE_CNT_WD-1:0] q_tmp = (P_AES_CORE_CNT == 1) ? 0 : q - 1;,Variable '[VariableName]'[ExprSize] set but not read.[Hierarchy: '[HIERARCHY]'],Lint:962,waived,,,"{""Goal"": ""BOS_LINT_RULE"", ""Module"": ""AES_CORE_dev"", ""FileName"": ""/storage/project/atlas/design/user/pnson/ATLAS_WORKING/IP/AESDMA/RTL/AES_CORE/AES_CORE_dev.v"", ""LineNumber"": ""1592"", ""Statement"": ""wire [AES_CORE_CNT_WD-1:0] q_tmp = (P_AES_CORE_CNT == 1) ? 0 : q - 1;"", ""HIERARCHY"": "":BOS_AESDMA:u_AESDMA_TOP@AESDMA_TOP_DCLS:u_aesdma_top@AESDMA_TOP:u_AES_CORE@AES_CORE_dev"", ""VariableName"": ""AES_CLUSTER_OP[6].AES_CORE_OP[0].q_tmp""}","{""Tag"": ""W528"", ""Description"": ""Variable '[VariableName]'[ExprSize] set but not read.[Hierarchy: '[HIERARCHY]']"", ""Violation"": ""Lint:962"", ""Goal"": ""BOS_LINT_RULE"", ""Module"": ""AES_CORE_dev"", ""FileName"": ""/storage/project/atlas/design/user/pnson/ATLAS_WORKING/IP/AESDMA/RTL/AES_CORE/AES_CORE_dev.v"", ""LineNumber"": ""1592"", ""Statement"": ""            wire [AES_CORE_CNT_WD-1:0] q_tmp = (P_AES_CORE_CNT == 1) ? 0 : q - 1;"", ""VariableName"": ""AES_CLUSTER_OP[6].AES_CORE_OP[0].q_tmp"", ""ExprSize"": """", ""HIERARCHY"": "":BOS_AESDMA:u_AESDMA_TOP@AESDMA_TOP_DCLS:u_aesdma_top@AESDMA_TOP:u_AES_CORE@AES_CORE_dev""}"
W528_7136ee12a5fe,UNCHANGED,WAIVED,yes,W528_825,output port is not connected warning,AUTO,,,,,PENDING,,W528,warning,BOS_LINT_RULE,AES_CORE_dev,/storage/project/atlas/design/user/pnson/ATLAS_WORKING/IP/AESDMA/RTL/AES_CORE/AES_CORE_dev.v,1592,:BOS_AESDMA:u_AESDMA_TOP@AESDMA_TOP_DCLS:u_aesdma_top@AESDMA_TOP:u_AES_CORE@AES_CORE_dev,AES_CLUSTER_OP[5].AES_CORE_OP[0].q_tmp,wire [AES_CORE_CNT_WD-1:0] q_tmp = (P_AES_CORE_CNT == 1) ? 0 : q - 1;,Variable '[VariableName]'[ExprSize] set but not read.[Hierarchy: '[HIERARCHY]'],Lint:965,waived,,,"{""Goal"": ""BOS_LINT_RULE"", ""Module"": ""AES_CORE_dev"", ""FileName"": ""/storage/project/atlas/design/user/pnson/ATLAS_WORKING/IP/AESDMA/RTL/AES_CORE/AES_CORE_dev.v"", ""LineNumber"": ""1592"", ""Statement"": ""wire [AES_CORE_CNT_WD-1:0] q_tmp = (P_AES_CORE_CNT == 1) ? 0 : q - 1;"", ""HIERARCHY"": "":BOS_AESDMA:u_AESDMA_TOP@AESDMA_TOP_DCLS:u_aesdma_top@AESDMA_TOP:u_AES_CORE@AES_CORE_dev"", ""VariableName"": ""AES_CLUSTER_OP[5].AES_CORE_OP[0].q_tmp""}","{""Tag"": ""W528"", ""Description"": ""Variable '[VariableName]'[ExprSize] set but not read.[Hierarchy: '[HIERARCHY]']"", ""Violation"": ""Lint:965"", ""Goal"": ""BOS_LINT_RULE"", ""Module"": ""AES_CORE_dev"", ""FileName"": ""/storage/project/atlas/design/user/pnson/ATLAS_WORKING/IP/AESDMA/RTL/AES_CORE/AES_CORE_dev.v"", ""LineNumber"": ""1592"", ""Statement"": ""            wire [AES_CORE_CNT_WD-1:0] q_tmp = (P_AES_CORE_CNT == 1) ? 0 : q - 1;"", ""VariableName"": ""AES_CLUSTER_OP[5].AES_CORE_OP[0].q_tmp"", ""ExprSize"": """", ""HIERARCHY"": "":BOS_AESDMA:u_AESDMA_TOP@AESDMA_TOP_DCLS:u_aesdma_top@AESDMA_TOP:u_AES_CORE@AES_CORE_dev""}"
W528_0a37d6f3761c,UNCHANGED,WAIVED,yes,W528_825,output port is not connected warning,AUTO,,,,,PENDING,,W528,warning,BOS_LINT_RULE,AES_CORE_dev,/storage/project/atlas/design/user/pnson/ATLAS_WORKING/IP/AESDMA/RTL/AES_CORE/AES_CORE_dev.v,1592,:BOS_AESDMA:u_AESDMA_TOP@AESDMA_TOP_DCLS:u_aesdma_top@AESDMA_TOP:u_AES_CORE@AES_CORE_dev,AES_CLUSTER_OP[4].AES_CORE_OP[0].q_tmp,wire [AES_CORE_CNT_WD-1:0] q_tmp = (P_AES_CORE_CNT == 1) ? 0 : q - 1;,Variable '[VariableName]'[ExprSize] set but not read.[Hierarchy: '[HIERARCHY]'],Lint:968,waived,,,"{""Goal"": ""BOS_LINT_RULE"", ""Module"": ""AES_CORE_dev"", ""FileName"": ""/storage/project/atlas/design/user/pnson/ATLAS_WORKING/IP/AESDMA/RTL/AES_CORE/AES_CORE_dev.v"", ""LineNumber"": ""1592"", ""Statement"": ""wire [AES_CORE_CNT_WD-1:0] q_tmp = (P_AES_CORE_CNT == 1) ? 0 : q - 1;"", ""HIERARCHY"": "":BOS_AESDMA:u_AESDMA_TOP@AESDMA_TOP_DCLS:u_aesdma_top@AESDMA_TOP:u_AES_CORE@AES_CORE_dev"", ""VariableName"": ""AES_CLUSTER_OP[4].AES_CORE_OP[0].q_tmp""}","{""Tag"": ""W528"", ""Description"": ""Variable '[VariableName]'[ExprSize] set but not read.[Hierarchy: '[HIERARCHY]']"", ""Violation"": ""Lint:968"", ""Goal"": ""BOS_LINT_RULE"", ""Module"": ""AES_CORE_dev"", ""FileName"": ""/storage/project/atlas/design/user/pnson/ATLAS_WORKING/IP/AESDMA/RTL/AES_CORE/AES_CORE_dev.v"", ""LineNumber"": ""1592"", ""Statement"": ""            wire [AES_CORE_CNT_WD-1:0] q_tmp = (P_AES_CORE_CNT == 1) ? 0 : q - 1;"", ""VariableName"": ""AES_CLUSTER_OP[4].AES_CORE_OP[0].q_tmp"", ""ExprSize"": """", ""HIERARCHY"": "":BOS_AESDMA:u_AESDMA_TOP@AESDMA_TOP_DCLS:u_aesdma_top@AESDMA_TOP:u_AES_CORE@AES_CORE_dev""}"
W528_72f483a57b24,UNCHANGED,WAIVED,yes,W528_825,output port is not connected warning,AUTO,,,,,PENDING,,W528,warning,BOS_LINT_RULE,AES_CORE_dev,/storage/project/atlas/design/user/pnson/ATLAS_WORKING/IP/AESDMA/RTL/AES_CORE/AES_CORE_dev.v,1592,:BOS_AESDMA:u_AESDMA_TOP@AESDMA_TOP_DCLS:u_aesdma_top@AESDMA_TOP:u_AES_CORE@AES_CORE_dev,AES_CLUSTER_OP[3].AES_CORE_OP[0].q_tmp,wire [AES_CORE_CNT_WD-1:0] q_tmp = (P_AES_CORE_CNT == 1) ? 0 : q - 1;,Variable '[VariableName]'[ExprSize] set but not read.[Hierarchy: '[HIERARCHY]'],Lint:971,waived,,,"{""Goal"": ""BOS_LINT_RULE"", ""Module"": ""AES_CORE_dev"", ""FileName"": ""/storage/project/atlas/design/user/pnson/ATLAS_WORKING/IP/AESDMA/RTL/AES_CORE/AES_CORE_dev.v"", ""LineNumber"": ""1592"", ""Statement"": ""wire [AES_CORE_CNT_WD-1:0] q_tmp = (P_AES_CORE_CNT == 1) ? 0 : q - 1;"", ""HIERARCHY"": "":BOS_AESDMA:u_AESDMA_TOP@AESDMA_TOP_DCLS:u_aesdma_top@AESDMA_TOP:u_AES_CORE@AES_CORE_dev"", ""VariableName"": ""AES_CLUSTER_OP[3].AES_CORE_OP[0].q_tmp""}","{""Tag"": ""W528"", ""Description"": ""Variable '[VariableName]'[ExprSize] set but not read.[Hierarchy: '[HIERARCHY]']"", ""Violation"": ""Lint:971"", ""Goal"": ""BOS_LINT_RULE"", ""Module"": ""AES_CORE_dev"", ""FileName"": ""/storage/project/atlas/design/user/pnson/ATLAS_WORKING/IP/AESDMA/RTL/AES_CORE/AES_CORE_dev.v"", ""LineNumber"": ""1592"", ""Statement"": ""            wire [AES_CORE_CNT_WD-1:0] q_tmp = (P_AES_CORE_CNT == 1) ? 0 : q - 1;"", ""VariableName"": ""AES_CLUSTER_OP[3].AES_CORE_OP[0].q_tmp"", ""ExprSize"": """", ""HIERARCHY"": "":BOS_AESDMA:u_AESDMA_TOP@AESDMA_TOP_DCLS:u_aesdma_top@AESDMA_TOP:u_AES_CORE@AES_CORE_dev""}"
W528_1b530c3b005d,UNCHANGED,WAIVED,yes,W528_825,output port is not connected warning,AUTO,,,,,PENDING,,W528,warning,BOS_LINT_RULE,AES_CORE_dev,/storage/project/atlas/design/user/pnson/ATLAS_WORKING/IP/AESDMA/RTL/AES_CORE/AES_CORE_dev.v,1592,:BOS_AESDMA:u_AESDMA_TOP@AESDMA_TOP_DCLS:u_aesdma_top@AESDMA_TOP:u_AES_CORE@AES_CORE_dev,AES_CLUSTER_OP[2].AES_CORE_OP[0].q_tmp,wire [AES_CORE_CNT_WD-1:0] q_tmp = (P_AES_CORE_CNT == 1) ? 0 : q - 1;,Variable '[VariableName]'[ExprSize] set but not read.[Hierarchy: '[HIERARCHY]'],Lint:974,waived,,,"{""Goal"": ""BOS_LINT_RULE"", ""Module"": ""AES_CORE_dev"", ""FileName"": ""/storage/project/atlas/design/user/pnson/ATLAS_WORKING/IP/AESDMA/RTL/AES_CORE/AES_CORE_dev.v"", ""LineNumber"": ""1592"", ""Statement"": ""wire [AES_CORE_CNT_WD-1:0] q_tmp = (P_AES_CORE_CNT == 1) ? 0 : q - 1;"", ""HIERARCHY"": "":BOS_AESDMA:u_AESDMA_TOP@AESDMA_TOP_DCLS:u_aesdma_top@AESDMA_TOP:u_AES_CORE@AES_CORE_dev"", ""VariableName"": ""AES_CLUSTER_OP[2].AES_CORE_OP[0].q_tmp""}","{""Tag"": ""W528"", ""Description"": ""Variable '[VariableName]'[ExprSize] set but not read.[Hierarchy: '[HIERARCHY]']"", ""Violation"": ""Lint:974"", ""Goal"": ""BOS_LINT_RULE"", ""Module"": ""AES_CORE_dev"", ""FileName"": ""/storage/project/atlas/design/user/pnson/ATLAS_WORKING/IP/AESDMA/RTL/AES_CORE/AES_CORE_dev.v"", ""LineNumber"": ""1592"", ""Statement"": ""            wire [AES_CORE_CNT_WD-1:0] q_tmp = (P_AES_CORE_CNT == 1) ? 0 : q - 1;"", ""VariableName"": ""AES_CLUSTER_OP[2].AES_CORE_OP[0].q_tmp"", ""ExprSize"": """", ""HIERARCHY"": "":BOS_AESDMA:u_AESDMA_TOP@AESDMA_TOP_DCLS:u_aesdma_top@AESDMA_TOP:u_AES_CORE@AES_CORE_dev""}"
W528_66e85c8daaf3,UNCHANGED,WAIVED,yes,W528_825,output port is not connected warning,AUTO,,,,,PENDING,,W528,warning,BOS_LINT_RULE,AES_CORE_dev,/storage/project/atlas/design/user/pnson/ATLAS_WORKING/IP/AESDMA/RTL/AES_CORE/AES_CORE_dev.v,1592,:BOS_AESDMA:u_AESDMA_TOP@AESDMA_TOP_DCLS:u_aesdma_top@AESDMA_TOP:u_AES_CORE@AES_CORE_dev,AES_CLUSTER_OP[1].AES_CORE_OP[0].q_tmp,wire [AES_CORE_CNT_WD-1:0] q_tmp = (P_AES_CORE_CNT == 1) ? 0 : q - 1;,Variable '[VariableName]'[ExprSize] set but not read.[Hierarchy: '[HIERARCHY]'],Lint:977,waived,,,"{""Goal"": ""BOS_LINT_RULE"", ""Module"": ""AES_CORE_dev"", ""FileName"": ""/storage/project/atlas/design/user/pnson/ATLAS_WORKING/IP/AESDMA/RTL/AES_CORE/AES_CORE_dev.v"", ""LineNumber"": ""1592"", ""Statement"": ""wire [AES_CORE_CNT_WD-1:0] q_tmp = (P_AES_CORE_CNT == 1) ? 0 : q - 1;"", ""HIERARCHY"": "":BOS_AESDMA:u_AESDMA_TOP@AESDMA_TOP_DCLS:u_aesdma_top@AESDMA_TOP:u_AES_CORE@AES_CORE_dev"", ""VariableName"": ""AES_CLUSTER_OP[1].AES_CORE_OP[0].q_tmp""}","{""Tag"": ""W528"", ""Description"": ""Variable '[VariableName]'[ExprSize] set but not read.[Hierarchy: '[HIERARCHY]']"", ""Violation"": ""Lint:977"", ""Goal"": ""BOS_LINT_RULE"", ""Module"": ""AES_CORE_dev"", ""FileName"": ""/storage/project/atlas/design/user/pnson/ATLAS_WORKING/IP/AESDMA/RTL/AES_CORE/AES_CORE_dev.v"", ""LineNumber"": ""1592"", ""Statement"": ""            wire [AES_CORE_CNT_WD-1:0] q_tmp = (P_AES_CORE_CNT == 1) ? 0 : q - 1;"", ""VariableName"": ""AES_CLUSTER_OP[1].AES_CORE_OP[0].q_tmp"", ""ExprSize"": """", ""HIERARCHY"": "":BOS_AESDMA:u_AESDMA_TOP@AESDMA_TOP_DCLS:u_aesdma_top@AESDMA_TOP:u_AES_CORE@AES_CORE_dev""}"
W528_c1cd449e7bcd,UNCHANGED,WAIVED,yes,W528_825,output port is not connected warning,AUTO,,,,,PENDING,,W528,warning,BOS_LINT_RULE,AES_CORE_dev,/storage/project/atlas/design/user/pnson/ATLAS_WORKING/IP/AESDMA/RTL/AES_CORE/AES_CORE_dev.v,1592,:BOS_AESDMA:u_AESDMA_TOP@AESDMA_TOP_DCLS:u_aesdma_top@AESDMA_TOP:u_AES_CORE@AES_CORE_dev,AES_CLUSTER_OP[14].AES_CORE_OP[0].q_tmp,wire [AES_CORE_CNT_WD-1:0] q_tmp = (P_AES_CORE_CNT == 1) ? 0 : q - 1;,Variable '[VariableName]'[ExprSize] set but not read.[Hierarchy: '[HIERARCHY]'],Lint:980,waived,,,"{""Goal"": ""BOS_LINT_RULE"", ""Module"": ""AES_CORE_dev"", ""FileName"": ""/storage/project/atlas/design/user/pnson/ATLAS_WORKING/IP/AESDMA/RTL/AES_CORE/AES_CORE_dev.v"", ""LineNumber"": ""1592"", ""Statement"": ""wire [AES_CORE_CNT_WD-1:0] q_tmp = (P_AES_CORE_CNT == 1) ? 0 : q - 1;"", ""HIERARCHY"": "":BOS_AESDMA:u_AESDMA_TOP@AESDMA_TOP_DCLS:u_aesdma_top@AESDMA_TOP:u_AES_CORE@AES_CORE_dev"", ""VariableName"": ""AES_CLUSTER_OP[14].AES_CORE_OP[0].q_tmp""}","{""Tag"": ""W528"", ""Description"": ""Variable '[VariableName]'[ExprSize] set but not read.[Hierarchy: '[HIERARCHY]']"", ""Violation"": ""Lint:980"", ""Goal"": ""BOS_LINT_RULE"", ""Module"": ""AES_CORE_dev"", ""FileName"": ""/storage/project/atlas/design/user/pnson/ATLAS_WORKING/IP/AESDMA/RTL/AES_CORE/AES_CORE_dev.v"", ""LineNumber"": ""1592"", ""Statement"": ""            wire [AES_CORE_CNT_WD-1:0] q_tmp = (P_AES_CORE_CNT == 1) ? 0 : q - 1;"", ""VariableName"": ""AES_CLUSTER_OP[14].AES_CORE_OP[0].q_tmp"", ""ExprSize"": """", ""HIERARCHY"": "":BOS_AESDMA:u_AESDMA_TOP@AESDMA_TOP_DCLS:u_aesdma_top@AESDMA_TOP:u_AES_CORE@AES_CORE_dev""}"
W528_cdb7054b5a03,UNCHANGED,WAIVED,yes,W528_825,output port is not connected warning,AUTO,,,,,PENDING,,W528,warning,BOS_LINT_RULE,AES_CORE_dev,/storage/project/atlas/design/user/pnson/ATLAS_WORKING/IP/AESDMA/RTL/AES_CORE/AES_CORE_dev.v,1592,:BOS_AESDMA:u_AESDMA_TOP@AESDMA_TOP_DCLS:u_aesdma_top@AESDMA_TOP:u_AES_CORE@AES_CORE_dev,AES_CLUSTER_OP[13].AES_CORE_OP[0].q_tmp,wire [AES_CORE_CNT_WD-1:0] q_tmp = (P_AES_CORE_CNT == 1) ? 0 : q - 1;,Variable '[VariableName]'[ExprSize] set but not read.[Hierarchy: '[HIERARCHY]'],Lint:983,waived,,,"{""Goal"": ""BOS_LINT_RULE"", ""Module"": ""AES_CORE_dev"", ""FileName"": ""/storage/project/atlas/design/user/pnson/ATLAS_WORKING/IP/AESDMA/RTL/AES_CORE/AES_CORE_dev.v"", ""LineNumber"": ""1592"", ""Statement"": ""wire [AES_CORE_CNT_WD-1:0] q_tmp = (P_AES_CORE_CNT == 1) ? 0 : q - 1;"", ""HIERARCHY"": "":BOS_AESDMA:u_AESDMA_TOP@AESDMA_TOP_DCLS:u_aesdma_top@AESDMA_TOP:u_AES_CORE@AES_CORE_dev"", ""VariableName"": ""AES_CLUSTER_OP[13].AES_CORE_OP[0].q_tmp""}","{""Tag"": ""W528"", ""Description"": ""Variable '[VariableName]'[ExprSize] set but not read.[Hierarchy: '[HIERARCHY]']"", ""Violation"": ""Lint:983"", ""Goal"": ""BOS_LINT_RULE"", ""Module"": ""AES_CORE_dev"", ""FileName"": ""/storage/project/atlas/design/user/pnson/ATLAS_WORKING/IP/AESDMA/RTL/AES_CORE/AES_CORE_dev.v"", ""LineNumber"": ""1592"", ""Statement"": ""            wire [AES_CORE_CNT_WD-1:0] q_tmp = (P_AES_CORE_CNT == 1) ? 0 : q - 1;"", ""VariableName"": ""AES_CLUSTER_OP[13].AES_CORE_OP[0].q_tmp"", ""ExprSize"": """", ""HIERARCHY"": "":BOS_AESDMA:u_AESDMA_TOP@AESDMA_TOP_DCLS:u_aesdma_top@AESDMA_TOP:u_AES_CORE@AES_CORE_dev""}"
W528_3278e73caf3b,UNCHANGED,WAIVED,yes,W528_825,output port is not connected warning,AUTO,,,,,PENDING,,W528,warning,BOS_LINT_RULE,AES_CORE_dev,/storage/project/atlas/design/user/pnson/ATLAS_WORKING/IP/AESDMA/RTL/AES_CORE/AES_CORE_dev.v,1592,:BOS_AESDMA:u_AESDMA_TOP@AESDMA_TOP_DCLS:u_aesdma_top@AESDMA_TOP:u_AES_CORE@AES_CORE_dev,AES_CLUSTER_OP[12].AES_CORE_OP[0].q_tmp,wire [AES_CORE_CNT_WD-1:0] q_tmp = (P_AES_CORE_CNT == 1) ? 0 : q - 1;,Variable '[VariableName]'[ExprSize] set but not read.[Hierarchy: '[HIERARCHY]'],Lint:986,waived,,,"{""Goal"": ""BOS_LINT_RULE"", ""Module"": ""AES_CORE_dev"", ""FileName"": ""/storage/project/atlas/design/user/pnson/ATLAS_WORKING/IP/AESDMA/RTL/AES_CORE/AES_CORE_dev.v"", ""LineNumber"": ""1592"", ""Statement"": ""wire [AES_CORE_CNT_WD-1:0] q_tmp = (P_AES_CORE_CNT == 1) ? 0 : q - 1;"", ""HIERARCHY"": "":BOS_AESDMA:u_AESDMA_TOP@AESDMA_TOP_DCLS:u_aesdma_top@AESDMA_TOP:u_AES_CORE@AES_CORE_dev"", ""VariableName"": ""AES_CLUSTER_OP[12].AES_CORE_OP[0].q_tmp""}","{""Tag"": ""W528"", ""Description"": ""Variable '[VariableName]'[ExprSize] set but not read.[Hierarchy: '[HIERARCHY]']"", ""Violation"": ""Lint:986"", ""Goal"": ""BOS_LINT_RULE"", ""Module"": ""AES_CORE_dev"", ""FileName"": ""/storage/project/atlas/design/user/pnson/ATLAS_WORKING/IP/AESDMA/RTL/AES_CORE/AES_CORE_dev.v"", ""LineNumber"": ""1592"", ""Statement"": ""            wire [AES_CORE_CNT_WD-1:0] q_tmp = (P_AES_CORE_CNT == 1) ? 0 : q - 1;"", ""VariableName"": ""AES_CLUSTER_OP[12].AES_CORE_OP[0].q_tmp"", ""ExprSize"": """", ""HIERARCHY"": "":BOS_AESDMA:u_AESDMA_TOP@AESDMA_TOP_DCLS:u_aesdma_top@AESDMA_TOP:u_AES_CORE@AES_CORE_dev""}"
W528_fe48061deefc,UNCHANGED,WAIVED,yes,W528_825,output port is not connected warning,AUTO,,,,,PENDING,,W528,warning,BOS_LINT_RULE,AES_CORE_dev,/storage/project/atlas/design/user/pnson/ATLAS_WORKING/IP/AESDMA/RTL/AES_CORE/AES_CORE_dev.v,1592,:BOS_AESDMA:u_AESDMA_TOP@AESDMA_TOP_DCLS:u_aesdma_top@AESDMA_TOP:u_AES_CORE@AES_CORE_dev,AES_CLUSTER_OP[11].AES_CORE_OP[0].q_tmp,wire [AES_CORE_CNT_WD-1:0] q_tmp = (P_AES_CORE_CNT == 1) ? 0 : q - 1;,Variable '[VariableName]'[ExprSize] set but not read.[Hierarchy: '[HIERARCHY]'],Lint:989,waived,,,"{""Goal"": ""BOS_LINT_RULE"", ""Module"": ""AES_CORE_dev"", ""FileName"": ""/storage/project/atlas/design/user/pnson/ATLAS_WORKING/IP/AESDMA/RTL/AES_CORE/AES_CORE_dev.v"", ""LineNumber"": ""1592"", ""Statement"": ""wire [AES_CORE_CNT_WD-1:0] q_tmp = (P_AES_CORE_CNT == 1) ? 0 : q - 1;"", ""HIERARCHY"": "":BOS_AESDMA:u_AESDMA_TOP@AESDMA_TOP_DCLS:u_aesdma_top@AESDMA_TOP:u_AES_CORE@AES_CORE_dev"", ""VariableName"": ""AES_CLUSTER_OP[11].AES_CORE_OP[0].q_tmp""}","{""Tag"": ""W528"", ""Description"": ""Variable '[VariableName]'[ExprSize] set but not read.[Hierarchy: '[HIERARCHY]']"", ""Violation"": ""Lint:989"", ""Goal"": ""BOS_LINT_RULE"", ""Module"": ""AES_CORE_dev"", ""FileName"": ""/storage/project/atlas/design/user/pnson/ATLAS_WORKING/IP/AESDMA/RTL/AES_CORE/AES_CORE_dev.v"", ""LineNumber"": ""1592"", ""Statement"": ""            wire [AES_CORE_CNT_WD-1:0] q_tmp = (P_AES_CORE_CNT == 1) ? 0 : q - 1;"", ""VariableName"": ""AES_CLUSTER_OP[11].AES_CORE_OP[0].q_tmp"", ""ExprSize"": """", ""HIERARCHY"": "":BOS_AESDMA:u_AESDMA_TOP@AESDMA_TOP_DCLS:u_aesdma_top@AESDMA_TOP:u_AES_CORE@AES_CORE_dev""}"
W528_4f50c6d3d8f4,UNCHANGED,WAIVED,yes,W528_825,output port is not connected warning,AUTO,,,,,PENDING,,W528,warning,BOS_LINT_RULE,AES_CORE_dev,/storage/project/atlas/design/user/pnson/ATLAS_WORKING/IP/AESDMA/RTL/AES_CORE/AES_CORE_dev.v,1592,:BOS_AESDMA:u_AESDMA_TOP@AESDMA_TOP_DCLS:u_aesdma_top@AESDMA_TOP:u_AES_CORE@AES_CORE_dev,AES_CLUSTER_OP[10].AES_CORE_OP[0].q_tmp,wire [AES_CORE_CNT_WD-1:0] q_tmp = (P_AES_CORE_CNT == 1) ? 0 : q - 1;,Variable '[VariableName]'[ExprSize] set but not read.[Hierarchy: '[HIERARCHY]'],Lint:992,waived,,,"{""Goal"": ""BOS_LINT_RULE"", ""Module"": ""AES_CORE_dev"", ""FileName"": ""/storage/project/atlas/design/user/pnson/ATLAS_WORKING/IP/AESDMA/RTL/AES_CORE/AES_CORE_dev.v"", ""LineNumber"": ""1592"", ""Statement"": ""wire [AES_CORE_CNT_WD-1:0] q_tmp = (P_AES_CORE_CNT == 1) ? 0 : q - 1;"", ""HIERARCHY"": "":BOS_AESDMA:u_AESDMA_TOP@AESDMA_TOP_DCLS:u_aesdma_top@AESDMA_TOP:u_AES_CORE@AES_CORE_dev"", ""VariableName"": ""AES_CLUSTER_OP[10].AES_CORE_OP[0].q_tmp""}","{""Tag"": ""W528"", ""Description"": ""Variable '[VariableName]'[ExprSize] set but not read.[Hierarchy: '[HIERARCHY]']"", ""Violation"": ""Lint:992"", ""Goal"": ""BOS_LINT_RULE"", ""Module"": ""AES_CORE_dev"", ""FileName"": ""/storage/project/atlas/design/user/pnson/ATLAS_WORKING/IP/AESDMA/RTL/AES_CORE/AES_CORE_dev.v"", ""LineNumber"": ""1592"", ""Statement"": ""            wire [AES_CORE_CNT_WD-1:0] q_tmp = (P_AES_CORE_CNT == 1) ? 0 : q - 1;"", ""VariableName"": ""AES_CLUSTER_OP[10].AES_CORE_OP[0].q_tmp"", ""ExprSize"": """", ""HIERARCHY"": "":BOS_AESDMA:u_AESDMA_TOP@AESDMA_TOP_DCLS:u_aesdma_top@AESDMA_TOP:u_AES_CORE@AES_CORE_dev""}"
W528_15598009a5a5,UNCHANGED,WAIVED,yes,W528_825,output port is not connected warning,AUTO,,,,,PENDING,,W528,warning,BOS_LINT_RULE,AES_CORE_dev,/storage/project/atlas/design/user/pnson/ATLAS_WORKING/IP/AESDMA/RTL/AES_CORE/AES_CORE_dev.v,1592,:BOS_AESDMA:u_AESDMA_TOP@AESDMA_TOP_DCLS:u_aesdma_top@AESDMA_TOP:u_AES_CORE@AES_CORE_dev,AES_CLUSTER_OP[0].AES_CORE_OP[0].q_tmp,wire [AES_CORE_CNT_WD-1:0] q_tmp = (P_AES_CORE_CNT == 1) ? 0 : q - 1;,Variable '[VariableName]'[ExprSize] set but not read.[Hierarchy: '[HIERARCHY]'],Lint:995,waived,,,"{""Goal"": ""BOS_LINT_RULE"", ""Module"": ""AES_CORE_dev"", ""FileName"": ""/storage/project/atlas/design/user/pnson/ATLAS_WORKING/IP/AESDMA/RTL/AES_CORE/AES_CORE_dev.v"", ""LineNumber"": ""1592"", ""Statement"": ""wire [AES_CORE_CNT_WD-1:0] q_tmp = (P_AES_CORE_CNT == 1) ? 0 : q - 1;"", ""HIERARCHY"": "":BOS_AESDMA:u_AESDMA_TOP@AESDMA_TOP_DCLS:u_aesdma_top@AESDMA_TOP:u_AES_CORE@AES_CORE_dev"", ""VariableName"": ""AES_CLUSTER_OP[0].AES_CORE_OP[0].q_tmp""}","{""Tag"": ""W528"", ""Description"": ""Variable '[VariableName]'[ExprSize] set but not read.[Hierarchy: '[HIERARCHY]']"", ""Violation"": ""Lint:995"", ""Goal"": ""BOS_LINT_RULE"", ""Module"": ""AES_CORE_dev"", ""FileName"": ""/storage/project/atlas/design/user/pnson/ATLAS_WORKING/IP/AESDMA/RTL/AES_CORE/AES_CORE_dev.v"", ""LineNumber"": ""1592"", ""Statement"": ""            wire [AES_CORE_CNT_WD-1:0] q_tmp = (P_AES_CORE_CNT == 1) ? 0 : q - 1;"", ""VariableName"": ""AES_CLUSTER_OP[0].AES_CORE_OP[0].q_tmp"", ""ExprSize"": """", ""HIERARCHY"": "":BOS_AESDMA:u_AESDMA_TOP@AESDMA_TOP_DCLS:u_aesdma_top@AESDMA_TOP:u_AES_CORE@AES_CORE_dev""}"
W528_7c7163fa93fc,UNCHANGED,WAIVED,yes,W528_825,output port is not connected warning,AUTO,,,,,PENDING,,W528,warning,BOS_LINT_RULE,AES_CORE_dev,/storage/project/atlas/design/user/pnson/ATLAS_WORKING/IP/AESDMA/RTL/AES_CORE/AES_CORE_dev.v,1593,:BOS_AESDMA:u_AESDMA_TOP@AESDMA_TOP_DCLS:u_aesdma_top@AESDMA_TOP:u_AES_CORE@AES_CORE_dev,AES_CLUSTER_OP[0].AES_CORE_OP[0].p_tmp[3:0],wire [AES_CLUSTER_CNT_WD-1:0] p_tmp = (P_AES_CLUSTER_CNT == 1) ? 0 : p -1;,Variable '[VariableName]'[ExprSize] set but not read.[Hierarchy: '[HIERARCHY]'],Lint:996,waived,,,"{""Goal"": ""BOS_LINT_RULE"", ""Module"": ""AES_CORE_dev"", ""FileName"": ""/storage/project/atlas/design/user/pnson/ATLAS_WORKING/IP/AESDMA/RTL/AES_CORE/AES_CORE_dev.v"", ""LineNumber"": ""1593"", ""Statement"": ""wire [AES_CLUSTER_CNT_WD-1:0] p_tmp = (P_AES_CLUSTER_CNT == 1) ? 0 : p -1;"", ""HIERARCHY"": "":BOS_AESDMA:u_AESDMA_TOP@AESDMA_TOP_DCLS:u_aesdma_top@AESDMA_TOP:u_AES_CORE@AES_CORE_dev"", ""VariableName"": ""AES_CLUSTER_OP[0].AES_CORE_OP[0].p_tmp[3:0]""}","{""Tag"": ""W528"", ""Description"": ""Variable '[VariableName]'[ExprSize] set but not read.[Hierarchy: '[HIERARCHY]']"", ""Violation"": ""Lint:996"", ""Goal"": ""BOS_LINT_RULE"", ""Module"": ""AES_CORE_dev"", ""FileName"": ""/storage/project/atlas/design/user/pnson/ATLAS_WORKING/IP/AESDMA/RTL/AES_CORE/AES_CORE_dev.v"", ""LineNumber"": ""1593"", ""Statement"": ""            wire [AES_CLUSTER_CNT_WD-1:0] p_tmp = (P_AES_CLUSTER_CNT == 1) ? 0 : p -1;"", ""VariableName"": ""AES_CLUSTER_OP[0].AES_CORE_OP[0].p_tmp[3:0]"", ""ExprSize"": """", ""HIERARCHY"": "":BOS_AESDMA:u_AESDMA_TOP@AESDMA_TOP_DCLS:u_aesdma_top@AESDMA_TOP:u_AES_CORE@AES_CORE_dev""}"
W528_943917852715,UNCHANGED,WAIVED,yes,W528_825,output port is not connected warning,AUTO,,,,,PENDING,,W528,warning,BOS_LINT_RULE,AES_CORE_dev,/storage/project/atlas/design/user/pnson/ATLAS_WORKING/IP/AESDMA/RTL/AES_CORE/AES_CORE_dev.v,1942,:BOS_AESDMA:u_AESDMA_TOP@AESDMA_TOP_DCLS:u_aesdma_top@AESDMA_TOP:u_AES_CORE@AES_CORE_dev,gbl_cfb_sbyte_ctr_y[5],gbl_cfb_sbyte_ctr_y = r_cfb_sbyte_ctr + ((I_CFB_BYTE_TYPE == 3'd0) ? 0 : (CFB_SBYTE_CTR_TYPE * i));,Variable '[VariableName]'[ExprSize] set but not read.[Hierarchy: '[HIERARCHY]'],Lint:950,waived,,,"{""Goal"": ""BOS_LINT_RULE"", ""Module"": ""AES_CORE_dev"", ""FileName"": ""/storage/project/atlas/design/user/pnson/ATLAS_WORKING/IP/AESDMA/RTL/AES_CORE/AES_CORE_dev.v"", ""LineNumber"": ""1942"", ""Statement"": ""gbl_cfb_sbyte_ctr_y = r_cfb_sbyte_ctr + ((I_CFB_BYTE_TYPE == 3'd0) ? 0 : (CFB_SBYTE_CTR_TYPE * i));"", ""HIERARCHY"": "":BOS_AESDMA:u_AESDMA_TOP@AESDMA_TOP_DCLS:u_aesdma_top@AESDMA_TOP:u_AES_CORE@AES_CORE_dev"", ""VariableName"": ""gbl_cfb_sbyte_ctr_y[5]""}","{""Tag"": ""W528"", ""Description"": ""Variable '[VariableName]'[ExprSize] set but not read.[Hierarchy: '[HIERARCHY]']"", ""Violation"": ""Lint:950"", ""Goal"": ""BOS_LINT_RULE"", ""Module"": ""AES_CORE_dev"", ""FileName"": ""/storage/project/atlas/design/user/pnson/ATLAS_WORKING/IP/AESDMA/RTL/AES_CORE/AES_CORE_dev.v"", ""LineNumber"": ""1942"", ""Statement"": ""            gbl_cfb_sbyte_ctr_y = r_cfb_sbyte_ctr + ((I_CFB_BYTE_TYPE == 3'd0) ? 0 : (CFB_SBYTE_CTR_TYPE * i));"", ""VariableName"": ""gbl_cfb_sbyte_ctr_y[5]"", ""ExprSize"": """", ""HIERARCHY"": "":BOS_AESDMA:u_AESDMA_TOP@AESDMA_TOP_DCLS:u_aesdma_top@AESDMA_TOP:u_AES_CORE@AES_CORE_dev""}"
W528_70301ee032a4,UNCHANGED,WAIVED,yes,W528_825,output port is not connected warning,AUTO,,,,,PENDING,,W528,warning,BOS_LINT_RULE,AES_CORE_dev,/storage/project/atlas/design/user/pnson/ATLAS_WORKING/IP/AESDMA/RTL/AES_CORE/AES_CORE_dev.v,2163,:BOS_AESDMA:u_AESDMA_TOP@AESDMA_TOP_DCLS:u_aesdma_top@AESDMA_TOP:u_AES_CORE@AES_CORE_dev,w_nxt_h_exp_idx,assign w_nxt_h_exp_idx = r_h_exp_idx + 1;,Variable '[VariableName]'[ExprSize] set but not read.[Hierarchy: '[HIERARCHY]'],Lint:947,waived,,,"{""Goal"": ""BOS_LINT_RULE"", ""Module"": ""AES_CORE_dev"", ""FileName"": ""/storage/project/atlas/design/user/pnson/ATLAS_WORKING/IP/AESDMA/RTL/AES_CORE/AES_CORE_dev.v"", ""LineNumber"": ""2163"", ""Statement"": ""assign w_nxt_h_exp_idx = r_h_exp_idx + 1;"", ""HIERARCHY"": "":BOS_AESDMA:u_AESDMA_TOP@AESDMA_TOP_DCLS:u_aesdma_top@AESDMA_TOP:u_AES_CORE@AES_CORE_dev"", ""VariableName"": ""w_nxt_h_exp_idx""}","{""Tag"": ""W528"", ""Description"": ""Variable '[VariableName]'[ExprSize] set but not read.[Hierarchy: '[HIERARCHY]']"", ""Violation"": ""Lint:947"", ""Goal"": ""BOS_LINT_RULE"", ""Module"": ""AES_CORE_dev"", ""FileName"": ""/storage/project/atlas/design/user/pnson/ATLAS_WORKING/IP/AESDMA/RTL/AES_CORE/AES_CORE_dev.v"", ""LineNumber"": ""2163"", ""Statement"": ""assign w_nxt_h_exp_idx = r_h_exp_idx + 1;"", ""VariableName"": ""w_nxt_h_exp_idx"", ""ExprSize"": """", ""HIERARCHY"": "":BOS_AESDMA:u_AESDMA_TOP@AESDMA_TOP_DCLS:u_aesdma_top@AESDMA_TOP:u_AES_CORE@AES_CORE_dev""}"
W528_e93951e0e431,UNCHANGED,WAIVED,yes,W528_825,output port is not connected warning,AUTO,,,,,PENDING,,W528,info,BOS_LINT_RULE,BOS_AESDMA,/storage/project/atlas/design/user/pnson/ATLAS_WORKING/IP/AESDMA/LINT/FUNC/vcst_rtdb/.internal/spyglass/vc_lint0/BOS_AESDMA/VC_GOAL0/spyglass_reports/lint/SignalUsageReport.rpt,1,,,# Comment : SignalUsageReport : It dumps details of violating bits of a signal,Please refer to 'SignalUsageReport.rpt' for details of violating bits,Lint:854,waived,,,"{""Goal"": ""BOS_LINT_RULE"", ""Module"": ""BOS_AESDMA"", ""FileName"": ""/storage/project/atlas/design/user/pnson/ATLAS_WORKING/IP/AESDMA/LINT/FUNC/vcst_rtdb/.internal/spyglass/vc_lint0/BOS_AESDMA/VC_GOAL0/spyglass_reports/lint/SignalUsageReport.rpt"", ""LineNumber"": ""1"", ""Statement"": ""# Comment : SignalUsageReport : It dumps details of violating bits of a signal""}","{""Tag"": ""W528"", ""Description"": ""Please refer to 'SignalUsageReport.rpt' for details of violating bits"", ""Violation"": ""Lint:854"", ""Goal"": ""BOS_LINT_RULE"", ""Module"": ""BOS_AESDMA"", ""FileName"": ""/storage/project/atlas/design/user/pnson/ATLAS_WORKING/IP/AESDMA/LINT/FUNC/vcst_rtdb/.internal/spyglass/vc_lint0/BOS_AESDMA/VC_GOAL0/spyglass_reports/lint/SignalUsageReport.rpt"", ""LineNumber"": ""1"", ""Statement"": ""#     Comment          : SignalUsageReport : It dumps details of violating bits of a signal""}"
W528_51e70297010c,UNCHANGED,WAIVED,yes,W528_825,output port is not connected warning,AUTO,,,,,PENDING,,W528,warning,BOS_LINT_RULE,BOS_AESDMA,/storage/project/atlas/design/user/pnson/ATLAS_WORKING/IP/AESDMA/RTL/SAFETY/BOS_AESDMA.v,759,:BOS_AESDMA,AESDMA_PCLK_LPI_SI0_QACCEPT_N,".clk_s_qaccept_n ( AESDMA_PCLK_LPI_SI0_QACCEPT_N ),",Variable '[VariableName]'[ExprSize] set but not read.[Hierarchy: '[HIERARCHY]'],Lint:851,waived,,,"{""Goal"": ""BOS_LINT_RULE"", ""Module"": ""BOS_AESDMA"", ""FileName"": ""/storage/project/atlas/design/user/pnson/ATLAS_WORKING/IP/AESDMA/RTL/SAFETY/BOS_AESDMA.v"", ""LineNumber"": ""759"", ""Statement"": "".clk_s_qaccept_n ( AESDMA_PCLK_LPI_SI0_QACCEPT_N ),"", ""HIERARCHY"": "":BOS_AESDMA"", ""VariableName"": ""AESDMA_PCLK_LPI_SI0_QACCEPT_N""}","{""Tag"": ""W528"", ""Description"": ""Variable '[VariableName]'[ExprSize] set but not read.[Hierarchy: '[HIERARCHY]']"", ""Violation"": ""Lint:851"", ""Goal"": ""BOS_LINT_RULE"", ""Module"": ""BOS_AESDMA"", ""FileName"": ""/storage/project/atlas/design/user/pnson/ATLAS_WORKING/IP/AESDMA/RTL/SAFETY/BOS_AESDMA.v"", ""LineNumber"": ""759"", ""Statement"": ""            .clk_s_qaccept_n            ( AESDMA_PCLK_LPI_SI0_QACCEPT_N                     ),"", ""VariableName"": ""AESDMA_PCLK_LPI_SI0_QACCEPT_N"", ""ExprSize"": """", ""HIERARCHY"": "":BOS_AESDMA""}"
W528_60537d116980,UNCHANGED,WAIVED,yes,W528_825,output port is not connected warning,AUTO,,,,,PENDING,,W528,warning,BOS_LINT_RULE,BOS_AESDMA,/storage/project/atlas/design/user/pnson/ATLAS_WORKING/IP/AESDMA/RTL/SAFETY/BOS_AESDMA.v,760,:BOS_AESDMA,AESDMA_PCLK_LPI_SI0_QACTIVE,".clk_s_qactive ( AESDMA_PCLK_LPI_SI0_QACTIVE ),",Variable '[VariableName]'[ExprSize] set but not read.[Hierarchy: '[HIERARCHY]'],Lint:852,waived,,,"{""Goal"": ""BOS_LINT_RULE"", ""Module"": ""BOS_AESDMA"", ""FileName"": ""/storage/project/atlas/design/user/pnson/ATLAS_WORKING/IP/AESDMA/RTL/SAFETY/BOS_AESDMA.v"", ""LineNumber"": ""760"", ""Statement"": "".clk_s_qactive ( AESDMA_PCLK_LPI_SI0_QACTIVE ),"", ""HIERARCHY"": "":BOS_AESDMA"", ""VariableName"": ""AESDMA_PCLK_LPI_SI0_QACTIVE""}","{""Tag"": ""W528"", ""Description"": ""Variable '[VariableName]'[ExprSize] set but not read.[Hierarchy: '[HIERARCHY]']"", ""Violation"": ""Lint:852"", ""Goal"": ""BOS_LINT_RULE"", ""Module"": ""BOS_AESDMA"", ""FileName"": ""/storage/project/atlas/design/user/pnson/ATLAS_WORKING/IP/AESDMA/RTL/SAFETY/BOS_AESDMA.v"", ""LineNumber"": ""760"", ""Statement"": ""            .clk_s_qactive              ( AESDMA_PCLK_LPI_SI0_QACTIVE                       ),"", ""VariableName"": ""AESDMA_PCLK_LPI_SI0_QACTIVE"", ""ExprSize"": """", ""HIERARCHY"": "":BOS_AESDMA""}"
W528_a4389d1cfa68,UNCHANGED,WAIVED,yes,W528_825,output port is not connected warning,AUTO,,,,,PENDING,,W528,warning,BOS_LINT_RULE,BOS_AESDMA,/storage/project/atlas/design/user/pnson/ATLAS_WORKING/IP/AESDMA/RTL/SAFETY/BOS_AESDMA.v,761,:BOS_AESDMA,AESDMA_PCLK_LPI_SI0_QDENY,".clk_s_qdeny ( AESDMA_PCLK_LPI_SI0_QDENY ),",Variable '[VariableName]'[ExprSize] set but not read.[Hierarchy: '[HIERARCHY]'],Lint:853,waived,,,"{""Goal"": ""BOS_LINT_RULE"", ""Module"": ""BOS_AESDMA"", ""FileName"": ""/storage/project/atlas/design/user/pnson/ATLAS_WORKING/IP/AESDMA/RTL/SAFETY/BOS_AESDMA.v"", ""LineNumber"": ""761"", ""Statement"": "".clk_s_qdeny ( AESDMA_PCLK_LPI_SI0_QDENY ),"", ""HIERARCHY"": "":BOS_AESDMA"", ""VariableName"": ""AESDMA_PCLK_LPI_SI0_QDENY""}","{""Tag"": ""W528"", ""Description"": ""Variable '[VariableName]'[ExprSize] set but not read.[Hierarchy: '[HIERARCHY]']"", ""Violation"": ""Lint:853"", ""Goal"": ""BOS_LINT_RULE"", ""Module"": ""BOS_AESDMA"", ""FileName"": ""/storage/project/atlas/design/user/pnson/ATLAS_WORKING/IP/AESDMA/RTL/SAFETY/BOS_AESDMA.v"", ""LineNumber"": ""761"", ""Statement"": ""            .clk_s_qdeny                ( AESDMA_PCLK_LPI_SI0_QDENY                         ),"", ""VariableName"": ""AESDMA_PCLK_LPI_SI0_QDENY"", ""ExprSize"": """", ""HIERARCHY"": "":BOS_AESDMA""}"
W528_3e45565fc3bc,UNCHANGED,WAIVED,yes,W528_825,output port is not connected warning,AUTO,,,,,PENDING,,W528,warning,BOS_LINT_RULE,BOS_AESDMA,/storage/project/atlas/design/user/pnson/ATLAS_WORKING/IP/AESDMA/RTL/SAFETY/BOS_AESDMA.v,766,:BOS_AESDMA,AESDMA_PCLK_LPI_SI0_PACCEPT_N,".pwr_qaccept_n ( AESDMA_PCLK_LPI_SI0_PACCEPT_N ),",Variable '[VariableName]'[ExprSize] set but not read.[Hierarchy: '[HIERARCHY]'],Lint:848,waived,,,"{""Goal"": ""BOS_LINT_RULE"", ""Module"": ""BOS_AESDMA"", ""FileName"": ""/storage/project/atlas/design/user/pnson/ATLAS_WORKING/IP/AESDMA/RTL/SAFETY/BOS_AESDMA.v"", ""LineNumber"": ""766"", ""Statement"": "".pwr_qaccept_n ( AESDMA_PCLK_LPI_SI0_PACCEPT_N ),"", ""HIERARCHY"": "":BOS_AESDMA"", ""VariableName"": ""AESDMA_PCLK_LPI_SI0_PACCEPT_N""}","{""Tag"": ""W528"", ""Description"": ""Variable '[VariableName]'[ExprSize] set but not read.[Hierarchy: '[HIERARCHY]']"", ""Violation"": ""Lint:848"", ""Goal"": ""BOS_LINT_RULE"", ""Module"": ""BOS_AESDMA"", ""FileName"": ""/storage/project/atlas/design/user/pnson/ATLAS_WORKING/IP/AESDMA/RTL/SAFETY/BOS_AESDMA.v"", ""LineNumber"": ""766"", ""Statement"": ""            .pwr_qaccept_n              ( AESDMA_PCLK_LPI_SI0_PACCEPT_N                     ),"", ""VariableName"": ""AESDMA_PCLK_LPI_SI0_PACCEPT_N"", ""ExprSize"": """", ""HIERARCHY"": "":BOS_AESDMA""}"
W528_302e02abc779,UNCHANGED,WAIVED,yes,W528_825,output port is not connected warning,AUTO,,,,,PENDING,,W528,warning,BOS_LINT_RULE,BOS_AESDMA,/storage/project/atlas/design/user/pnson/ATLAS_WORKING/IP/AESDMA/RTL/SAFETY/BOS_AESDMA.v,767,:BOS_AESDMA,AESDMA_PCLK_LPI_SI0_PACTIVE,".pwr_qactive ( AESDMA_PCLK_LPI_SI0_PACTIVE ),",Variable '[VariableName]'[ExprSize] set but not read.[Hierarchy: '[HIERARCHY]'],Lint:849,waived,,,"{""Goal"": ""BOS_LINT_RULE"", ""Module"": ""BOS_AESDMA"", ""FileName"": ""/storage/project/atlas/design/user/pnson/ATLAS_WORKING/IP/AESDMA/RTL/SAFETY/BOS_AESDMA.v"", ""LineNumber"": ""767"", ""Statement"": "".pwr_qactive ( AESDMA_PCLK_LPI_SI0_PACTIVE ),"", ""HIERARCHY"": "":BOS_AESDMA"", ""VariableName"": ""AESDMA_PCLK_LPI_SI0_PACTIVE""}","{""Tag"": ""W528"", ""Description"": ""Variable '[VariableName]'[ExprSize] set but not read.[Hierarchy: '[HIERARCHY]']"", ""Violation"": ""Lint:849"", ""Goal"": ""BOS_LINT_RULE"", ""Module"": ""BOS_AESDMA"", ""FileName"": ""/storage/project/atlas/design/user/pnson/ATLAS_WORKING/IP/AESDMA/RTL/SAFETY/BOS_AESDMA.v"", ""LineNumber"": ""767"", ""Statement"": ""            .pwr_qactive                ( AESDMA_PCLK_LPI_SI0_PACTIVE                       ),"", ""VariableName"": ""AESDMA_PCLK_LPI_SI0_PACTIVE"", ""ExprSize"": """", ""HIERARCHY"": "":BOS_AESDMA""}"
W528_d4834e7f93b2,UNCHANGED,WAIVED,yes,W528_825,output port is not connected warning,AUTO,,,,,PENDING,,W528,warning,BOS_LINT_RULE,BOS_AESDMA,/storage/project/atlas/design/user/pnson/ATLAS_WORKING/IP/AESDMA/RTL/SAFETY/BOS_AESDMA.v,768,:BOS_AESDMA,AESDMA_PCLK_LPI_SI0_PDENY,".pwr_qdeny ( AESDMA_PCLK_LPI_SI0_PDENY ),",Variable '[VariableName]'[ExprSize] set but not read.[Hierarchy: '[HIERARCHY]'],Lint:850,waived,,,"{""Goal"": ""BOS_LINT_RULE"", ""Module"": ""BOS_AESDMA"", ""FileName"": ""/storage/project/atlas/design/user/pnson/ATLAS_WORKING/IP/AESDMA/RTL/SAFETY/BOS_AESDMA.v"", ""LineNumber"": ""768"", ""Statement"": "".pwr_qdeny ( AESDMA_PCLK_LPI_SI0_PDENY ),"", ""HIERARCHY"": "":BOS_AESDMA"", ""VariableName"": ""AESDMA_PCLK_LPI_SI0_PDENY""}","{""Tag"": ""W528"", ""Description"": ""Variable '[VariableName]'[ExprSize] set but not read.[Hierarchy: '[HIERARCHY]']"", ""Violation"": ""Lint:850"", ""Goal"": ""BOS_LINT_RULE"", ""Module"": ""BOS_AESDMA"", ""FileName"": ""/storage/project/atlas/design/user/pnson/ATLAS_WORKING/IP/AESDMA/RTL/SAFETY/BOS_AESDMA.v"", ""LineNumber"": ""768"", ""Statement"": ""            .pwr_qdeny                  ( AESDMA_PCLK_LPI_SI0_PDENY                         ),"", ""VariableName"": ""AESDMA_PCLK_LPI_SI0_PDENY"", ""ExprSize"": """", ""HIERARCHY"": "":BOS_AESDMA""}"
W528_6a92b9398f90,UNCHANGED,WAIVED,yes,W528_825,output port is not connected warning,AUTO,,,,,PENDING,,W528,warning,BOS_LINT_RULE,BOS_AESDMA,/storage/project/atlas/design/user/pnson/ATLAS_WORKING/IP/AESDMA/RTL/SAFETY/BOS_AESDMA.v,785,:BOS_AESDMA,w_apbasyncbridgemstr_pprot_m_sig[2:0],".pprot_m ( w_apbasyncbridgemstr_pprot_m_sig ),",Variable '[VariableName]'[ExprSize] set but not read.[Hierarchy: '[HIERARCHY]'],Lint:856,waived,,,"{""Goal"": ""BOS_LINT_RULE"", ""Module"": ""BOS_AESDMA"", ""FileName"": ""/storage/project/atlas/design/user/pnson/ATLAS_WORKING/IP/AESDMA/RTL/SAFETY/BOS_AESDMA.v"", ""LineNumber"": ""785"", ""Statement"": "".pprot_m ( w_apbasyncbridgemstr_pprot_m_sig ),"", ""HIERARCHY"": "":BOS_AESDMA"", ""VariableName"": ""w_apbasyncbridgemstr_pprot_m_sig[2:0]""}","{""Tag"": ""W528"", ""Description"": ""Variable '[VariableName]'[ExprSize] set but not read.[Hierarchy: '[HIERARCHY]']"", ""Violation"": ""Lint:856"", ""Goal"": ""BOS_LINT_RULE"", ""Module"": ""BOS_AESDMA"", ""FileName"": ""/storage/project/atlas/design/user/pnson/ATLAS_WORKING/IP/AESDMA/RTL/SAFETY/BOS_AESDMA.v"", ""LineNumber"": ""785"", ""Statement"": ""            .pprot_m                    ( w_apbasyncbridgemstr_pprot_m_sig                  ),"", ""VariableName"": ""w_apbasyncbridgemstr_pprot_m_sig[2:0]"", ""ExprSize"": """", ""HIERARCHY"": "":BOS_AESDMA""}"
W528_04ff5cd13eee,UNCHANGED,WAIVED,yes,W528_825,output port is not connected warning,AUTO,,,,,PENDING,,W528,warning,BOS_LINT_RULE,BOS_AESDMA,/storage/project/atlas/design/user/pnson/ATLAS_WORKING/IP/AESDMA/RTL/SAFETY/BOS_AESDMA.v,799,:BOS_AESDMA,AESDMA_ACLK_LPI_SI0_QACCEPT_N,".clk_m_qaccept_n ( AESDMA_ACLK_LPI_SI0_QACCEPT_N ),",Variable '[VariableName]'[ExprSize] set but not read.[Hierarchy: '[HIERARCHY]'],Lint:846,waived,,,"{""Goal"": ""BOS_LINT_RULE"", ""Module"": ""BOS_AESDMA"", ""FileName"": ""/storage/project/atlas/design/user/pnson/ATLAS_WORKING/IP/AESDMA/RTL/SAFETY/BOS_AESDMA.v"", ""LineNumber"": ""799"", ""Statement"": "".clk_m_qaccept_n ( AESDMA_ACLK_LPI_SI0_QACCEPT_N ),"", ""HIERARCHY"": "":BOS_AESDMA"", ""VariableName"": ""AESDMA_ACLK_LPI_SI0_QACCEPT_N""}","{""Tag"": ""W528"", ""Description"": ""Variable '[VariableName]'[ExprSize] set but not read.[Hierarchy: '[HIERARCHY]']"", ""Violation"": ""Lint:846"", ""Goal"": ""BOS_LINT_RULE"", ""Module"": ""BOS_AESDMA"", ""FileName"": ""/storage/project/atlas/design/user/pnson/ATLAS_WORKING/IP/AESDMA/RTL/SAFETY/BOS_AESDMA.v"", ""LineNumber"": ""799"", ""Statement"": ""            .clk_m_qaccept_n            ( AESDMA_ACLK_LPI_SI0_QACCEPT_N                     ),"", ""VariableName"": ""AESDMA_ACLK_LPI_SI0_QACCEPT_N"", ""ExprSize"": """", ""HIERARCHY"": "":BOS_AESDMA""}"
W528_252ba5104a41,UNCHANGED,WAIVED,yes,W528_825,output port is not connected warning,AUTO,,,,,PENDING,,W528,warning,BOS_LINT_RULE,BOS_AESDMA,/storage/project/atlas/design/user/pnson/ATLAS_WORKING/IP/AESDMA/RTL/SAFETY/BOS_AESDMA.v,801,:BOS_AESDMA,AESDMA_ACLK_LPI_SI0_QDENY,".clk_m_qdeny ( AESDMA_ACLK_LPI_SI0_QDENY ),",Variable '[VariableName]'[ExprSize] set but not read.[Hierarchy: '[HIERARCHY]'],Lint:847,waived,,,"{""Goal"": ""BOS_LINT_RULE"", ""Module"": ""BOS_AESDMA"", ""FileName"": ""/storage/project/atlas/design/user/pnson/ATLAS_WORKING/IP/AESDMA/RTL/SAFETY/BOS_AESDMA.v"", ""LineNumber"": ""801"", ""Statement"": "".clk_m_qdeny ( AESDMA_ACLK_LPI_SI0_QDENY ),"", ""HIERARCHY"": "":BOS_AESDMA"", ""VariableName"": ""AESDMA_ACLK_LPI_SI0_QDENY""}","{""Tag"": ""W528"", ""Description"": ""Variable '[VariableName]'[ExprSize] set but not read.[Hierarchy: '[HIERARCHY]']"", ""Violation"": ""Lint:847"", ""Goal"": ""BOS_LINT_RULE"", ""Module"": ""BOS_AESDMA"", ""FileName"": ""/storage/project/atlas/design/user/pnson/ATLAS_WORKING/IP/AESDMA/RTL/SAFETY/BOS_AESDMA.v"", ""LineNumber"": ""801"", ""Statement"": ""            .clk_m_qdeny                ( AESDMA_ACLK_LPI_SI0_QDENY                         ),"", ""VariableName"": ""AESDMA_ACLK_LPI_SI0_QDENY"", ""ExprSize"": """", ""HIERARCHY"": "":BOS_AESDMA""}"
W528_588f670dedbd,UNCHANGED,WAIVED,yes,W528_825,output port is not connected warning,AUTO,,,,,PENDING,,W528,warning,BOS_LINT_RULE,BOS_AESDMA,/storage/project/atlas/design/user/pnson/ATLAS_WORKING/IP/AESDMA/RTL/SAFETY/BOS_AESDMA.v,804,:BOS_AESDMA,w_apbasyncbridgemstr_pwakeup_m_sig,".pwakeup_m ( w_apbasyncbridgemstr_pwakeup_m_sig ),",Variable '[VariableName]'[ExprSize] set but not read.[Hierarchy: '[HIERARCHY]'],Lint:855,waived,,,"{""Goal"": ""BOS_LINT_RULE"", ""Module"": ""BOS_AESDMA"", ""FileName"": ""/storage/project/atlas/design/user/pnson/ATLAS_WORKING/IP/AESDMA/RTL/SAFETY/BOS_AESDMA.v"", ""LineNumber"": ""804"", ""Statement"": "".pwakeup_m ( w_apbasyncbridgemstr_pwakeup_m_sig ),"", ""HIERARCHY"": "":BOS_AESDMA"", ""VariableName"": ""w_apbasyncbridgemstr_pwakeup_m_sig""}","{""Tag"": ""W528"", ""Description"": ""Variable '[VariableName]'[ExprSize] set but not read.[Hierarchy: '[HIERARCHY]']"", ""Violation"": ""Lint:855"", ""Goal"": ""BOS_LINT_RULE"", ""Module"": ""BOS_AESDMA"", ""FileName"": ""/storage/project/atlas/design/user/pnson/ATLAS_WORKING/IP/AESDMA/RTL/SAFETY/BOS_AESDMA.v"", ""LineNumber"": ""804"", ""Statement"": ""            .pwakeup_m                  ( w_apbasyncbridgemstr_pwakeup_m_sig                ),"", ""VariableName"": ""w_apbasyncbridgemstr_pwakeup_m_sig"", ""ExprSize"": """", ""HIERARCHY"": "":BOS_AESDMA""}"
W528_f5c07d7439c4,UNCHANGED,WAIVED,yes,W528_825,output port is not connected warning,AUTO,,,,,PENDING,,W528,warning,BOS_LINT_RULE,BOS_AESDMA,/storage/project/atlas/design/user/pnson/ATLAS_WORKING/IP/AESDMA/RTL/SAFETY/BOS_AESDMA.v,1311,:BOS_AESDMA,gen_wide_SRAM_WRFIFO[0].gen_SRAM_WRFIFO[0].gSF4WrMemInst.w_WrSramQPort[128],".DOUT ( w_WrSramQPort[0+:(pBwWrSramUnit+1)] ),",Variable '[VariableName]'[ExprSize] set but not read.[Hierarchy: '[HIERARCHY]'],Lint:857,waived,,,"{""Goal"": ""BOS_LINT_RULE"", ""Module"": ""BOS_AESDMA"", ""FileName"": ""/storage/project/atlas/design/user/pnson/ATLAS_WORKING/IP/AESDMA/RTL/SAFETY/BOS_AESDMA.v"", ""LineNumber"": ""1311"", ""Statement"": "".DOUT ( w_WrSramQPort[0+:(pBwWrSramUnit+1)] ),"", ""HIERARCHY"": "":BOS_AESDMA"", ""VariableName"": ""gen_wide_SRAM_WRFIFO[0].gen_SRAM_WRFIFO[0].gSF4WrMemInst.w_WrSramQPort[128]""}","{""Tag"": ""W528"", ""Description"": ""Variable '[VariableName]'[ExprSize] set but not read.[Hierarchy: '[HIERARCHY]']"", ""Violation"": ""Lint:857"", ""Goal"": ""BOS_LINT_RULE"", ""Module"": ""BOS_AESDMA"", ""FileName"": ""/storage/project/atlas/design/user/pnson/ATLAS_WORKING/IP/AESDMA/RTL/SAFETY/BOS_AESDMA.v"", ""LineNumber"": ""1311"", ""Statement"": ""                    .DOUT                           ( w_WrSramQPort[0+:(pBwWrSramUnit+1)]           ),"", ""VariableName"": ""gen_wide_SRAM_WRFIFO[0].gen_SRAM_WRFIFO[0].gSF4WrMemInst.w_WrSramQPort[128]"", ""ExprSize"": """", ""HIERARCHY"": "":BOS_AESDMA""}"
W528_00536ab3abc6,UNCHANGED,WAIVED,yes,W528_825,output port is not connected warning,AUTO,,,,,PENDING,,W528,warning,BOS_LINT_RULE,GF,/storage/project/atlas/design/user/pnson/ATLAS_WORKING/IP/AESDMA/RTL/AES_CORE/COMMON/GF.v,19,:BOS_AESDMA:u_AESDMA_TOP@AESDMA_TOP_DCLS:u_aesdma_top@AESDMA_TOP:u_AES_CORE@AES_CORE_dev:\gen_xts_gf[0].u_gf_xts @GF,T_tmp[128],T_tmp = 'b0;,Variable '[VariableName]'[ExprSize] set but not read.[Hierarchy: '[HIERARCHY]'],Lint:998,waived,,,"{""Goal"": ""BOS_LINT_RULE"", ""Module"": ""GF"", ""FileName"": ""/storage/project/atlas/design/user/pnson/ATLAS_WORKING/IP/AESDMA/RTL/AES_CORE/COMMON/GF.v"", ""LineNumber"": ""19"", ""Statement"": ""T_tmp = 'b0;"", ""HIERARCHY"": "":BOS_AESDMA:u_AESDMA_TOP@AESDMA_TOP_DCLS:u_aesdma_top@AESDMA_TOP:u_AES_CORE@AES_CORE_dev:\\gen_xts_gf[0].u_gf_xts @GF"", ""VariableName"": ""T_tmp[128]""}","{""Tag"": ""W528"", ""Description"": ""Variable '[VariableName]'[ExprSize] set but not read.[Hierarchy: '[HIERARCHY]']"", ""Violation"": ""Lint:998"", ""Goal"": ""BOS_LINT_RULE"", ""Module"": ""GF"", ""FileName"": ""/storage/project/atlas/design/user/pnson/ATLAS_WORKING/IP/AESDMA/RTL/AES_CORE/COMMON/GF.v"", ""LineNumber"": ""19"", ""Statement"": ""    T_tmp = 'b0;"", ""VariableName"": ""T_tmp[128]"", ""ExprSize"": """", ""HIERARCHY"": "":BOS_AESDMA:u_AESDMA_TOP@AESDMA_TOP_DCLS:u_aesdma_top@AESDMA_TOP:u_AES_CORE@AES_CORE_dev:\\gen_xts_gf[0].u_gf_xts @GF""}"
W528_22a3033b2b16,UNCHANGED,WAIVED,yes,W528_825,output port is not connected warning,AUTO,,,,,PENDING,,W528,warning,BOS_LINT_RULE,GHASH,/storage/project/atlas/design/user/pnson/ATLAS_WORKING/IP/AESDMA/RTL/AES_CORE/COMMON/GHASH.v,26,:BOS_AESDMA:u_AESDMA_TOP@AESDMA_TOP_DCLS:u_aesdma_top@AESDMA_TOP:u_AES_CORE@AES_CORE_dev:\genblk13[0].u_ghash_0 @GHASH,states_ghash_subkey,"GF_for_GHASH u_gf(states_ghash_subkey[i], states_ghash_subkey[i+1]);",Variable '[VariableName]'[ExprSize] set but not read.[Hierarchy: '[HIERARCHY]'],Lint:999,waived,,,"{""Goal"": ""BOS_LINT_RULE"", ""Module"": ""GHASH"", ""FileName"": ""/storage/project/atlas/design/user/pnson/ATLAS_WORKING/IP/AESDMA/RTL/AES_CORE/COMMON/GHASH.v"", ""LineNumber"": ""26"", ""Statement"": ""GF_for_GHASH u_gf(states_ghash_subkey[i], states_ghash_subkey[i+1]);"", ""HIERARCHY"": "":BOS_AESDMA:u_AESDMA_TOP@AESDMA_TOP_DCLS:u_aesdma_top@AESDMA_TOP:u_AES_CORE@AES_CORE_dev:\\genblk13[0].u_ghash_0 @GHASH"", ""VariableName"": ""states_ghash_subkey"", ""ExprSize"": ""(128 bits)""}","{""Tag"": ""W528"", ""Description"": ""Variable '[VariableName]'[ExprSize] set but not read.[Hierarchy: '[HIERARCHY]']"", ""Violation"": ""Lint:999"", ""Goal"": ""BOS_LINT_RULE"", ""Module"": ""GHASH"", ""FileName"": ""/storage/project/atlas/design/user/pnson/ATLAS_WORKING/IP/AESDMA/RTL/AES_CORE/COMMON/GHASH.v"", ""LineNumber"": ""26"", ""Statement"": ""        GF_for_GHASH u_gf(states_ghash_subkey[i], states_ghash_subkey[i+1]);"", ""VariableName"": ""states_ghash_subkey"", ""ExprSize"": ""(128 bits)"", ""HIERARCHY"": "":BOS_AESDMA:u_AESDMA_TOP@AESDMA_TOP_DCLS:u_aesdma_top@AESDMA_TOP:u_AES_CORE@AES_CORE_dev:\\genblk13[0].u_ghash_0 @GHASH""}"
W528_c8d6a562fc69,UNCHANGED,WAIVED,yes,W528_825,output port is not connected warning,AUTO,,,,,PENDING,,W528,warning,BOS_LINT_RULE,keyExpansion,/storage/project/atlas/design/user/pnson/ATLAS_WORKING/IP/AESDMA/RTL/AES_CORE/COMMON/keyExpansion.v,113,:BOS_AESDMA:u_AESDMA_TOP@AESDMA_TOP_DCLS:u_aesdma_top@AESDMA_TOP:u_AES_CORE@AES_CORE_dev:u_keyEXpansion@keyExpansion,r_key,r_key[(r_key_counter[3:1]*2) +2] <= w_key_expansion[127:0];,Variable '[VariableName]'[ExprSize] set but not read.[Hierarchy: '[HIERARCHY]'],Lint:997,waived,,,"{""Goal"": ""BOS_LINT_RULE"", ""Module"": ""keyExpansion"", ""FileName"": ""/storage/project/atlas/design/user/pnson/ATLAS_WORKING/IP/AESDMA/RTL/AES_CORE/COMMON/keyExpansion.v"", ""LineNumber"": ""113"", ""Statement"": ""r_key[(r_key_counter[3:1]*2) +2] <= w_key_expansion[127:0];"", ""HIERARCHY"": "":BOS_AESDMA:u_AESDMA_TOP@AESDMA_TOP_DCLS:u_aesdma_top@AESDMA_TOP:u_AES_CORE@AES_CORE_dev:u_keyEXpansion@keyExpansion"", ""VariableName"": ""r_key"", ""ExprSize"": ""(128 bits)""}","{""Tag"": ""W528"", ""Description"": ""Variable '[VariableName]'[ExprSize] set but not read.[Hierarchy: '[HIERARCHY]']"", ""Violation"": ""Lint:997"", ""Goal"": ""BOS_LINT_RULE"", ""Module"": ""keyExpansion"", ""FileName"": ""/storage/project/atlas/design/user/pnson/ATLAS_WORKING/IP/AESDMA/RTL/AES_CORE/COMMON/keyExpansion.v"", ""LineNumber"": ""113"", ""Statement"": ""                        r_key[(r_key_counter[3:1]*2) +2] <= w_key_expansion[127:0];"", ""VariableName"": ""r_key"", ""ExprSize"": ""(128 bits)"", ""HIERARCHY"": "":BOS_AESDMA:u_AESDMA_TOP@AESDMA_TOP_DCLS:u_aesdma_top@AESDMA_TOP:u_AES_CORE@AES_CORE_dev:u_keyEXpansion@keyExpansion""}"
W528_f98776711c50,UNCHANGED,WAIVED,yes,W528_825,output port is not connected warning,AUTO,,,,,PENDING,,W528,warning,BOS_LINT_RULE,ln04lpa_a00_mc_rd2rs_hsr_lvt_320x72m2b1c1_wrapper_safety_data_decoder_st_wrap,/storage/project/atlas/design/user/pnson/ATLAS_WORKING/DK/mem/SAFETY_WRAPPER/ln04lpa_a00_mc_rd2rs_hsr_lvt_320x72m2b1c1_wrapper_safety_sf64eadi1/ln04lpa_a00_mc_rd2rs_hsr_lvt_320x72m2b1c1_wrapper_safety_sf64eadi1.sv,791,:BOS_AESDMA:\gen_wide_SRAM_ROB[0].gen_SRAM_ROB[0].gSF4MemInst.gSF4MemBdInst.u_SRAM_ROB_FIFO_BD @ln04lpa_a00_mc_rd2rs_hsr_lvt_320x72m2b1c1_wrapper_safety_sf64eadi1:u_data_decoder_dcls@ln04lpa_a00_mc_rd2rs_hsr_lvt_320x72m2b1c1_wrapper_safety_data_decoder_top_dcls:u_d0@ln04lpa_a00_mc_rd2rs_hsr_lvt_320x72m2b1c1_wrapper_safety_data_decoder_st_wrap,E1_SELFTEST,".O_ERR_SELFTEST_E1 (E1_SELFTEST),",Variable '[VariableName]'[ExprSize] set but not read.[Hierarchy: '[HIERARCHY]'],Lint:1024,waived,,,"{""Goal"": ""BOS_LINT_RULE"", ""Module"": ""ln04lpa_a00_mc_rd2rs_hsr_lvt_320x72m2b1c1_wrapper_safety_data_decoder_st_wrap"", ""FileName"": ""/storage/project/atlas/design/user/pnson/ATLAS_WORKING/DK/mem/SAFETY_WRAPPER/ln04lpa_a00_mc_rd2rs_hsr_lvt_320x72m2b1c1_wrapper_safety_sf64eadi1/ln04lpa_a00_mc_rd2rs_hsr_lvt_320x72m2b1c1_wrapper_safety_sf64eadi1.sv"", ""LineNumber"": ""791"", ""Statement"": "".O_ERR_SELFTEST_E1 (E1_SELFTEST),"", ""HIERARCHY"": "":BOS_AESDMA:\\gen_wide_SRAM_ROB[0].gen_SRAM_ROB[0].gSF4MemInst.gSF4MemBdInst.u_SRAM_ROB_FIFO_BD @ln04lpa_a00_mc_rd2rs_hsr_lvt_320x72m2b1c1_wrapper_safety_sf64eadi1:u_data_decoder_dcls@ln04lpa_a00_mc_rd2rs_hsr_lvt_320x72m2b1c1_wrapper_safety_data_decoder_top_dcls:u_d0@ln04lpa_a00_mc_rd2rs_hsr_lvt_320x72m2b1c1_wrapper_safety_data_decoder_st_wrap"", ""VariableName"": ""E1_SELFTEST""}","{""Tag"": ""W528"", ""Description"": ""Variable '[VariableName]'[ExprSize] set but not read.[Hierarchy: '[HIERARCHY]']"", ""Violation"": ""Lint:1024"", ""Goal"": ""BOS_LINT_RULE"", ""Module"": ""ln04lpa_a00_mc_rd2rs_hsr_lvt_320x72m2b1c1_wrapper_safety_data_decoder_st_wrap"", ""FileName"": ""/storage/project/atlas/design/user/pnson/ATLAS_WORKING/DK/mem/SAFETY_WRAPPER/ln04lpa_a00_mc_rd2rs_hsr_lvt_320x72m2b1c1_wrapper_safety_sf64eadi1/ln04lpa_a00_mc_rd2rs_hsr_lvt_320x72m2b1c1_wrapper_safety_sf64eadi1.sv"", ""LineNumber"": ""791"", ""Statement"": ""    .O_ERR_SELFTEST_E1  (E1_SELFTEST),"", ""VariableName"": ""E1_SELFTEST"", ""ExprSize"": """", ""HIERARCHY"": "":BOS_AESDMA:\\gen_wide_SRAM_ROB[0].gen_SRAM_ROB[0].gSF4MemInst.gSF4MemBdInst.u_SRAM_ROB_FIFO_BD @ln04lpa_a00_mc_rd2rs_hsr_lvt_320x72m2b1c1_wrapper_safety_sf64eadi1:u_data_decoder_dcls@ln04lpa_a00_mc_rd2rs_hsr_lvt_320x72m2b1c1_wrapper_safety_data_decoder_top_dcls:u_d0@ln04lpa_a00_mc_rd2rs_hsr_lvt_320x72m2b1c1_wrapper_safety_data_decoder_st_wrap""}"
W528_a49c4a00272a,UNCHANGED,WAIVED,yes,W528_825,output port is not connected warning,AUTO,,,,,PENDING,,W528,warning,BOS_LINT_RULE,ln04lpa_a00_mc_rd2rs_hsr_lvt_320x72m2b1c1_wrapper_safety_data_decoder_st_wrap,/storage/project/atlas/design/user/pnson/ATLAS_WORKING/DK/mem/SAFETY_WRAPPER/ln04lpa_a00_mc_rd2rs_hsr_lvt_320x72m2b1c1_wrapper_safety_sf64eadi1/ln04lpa_a00_mc_rd2rs_hsr_lvt_320x72m2b1c1_wrapper_safety_sf64eadi1.sv,792,:BOS_AESDMA:\gen_wide_SRAM_ROB[0].gen_SRAM_ROB[0].gSF4MemInst.gSF4MemBdInst.u_SRAM_ROB_FIFO_BD @ln04lpa_a00_mc_rd2rs_hsr_lvt_320x72m2b1c1_wrapper_safety_sf64eadi1:u_data_decoder_dcls@ln04lpa_a00_mc_rd2rs_hsr_lvt_320x72m2b1c1_wrapper_safety_data_decoder_top_dcls:u_d0@ln04lpa_a00_mc_rd2rs_hsr_lvt_320x72m2b1c1_wrapper_safety_data_decoder_st_wrap,E2_SELFTEST,.O_ERR_SELFTEST_E2 (E2_SELFTEST),Variable '[VariableName]'[ExprSize] set but not read.[Hierarchy: '[HIERARCHY]'],Lint:1025,waived,,,"{""Goal"": ""BOS_LINT_RULE"", ""Module"": ""ln04lpa_a00_mc_rd2rs_hsr_lvt_320x72m2b1c1_wrapper_safety_data_decoder_st_wrap"", ""FileName"": ""/storage/project/atlas/design/user/pnson/ATLAS_WORKING/DK/mem/SAFETY_WRAPPER/ln04lpa_a00_mc_rd2rs_hsr_lvt_320x72m2b1c1_wrapper_safety_sf64eadi1/ln04lpa_a00_mc_rd2rs_hsr_lvt_320x72m2b1c1_wrapper_safety_sf64eadi1.sv"", ""LineNumber"": ""792"", ""Statement"": "".O_ERR_SELFTEST_E2 (E2_SELFTEST)"", ""HIERARCHY"": "":BOS_AESDMA:\\gen_wide_SRAM_ROB[0].gen_SRAM_ROB[0].gSF4MemInst.gSF4MemBdInst.u_SRAM_ROB_FIFO_BD @ln04lpa_a00_mc_rd2rs_hsr_lvt_320x72m2b1c1_wrapper_safety_sf64eadi1:u_data_decoder_dcls@ln04lpa_a00_mc_rd2rs_hsr_lvt_320x72m2b1c1_wrapper_safety_data_decoder_top_dcls:u_d0@ln04lpa_a00_mc_rd2rs_hsr_lvt_320x72m2b1c1_wrapper_safety_data_decoder_st_wrap"", ""VariableName"": ""E2_SELFTEST""}","{""Tag"": ""W528"", ""Description"": ""Variable '[VariableName]'[ExprSize] set but not read.[Hierarchy: '[HIERARCHY]']"", ""Violation"": ""Lint:1025"", ""Goal"": ""BOS_LINT_RULE"", ""Module"": ""ln04lpa_a00_mc_rd2rs_hsr_lvt_320x72m2b1c1_wrapper_safety_data_decoder_st_wrap"", ""FileName"": ""/storage/project/atlas/design/user/pnson/ATLAS_WORKING/DK/mem/SAFETY_WRAPPER/ln04lpa_a00_mc_rd2rs_hsr_lvt_320x72m2b1c1_wrapper_safety_sf64eadi1/ln04lpa_a00_mc_rd2rs_hsr_lvt_320x72m2b1c1_wrapper_safety_sf64eadi1.sv"", ""LineNumber"": ""792"", ""Statement"": ""    .O_ERR_SELFTEST_E2  (E2_SELFTEST)"", ""VariableName"": ""E2_SELFTEST"", ""ExprSize"": """", ""HIERARCHY"": "":BOS_AESDMA:\\gen_wide_SRAM_ROB[0].gen_SRAM_ROB[0].gSF4MemInst.gSF4MemBdInst.u_SRAM_ROB_FIFO_BD @ln04lpa_a00_mc_rd2rs_hsr_lvt_320x72m2b1c1_wrapper_safety_sf64eadi1:u_data_decoder_dcls@ln04lpa_a00_mc_rd2rs_hsr_lvt_320x72m2b1c1_wrapper_safety_data_decoder_top_dcls:u_d0@ln04lpa_a00_mc_rd2rs_hsr_lvt_320x72m2b1c1_wrapper_safety_data_decoder_st_wrap""}"
W528_30e970369f54,UNCHANGED,WAIVED,yes,W528_825,output port is not connected warning,AUTO,,,,,PENDING,,W528,warning,BOS_LINT_RULE,ln04lpa_a00_mc_rd2rs_hsr_lvt_320x72m2b1c1_wrapper_safety_data_decoder_st_wrap,/storage/project/atlas/design/user/pnson/ATLAS_WORKING/DK/mem/SAFETY_WRAPPER/ln04lpa_a00_mc_rd2rs_hsr_lvt_320x72m2b1c1_wrapper_safety_sf64eadi1/ln04lpa_a00_mc_rd2rs_hsr_lvt_320x72m2b1c1_wrapper_safety_sf64eadi1.sv,810,:BOS_AESDMA:\gen_wide_SRAM_ROB[0].gen_SRAM_ROB[0].gSF4MemInst.gSF4MemBdInst.u_SRAM_ROB_FIFO_BD @ln04lpa_a00_mc_rd2rs_hsr_lvt_320x72m2b1c1_wrapper_safety_sf64eadi1:u_data_decoder_dcls@ln04lpa_a00_mc_rd2rs_hsr_lvt_320x72m2b1c1_wrapper_safety_data_decoder_top_dcls:u_d0@ln04lpa_a00_mc_rd2rs_hsr_lvt_320x72m2b1c1_wrapper_safety_data_decoder_st_wrap,w_DDI_in_simple[80:0],assign w_DDI_in_simple = (!E1_INJ && !E2_INJ) ? w_DDI_in :,Variable '[VariableName]'[ExprSize] set but not read.[Hierarchy: '[HIERARCHY]'],Lint:1026,waived,,,"{""Goal"": ""BOS_LINT_RULE"", ""Module"": ""ln04lpa_a00_mc_rd2rs_hsr_lvt_320x72m2b1c1_wrapper_safety_data_decoder_st_wrap"", ""FileName"": ""/storage/project/atlas/design/user/pnson/ATLAS_WORKING/DK/mem/SAFETY_WRAPPER/ln04lpa_a00_mc_rd2rs_hsr_lvt_320x72m2b1c1_wrapper_safety_sf64eadi1/ln04lpa_a00_mc_rd2rs_hsr_lvt_320x72m2b1c1_wrapper_safety_sf64eadi1.sv"", ""LineNumber"": ""810"", ""Statement"": ""assign w_DDI_in_simple = (!E1_INJ && !E2_INJ) ? w_DDI_in :"", ""HIERARCHY"": "":BOS_AESDMA:\\gen_wide_SRAM_ROB[0].gen_SRAM_ROB[0].gSF4MemInst.gSF4MemBdInst.u_SRAM_ROB_FIFO_BD @ln04lpa_a00_mc_rd2rs_hsr_lvt_320x72m2b1c1_wrapper_safety_sf64eadi1:u_data_decoder_dcls@ln04lpa_a00_mc_rd2rs_hsr_lvt_320x72m2b1c1_wrapper_safety_data_decoder_top_dcls:u_d0@ln04lpa_a00_mc_rd2rs_hsr_lvt_320x72m2b1c1_wrapper_safety_data_decoder_st_wrap"", ""VariableName"": ""w_DDI_in_simple[80:0]""}","{""Tag"": ""W528"", ""Description"": ""Variable '[VariableName]'[ExprSize] set but not read.[Hierarchy: '[HIERARCHY]']"", ""Violation"": ""Lint:1026"", ""Goal"": ""BOS_LINT_RULE"", ""Module"": ""ln04lpa_a00_mc_rd2rs_hsr_lvt_320x72m2b1c1_wrapper_safety_data_decoder_st_wrap"", ""FileName"": ""/storage/project/atlas/design/user/pnson/ATLAS_WORKING/DK/mem/SAFETY_WRAPPER/ln04lpa_a00_mc_rd2rs_hsr_lvt_320x72m2b1c1_wrapper_safety_sf64eadi1/ln04lpa_a00_mc_rd2rs_hsr_lvt_320x72m2b1c1_wrapper_safety_sf64eadi1.sv"", ""LineNumber"": ""810"", ""Statement"": ""  assign w_DDI_in_simple =      (!E1_INJ && !E2_INJ) ? w_DDI_in :"", ""VariableName"": ""w_DDI_in_simple[80:0]"", ""ExprSize"": """", ""HIERARCHY"": "":BOS_AESDMA:\\gen_wide_SRAM_ROB[0].gen_SRAM_ROB[0].gSF4MemInst.gSF4MemBdInst.u_SRAM_ROB_FIFO_BD @ln04lpa_a00_mc_rd2rs_hsr_lvt_320x72m2b1c1_wrapper_safety_sf64eadi1:u_data_decoder_dcls@ln04lpa_a00_mc_rd2rs_hsr_lvt_320x72m2b1c1_wrapper_safety_data_decoder_top_dcls:u_d0@ln04lpa_a00_mc_rd2rs_hsr_lvt_320x72m2b1c1_wrapper_safety_data_decoder_st_wrap""}"
W528_689d7b71f943,UNCHANGED,WAIVED,yes,W528_825,output port is not connected warning,AUTO,,,,,PENDING,,W528,warning,BOS_LINT_RULE,ln04lpa_a00_mc_rd2rs_hsr_lvt_320x72m2b1c1_wrapper_safety_sf64eadi1,/storage/project/atlas/design/user/pnson/ATLAS_WORKING/DK/mem/SAFETY_WRAPPER/ln04lpa_a00_mc_rd2rs_hsr_lvt_320x72m2b1c1_wrapper_safety_sf64eadi1/ln04lpa_a00_mc_rd2rs_hsr_lvt_320x72m2b1c1_wrapper_safety_sf64eadi1.sv,253,:BOS_AESDMA:\gen_wide_SRAM_ROB[0].gen_SRAM_ROB[0].gSF4MemInst.gSF4MemBdInst.u_SRAM_ROB_FIFO_BD @ln04lpa_a00_mc_rd2rs_hsr_lvt_320x72m2b1c1_wrapper_safety_sf64eadi1,w_decoder_d_Q[8:0],".DDO ( w_decoder_d_Q[72: 0] ),",Variable '[VariableName]'[ExprSize] set but not read.[Hierarchy: '[HIERARCHY]'],Lint:1022,waived,,,"{""Goal"": ""BOS_LINT_RULE"", ""Module"": ""ln04lpa_a00_mc_rd2rs_hsr_lvt_320x72m2b1c1_wrapper_safety_sf64eadi1"", ""FileName"": ""/storage/project/atlas/design/user/pnson/ATLAS_WORKING/DK/mem/SAFETY_WRAPPER/ln04lpa_a00_mc_rd2rs_hsr_lvt_320x72m2b1c1_wrapper_safety_sf64eadi1/ln04lpa_a00_mc_rd2rs_hsr_lvt_320x72m2b1c1_wrapper_safety_sf64eadi1.sv"", ""LineNumber"": ""253"", ""Statement"": "".DDO ( w_decoder_d_Q[72: 0] ),"", ""HIERARCHY"": "":BOS_AESDMA:\\gen_wide_SRAM_ROB[0].gen_SRAM_ROB[0].gSF4MemInst.gSF4MemBdInst.u_SRAM_ROB_FIFO_BD @ln04lpa_a00_mc_rd2rs_hsr_lvt_320x72m2b1c1_wrapper_safety_sf64eadi1"", ""VariableName"": ""w_decoder_d_Q[8:0]""}","{""Tag"": ""W528"", ""Description"": ""Variable '[VariableName]'[ExprSize] set but not read.[Hierarchy: '[HIERARCHY]']"", ""Violation"": ""Lint:1022"", ""Goal"": ""BOS_LINT_RULE"", ""Module"": ""ln04lpa_a00_mc_rd2rs_hsr_lvt_320x72m2b1c1_wrapper_safety_sf64eadi1"", ""FileName"": ""/storage/project/atlas/design/user/pnson/ATLAS_WORKING/DK/mem/SAFETY_WRAPPER/ln04lpa_a00_mc_rd2rs_hsr_lvt_320x72m2b1c1_wrapper_safety_sf64eadi1/ln04lpa_a00_mc_rd2rs_hsr_lvt_320x72m2b1c1_wrapper_safety_sf64eadi1.sv"", ""LineNumber"": ""253"", ""Statement"": ""        .DDO       ( w_decoder_d_Q[72: 0]  ),"", ""VariableName"": ""w_decoder_d_Q[8:0]"", ""ExprSize"": """", ""HIERARCHY"": "":BOS_AESDMA:\\gen_wide_SRAM_ROB[0].gen_SRAM_ROB[0].gSF4MemInst.gSF4MemBdInst.u_SRAM_ROB_FIFO_BD @ln04lpa_a00_mc_rd2rs_hsr_lvt_320x72m2b1c1_wrapper_safety_sf64eadi1""}"
W528_ed2bcea424a7,UNCHANGED,WAIVED,yes,W528_825,output port is not connected warning,AUTO,,,,,PENDING,,W528,warning,BOS_LINT_RULE,ln04lpa_a00_mc_rd2rs_hsr_lvt_32x138m2b1c1_wrapper_safety_data_decoder_st_wrap,/storage/project/atlas/design/user/pnson/ATLAS_WORKING/DK/mem/SAFETY_WRAPPER/ln04lpa_a00_mc_rd2rs_hsr_lvt_32x138m2b1c1_wrapper_safety_sf129eadi1/ln04lpa_a00_mc_rd2rs_hsr_lvt_32x138m2b1c1_wrapper_safety_sf129eadi1.sv,914,:BOS_AESDMA:\gen_wide_SRAM_WRFIFO[0].gen_SRAM_WRFIFO[0].gSF4WrMemInst.u_SRAM_WR_FIFO @ln04lpa_a00_mc_rd2rs_hsr_lvt_32x138m2b1c1_wrapper_safety_sf129eadi1:u_data_decoder_dcls@ln04lpa_a00_mc_rd2rs_hsr_lvt_32x138m2b1c1_wrapper_safety_data_decoder_top_dcls:u_d0@ln04lpa_a00_mc_rd2rs_hsr_lvt_32x138m2b1c1_wrapper_safety_data_decoder_st_wrap,E1_SELFTEST,".O_ERR_SELFTEST_E1 (E1_SELFTEST),",Variable '[VariableName]'[ExprSize] set but not read.[Hierarchy: '[HIERARCHY]'],Lint:1015,waived,,,"{""Goal"": ""BOS_LINT_RULE"", ""Module"": ""ln04lpa_a00_mc_rd2rs_hsr_lvt_32x138m2b1c1_wrapper_safety_data_decoder_st_wrap"", ""FileName"": ""/storage/project/atlas/design/user/pnson/ATLAS_WORKING/DK/mem/SAFETY_WRAPPER/ln04lpa_a00_mc_rd2rs_hsr_lvt_32x138m2b1c1_wrapper_safety_sf129eadi1/ln04lpa_a00_mc_rd2rs_hsr_lvt_32x138m2b1c1_wrapper_safety_sf129eadi1.sv"", ""LineNumber"": ""914"", ""Statement"": "".O_ERR_SELFTEST_E1 (E1_SELFTEST),"", ""HIERARCHY"": "":BOS_AESDMA:\\gen_wide_SRAM_WRFIFO[0].gen_SRAM_WRFIFO[0].gSF4WrMemInst.u_SRAM_WR_FIFO @ln04lpa_a00_mc_rd2rs_hsr_lvt_32x138m2b1c1_wrapper_safety_sf129eadi1:u_data_decoder_dcls@ln04lpa_a00_mc_rd2rs_hsr_lvt_32x138m2b1c1_wrapper_safety_data_decoder_top_dcls:u_d0@ln04lpa_a00_mc_rd2rs_hsr_lvt_32x138m2b1c1_wrapper_safety_data_decoder_st_wrap"", ""VariableName"": ""E1_SELFTEST""}","{""Tag"": ""W528"", ""Description"": ""Variable '[VariableName]'[ExprSize] set but not read.[Hierarchy: '[HIERARCHY]']"", ""Violation"": ""Lint:1015"", ""Goal"": ""BOS_LINT_RULE"", ""Module"": ""ln04lpa_a00_mc_rd2rs_hsr_lvt_32x138m2b1c1_wrapper_safety_data_decoder_st_wrap"", ""FileName"": ""/storage/project/atlas/design/user/pnson/ATLAS_WORKING/DK/mem/SAFETY_WRAPPER/ln04lpa_a00_mc_rd2rs_hsr_lvt_32x138m2b1c1_wrapper_safety_sf129eadi1/ln04lpa_a00_mc_rd2rs_hsr_lvt_32x138m2b1c1_wrapper_safety_sf129eadi1.sv"", ""LineNumber"": ""914"", ""Statement"": ""    .O_ERR_SELFTEST_E1  (E1_SELFTEST),"", ""VariableName"": ""E1_SELFTEST"", ""ExprSize"": """", ""HIERARCHY"": "":BOS_AESDMA:\\gen_wide_SRAM_WRFIFO[0].gen_SRAM_WRFIFO[0].gSF4WrMemInst.u_SRAM_WR_FIFO @ln04lpa_a00_mc_rd2rs_hsr_lvt_32x138m2b1c1_wrapper_safety_sf129eadi1:u_data_decoder_dcls@ln04lpa_a00_mc_rd2rs_hsr_lvt_32x138m2b1c1_wrapper_safety_data_decoder_top_dcls:u_d0@ln04lpa_a00_mc_rd2rs_hsr_lvt_32x138m2b1c1_wrapper_safety_data_decoder_st_wrap""}"
W528_b9729a913c6e,UNCHANGED,WAIVED,yes,W528_825,output port is not connected warning,AUTO,,,,,PENDING,,W528,warning,BOS_LINT_RULE,ln04lpa_a00_mc_rd2rs_hsr_lvt_32x138m2b1c1_wrapper_safety_data_decoder_st_wrap,/storage/project/atlas/design/user/pnson/ATLAS_WORKING/DK/mem/SAFETY_WRAPPER/ln04lpa_a00_mc_rd2rs_hsr_lvt_32x138m2b1c1_wrapper_safety_sf129eadi1/ln04lpa_a00_mc_rd2rs_hsr_lvt_32x138m2b1c1_wrapper_safety_sf129eadi1.sv,915,:BOS_AESDMA:\gen_wide_SRAM_WRFIFO[0].gen_SRAM_WRFIFO[0].gSF4WrMemInst.u_SRAM_WR_FIFO @ln04lpa_a00_mc_rd2rs_hsr_lvt_32x138m2b1c1_wrapper_safety_sf129eadi1:u_data_decoder_dcls@ln04lpa_a00_mc_rd2rs_hsr_lvt_32x138m2b1c1_wrapper_safety_data_decoder_top_dcls:u_d0@ln04lpa_a00_mc_rd2rs_hsr_lvt_32x138m2b1c1_wrapper_safety_data_decoder_st_wrap,E2_SELFTEST,.O_ERR_SELFTEST_E2 (E2_SELFTEST),Variable '[VariableName]'[ExprSize] set but not read.[Hierarchy: '[HIERARCHY]'],Lint:1016,waived,,,"{""Goal"": ""BOS_LINT_RULE"", ""Module"": ""ln04lpa_a00_mc_rd2rs_hsr_lvt_32x138m2b1c1_wrapper_safety_data_decoder_st_wrap"", ""FileName"": ""/storage/project/atlas/design/user/pnson/ATLAS_WORKING/DK/mem/SAFETY_WRAPPER/ln04lpa_a00_mc_rd2rs_hsr_lvt_32x138m2b1c1_wrapper_safety_sf129eadi1/ln04lpa_a00_mc_rd2rs_hsr_lvt_32x138m2b1c1_wrapper_safety_sf129eadi1.sv"", ""LineNumber"": ""915"", ""Statement"": "".O_ERR_SELFTEST_E2 (E2_SELFTEST)"", ""HIERARCHY"": "":BOS_AESDMA:\\gen_wide_SRAM_WRFIFO[0].gen_SRAM_WRFIFO[0].gSF4WrMemInst.u_SRAM_WR_FIFO @ln04lpa_a00_mc_rd2rs_hsr_lvt_32x138m2b1c1_wrapper_safety_sf129eadi1:u_data_decoder_dcls@ln04lpa_a00_mc_rd2rs_hsr_lvt_32x138m2b1c1_wrapper_safety_data_decoder_top_dcls:u_d0@ln04lpa_a00_mc_rd2rs_hsr_lvt_32x138m2b1c1_wrapper_safety_data_decoder_st_wrap"", ""VariableName"": ""E2_SELFTEST""}","{""Tag"": ""W528"", ""Description"": ""Variable '[VariableName]'[ExprSize] set but not read.[Hierarchy: '[HIERARCHY]']"", ""Violation"": ""Lint:1016"", ""Goal"": ""BOS_LINT_RULE"", ""Module"": ""ln04lpa_a00_mc_rd2rs_hsr_lvt_32x138m2b1c1_wrapper_safety_data_decoder_st_wrap"", ""FileName"": ""/storage/project/atlas/design/user/pnson/ATLAS_WORKING/DK/mem/SAFETY_WRAPPER/ln04lpa_a00_mc_rd2rs_hsr_lvt_32x138m2b1c1_wrapper_safety_sf129eadi1/ln04lpa_a00_mc_rd2rs_hsr_lvt_32x138m2b1c1_wrapper_safety_sf129eadi1.sv"", ""LineNumber"": ""915"", ""Statement"": ""    .O_ERR_SELFTEST_E2  (E2_SELFTEST)"", ""VariableName"": ""E2_SELFTEST"", ""ExprSize"": """", ""HIERARCHY"": "":BOS_AESDMA:\\gen_wide_SRAM_WRFIFO[0].gen_SRAM_WRFIFO[0].gSF4WrMemInst.u_SRAM_WR_FIFO @ln04lpa_a00_mc_rd2rs_hsr_lvt_32x138m2b1c1_wrapper_safety_sf129eadi1:u_data_decoder_dcls@ln04lpa_a00_mc_rd2rs_hsr_lvt_32x138m2b1c1_wrapper_safety_data_decoder_top_dcls:u_d0@ln04lpa_a00_mc_rd2rs_hsr_lvt_32x138m2b1c1_wrapper_safety_data_decoder_st_wrap""}"
W528_a410d60d84bc,UNCHANGED,WAIVED,yes,W528_825,output port is not connected warning,AUTO,,,,,PENDING,,W528,warning,BOS_LINT_RULE,ln04lpa_a00_mc_rd2rs_hsr_lvt_32x138m2b1c1_wrapper_safety_data_decoder_st_wrap,/storage/project/atlas/design/user/pnson/ATLAS_WORKING/DK/mem/SAFETY_WRAPPER/ln04lpa_a00_mc_rd2rs_hsr_lvt_32x138m2b1c1_wrapper_safety_sf129eadi1/ln04lpa_a00_mc_rd2rs_hsr_lvt_32x138m2b1c1_wrapper_safety_sf129eadi1.sv,933,:BOS_AESDMA:\gen_wide_SRAM_WRFIFO[0].gen_SRAM_WRFIFO[0].gSF4WrMemInst.u_SRAM_WR_FIFO @ln04lpa_a00_mc_rd2rs_hsr_lvt_32x138m2b1c1_wrapper_safety_sf129eadi1:u_data_decoder_dcls@ln04lpa_a00_mc_rd2rs_hsr_lvt_32x138m2b1c1_wrapper_safety_data_decoder_top_dcls:u_d0@ln04lpa_a00_mc_rd2rs_hsr_lvt_32x138m2b1c1_wrapper_safety_data_decoder_st_wrap,w_DDI_in_simple[142:0],assign w_DDI_in_simple = (!E1_INJ && !E2_INJ) ? w_DDI_in :,Variable '[VariableName]'[ExprSize] set but not read.[Hierarchy: '[HIERARCHY]'],Lint:1017,waived,,,"{""Goal"": ""BOS_LINT_RULE"", ""Module"": ""ln04lpa_a00_mc_rd2rs_hsr_lvt_32x138m2b1c1_wrapper_safety_data_decoder_st_wrap"", ""FileName"": ""/storage/project/atlas/design/user/pnson/ATLAS_WORKING/DK/mem/SAFETY_WRAPPER/ln04lpa_a00_mc_rd2rs_hsr_lvt_32x138m2b1c1_wrapper_safety_sf129eadi1/ln04lpa_a00_mc_rd2rs_hsr_lvt_32x138m2b1c1_wrapper_safety_sf129eadi1.sv"", ""LineNumber"": ""933"", ""Statement"": ""assign w_DDI_in_simple = (!E1_INJ && !E2_INJ) ? w_DDI_in :"", ""HIERARCHY"": "":BOS_AESDMA:\\gen_wide_SRAM_WRFIFO[0].gen_SRAM_WRFIFO[0].gSF4WrMemInst.u_SRAM_WR_FIFO @ln04lpa_a00_mc_rd2rs_hsr_lvt_32x138m2b1c1_wrapper_safety_sf129eadi1:u_data_decoder_dcls@ln04lpa_a00_mc_rd2rs_hsr_lvt_32x138m2b1c1_wrapper_safety_data_decoder_top_dcls:u_d0@ln04lpa_a00_mc_rd2rs_hsr_lvt_32x138m2b1c1_wrapper_safety_data_decoder_st_wrap"", ""VariableName"": ""w_DDI_in_simple[142:0]""}","{""Tag"": ""W528"", ""Description"": ""Variable '[VariableName]'[ExprSize] set but not read.[Hierarchy: '[HIERARCHY]']"", ""Violation"": ""Lint:1017"", ""Goal"": ""BOS_LINT_RULE"", ""Module"": ""ln04lpa_a00_mc_rd2rs_hsr_lvt_32x138m2b1c1_wrapper_safety_data_decoder_st_wrap"", ""FileName"": ""/storage/project/atlas/design/user/pnson/ATLAS_WORKING/DK/mem/SAFETY_WRAPPER/ln04lpa_a00_mc_rd2rs_hsr_lvt_32x138m2b1c1_wrapper_safety_sf129eadi1/ln04lpa_a00_mc_rd2rs_hsr_lvt_32x138m2b1c1_wrapper_safety_sf129eadi1.sv"", ""LineNumber"": ""933"", ""Statement"": ""  assign w_DDI_in_simple =      (!E1_INJ && !E2_INJ) ? w_DDI_in :"", ""VariableName"": ""w_DDI_in_simple[142:0]"", ""ExprSize"": """", ""HIERARCHY"": "":BOS_AESDMA:\\gen_wide_SRAM_WRFIFO[0].gen_SRAM_WRFIFO[0].gSF4WrMemInst.u_SRAM_WR_FIFO @ln04lpa_a00_mc_rd2rs_hsr_lvt_32x138m2b1c1_wrapper_safety_sf129eadi1:u_data_decoder_dcls@ln04lpa_a00_mc_rd2rs_hsr_lvt_32x138m2b1c1_wrapper_safety_data_decoder_top_dcls:u_d0@ln04lpa_a00_mc_rd2rs_hsr_lvt_32x138m2b1c1_wrapper_safety_data_decoder_st_wrap""}"
W528_102b1ea19648,UNCHANGED,WAIVED,yes,W528_825,output port is not connected warning,AUTO,,,,,PENDING,,W528,warning,BOS_LINT_RULE,ln04lpa_a00_mc_rd2rs_hsr_lvt_32x138m2b1c1_wrapper_safety_sf129eadi1,/storage/project/atlas/design/user/pnson/ATLAS_WORKING/DK/mem/SAFETY_WRAPPER/ln04lpa_a00_mc_rd2rs_hsr_lvt_32x138m2b1c1_wrapper_safety_sf129eadi1/ln04lpa_a00_mc_rd2rs_hsr_lvt_32x138m2b1c1_wrapper_safety_sf129eadi1.sv,253,:BOS_AESDMA:\gen_wide_SRAM_WRFIFO[0].gen_SRAM_WRFIFO[0].gSF4WrMemInst.u_SRAM_WR_FIFO @ln04lpa_a00_mc_rd2rs_hsr_lvt_32x138m2b1c1_wrapper_safety_sf129eadi1,w_decoder_d_Q[4:0],".DDO ( w_decoder_d_Q[133: 0] ),",Variable '[VariableName]'[ExprSize] set but not read.[Hierarchy: '[HIERARCHY]'],Lint:1013,waived,,,"{""Goal"": ""BOS_LINT_RULE"", ""Module"": ""ln04lpa_a00_mc_rd2rs_hsr_lvt_32x138m2b1c1_wrapper_safety_sf129eadi1"", ""FileName"": ""/storage/project/atlas/design/user/pnson/ATLAS_WORKING/DK/mem/SAFETY_WRAPPER/ln04lpa_a00_mc_rd2rs_hsr_lvt_32x138m2b1c1_wrapper_safety_sf129eadi1/ln04lpa_a00_mc_rd2rs_hsr_lvt_32x138m2b1c1_wrapper_safety_sf129eadi1.sv"", ""LineNumber"": ""253"", ""Statement"": "".DDO ( w_decoder_d_Q[133: 0] ),"", ""HIERARCHY"": "":BOS_AESDMA:\\gen_wide_SRAM_WRFIFO[0].gen_SRAM_WRFIFO[0].gSF4WrMemInst.u_SRAM_WR_FIFO @ln04lpa_a00_mc_rd2rs_hsr_lvt_32x138m2b1c1_wrapper_safety_sf129eadi1"", ""VariableName"": ""w_decoder_d_Q[4:0]""}","{""Tag"": ""W528"", ""Description"": ""Variable '[VariableName]'[ExprSize] set but not read.[Hierarchy: '[HIERARCHY]']"", ""Violation"": ""Lint:1013"", ""Goal"": ""BOS_LINT_RULE"", ""Module"": ""ln04lpa_a00_mc_rd2rs_hsr_lvt_32x138m2b1c1_wrapper_safety_sf129eadi1"", ""FileName"": ""/storage/project/atlas/design/user/pnson/ATLAS_WORKING/DK/mem/SAFETY_WRAPPER/ln04lpa_a00_mc_rd2rs_hsr_lvt_32x138m2b1c1_wrapper_safety_sf129eadi1/ln04lpa_a00_mc_rd2rs_hsr_lvt_32x138m2b1c1_wrapper_safety_sf129eadi1.sv"", ""LineNumber"": ""253"", ""Statement"": ""        .DDO       ( w_decoder_d_Q[133: 0]  ),"", ""VariableName"": ""w_decoder_d_Q[4:0]"", ""ExprSize"": """", ""HIERARCHY"": "":BOS_AESDMA:\\gen_wide_SRAM_WRFIFO[0].gen_SRAM_WRFIFO[0].gSF4WrMemInst.u_SRAM_WR_FIFO @ln04lpa_a00_mc_rd2rs_hsr_lvt_32x138m2b1c1_wrapper_safety_sf129eadi1""}"
W551_448b30b4c24e,UNCHANGED,WAIVED,yes,W551_837,This can be waived. Confirmed by the owner of SRAM safety wrapper generator.,CUSTOM,,"(Goal == ""BOS_LINT_RULE"")",,,PENDING,,W551,warning,BOS_LINT_RULE,ln04lpa_a00_mc_rd2rs_hsr_lvt_32x138m2b1c1_wrapper_safety_data_decoder_st_ctrl,/storage/project/atlas/design/user/pnson/ATLAS_WORKING/DK/mem/SAFETY_WRAPPER/ln04lpa_a00_mc_rd2rs_hsr_lvt_32x138m2b1c1_wrapper_safety_sf129eadi1/ln04lpa_a00_mc_rd2rs_hsr_lvt_32x138m2b1c1_wrapper_safety_sf129eadi1.sv,723,,,unique casez (r_st),Case statement marked [NodeType] has a default clause,Lint:834,waived,pnson,N/A,"{""Goal"": ""BOS_LINT_RULE""}","{""Tag"": ""W551"", ""Description"": ""Case statement marked [NodeType] has a default clause"", ""Violation"": ""Lint:834"", ""Goal"": ""BOS_LINT_RULE"", ""Module"": ""ln04lpa_a00_mc_rd2rs_hsr_lvt_32x138m2b1c1_wrapper_safety_data_decoder_st_ctrl"", ""FileName"": ""/storage/project/atlas/design/user/pnson/ATLAS_WORKING/DK/mem/SAFETY_WRAPPER/ln04lpa_a00_mc_rd2rs_hsr_lvt_32x138m2b1c1_wrapper_safety_sf129eadi1/ln04lpa_a00_mc_rd2rs_hsr_lvt_32x138m2b1c1_wrapper_safety_sf129eadi1.sv"", ""LineNumber"": ""723"", ""Statement"": ""    unique casez (r_st)"", ""NodeType"": ""unique_case""}"
